sample_started_utc,sample_finished_utc,elapsed_seconds,usb_pnp_state,usb_query_ms,usb_pnp_output,adb_state,fastboot_state,adb_query_ms,fastboot_query_ms,adb_output,fastboot_output
2026-09-27T08:58:29.610+00:00,2026-09-27T08:58:29.663+00:00,0.058,query_pending,,initial PnP query pending,absent,fastboot,28.1,24.7,List of devices attached,[REDACTED_DEVICE_ID]               fastboot
2026-09-27T08:58:30.610+00:00,2026-09-27T08:58:30.653+00:00,1.047,query_pending,,initial PnP query pending,absent,fastboot,22.7,20.0,List of devices attached,[REDACTED_DEVICE_ID]               fastboot
2026-09-27T08:58:31.611+00:00,2026-09-27T08:58:31.654+00:00,2.048,query_pending,,initial PnP query pending,absent,fastboot,23.0,20.7,List of devices attached,[REDACTED_DEVICE_ID]               fastboot
2026-09-27T08:58:32.611+00:00,2026-09-27T08:58:32.654+00:00,3.048,query_pending,,initial PnP query pending,absent,fastboot,23.0,20.3,List of devices attached,[REDACTED_DEVICE_ID]               fastboot
2026-09-27T08:58:33.611+00:00,2026-09-27T08:58:33.654+00:00,4.049,query_pending,,initial PnP query pending,absent,fastboot,22.9,20.7,List of devices attached,[REDACTED_DEVICE_ID]               fastboot
2026-09-27T08:58:34.611+00:00,2026-09-27T08:58:34.656+00:00,5.050,present,4989.5,"{""state"":""present"",""devices"":[{""Status"":""OK"",""Class"":""AndroidUsbDeviceClass"",""FriendlyName"":""Android Bootloader Interface"",""InstanceId"":""USB\\VID_18D1&PID_D00D\\1384E684""}]}",absent,fastboot,23.2,21.5,List of devices attached,[REDACTED_DEVICE_ID]               fastboot
2026-09-27T08:58:35.611+00:00,2026-09-27T08:58:35.655+00:00,6.049,present,4989.5,"{""state"":""present"",""devices"":[{""Status"":""OK"",""Class"":""AndroidUsbDeviceClass"",""FriendlyName"":""Android Bootloader Interface"",""InstanceId"":""USB\\VID_18D1&PID_D00D\\1384E684""}]}",absent,fastboot,22.2,20.9,List of devices attached,[REDACTED_DEVICE_ID]               fastboot
2026-09-27T08:58:36.611+00:00,2026-09-27T08:58:36.657+00:00,7.051,present,4989.5,"{""state"":""present"",""devices"":[{""Status"":""OK"",""Class"":""AndroidUsbDeviceClass"",""FriendlyName"":""Android Bootloader Interface"",""InstanceId"":""USB\\VID_18D1&PID_D00D\\1384E684""}]}",absent,fastboot,22.1,23.6,List of devices attached,[REDACTED_DEVICE_ID]               fastboot
2026-09-27T08:58:37.612+00:00,2026-09-27T08:58:37.655+00:00,8.049,present,4989.5,"{""state"":""present"",""devices"":[{""Status"":""OK"",""Class"":""AndroidUsbDeviceClass"",""FriendlyName"":""Android Bootloader Interface"",""InstanceId"":""USB\\VID_18D1&PID_D00D\\1384E684""}]}",absent,fastboot,22.8,20.2,List of devices attached,[REDACTED_DEVICE_ID]               fastboot
2026-09-27T08:58:38.612+00:00,2026-09-27T08:58:38.656+00:00,9.050,present,3849.0,"{""state"":""present"",""devices"":[{""Status"":""OK"",""Class"":""AndroidUsbDeviceClass"",""FriendlyName"":""Android Bootloader Interface"",""InstanceId"":""USB\\VID_18D1&PID_D00D\\1384E684""}]}",absent,fastboot,23.0,20.3,List of devices attached,[REDACTED_DEVICE_ID]               fastboot
2026-09-27T08:58:39.612+00:00,2026-09-27T08:58:39.655+00:00,10.049,present,3849.0,"{""state"":""present"",""devices"":[{""Status"":""OK"",""Class"":""AndroidUsbDeviceClass"",""FriendlyName"":""Android Bootloader Interface"",""InstanceId"":""USB\\VID_18D1&PID_D00D\\1384E684""}]}",absent,fastboot,22.3,20.3,List of devices attached,[REDACTED_DEVICE_ID]               fastboot
2026-09-27T08:58:40.613+00:00,2026-09-27T08:58:40.657+00:00,11.051,present,3849.0,"{""state"":""present"",""devices"":[{""Status"":""OK"",""Class"":""AndroidUsbDeviceClass"",""FriendlyName"":""Android Bootloader Interface"",""InstanceId"":""USB\\VID_18D1&PID_D00D\\1384E684""}]}",absent,fastboot,22.7,21.1,List of devices attached,[REDACTED_DEVICE_ID]               fastboot
2026-09-27T08:58:41.613+00:00,2026-09-27T08:58:41.654+00:00,12.048,present,3849.0,"{""state"":""present"",""devices"":[{""Status"":""OK"",""Class"":""AndroidUsbDeviceClass"",""FriendlyName"":""Android Bootloader Interface"",""InstanceId"":""USB\\VID_18D1&PID_D00D\\1384E684""}]}",absent,fastboot,21.0,19.6,List of devices attached,[REDACTED_DEVICE_ID]               fastboot
2026-09-27T08:58:42.614+00:00,2026-09-27T08:58:42.660+00:00,13.054,present,3821.7,"{""state"":""present"",""devices"":[{""Status"":""OK"",""Class"":""AndroidUsbDeviceClass"",""FriendlyName"":""Android Bootloader Interface"",""InstanceId"":""USB\\VID_18D1&PID_D00D\\1384E684""}]}",absent,fastboot,22.9,23.1,List of devices attached,[REDACTED_DEVICE_ID]               fastboot
2026-09-27T08:58:43.614+00:00,2026-09-27T08:58:43.659+00:00,14.053,present,3821.7,"{""state"":""present"",""devices"":[{""Status"":""OK"",""Class"":""AndroidUsbDeviceClass"",""FriendlyName"":""Android Bootloader Interface"",""InstanceId"":""USB\\VID_18D1&PID_D00D\\1384E684""}]}",absent,fastboot,23.0,21.4,List of devices attached,[REDACTED_DEVICE_ID]               fastboot
2026-09-27T08:58:44.615+00:00,2026-09-27T08:58:44.663+00:00,15.057,present,3821.7,"{""state"":""present"",""devices"":[{""Status"":""OK"",""Class"":""AndroidUsbDeviceClass"",""FriendlyName"":""Android Bootloader Interface"",""InstanceId"":""USB\\VID_18D1&PID_D00D\\1384E684""}]}",absent,fastboot,24.9,23.3,List of devices attached,[REDACTED_DEVICE_ID]               fastboot
2026-09-27T08:58:45.615+00:00,2026-09-27T08:58:45.659+00:00,16.053,present,3821.7,"{""state"":""present"",""devices"":[{""Status"":""OK"",""Class"":""AndroidUsbDeviceClass"",""FriendlyName"":""Android Bootloader Interface"",""InstanceId"":""USB\\VID_18D1&PID_D00D\\1384E684""}]}",absent,absent,23.1,21.1,List of devices attached,
2026-09-27T08:58:46.615+00:00,2026-09-27T08:58:46.660+00:00,17.054,present,3839.4,"{""state"":""present"",""devices"":[{""Status"":""OK"",""Class"":""AndroidUsbDeviceClass"",""FriendlyName"":""Android Bootloader Interface"",""InstanceId"":""USB\\VID_18D1&PID_D00D\\1384E684""}]}",absent,absent,23.7,20.7,List of devices attached,
2026-09-27T08:58:47.616+00:00,2026-09-27T08:58:47.658+00:00,18.052,present,3839.4,"{""state"":""present"",""devices"":[{""Status"":""OK"",""Class"":""AndroidUsbDeviceClass"",""FriendlyName"":""Android Bootloader Interface"",""InstanceId"":""USB\\VID_18D1&PID_D00D\\1384E684""}]}",absent,absent,22.8,19.3,List of devices attached,
2026-09-27T08:58:48.616+00:00,2026-09-27T08:58:48.659+00:00,19.053,present,3839.4,"{""state"":""present"",""devices"":[{""Status"":""OK"",""Class"":""AndroidUsbDeviceClass"",""FriendlyName"":""Android Bootloader Interface"",""InstanceId"":""USB\\VID_18D1&PID_D00D\\1384E684""}]}",absent,absent,22.7,20.3,List of devices attached,
2026-09-27T08:58:49.616+00:00,2026-09-27T08:58:49.658+00:00,20.052,present,3839.4,"{""state"":""present"",""devices"":[{""Status"":""OK"",""Class"":""AndroidUsbDeviceClass"",""FriendlyName"":""Android Bootloader Interface"",""InstanceId"":""USB\\VID_18D1&PID_D00D\\1384E684""}]}",absent,absent,23.0,18.6,List of devices attached,
2026-09-27T08:58:50.616+00:00,2026-09-27T08:58:50.659+00:00,21.053,absent,3824.7,"{""state"":""absent"",""devices"":[]}",absent,absent,22.2,20.7,List of devices attached,
2026-09-27T08:58:51.616+00:00,2026-09-27T08:58:51.658+00:00,22.053,absent,3824.7,"{""state"":""absent"",""devices"":[]}",absent,absent,22.4,19.6,List of devices attached,
2026-09-27T08:58:52.617+00:00,2026-09-27T08:58:52.659+00:00,23.054,absent,3824.7,"{""state"":""absent"",""devices"":[]}",absent,absent,22.5,20.0,List of devices attached,
2026-09-27T08:58:53.617+00:00,2026-09-27T08:58:53.658+00:00,24.052,absent,3824.7,"{""state"":""absent"",""devices"":[]}",absent,absent,22.2,18.8,List of devices attached,
2026-09-27T08:58:54.617+00:00,2026-09-27T08:58:54.661+00:00,25.055,absent,3861.7,"{""state"":""absent"",""devices"":[]}",absent,absent,23.5,19.5,List of devices attached,
2026-09-27T08:58:55.618+00:00,2026-09-27T08:58:55.661+00:00,26.055,absent,3861.7,"{""state"":""absent"",""devices"":[]}",absent,absent,23.6,19.7,List of devices attached,
2026-09-27T08:58:56.618+00:00,2026-09-27T08:58:56.661+00:00,27.055,absent,3861.7,"{""state"":""absent"",""devices"":[]}",absent,absent,23.0,19.4,List of devices attached,
2026-09-27T08:58:57.619+00:00,2026-09-27T08:58:57.661+00:00,28.055,absent,3861.7,"{""state"":""absent"",""devices"":[]}",absent,absent,22.5,19.8,List of devices attached,
2026-09-27T08:58:58.619+00:00,2026-09-27T08:58:58.660+00:00,29.055,absent,3835.8,"{""state"":""absent"",""devices"":[]}",absent,absent,22.3,18.8,List of devices attached,
2026-09-27T08:58:59.620+00:00,2026-09-27T08:58:59.662+00:00,30.056,absent,3835.8,"{""state"":""absent"",""devices"":[]}",absent,absent,22.4,19.5,List of devices attached,
2026-09-27T08:59:00.620+00:00,2026-09-27T08:59:00.663+00:00,31.058,absent,3835.8,"{""state"":""absent"",""devices"":[]}",absent,absent,23.7,19.9,List of devices attached,
2026-09-27T08:59:01.620+00:00,2026-09-27T08:59:01.663+00:00,32.057,absent,3835.8,"{""state"":""absent"",""devices"":[]}",absent,absent,23.5,19.1,List of devices attached,
2026-09-27T08:59:02.620+00:00,2026-09-27T08:59:02.662+00:00,33.056,absent,3869.7,"{""state"":""absent"",""devices"":[]}",absent,absent,22.7,18.7,List of devices attached,
2026-09-27T08:59:03.621+00:00,2026-09-27T08:59:03.662+00:00,34.056,absent,3869.7,"{""state"":""absent"",""devices"":[]}",absent,absent,21.7,19.6,List of devices attached,
2026-09-27T08:59:04.621+00:00,2026-09-27T08:59:04.664+00:00,35.058,absent,3869.7,"{""state"":""absent"",""devices"":[]}",absent,absent,23.3,19.6,List of devices attached,
2026-09-27T08:59:05.621+00:00,2026-09-27T08:59:05.664+00:00,36.058,absent,3869.7,"{""state"":""absent"",""devices"":[]}",absent,absent,23.2,19.8,List of devices attached,
2026-09-27T08:59:06.621+00:00,2026-09-27T08:59:06.665+00:00,37.059,absent,3854.2,"{""state"":""absent"",""devices"":[]}",absent,absent,22.4,20.9,List of devices attached,
2026-09-27T08:59:07.621+00:00,2026-09-27T08:59:07.664+00:00,38.059,absent,3854.2,"{""state"":""absent"",""devices"":[]}",absent,absent,22.7,20.2,List of devices attached,
2026-09-27T08:59:08.622+00:00,2026-09-27T08:59:08.666+00:00,39.060,absent,3854.2,"{""state"":""absent"",""devices"":[]}",absent,absent,24.7,19.7,List of devices attached,
2026-09-27T08:59:09.622+00:00,2026-09-27T08:59:09.666+00:00,40.060,absent,3854.2,"{""state"":""absent"",""devices"":[]}",absent,absent,23.9,19.6,List of devices attached,
2026-09-27T08:59:10.622+00:00,2026-09-27T08:59:10.668+00:00,41.062,absent,3863.6,"{""state"":""absent"",""devices"":[]}",absent,absent,24.0,21.4,List of devices attached,
2026-09-27T08:59:11.623+00:00,2026-09-27T08:59:11.665+00:00,42.059,absent,3863.6,"{""state"":""absent"",""devices"":[]}",absent,absent,22.7,19.0,List of devices attached,
2026-09-27T08:59:12.623+00:00,2026-09-27T08:59:12.666+00:00,43.060,absent,3863.6,"{""state"":""absent"",""devices"":[]}",absent,absent,22.5,20.1,List of devices attached,
2026-09-27T08:59:13.623+00:00,2026-09-27T08:59:13.665+00:00,44.059,absent,3863.6,"{""state"":""absent"",""devices"":[]}",absent,absent,23.0,18.8,List of devices attached,
2026-09-27T08:59:14.624+00:00,2026-09-27T08:59:14.665+00:00,45.059,absent,3888.2,"{""state"":""absent"",""devices"":[]}",absent,absent,22.5,18.6,List of devices attached,
2026-09-27T08:59:15.624+00:00,2026-09-27T08:59:15.669+00:00,46.063,absent,3888.2,"{""state"":""absent"",""devices"":[]}",absent,absent,23.1,21.4,List of devices attached,
2026-09-27T08:59:16.624+00:00,2026-09-27T08:59:16.666+00:00,47.060,absent,3888.2,"{""state"":""absent"",""devices"":[]}",absent,absent,21.8,19.8,List of devices attached,
2026-09-27T08:59:17.625+00:00,2026-09-27T08:59:17.670+00:00,48.064,absent,3888.2,"{""state"":""absent"",""devices"":[]}",absent,absent,25.0,20.4,List of devices attached,
2026-09-27T08:59:18.625+00:00,2026-09-27T08:59:18.667+00:00,49.061,absent,3892.5,"{""state"":""absent"",""devices"":[]}",absent,absent,22.1,19.9,List of devices attached,
2026-09-27T08:59:19.625+00:00,2026-09-27T08:59:19.669+00:00,50.063,absent,3892.5,"{""state"":""absent"",""devices"":[]}",absent,absent,23.1,20.7,List of devices attached,
2026-09-27T08:59:20.625+00:00,2026-09-27T08:59:20.669+00:00,51.063,absent,3892.5,"{""state"":""absent"",""devices"":[]}",absent,absent,23.2,20.5,List of devices attached,
2026-09-27T08:59:21.626+00:00,2026-09-27T08:59:21.667+00:00,52.061,absent,3892.5,"{""state"":""absent"",""devices"":[]}",absent,absent,21.9,19.6,List of devices attached,
2026-09-27T08:59:22.626+00:00,2026-09-27T08:59:22.667+00:00,53.061,absent,3784.1,"{""state"":""absent"",""devices"":[]}",absent,absent,21.7,19.0,List of devices attached,
2026-09-27T08:59:23.626+00:00,2026-09-27T08:59:23.672+00:00,54.066,absent,3784.1,"{""state"":""absent"",""devices"":[]}",absent,absent,24.2,21.8,List of devices attached,
2026-09-27T08:59:24.626+00:00,2026-09-27T08:59:24.673+00:00,55.067,absent,3784.1,"{""state"":""absent"",""devices"":[]}",absent,absent,24.6,22.1,List of devices attached,
2026-09-27T08:59:25.626+00:00,2026-09-27T08:59:25.669+00:00,56.063,absent,3784.1,"{""state"":""absent"",""devices"":[]}",absent,absent,23.5,19.2,List of devices attached,
2026-09-27T08:59:26.627+00:00,2026-09-27T08:59:26.669+00:00,57.063,absent,3815.5,"{""state"":""absent"",""devices"":[]}",absent,absent,22.1,19.9,List of devices attached,
2026-09-27T08:59:27.627+00:00,2026-09-27T08:59:27.670+00:00,58.064,absent,3815.5,"{""state"":""absent"",""devices"":[]}",absent,absent,23.5,19.4,List of devices attached,
2026-09-27T08:59:28.627+00:00,2026-09-27T08:59:28.671+00:00,59.065,absent,3815.5,"{""state"":""absent"",""devices"":[]}",absent,absent,24.5,19.4,List of devices attached,
2026-09-27T08:59:29.627+00:00,2026-09-27T08:59:29.671+00:00,60.065,absent,3815.5,"{""state"":""absent"",""devices"":[]}",absent,absent,23.9,19.8,List of devices attached,
2026-09-27T08:59:30.628+00:00,2026-09-27T08:59:30.672+00:00,61.066,absent,3860.6,"{""state"":""absent"",""devices"":[]}",absent,absent,22.8,21.0,List of devices attached,
2026-09-27T08:59:31.628+00:00,2026-09-27T08:59:31.670+00:00,62.064,absent,3860.6,"{""state"":""absent"",""devices"":[]}",absent,absent,22.1,19.4,List of devices attached,
2026-09-27T08:59:32.628+00:00,2026-09-27T08:59:32.670+00:00,63.064,absent,3860.6,"{""state"":""absent"",""devices"":[]}",absent,absent,22.6,18.7,List of devices attached,
2026-09-27T08:59:33.628+00:00,2026-09-27T08:59:33.670+00:00,64.064,absent,3860.6,"{""state"":""absent"",""devices"":[]}",absent,absent,22.4,19.4,List of devices attached,
2026-09-27T08:59:34.629+00:00,2026-09-27T08:59:34.672+00:00,65.066,absent,3810.2,"{""state"":""absent"",""devices"":[]}",absent,absent,22.7,20.1,List of devices attached,
2026-09-27T08:59:35.629+00:00,2026-09-27T08:59:35.673+00:00,66.067,absent,3810.2,"{""state"":""absent"",""devices"":[]}",absent,absent,22.8,21.4,List of devices attached,
2026-09-27T08:59:36.629+00:00,2026-09-27T08:59:36.673+00:00,67.067,absent,3810.2,"{""state"":""absent"",""devices"":[]}",absent,absent,23.1,20.5,List of devices attached,
2026-09-27T08:59:37.629+00:00,2026-09-27T08:59:37.672+00:00,68.066,absent,3810.2,"{""state"":""absent"",""devices"":[]}",absent,absent,23.2,19.1,List of devices attached,
2026-09-27T08:59:38.630+00:00,2026-09-27T08:59:38.672+00:00,69.066,absent,3843.7,"{""state"":""absent"",""devices"":[]}",absent,absent,22.6,19.4,List of devices attached,
2026-09-27T08:59:39.630+00:00,2026-09-27T08:59:39.676+00:00,70.070,absent,3843.7,"{""state"":""absent"",""devices"":[]}",absent,absent,24.2,21.2,List of devices attached,
2026-09-27T08:59:40.631+00:00,2026-09-27T08:59:40.675+00:00,71.070,absent,3843.7,"{""state"":""absent"",""devices"":[]}",absent,absent,23.9,20.6,List of devices attached,
2026-09-27T08:59:41.631+00:00,2026-09-27T08:59:41.673+00:00,72.067,absent,3843.7,"{""state"":""absent"",""devices"":[]}",absent,absent,22.6,18.7,List of devices attached,
2026-09-27T08:59:42.632+00:00,2026-09-27T08:59:42.674+00:00,73.068,absent,3848.6,"{""state"":""absent"",""devices"":[]}",absent,absent,22.3,19.6,List of devices attached,
2026-09-27T08:59:43.632+00:00,2026-09-27T08:59:43.677+00:00,74.071,absent,3848.6,"{""state"":""absent"",""devices"":[]}",absent,absent,23.8,20.6,List of devices attached,
2026-09-27T08:59:44.633+00:00,2026-09-27T08:59:44.674+00:00,75.068,absent,3848.6,"{""state"":""absent"",""devices"":[]}",absent,absent,22.7,18.9,List of devices attached,
2026-09-27T08:59:45.633+00:00,2026-09-27T08:59:45.676+00:00,76.070,absent,3848.6,"{""state"":""absent"",""devices"":[]}",absent,absent,22.5,20.4,List of devices attached,
2026-09-27T08:59:46.633+00:00,2026-09-27T08:59:46.675+00:00,77.070,absent,3832.0,"{""state"":""absent"",""devices"":[]}",absent,absent,22.3,19.7,List of devices attached,
2026-09-27T08:59:47.634+00:00,2026-09-27T08:59:47.677+00:00,78.072,absent,3832.0,"{""state"":""absent"",""devices"":[]}",absent,absent,23.0,20.6,List of devices attached,
2026-09-27T08:59:48.634+00:00,2026-09-27T08:59:48.676+00:00,79.070,absent,3832.0,"{""state"":""absent"",""devices"":[]}",absent,absent,22.7,19.2,List of devices attached,
2026-09-27T08:59:49.634+00:00,2026-09-27T08:59:49.676+00:00,80.070,absent,3832.0,"{""state"":""absent"",""devices"":[]}",absent,absent,22.6,18.9,List of devices attached,
2026-09-27T08:59:50.634+00:00,2026-09-27T08:59:50.677+00:00,81.071,absent,3853.0,"{""state"":""absent"",""devices"":[]}",absent,absent,23.3,19.5,List of devices attached,
2026-09-27T08:59:51.635+00:00,2026-09-27T08:59:51.677+00:00,82.072,absent,3853.0,"{""state"":""absent"",""devices"":[]}",absent,absent,23.5,19.4,List of devices attached,
2026-09-27T08:59:52.635+00:00,2026-09-27T08:59:52.676+00:00,83.070,absent,3853.0,"{""state"":""absent"",""devices"":[]}",absent,absent,22.7,18.3,List of devices attached,
2026-09-27T08:59:53.635+00:00,2026-09-27T08:59:53.678+00:00,84.072,absent,3853.0,"{""state"":""absent"",""devices"":[]}",absent,absent,22.3,20.9,List of devices attached,
2026-09-27T08:59:54.636+00:00,2026-09-27T08:59:54.678+00:00,85.073,absent,3814.6,"{""state"":""absent"",""devices"":[]}",absent,absent,22.5,20.2,List of devices attached,
2026-09-27T08:59:55.636+00:00,2026-09-27T08:59:55.680+00:00,86.074,absent,3814.6,"{""state"":""absent"",""devices"":[]}",absent,absent,24.2,19.7,List of devices attached,
2026-09-27T08:59:56.636+00:00,2026-09-27T08:59:56.678+00:00,87.073,absent,3814.6,"{""state"":""absent"",""devices"":[]}",absent,absent,22.5,19.8,List of devices attached,
2026-09-27T08:59:57.636+00:00,2026-09-27T08:59:57.678+00:00,88.072,absent,3814.6,"{""state"":""absent"",""devices"":[]}",absent,absent,21.6,20.0,List of devices attached,
2026-09-27T08:59:58.637+00:00,2026-09-27T08:59:58.679+00:00,89.073,absent,3823.0,"{""state"":""absent"",""devices"":[]}",absent,absent,22.3,20.4,List of devices attached,
2026-09-27T08:59:59.637+00:00,2026-09-27T08:59:59.680+00:00,90.074,absent,3823.0,"{""state"":""absent"",""devices"":[]}",absent,absent,22.9,20.0,List of devices attached,
2026-09-27T09:00:00.638+00:00,2026-09-27T09:00:00.680+00:00,91.074,absent,3823.0,"{""state"":""absent"",""devices"":[]}",absent,absent,23.1,19.1,List of devices attached,
2026-09-27T09:00:01.638+00:00,2026-09-27T09:00:01.680+00:00,92.074,absent,3823.0,"{""state"":""absent"",""devices"":[]}",absent,absent,22.3,19.6,List of devices attached,
2026-09-27T09:00:02.638+00:00,2026-09-27T09:00:02.681+00:00,93.075,absent,3813.4,"{""state"":""absent"",""devices"":[]}",absent,absent,22.6,19.5,List of devices attached,
2026-09-27T09:00:03.639+00:00,2026-09-27T09:00:03.682+00:00,94.076,absent,3813.4,"{""state"":""absent"",""devices"":[]}",absent,absent,22.7,20.7,List of devices attached,
2026-09-27T09:00:04.639+00:00,2026-09-27T09:00:04.681+00:00,95.075,absent,3813.4,"{""state"":""absent"",""devices"":[]}",absent,absent,22.8,19.3,List of devices attached,
2026-09-27T09:00:05.639+00:00,2026-09-27T09:00:05.681+00:00,96.075,absent,3813.4,"{""state"":""absent"",""devices"":[]}",absent,absent,23.0,19.1,List of devices attached,
2026-09-27T09:00:06.639+00:00,2026-09-27T09:00:06.682+00:00,97.076,absent,3846.7,"{""state"":""absent"",""devices"":[]}",absent,absent,22.3,19.7,List of devices attached,
2026-09-27T09:00:07.640+00:00,2026-09-27T09:00:07.683+00:00,98.077,absent,3846.7,"{""state"":""absent"",""devices"":[]}",absent,absent,23.5,20.0,List of devices attached,
2026-09-27T09:00:08.640+00:00,2026-09-27T09:00:08.683+00:00,99.077,absent,3846.7,"{""state"":""absent"",""devices"":[]}",absent,absent,24.0,19.3,List of devices attached,
2026-09-27T09:00:09.640+00:00,2026-09-27T09:00:09.683+00:00,100.077,absent,3846.7,"{""state"":""absent"",""devices"":[]}",absent,absent,23.2,19.3,List of devices attached,
2026-09-27T09:00:10.641+00:00,2026-09-27T09:00:10.682+00:00,101.076,absent,3866.1,"{""state"":""absent"",""devices"":[]}",absent,absent,22.3,18.9,List of devices attached,
2026-09-27T09:00:11.641+00:00,2026-09-27T09:00:11.683+00:00,102.077,absent,3866.1,"{""state"":""absent"",""devices"":[]}",absent,absent,22.9,18.9,List of devices attached,
2026-09-27T09:00:12.641+00:00,2026-09-27T09:00:12.684+00:00,103.078,absent,3866.1,"{""state"":""absent"",""devices"":[]}",absent,absent,23.0,19.4,List of devices attached,
2026-09-27T09:00:13.642+00:00,2026-09-27T09:00:13.683+00:00,104.077,absent,3866.1,"{""state"":""absent"",""devices"":[]}",absent,absent,22.9,18.3,List of devices attached,
2026-09-27T09:00:14.642+00:00,2026-09-27T09:00:14.684+00:00,105.078,absent,3872.9,"{""state"":""absent"",""devices"":[]}",absent,absent,22.4,19.4,List of devices attached,
2026-09-27T09:00:15.643+00:00,2026-09-27T09:00:15.684+00:00,106.078,absent,3872.9,"{""state"":""absent"",""devices"":[]}",absent,absent,23.1,18.6,List of devices attached,
2026-09-27T09:00:16.643+00:00,2026-09-27T09:00:16.687+00:00,107.081,absent,3872.9,"{""state"":""absent"",""devices"":[]}",absent,absent,22.6,21.2,List of devices attached,
2026-09-27T09:00:17.643+00:00,2026-09-27T09:00:17.686+00:00,108.080,absent,3872.9,"{""state"":""absent"",""devices"":[]}",absent,absent,23.8,19.1,List of devices attached,
2026-09-27T09:00:18.643+00:00,2026-09-27T09:00:18.685+00:00,109.079,absent,3860.9,"{""state"":""absent"",""devices"":[]}",absent,absent,21.8,19.6,List of devices attached,
2026-09-27T09:00:19.644+00:00,2026-09-27T09:00:19.686+00:00,110.080,absent,3860.9,"{""state"":""absent"",""devices"":[]}",absent,absent,22.6,19.8,List of devices attached,
2026-09-27T09:00:20.644+00:00,2026-09-27T09:00:20.689+00:00,111.083,absent,3860.9,"{""state"":""absent"",""devices"":[]}",absent,absent,25.0,20.0,List of devices attached,
2026-09-27T09:00:21.644+00:00,2026-09-27T09:00:21.686+00:00,112.080,absent,3860.9,"{""state"":""absent"",""devices"":[]}",absent,absent,21.8,19.8,List of devices attached,
2026-09-27T09:00:22.644+00:00,2026-09-27T09:00:22.687+00:00,113.081,absent,3869.4,"{""state"":""absent"",""devices"":[]}",absent,absent,22.5,20.0,List of devices attached,
2026-09-27T09:00:23.645+00:00,2026-09-27T09:00:23.686+00:00,114.080,absent,3869.4,"{""state"":""absent"",""devices"":[]}",absent,absent,22.0,19.4,List of devices attached,
2026-09-27T09:00:24.645+00:00,2026-09-27T09:00:24.688+00:00,115.082,absent,3869.4,"{""state"":""absent"",""devices"":[]}",absent,absent,22.2,20.5,List of devices attached,
2026-09-27T09:00:25.645+00:00,2026-09-27T09:00:25.686+00:00,116.080,absent,3869.4,"{""state"":""absent"",""devices"":[]}",absent,absent,21.9,18.2,List of devices attached,
2026-09-27T09:00:26.646+00:00,2026-09-27T09:00:26.688+00:00,117.082,absent,3823.0,"{""state"":""absent"",""devices"":[]}",absent,absent,22.5,19.7,List of devices attached,
2026-09-27T09:00:27.646+00:00,2026-09-27T09:00:27.688+00:00,118.082,absent,3823.0,"{""state"":""absent"",""devices"":[]}",absent,absent,22.8,19.0,List of devices attached,
2026-09-27T09:00:28.647+00:00,2026-09-27T09:00:28.688+00:00,119.082,absent,3823.0,"{""state"":""absent"",""devices"":[]}",absent,absent,22.2,18.7,List of devices attached,
2026-09-27T09:00:29.647+00:00,2026-09-27T09:00:29.689+00:00,120.083,absent,3823.0,"{""state"":""absent"",""devices"":[]}",absent,absent,22.0,19.8,List of devices attached,
2026-09-27T09:00:30.647+00:00,2026-09-27T09:00:30.690+00:00,121.084,absent,3806.5,"{""state"":""absent"",""devices"":[]}",absent,absent,22.6,19.7,List of devices attached,
2026-09-27T09:00:31.647+00:00,2026-09-27T09:00:31.690+00:00,122.084,absent,3806.5,"{""state"":""absent"",""devices"":[]}",absent,absent,22.9,20.1,List of devices attached,
2026-09-27T09:00:32.647+00:00,2026-09-27T09:00:32.690+00:00,123.084,absent,3806.5,"{""state"":""absent"",""devices"":[]}",absent,absent,23.0,19.7,List of devices attached,
2026-09-27T09:00:33.648+00:00,2026-09-27T09:00:33.689+00:00,124.083,absent,3806.5,"{""state"":""absent"",""devices"":[]}",absent,absent,22.6,18.7,List of devices attached,
2026-09-27T09:00:34.648+00:00,2026-09-27T09:00:34.692+00:00,125.086,absent,3857.2,"{""state"":""absent"",""devices"":[]}",absent,absent,22.2,21.9,List of devices attached,
2026-09-27T09:00:35.648+00:00,2026-09-27T09:00:35.696+00:00,126.090,absent,3857.2,"{""state"":""absent"",""devices"":[]}",absent,absent,25.3,22.0,List of devices attached,
2026-09-27T09:00:36.649+00:00,2026-09-27T09:00:36.695+00:00,127.089,absent,3857.2,"{""state"":""absent"",""devices"":[]}",absent,absent,24.3,21.7,List of devices attached,
2026-09-27T09:00:37.649+00:00,2026-09-27T09:00:37.693+00:00,128.088,absent,3857.2,"{""state"":""absent"",""devices"":[]}",absent,absent,24.0,19.9,List of devices attached,
2026-09-27T09:00:38.650+00:00,2026-09-27T09:00:38.692+00:00,129.086,absent,3799.5,"{""state"":""absent"",""devices"":[]}",absent,absent,21.8,19.8,List of devices attached,
2026-09-27T09:00:39.650+00:00,2026-09-27T09:00:39.692+00:00,130.086,absent,3799.5,"{""state"":""absent"",""devices"":[]}",absent,absent,22.1,19.6,List of devices attached,
2026-09-27T09:00:40.651+00:00,2026-09-27T09:00:40.693+00:00,131.087,absent,3799.5,"{""state"":""absent"",""devices"":[]}",absent,absent,22.6,19.7,List of devices attached,
2026-09-27T09:00:41.651+00:00,2026-09-27T09:00:41.691+00:00,132.085,absent,3799.5,"{""state"":""absent"",""devices"":[]}",absent,absent,22.0,18.6,List of devices attached,
2026-09-27T09:00:42.651+00:00,2026-09-27T09:00:42.695+00:00,133.089,absent,3833.8,"{""state"":""absent"",""devices"":[]}",absent,absent,22.9,21.0,List of devices attached,
2026-09-27T09:00:43.651+00:00,2026-09-27T09:00:43.695+00:00,134.089,absent,3833.8,"{""state"":""absent"",""devices"":[]}",absent,absent,23.5,20.3,List of devices attached,
2026-09-27T09:00:44.651+00:00,2026-09-27T09:00:44.695+00:00,135.089,absent,3833.8,"{""state"":""absent"",""devices"":[]}",absent,absent,23.4,20.4,List of devices attached,
2026-09-27T09:00:45.652+00:00,2026-09-27T09:00:45.695+00:00,136.089,absent,3833.8,"{""state"":""absent"",""devices"":[]}",absent,absent,23.2,19.6,List of devices attached,
2026-09-27T09:00:46.652+00:00,2026-09-27T09:00:46.696+00:00,137.090,absent,3866.2,"{""state"":""absent"",""devices"":[]}",absent,absent,23.9,19.9,List of devices attached,
2026-09-27T09:00:47.653+00:00,2026-09-27T09:00:47.696+00:00,138.090,absent,3866.2,"{""state"":""absent"",""devices"":[]}",absent,absent,24.2,19.4,List of devices attached,
2026-09-27T09:00:48.653+00:00,2026-09-27T09:00:48.697+00:00,139.091,absent,3866.2,"{""state"":""absent"",""devices"":[]}",absent,absent,24.1,19.5,List of devices attached,
2026-09-27T09:00:49.653+00:00,2026-09-27T09:00:49.695+00:00,140.089,absent,3866.2,"{""state"":""absent"",""devices"":[]}",absent,absent,21.9,19.8,List of devices attached,
2026-09-27T09:00:50.653+00:00,2026-09-27T09:00:50.695+00:00,141.089,absent,3857.9,"{""state"":""absent"",""devices"":[]}",absent,absent,22.7,18.9,List of devices attached,
2026-09-27T09:00:51.654+00:00,2026-09-27T09:00:51.696+00:00,142.090,absent,3857.9,"{""state"":""absent"",""devices"":[]}",absent,absent,23.2,18.7,List of devices attached,
2026-09-27T09:00:52.654+00:00,2026-09-27T09:00:52.697+00:00,143.091,absent,3857.9,"{""state"":""absent"",""devices"":[]}",absent,absent,23.1,19.6,List of devices attached,
2026-09-27T09:00:53.654+00:00,2026-09-27T09:00:53.696+00:00,144.090,absent,3857.9,"{""state"":""absent"",""devices"":[]}",absent,absent,23.1,18.9,List of devices attached,
2026-09-27T09:00:54.654+00:00,2026-09-27T09:00:54.697+00:00,145.091,absent,3855.0,"{""state"":""absent"",""devices"":[]}",absent,absent,21.7,20.3,List of devices attached,
2026-09-27T09:00:55.655+00:00,2026-09-27T09:00:55.698+00:00,146.092,absent,3855.0,"{""state"":""absent"",""devices"":[]}",absent,absent,23.2,19.3,List of devices attached,
2026-09-27T09:00:56.655+00:00,2026-09-27T09:00:56.698+00:00,147.092,absent,3855.0,"{""state"":""absent"",""devices"":[]}",absent,absent,23.0,19.8,List of devices attached,
2026-09-27T09:00:57.656+00:00,2026-09-27T09:00:57.698+00:00,148.092,absent,3855.0,"{""state"":""absent"",""devices"":[]}",absent,absent,22.0,19.7,List of devices attached,
2026-09-27T09:00:58.656+00:00,2026-09-27T09:00:58.698+00:00,149.092,absent,3805.1,"{""state"":""absent"",""devices"":[]}",absent,absent,22.3,19.5,List of devices attached,
2026-09-27T09:00:59.656+00:00,2026-09-27T09:00:59.700+00:00,150.094,absent,3805.1,"{""state"":""absent"",""devices"":[]}",absent,absent,22.8,20.2,List of devices attached,
2026-09-27T09:01:00.657+00:00,2026-09-27T09:01:00.702+00:00,151.096,absent,3805.1,"{""state"":""absent"",""devices"":[]}",absent,absent,25.0,19.5,List of devices attached,
2026-09-27T09:01:01.657+00:00,2026-09-27T09:01:01.699+00:00,152.094,absent,3805.1,"{""state"":""absent"",""devices"":[]}",absent,absent,22.7,19.2,List of devices attached,
2026-09-27T09:01:02.658+00:00,2026-09-27T09:01:02.699+00:00,153.094,absent,3869.0,"{""state"":""absent"",""devices"":[]}",absent,absent,21.7,19.8,List of devices attached,
2026-09-27T09:01:03.658+00:00,2026-09-27T09:01:03.701+00:00,154.095,absent,3869.0,"{""state"":""absent"",""devices"":[]}",absent,absent,23.2,19.2,List of devices attached,
2026-09-27T09:01:04.658+00:00,2026-09-27T09:01:04.701+00:00,155.095,absent,3869.0,"{""state"":""absent"",""devices"":[]}",absent,absent,22.5,20.6,List of devices attached,
2026-09-27T09:01:05.659+00:00,2026-09-27T09:01:05.700+00:00,156.094,absent,3869.0,"{""state"":""absent"",""devices"":[]}",absent,absent,22.0,19.4,List of devices attached,
2026-09-27T09:01:06.659+00:00,2026-09-27T09:01:06.703+00:00,157.097,absent,3847.8,"{""state"":""absent"",""devices"":[]}",absent,absent,22.4,21.2,List of devices attached,
2026-09-27T09:01:07.659+00:00,2026-09-27T09:01:07.702+00:00,158.096,absent,3847.8,"{""state"":""absent"",""devices"":[]}",absent,absent,22.3,20.2,List of devices attached,
2026-09-27T09:01:08.660+00:00,2026-09-27T09:01:08.704+00:00,159.098,absent,3847.8,"{""state"":""absent"",""devices"":[]}",absent,absent,23.1,20.9,List of devices attached,
2026-09-27T09:01:09.660+00:00,2026-09-27T09:01:09.703+00:00,160.097,absent,3847.8,"{""state"":""absent"",""devices"":[]}",absent,absent,22.9,20.1,List of devices attached,
2026-09-27T09:01:10.660+00:00,2026-09-27T09:01:10.704+00:00,161.098,absent,3787.7,"{""state"":""absent"",""devices"":[]}",absent,absent,22.0,22.2,List of devices attached,
2026-09-27T09:01:11.660+00:00,2026-09-27T09:01:11.704+00:00,162.098,absent,3787.7,"{""state"":""absent"",""devices"":[]}",absent,absent,22.9,20.7,List of devices attached,
2026-09-27T09:01:12.661+00:00,2026-09-27T09:01:12.703+00:00,163.097,absent,3787.7,"{""state"":""absent"",""devices"":[]}",absent,absent,23.3,19.3,List of devices attached,
2026-09-27T09:01:13.661+00:00,2026-09-27T09:01:13.701+00:00,164.095,absent,3787.7,"{""state"":""absent"",""devices"":[]}",absent,absent,21.7,18.5,List of devices attached,
2026-09-27T09:01:14.662+00:00,2026-09-27T09:01:14.704+00:00,165.099,absent,3857.8,"{""state"":""absent"",""devices"":[]}",absent,absent,23.2,19.5,List of devices attached,
2026-09-27T09:01:15.662+00:00,2026-09-27T09:01:15.704+00:00,166.098,absent,3857.8,"{""state"":""absent"",""devices"":[]}",absent,absent,22.9,19.1,List of devices attached,
2026-09-27T09:01:16.662+00:00,2026-09-27T09:01:16.705+00:00,167.099,absent,3857.8,"{""state"":""absent"",""devices"":[]}",absent,absent,22.4,19.8,List of devices attached,
2026-09-27T09:01:17.663+00:00,2026-09-27T09:01:17.703+00:00,168.097,absent,3857.8,"{""state"":""absent"",""devices"":[]}",absent,absent,21.8,18.5,List of devices attached,
2026-09-27T09:01:18.663+00:00,2026-09-27T09:01:18.705+00:00,169.099,absent,3842.6,"{""state"":""absent"",""devices"":[]}",absent,absent,22.9,19.0,List of devices attached,
2026-09-27T09:01:19.663+00:00,2026-09-27T09:01:19.706+00:00,170.100,absent,3842.6,"{""state"":""absent"",""devices"":[]}",absent,absent,23.6,18.8,List of devices attached,
2026-09-27T09:01:20.664+00:00,2026-09-27T09:01:20.706+00:00,171.100,absent,3842.6,"{""state"":""absent"",""devices"":[]}",absent,absent,22.9,19.1,List of devices attached,
2026-09-27T09:01:21.664+00:00,2026-09-27T09:01:21.705+00:00,172.099,absent,3842.6,"{""state"":""absent"",""devices"":[]}",absent,absent,21.9,19.2,List of devices attached,
2026-09-27T09:01:22.664+00:00,2026-09-27T09:01:22.708+00:00,173.102,absent,3869.7,"{""state"":""absent"",""devices"":[]}",absent,absent,23.2,20.1,List of devices attached,
2026-09-27T09:01:23.664+00:00,2026-09-27T09:01:23.708+00:00,174.102,absent,3869.7,"{""state"":""absent"",""devices"":[]}",absent,absent,23.5,19.8,List of devices attached,
2026-09-27T09:01:24.665+00:00,2026-09-27T09:01:24.708+00:00,175.102,absent,3869.7,"{""state"":""absent"",""devices"":[]}",absent,absent,23.5,19.6,List of devices attached,
2026-09-27T09:01:25.665+00:00,2026-09-27T09:01:25.707+00:00,176.101,absent,3869.7,"{""state"":""absent"",""devices"":[]}",absent,absent,22.9,18.5,List of devices attached,
2026-09-27T09:01:26.665+00:00,2026-09-27T09:01:26.708+00:00,177.102,absent,3840.3,"{""state"":""absent"",""devices"":[]}",absent,absent,23.1,19.6,List of devices attached,
2026-09-27T09:01:27.666+00:00,2026-09-27T09:01:27.708+00:00,178.102,absent,3840.3,"{""state"":""absent"",""devices"":[]}",absent,absent,22.8,19.1,List of devices attached,
2026-09-27T09:01:28.666+00:00,2026-09-27T09:01:28.710+00:00,179.104,absent,3840.3,"{""state"":""absent"",""devices"":[]}",absent,absent,22.8,20.4,List of devices attached,
2026-09-27T09:01:29.666+00:00,2026-09-27T09:01:29.707+00:00,180.102,absent,3840.3,"{""state"":""absent"",""devices"":[]}",absent,absent,22.3,18.8,List of devices attached,
2026-09-27T09:01:30.667+00:00,2026-09-27T09:01:30.709+00:00,181.103,absent,3820.2,"{""state"":""absent"",""devices"":[]}",absent,absent,23.0,19.4,List of devices attached,
2026-09-27T09:01:31.667+00:00,2026-09-27T09:01:31.709+00:00,182.103,absent,3820.2,"{""state"":""absent"",""devices"":[]}",absent,absent,21.9,19.7,List of devices attached,
2026-09-27T09:01:32.668+00:00,2026-09-27T09:01:32.709+00:00,183.104,absent,3820.2,"{""state"":""absent"",""devices"":[]}",absent,absent,22.5,19.3,List of devices attached,
2026-09-27T09:01:33.668+00:00,2026-09-27T09:01:33.711+00:00,184.105,absent,3820.2,"{""state"":""absent"",""devices"":[]}",absent,absent,22.9,19.9,List of devices attached,
2026-09-27T09:01:34.668+00:00,2026-09-27T09:01:34.712+00:00,185.106,absent,3888.7,"{""state"":""absent"",""devices"":[]}",absent,absent,23.2,20.9,List of devices attached,
2026-09-27T09:01:35.668+00:00,2026-09-27T09:01:35.711+00:00,186.105,absent,3888.7,"{""state"":""absent"",""devices"":[]}",absent,absent,22.7,20.0,List of devices attached,
2026-09-27T09:01:36.668+00:00,2026-09-27T09:01:36.710+00:00,187.105,absent,3888.7,"{""state"":""absent"",""devices"":[]}",absent,absent,22.3,19.6,List of devices attached,
2026-09-27T09:01:37.669+00:00,2026-09-27T09:01:37.710+00:00,188.104,absent,3888.7,"{""state"":""absent"",""devices"":[]}",absent,absent,22.4,18.4,List of devices attached,
2026-09-27T09:01:38.669+00:00,2026-09-27T09:01:38.712+00:00,189.106,absent,3855.8,"{""state"":""absent"",""devices"":[]}",absent,absent,22.7,20.4,List of devices attached,
2026-09-27T09:01:39.669+00:00,2026-09-27T09:01:39.712+00:00,190.107,absent,3855.8,"{""state"":""absent"",""devices"":[]}",absent,absent,23.8,19.2,List of devices attached,
2026-09-27T09:01:40.670+00:00,2026-09-27T09:01:40.712+00:00,191.106,absent,3855.8,"{""state"":""absent"",""devices"":[]}",absent,absent,23.0,19.4,List of devices attached,
2026-09-27T09:01:41.670+00:00,2026-09-27T09:01:41.711+00:00,192.105,absent,3855.8,"{""state"":""absent"",""devices"":[]}",absent,absent,22.1,18.6,List of devices attached,
2026-09-27T09:01:42.670+00:00,2026-09-27T09:01:42.713+00:00,193.107,absent,3824.2,"{""state"":""absent"",""devices"":[]}",absent,absent,23.1,19.4,List of devices attached,
2026-09-27T09:01:43.670+00:00,2026-09-27T09:01:43.715+00:00,194.109,absent,3824.2,"{""state"":""absent"",""devices"":[]}",absent,absent,24.8,19.7,List of devices attached,
2026-09-27T09:01:44.671+00:00,2026-09-27T09:01:44.716+00:00,195.110,absent,3824.2,"{""state"":""absent"",""devices"":[]}",absent,absent,23.8,21.5,List of devices attached,
2026-09-27T09:01:45.671+00:00,2026-09-27T09:01:45.712+00:00,196.106,absent,3824.2,"{""state"":""absent"",""devices"":[]}",absent,absent,21.7,18.9,List of devices attached,
2026-09-27T09:01:46.672+00:00,2026-09-27T09:01:46.714+00:00,197.108,absent,3822.3,"{""state"":""absent"",""devices"":[]}",absent,absent,22.5,19.5,List of devices attached,
2026-09-27T09:01:47.672+00:00,2026-09-27T09:01:47.716+00:00,198.110,absent,3822.3,"{""state"":""absent"",""devices"":[]}",absent,absent,23.3,21.0,List of devices attached,
2026-09-27T09:01:48.672+00:00,2026-09-27T09:01:48.716+00:00,199.110,absent,3822.3,"{""state"":""absent"",""devices"":[]}",absent,absent,22.8,20.9,List of devices attached,
2026-09-27T09:01:49.673+00:00,2026-09-27T09:01:49.716+00:00,200.110,absent,3822.3,"{""state"":""absent"",""devices"":[]}",absent,absent,23.7,19.5,List of devices attached,
2026-09-27T09:01:50.673+00:00,2026-09-27T09:01:50.718+00:00,201.112,absent,3868.7,"{""state"":""absent"",""devices"":[]}",absent,absent,24.4,20.6,List of devices attached,
2026-09-27T09:01:51.674+00:00,2026-09-27T09:01:51.720+00:00,202.114,absent,3868.7,"{""state"":""absent"",""devices"":[]}",absent,absent,23.9,22.3,List of devices attached,
2026-09-27T09:01:52.674+00:00,2026-09-27T09:01:52.717+00:00,203.111,absent,3868.7,"{""state"":""absent"",""devices"":[]}",absent,absent,22.6,20.4,List of devices attached,
2026-09-27T09:01:53.675+00:00,2026-09-27T09:01:53.718+00:00,204.112,absent,3868.7,"{""state"":""absent"",""devices"":[]}",absent,absent,23.4,19.9,List of devices attached,
2026-09-27T09:01:54.675+00:00,2026-09-27T09:01:54.717+00:00,205.111,absent,3869.9,"{""state"":""absent"",""devices"":[]}",absent,absent,21.9,20.1,List of devices attached,
2026-09-27T09:01:55.675+00:00,2026-09-27T09:01:55.717+00:00,206.111,absent,3869.9,"{""state"":""absent"",""devices"":[]}",absent,absent,22.2,19.2,List of devices attached,
2026-09-27T09:01:56.675+00:00,2026-09-27T09:01:56.717+00:00,207.112,absent,3869.9,"{""state"":""absent"",""devices"":[]}",absent,absent,22.6,19.3,List of devices attached,
2026-09-27T09:01:57.676+00:00,2026-09-27T09:01:57.717+00:00,208.111,absent,3869.9,"{""state"":""absent"",""devices"":[]}",absent,absent,22.3,18.4,List of devices attached,
2026-09-27T09:01:58.676+00:00,2026-09-27T09:01:58.720+00:00,209.114,absent,3876.0,"{""state"":""absent"",""devices"":[]}",absent,absent,22.8,20.6,List of devices attached,
2026-09-27T09:01:59.677+00:00,2026-09-27T09:01:59.722+00:00,210.116,absent,3876.0,"{""state"":""absent"",""devices"":[]}",absent,absent,23.5,21.5,List of devices attached,
2026-09-27T09:02:00.677+00:00,2026-09-27T09:02:00.719+00:00,211.113,absent,3876.0,"{""state"":""absent"",""devices"":[]}",absent,absent,22.6,20.0,List of devices attached,
2026-09-27T09:02:01.677+00:00,2026-09-27T09:02:01.719+00:00,212.113,absent,3876.0,"{""state"":""absent"",""devices"":[]}",absent,absent,23.0,19.3,List of devices attached,
2026-09-27T09:02:02.677+00:00,2026-09-27T09:02:02.720+00:00,213.114,absent,3875.2,"{""state"":""absent"",""devices"":[]}",absent,absent,22.4,20.7,List of devices attached,
2026-09-27T09:02:03.677+00:00,2026-09-27T09:02:03.721+00:00,214.115,absent,3875.2,"{""state"":""absent"",""devices"":[]}",absent,absent,23.5,20.5,List of devices attached,
2026-09-27T09:02:04.678+00:00,2026-09-27T09:02:04.720+00:00,215.114,absent,3875.2,"{""state"":""absent"",""devices"":[]}",absent,absent,22.3,20.2,List of devices attached,
2026-09-27T09:02:05.678+00:00,2026-09-27T09:02:05.719+00:00,216.113,absent,3875.2,"{""state"":""absent"",""devices"":[]}",absent,absent,22.6,18.6,List of devices attached,
2026-09-27T09:02:06.678+00:00,2026-09-27T09:02:06.724+00:00,217.118,absent,3732.7,"{""state"":""absent"",""devices"":[]}",absent,absent,22.4,23.3,List of devices attached,
2026-09-27T09:02:07.678+00:00,2026-09-27T09:02:07.720+00:00,218.114,absent,3732.7,"{""state"":""absent"",""devices"":[]}",absent,absent,22.1,19.3,List of devices attached,
2026-09-27T09:02:08.679+00:00,2026-09-27T09:02:08.721+00:00,219.116,absent,3732.7,"{""state"":""absent"",""devices"":[]}",absent,absent,22.7,19.8,List of devices attached,
2026-09-27T09:02:09.679+00:00,2026-09-27T09:02:09.722+00:00,220.116,absent,3732.7,"{""state"":""absent"",""devices"":[]}",absent,absent,23.1,19.6,List of devices attached,
2026-09-27T09:02:10.679+00:00,2026-09-27T09:02:10.721+00:00,221.115,absent,3813.0,"{""state"":""absent"",""devices"":[]}",absent,absent,22.2,19.6,List of devices attached,
2026-09-27T09:02:11.679+00:00,2026-09-27T09:02:11.723+00:00,222.118,absent,3813.0,"{""state"":""absent"",""devices"":[]}",absent,absent,22.7,21.5,List of devices attached,
2026-09-27T09:02:12.680+00:00,2026-09-27T09:02:12.721+00:00,223.115,absent,3813.0,"{""state"":""absent"",""devices"":[]}",absent,absent,22.4,19.0,List of devices attached,
2026-09-27T09:02:13.680+00:00,2026-09-27T09:02:13.721+00:00,224.115,absent,3813.0,"{""state"":""absent"",""devices"":[]}",absent,absent,22.8,18.7,List of devices attached,
2026-09-27T09:02:14.680+00:00,2026-09-27T09:02:14.723+00:00,225.117,absent,3819.1,"{""state"":""absent"",""devices"":[]}",absent,absent,22.4,20.2,List of devices attached,
2026-09-27T09:02:15.680+00:00,2026-09-27T09:02:15.723+00:00,226.117,absent,3819.1,"{""state"":""absent"",""devices"":[]}",absent,absent,23.4,19.3,List of devices attached,
2026-09-27T09:02:16.680+00:00,2026-09-27T09:02:16.724+00:00,227.118,absent,3819.1,"{""state"":""absent"",""devices"":[]}",absent,absent,22.0,21.4,List of devices attached,
2026-09-27T09:02:17.681+00:00,2026-09-27T09:02:17.724+00:00,228.118,absent,3819.1,"{""state"":""absent"",""devices"":[]}",absent,absent,23.3,19.8,List of devices attached,
2026-09-27T09:02:18.681+00:00,2026-09-27T09:02:18.726+00:00,229.120,absent,3847.8,"{""state"":""absent"",""devices"":[]}",absent,absent,23.3,20.9,List of devices attached,
2026-09-27T09:02:19.682+00:00,2026-09-27T09:02:19.729+00:00,230.123,absent,3847.8,"{""state"":""absent"",""devices"":[]}",absent,absent,26.5,20.8,List of devices attached,
2026-09-27T09:02:20.682+00:00,2026-09-27T09:02:20.723+00:00,231.117,absent,3847.8,"{""state"":""absent"",""devices"":[]}",absent,absent,22.2,18.8,List of devices attached,
2026-09-27T09:02:21.682+00:00,2026-09-27T09:02:21.727+00:00,232.122,absent,3847.8,"{""state"":""absent"",""devices"":[]}",absent,absent,23.9,20.9,List of devices attached,
2026-09-27T09:02:22.683+00:00,2026-09-27T09:02:22.727+00:00,233.121,absent,3847.5,"{""state"":""absent"",""devices"":[]}",absent,absent,23.3,20.9,List of devices attached,
2026-09-27T09:02:23.683+00:00,2026-09-27T09:02:23.728+00:00,234.122,absent,3847.5,"{""state"":""absent"",""devices"":[]}",absent,absent,24.4,20.3,List of devices attached,
2026-09-27T09:02:24.683+00:00,2026-09-27T09:02:24.726+00:00,235.120,absent,3847.5,"{""state"":""absent"",""devices"":[]}",absent,absent,22.5,20.4,List of devices attached,
2026-09-27T09:02:25.684+00:00,2026-09-27T09:02:25.728+00:00,236.122,absent,3847.5,"{""state"":""absent"",""devices"":[]}",absent,absent,23.1,20.9,List of devices attached,
2026-09-27T09:02:26.684+00:00,2026-09-27T09:02:26.728+00:00,237.122,absent,3846.2,"{""state"":""absent"",""devices"":[]}",absent,absent,23.3,20.3,List of devices attached,
2026-09-27T09:02:27.684+00:00,2026-09-27T09:02:27.727+00:00,238.121,absent,3846.2,"{""state"":""absent"",""devices"":[]}",absent,absent,22.4,20.2,List of devices attached,
2026-09-27T09:02:28.685+00:00,2026-09-27T09:02:28.726+00:00,239.120,absent,3846.2,"{""state"":""absent"",""devices"":[]}",absent,absent,21.8,19.1,List of devices attached,
2026-09-27T09:02:29.685+00:00,2026-09-27T09:02:29.727+00:00,240.121,absent,3846.2,"{""state"":""absent"",""devices"":[]}",absent,absent,22.3,19.5,List of devices attached,
2026-09-27T09:02:30.685+00:00,2026-09-27T09:02:30.728+00:00,241.122,absent,3850.8,"{""state"":""absent"",""devices"":[]}",absent,absent,22.1,20.8,List of devices attached,
2026-09-27T09:02:31.686+00:00,2026-09-27T09:02:31.728+00:00,242.122,absent,3850.8,"{""state"":""absent"",""devices"":[]}",absent,absent,22.6,19.4,List of devices attached,
2026-09-27T09:02:32.686+00:00,2026-09-27T09:02:32.729+00:00,243.123,absent,3850.8,"{""state"":""absent"",""devices"":[]}",absent,absent,23.8,19.1,List of devices attached,
2026-09-27T09:02:33.686+00:00,2026-09-27T09:02:33.728+00:00,244.122,absent,3850.8,"{""state"":""absent"",""devices"":[]}",absent,absent,22.3,19.8,List of devices attached,
2026-09-27T09:02:34.686+00:00,2026-09-27T09:02:34.728+00:00,245.122,absent,3829.1,"{""state"":""absent"",""devices"":[]}",absent,absent,21.6,20.2,List of devices attached,
2026-09-27T09:02:35.686+00:00,2026-09-27T09:02:35.729+00:00,246.123,absent,3829.1,"{""state"":""absent"",""devices"":[]}",absent,absent,22.6,19.8,List of devices attached,
2026-09-27T09:02:36.687+00:00,2026-09-27T09:02:36.729+00:00,247.123,absent,3829.1,"{""state"":""absent"",""devices"":[]}",absent,absent,22.3,20.1,List of devices attached,
2026-09-27T09:02:37.687+00:00,2026-09-27T09:02:37.729+00:00,248.124,absent,3829.1,"{""state"":""absent"",""devices"":[]}",absent,absent,22.0,20.0,List of devices attached,
2026-09-27T09:02:38.688+00:00,2026-09-27T09:02:38.732+00:00,249.126,absent,3835.1,"{""state"":""absent"",""devices"":[]}",absent,absent,23.8,20.7,List of devices attached,
2026-09-27T09:02:39.688+00:00,2026-09-27T09:02:39.731+00:00,250.125,absent,3835.1,"{""state"":""absent"",""devices"":[]}",absent,absent,23.4,19.7,List of devices attached,
2026-09-27T09:02:40.688+00:00,2026-09-27T09:02:40.731+00:00,251.126,absent,3835.1,"{""state"":""absent"",""devices"":[]}",absent,absent,22.4,20.7,List of devices attached,
2026-09-27T09:02:41.688+00:00,2026-09-27T09:02:41.730+00:00,252.124,absent,3835.1,"{""state"":""absent"",""devices"":[]}",absent,absent,22.7,19.0,List of devices attached,
2026-09-27T09:02:42.689+00:00,2026-09-27T09:02:42.731+00:00,253.125,absent,3853.1,"{""state"":""absent"",""devices"":[]}",absent,absent,22.4,19.6,List of devices attached,
2026-09-27T09:02:43.689+00:00,2026-09-27T09:02:43.732+00:00,254.126,absent,3853.1,"{""state"":""absent"",""devices"":[]}",absent,absent,23.9,18.9,List of devices attached,
2026-09-27T09:02:44.690+00:00,2026-09-27T09:02:44.732+00:00,255.127,absent,3853.1,"{""state"":""absent"",""devices"":[]}",absent,absent,23.2,19.6,List of devices attached,
2026-09-27T09:02:45.690+00:00,2026-09-27T09:02:45.732+00:00,256.126,absent,3853.1,"{""state"":""absent"",""devices"":[]}",absent,absent,23.0,19.1,List of devices attached,
2026-09-27T09:02:46.690+00:00,2026-09-27T09:02:46.733+00:00,257.127,absent,3875.9,"{""state"":""absent"",""devices"":[]}",absent,absent,22.8,19.9,List of devices attached,
2026-09-27T09:02:47.690+00:00,2026-09-27T09:02:47.732+00:00,258.126,absent,3875.9,"{""state"":""absent"",""devices"":[]}",absent,absent,23.5,18.8,List of devices attached,
2026-09-27T09:02:48.690+00:00,2026-09-27T09:02:48.733+00:00,259.127,absent,3875.9,"{""state"":""absent"",""devices"":[]}",absent,absent,22.5,19.9,List of devices attached,
2026-09-27T09:02:49.691+00:00,2026-09-27T09:02:49.732+00:00,260.126,absent,3875.9,"{""state"":""absent"",""devices"":[]}",absent,absent,22.9,18.2,List of devices attached,
2026-09-27T09:02:50.691+00:00,2026-09-27T09:02:50.733+00:00,261.127,absent,3891.3,"{""state"":""absent"",""devices"":[]}",absent,absent,22.3,19.9,List of devices attached,
2026-09-27T09:02:51.691+00:00,2026-09-27T09:02:51.735+00:00,262.129,absent,3891.3,"{""state"":""absent"",""devices"":[]}",absent,absent,22.2,21.5,List of devices attached,
2026-09-27T09:02:52.691+00:00,2026-09-27T09:02:52.733+00:00,263.127,absent,3891.3,"{""state"":""absent"",""devices"":[]}",absent,absent,22.1,20.1,List of devices attached,
2026-09-27T09:02:53.691+00:00,2026-09-27T09:02:53.732+00:00,264.127,absent,3891.3,"{""state"":""absent"",""devices"":[]}",absent,absent,21.9,19.2,List of devices attached,
2026-09-27T09:02:54.692+00:00,2026-09-27T09:02:54.735+00:00,265.129,absent,3861.7,"{""state"":""absent"",""devices"":[]}",absent,absent,23.5,19.4,List of devices attached,
2026-09-27T09:02:55.692+00:00,2026-09-27T09:02:55.734+00:00,266.128,absent,3861.7,"{""state"":""absent"",""devices"":[]}",absent,absent,22.3,19.4,List of devices attached,
2026-09-27T09:02:56.692+00:00,2026-09-27T09:02:56.735+00:00,267.129,absent,3861.7,"{""state"":""absent"",""devices"":[]}",absent,absent,22.6,19.5,List of devices attached,
2026-09-27T09:02:57.693+00:00,2026-09-27T09:02:57.735+00:00,268.129,absent,3861.7,"{""state"":""absent"",""devices"":[]}",absent,absent,22.5,19.3,List of devices attached,
2026-09-27T09:02:58.693+00:00,2026-09-27T09:02:58.737+00:00,269.131,absent,3842.5,"{""state"":""absent"",""devices"":[]}",absent,absent,23.3,20.7,List of devices attached,
2026-09-27T09:02:59.693+00:00,2026-09-27T09:02:59.738+00:00,270.132,absent,3842.5,"{""state"":""absent"",""devices"":[]}",absent,absent,24.5,20.1,List of devices attached,
2026-09-27T09:03:00.694+00:00,2026-09-27T09:03:00.738+00:00,271.132,absent,3842.5,"{""state"":""absent"",""devices"":[]}",absent,absent,24.9,19.2,List of devices attached,
2026-09-27T09:03:01.694+00:00,2026-09-27T09:03:01.736+00:00,272.130,absent,3842.5,"{""state"":""absent"",""devices"":[]}",absent,absent,23.0,18.5,List of devices attached,
2026-09-27T09:03:02.695+00:00,2026-09-27T09:03:02.738+00:00,273.132,absent,3883.2,"{""state"":""absent"",""devices"":[]}",absent,absent,23.1,19.9,List of devices attached,
2026-09-27T09:03:03.695+00:00,2026-09-27T09:03:03.742+00:00,274.136,absent,3883.2,"{""state"":""absent"",""devices"":[]}",absent,absent,25.2,21.6,List of devices attached,
2026-09-27T09:03:04.695+00:00,2026-09-27T09:03:04.740+00:00,275.134,absent,3883.2,"{""state"":""absent"",""devices"":[]}",absent,absent,24.2,20.1,List of devices attached,
2026-09-27T09:03:05.696+00:00,2026-09-27T09:03:05.738+00:00,276.132,absent,3883.2,"{""state"":""absent"",""devices"":[]}",absent,absent,23.1,19.3,List of devices attached,
2026-09-27T09:03:06.696+00:00,2026-09-27T09:03:06.739+00:00,277.133,absent,3908.9,"{""state"":""absent"",""devices"":[]}",absent,absent,22.5,20.3,List of devices attached,
2026-09-27T09:03:07.696+00:00,2026-09-27T09:03:07.742+00:00,278.136,absent,3908.9,"{""state"":""absent"",""devices"":[]}",absent,absent,23.8,21.3,List of devices attached,
2026-09-27T09:03:08.697+00:00,2026-09-27T09:03:08.742+00:00,279.136,absent,3908.9,"{""state"":""absent"",""devices"":[]}",absent,absent,23.9,21.1,List of devices attached,
2026-09-27T09:03:09.697+00:00,2026-09-27T09:03:09.740+00:00,280.134,absent,3908.9,"{""state"":""absent"",""devices"":[]}",absent,absent,22.9,19.8,List of devices attached,
2026-09-27T09:03:10.697+00:00,2026-09-27T09:03:10.741+00:00,281.135,absent,3871.8,"{""state"":""absent"",""devices"":[]}",absent,absent,23.2,20.3,List of devices attached,
2026-09-27T09:03:11.697+00:00,2026-09-27T09:03:11.739+00:00,282.133,absent,3871.8,"{""state"":""absent"",""devices"":[]}",absent,absent,22.3,18.8,List of devices attached,
2026-09-27T09:03:12.698+00:00,2026-09-27T09:03:12.742+00:00,283.136,absent,3871.8,"{""state"":""absent"",""devices"":[]}",absent,absent,23.7,20.6,List of devices attached,
2026-09-27T09:03:13.698+00:00,2026-09-27T09:03:13.742+00:00,284.136,absent,3871.8,"{""state"":""absent"",""devices"":[]}",absent,absent,23.0,20.8,List of devices attached,
2026-09-27T09:03:14.699+00:00,2026-09-27T09:03:14.741+00:00,285.136,absent,3870.5,"{""state"":""absent"",""devices"":[]}",absent,absent,22.6,19.8,List of devices attached,
2026-09-27T09:03:15.699+00:00,2026-09-27T09:03:15.744+00:00,286.138,absent,3870.5,"{""state"":""absent"",""devices"":[]}",absent,absent,24.1,20.7,List of devices attached,
2026-09-27T09:03:16.699+00:00,2026-09-27T09:03:16.742+00:00,287.136,absent,3870.5,"{""state"":""absent"",""devices"":[]}",absent,absent,23.0,19.8,List of devices attached,
2026-09-27T09:03:17.700+00:00,2026-09-27T09:03:17.743+00:00,288.137,absent,3870.5,"{""state"":""absent"",""devices"":[]}",absent,absent,23.7,19.9,List of devices attached,
2026-09-27T09:03:18.700+00:00,2026-09-27T09:03:18.746+00:00,289.140,absent,3881.1,"{""state"":""absent"",""devices"":[]}",absent,absent,25.2,20.8,List of devices attached,
2026-09-27T09:03:19.700+00:00,2026-09-27T09:03:19.743+00:00,290.137,absent,3881.1,"{""state"":""absent"",""devices"":[]}",absent,absent,22.6,20.1,List of devices attached,
2026-09-27T09:03:20.701+00:00,2026-09-27T09:03:20.744+00:00,291.138,absent,3881.1,"{""state"":""absent"",""devices"":[]}",absent,absent,24.1,19.2,List of devices attached,
2026-09-27T09:03:21.701+00:00,2026-09-27T09:03:21.743+00:00,292.138,absent,3881.1,"{""state"":""absent"",""devices"":[]}",absent,absent,23.4,18.7,List of devices attached,
2026-09-27T09:03:22.702+00:00,2026-09-27T09:03:22.745+00:00,293.140,absent,3883.9,"{""state"":""absent"",""devices"":[]}",absent,absent,23.1,20.7,List of devices attached,
2026-09-27T09:03:23.702+00:00,2026-09-27T09:03:23.744+00:00,294.138,absent,3883.9,"{""state"":""absent"",""devices"":[]}",absent,absent,22.5,19.3,List of devices attached,
2026-09-27T09:03:24.703+00:00,2026-09-27T09:03:24.746+00:00,295.140,absent,3883.9,"{""state"":""absent"",""devices"":[]}",absent,absent,23.3,20.1,List of devices attached,
2026-09-27T09:03:25.703+00:00,2026-09-27T09:03:25.745+00:00,296.139,absent,3883.9,"{""state"":""absent"",""devices"":[]}",absent,absent,23.0,18.7,List of devices attached,
2026-09-27T09:03:26.703+00:00,2026-09-27T09:03:26.748+00:00,297.142,absent,3884.1,"{""state"":""absent"",""devices"":[]}",absent,absent,23.1,21.4,List of devices attached,
2026-09-27T09:03:27.703+00:00,2026-09-27T09:03:27.747+00:00,298.141,absent,3884.1,"{""state"":""absent"",""devices"":[]}",absent,absent,22.5,21.2,List of devices attached,
2026-09-27T09:03:28.703+00:00,2026-09-27T09:03:28.747+00:00,299.141,absent,3884.1,"{""state"":""absent"",""devices"":[]}",absent,absent,23.8,19.4,List of devices attached,
2026-09-27T09:03:29.704+00:00,2026-09-27T09:03:29.746+00:00,300.140,absent,3884.1,"{""state"":""absent"",""devices"":[]}",absent,absent,23.2,19.4,List of devices attached,
2026-09-27T09:03:30.704+00:00,2026-09-27T09:03:30.748+00:00,301.142,absent,3823.2,"{""state"":""absent"",""devices"":[]}",absent,absent,23.2,20.4,List of devices attached,
2026-09-27T09:03:31.704+00:00,2026-09-27T09:03:31.747+00:00,302.141,absent,3823.2,"{""state"":""absent"",""devices"":[]}",absent,absent,23.3,19.3,List of devices attached,
2026-09-27T09:03:32.705+00:00,2026-09-27T09:03:32.748+00:00,303.142,absent,3823.2,"{""state"":""absent"",""devices"":[]}",absent,absent,22.0,21.2,List of devices attached,
2026-09-27T09:03:33.705+00:00,2026-09-27T09:03:33.747+00:00,304.141,absent,3823.2,"{""state"":""absent"",""devices"":[]}",absent,absent,22.4,19.2,List of devices attached,
2026-09-27T09:03:34.705+00:00,2026-09-27T09:03:34.748+00:00,305.142,absent,3897.5,"{""state"":""absent"",""devices"":[]}",absent,absent,22.8,20.1,List of devices attached,
2026-09-27T09:03:35.706+00:00,2026-09-27T09:03:35.748+00:00,306.142,absent,3897.5,"{""state"":""absent"",""devices"":[]}",absent,absent,23.1,19.6,List of devices attached,
2026-09-27T09:03:36.706+00:00,2026-09-27T09:03:36.748+00:00,307.143,absent,3897.5,"{""state"":""absent"",""devices"":[]}",absent,absent,23.1,19.2,List of devices attached,
2026-09-27T09:03:37.707+00:00,2026-09-27T09:03:37.749+00:00,308.143,absent,3897.5,"{""state"":""absent"",""devices"":[]}",absent,absent,22.2,19.8,List of devices attached,
2026-09-27T09:03:38.707+00:00,2026-09-27T09:03:38.749+00:00,309.144,absent,3879.4,"{""state"":""absent"",""devices"":[]}",absent,absent,22.9,19.5,List of devices attached,
2026-09-27T09:03:39.707+00:00,2026-09-27T09:03:39.749+00:00,310.144,absent,3879.4,"{""state"":""absent"",""devices"":[]}",absent,absent,22.0,19.9,List of devices attached,
2026-09-27T09:03:40.708+00:00,2026-09-27T09:03:40.751+00:00,311.145,absent,3879.4,"{""state"":""absent"",""devices"":[]}",absent,absent,22.2,20.4,List of devices attached,
2026-09-27T09:03:41.708+00:00,2026-09-27T09:03:41.750+00:00,312.144,absent,3879.4,"{""state"":""absent"",""devices"":[]}",absent,absent,22.5,18.9,List of devices attached,
2026-09-27T09:03:42.709+00:00,2026-09-27T09:03:42.752+00:00,313.147,absent,3880.7,"{""state"":""absent"",""devices"":[]}",absent,absent,23.0,20.7,List of devices attached,
2026-09-27T09:03:43.709+00:00,2026-09-27T09:03:43.754+00:00,314.148,absent,3880.7,"{""state"":""absent"",""devices"":[]}",absent,absent,24.0,21.3,List of devices attached,
2026-09-27T09:03:44.709+00:00,2026-09-27T09:03:44.753+00:00,315.147,absent,3880.7,"{""state"":""absent"",""devices"":[]}",absent,absent,23.5,20.3,List of devices attached,
2026-09-27T09:03:45.709+00:00,2026-09-27T09:03:45.751+00:00,316.145,absent,3880.7,"{""state"":""absent"",""devices"":[]}",absent,absent,22.6,19.4,List of devices attached,
2026-09-27T09:03:46.710+00:00,2026-09-27T09:03:46.753+00:00,317.147,absent,3862.1,"{""state"":""absent"",""devices"":[]}",absent,absent,22.2,21.0,List of devices attached,
2026-09-27T09:03:47.710+00:00,2026-09-27T09:03:47.752+00:00,318.146,absent,3862.1,"{""state"":""absent"",""devices"":[]}",absent,absent,22.1,19.5,List of devices attached,
2026-09-27T09:03:48.710+00:00,2026-09-27T09:03:48.752+00:00,319.146,absent,3862.1,"{""state"":""absent"",""devices"":[]}",absent,absent,22.1,19.4,List of devices attached,
2026-09-27T09:03:49.711+00:00,2026-09-27T09:03:49.753+00:00,320.147,absent,3862.1,"{""state"":""absent"",""devices"":[]}",absent,absent,22.7,19.4,List of devices attached,
2026-09-27T09:03:50.711+00:00,2026-09-27T09:03:50.755+00:00,321.149,absent,3858.3,"{""state"":""absent"",""devices"":[]}",absent,absent,23.2,20.8,List of devices attached,
2026-09-27T09:03:51.711+00:00,2026-09-27T09:03:51.755+00:00,322.149,absent,3858.3,"{""state"":""absent"",""devices"":[]}",absent,absent,23.8,19.8,List of devices attached,
2026-09-27T09:03:52.711+00:00,2026-09-27T09:03:52.755+00:00,323.149,absent,3858.3,"{""state"":""absent"",""devices"":[]}",absent,absent,23.2,20.2,List of devices attached,
2026-09-27T09:03:53.712+00:00,2026-09-27T09:03:53.754+00:00,324.149,absent,3858.3,"{""state"":""absent"",""devices"":[]}",absent,absent,23.3,19.4,List of devices attached,
2026-09-27T09:03:54.712+00:00,2026-09-27T09:03:54.755+00:00,325.150,absent,3874.5,"{""state"":""absent"",""devices"":[]}",absent,absent,22.4,20.8,List of devices attached,
2026-09-27T09:03:55.712+00:00,2026-09-27T09:03:55.754+00:00,326.148,absent,3874.5,"{""state"":""absent"",""devices"":[]}",absent,absent,22.3,19.2,List of devices attached,
2026-09-27T09:03:56.712+00:00,2026-09-27T09:03:56.754+00:00,327.148,absent,3874.5,"{""state"":""absent"",""devices"":[]}",absent,absent,23.0,18.7,List of devices attached,
2026-09-27T09:03:57.713+00:00,2026-09-27T09:03:57.754+00:00,328.148,absent,3874.5,"{""state"":""absent"",""devices"":[]}",absent,absent,21.6,19.2,List of devices attached,
2026-09-27T09:03:58.713+00:00,2026-09-27T09:03:58.755+00:00,329.149,absent,3818.6,"{""state"":""absent"",""devices"":[]}",absent,absent,22.8,19.2,List of devices attached,
2026-09-27T09:03:59.713+00:00,2026-09-27T09:03:59.755+00:00,330.149,absent,3818.6,"{""state"":""absent"",""devices"":[]}",absent,absent,22.1,19.9,List of devices attached,
2026-09-27T09:04:00.713+00:00,2026-09-27T09:04:00.757+00:00,331.151,absent,3818.6,"{""state"":""absent"",""devices"":[]}",absent,absent,23.1,20.2,List of devices attached,
2026-09-27T09:04:01.714+00:00,2026-09-27T09:04:01.757+00:00,332.151,absent,3818.6,"{""state"":""absent"",""devices"":[]}",absent,absent,23.0,19.7,List of devices attached,
2026-09-27T09:04:02.714+00:00,2026-09-27T09:04:02.756+00:00,333.150,absent,3868.2,"{""state"":""absent"",""devices"":[]}",absent,absent,22.2,19.6,List of devices attached,
2026-09-27T09:04:03.714+00:00,2026-09-27T09:04:03.759+00:00,334.153,absent,3868.2,"{""state"":""absent"",""devices"":[]}",absent,absent,23.0,21.5,List of devices attached,
2026-09-27T09:04:04.714+00:00,2026-09-27T09:04:04.757+00:00,335.152,absent,3868.2,"{""state"":""absent"",""devices"":[]}",absent,absent,23.4,19.5,List of devices attached,
2026-09-27T09:04:05.715+00:00,2026-09-27T09:04:05.757+00:00,336.151,absent,3868.2,"{""state"":""absent"",""devices"":[]}",absent,absent,22.5,19.2,List of devices attached,
2026-09-27T09:04:06.715+00:00,2026-09-27T09:04:06.758+00:00,337.153,absent,3891.7,"{""state"":""absent"",""devices"":[]}",absent,absent,22.8,20.2,List of devices attached,
2026-09-27T09:04:07.715+00:00,2026-09-27T09:04:07.757+00:00,338.151,absent,3891.7,"{""state"":""absent"",""devices"":[]}",absent,absent,22.0,19.0,List of devices attached,
2026-09-27T09:04:08.716+00:00,2026-09-27T09:04:08.760+00:00,339.154,absent,3891.7,"{""state"":""absent"",""devices"":[]}",absent,absent,24.2,20.3,List of devices attached,
2026-09-27T09:04:09.716+00:00,2026-09-27T09:04:09.758+00:00,340.153,absent,3891.7,"{""state"":""absent"",""devices"":[]}",absent,absent,22.7,19.5,List of devices attached,
2026-09-27T09:04:10.716+00:00,2026-09-27T09:04:10.759+00:00,341.153,absent,3863.2,"{""state"":""absent"",""devices"":[]}",absent,absent,22.7,20.0,List of devices attached,
2026-09-27T09:04:11.717+00:00,2026-09-27T09:04:11.760+00:00,342.154,absent,3863.2,"{""state"":""absent"",""devices"":[]}",absent,absent,22.3,20.6,List of devices attached,
2026-09-27T09:04:12.717+00:00,2026-09-27T09:04:12.759+00:00,343.153,absent,3863.2,"{""state"":""absent"",""devices"":[]}",absent,absent,22.2,19.5,List of devices attached,
2026-09-27T09:04:13.718+00:00,2026-09-27T09:04:13.761+00:00,344.155,absent,3863.2,"{""state"":""absent"",""devices"":[]}",absent,absent,23.6,20.2,List of devices attached,
2026-09-27T09:04:14.718+00:00,2026-09-27T09:04:14.762+00:00,345.156,absent,3875.9,"{""state"":""absent"",""devices"":[]}",absent,absent,24.2,19.6,List of devices attached,
2026-09-27T09:04:15.718+00:00,2026-09-27T09:04:15.761+00:00,346.155,absent,3875.9,"{""state"":""absent"",""devices"":[]}",absent,absent,22.1,20.6,List of devices attached,
2026-09-27T09:04:16.719+00:00,2026-09-27T09:04:16.761+00:00,347.155,absent,3875.9,"{""state"":""absent"",""devices"":[]}",absent,absent,22.4,19.8,List of devices attached,
2026-09-27T09:04:17.719+00:00,2026-09-27T09:04:17.761+00:00,348.155,absent,3875.9,"{""state"":""absent"",""devices"":[]}",absent,absent,21.8,20.6,List of devices attached,
2026-09-27T09:04:18.719+00:00,2026-09-27T09:04:18.765+00:00,349.159,absent,3828.4,"{""state"":""absent"",""devices"":[]}",absent,absent,24.5,21.5,List of devices attached,
2026-09-27T09:04:19.720+00:00,2026-09-27T09:04:19.762+00:00,350.156,absent,3828.4,"{""state"":""absent"",""devices"":[]}",absent,absent,22.5,19.8,List of devices attached,
2026-09-27T09:04:20.720+00:00,2026-09-27T09:04:20.761+00:00,351.156,absent,3828.4,"{""state"":""absent"",""devices"":[]}",absent,absent,22.9,18.6,List of devices attached,
2026-09-27T09:04:21.720+00:00,2026-09-27T09:04:21.763+00:00,352.157,absent,3828.4,"{""state"":""absent"",""devices"":[]}",absent,absent,23.1,19.6,List of devices attached,
2026-09-27T09:04:22.721+00:00,2026-09-27T09:04:22.765+00:00,353.159,absent,3872.3,"{""state"":""absent"",""devices"":[]}",absent,absent,23.2,21.0,List of devices attached,
2026-09-27T09:04:23.721+00:00,2026-09-27T09:04:23.763+00:00,354.157,absent,3872.3,"{""state"":""absent"",""devices"":[]}",absent,absent,23.1,18.9,List of devices attached,
2026-09-27T09:04:24.721+00:00,2026-09-27T09:04:24.765+00:00,355.159,absent,3872.3,"{""state"":""absent"",""devices"":[]}",absent,absent,23.0,20.7,List of devices attached,
2026-09-27T09:04:25.721+00:00,2026-09-27T09:04:25.763+00:00,356.157,absent,3872.3,"{""state"":""absent"",""devices"":[]}",absent,absent,22.8,19.0,List of devices attached,
2026-09-27T09:04:26.721+00:00,2026-09-27T09:04:26.766+00:00,357.161,absent,3894.7,"{""state"":""absent"",""devices"":[]}",absent,absent,24.2,20.8,List of devices attached,
2026-09-27T09:04:27.722+00:00,2026-09-27T09:04:27.768+00:00,358.162,absent,3894.7,"{""state"":""absent"",""devices"":[]}",absent,absent,23.5,22.0,List of devices attached,
2026-09-27T09:04:28.722+00:00,2026-09-27T09:04:28.768+00:00,359.162,absent,3894.7,"{""state"":""absent"",""devices"":[]}",absent,absent,23.7,21.5,List of devices attached,
2026-09-27T09:04:29.723+00:00,2026-09-27T09:04:29.767+00:00,360.161,absent,3894.7,"{""state"":""absent"",""devices"":[]}",absent,absent,23.1,21.1,List of devices attached,
2026-09-27T09:04:30.723+00:00,2026-09-27T09:04:30.766+00:00,361.160,absent,3893.7,"{""state"":""absent"",""devices"":[]}",absent,absent,23.5,19.3,List of devices attached,
2026-09-27T09:04:31.723+00:00,2026-09-27T09:04:31.766+00:00,362.161,absent,3893.7,"{""state"":""absent"",""devices"":[]}",absent,absent,22.7,20.3,List of devices attached,
2026-09-27T09:04:32.724+00:00,2026-09-27T09:04:32.766+00:00,363.160,absent,3893.7,"{""state"":""absent"",""devices"":[]}",absent,absent,22.7,20.1,List of devices attached,
2026-09-27T09:04:33.724+00:00,2026-09-27T09:04:33.771+00:00,364.165,absent,3893.7,"{""state"":""absent"",""devices"":[]}",absent,absent,25.6,21.4,List of devices attached,
2026-09-27T09:04:34.724+00:00,2026-09-27T09:04:34.768+00:00,365.162,absent,3869.0,"{""state"":""absent"",""devices"":[]}",absent,absent,23.4,19.7,List of devices attached,
2026-09-27T09:04:35.725+00:00,2026-09-27T09:04:35.768+00:00,366.162,absent,3869.0,"{""state"":""absent"",""devices"":[]}",absent,absent,23.7,19.7,List of devices attached,
2026-09-27T09:04:36.725+00:00,2026-09-27T09:04:36.769+00:00,367.163,absent,3869.0,"{""state"":""absent"",""devices"":[]}",absent,absent,23.2,20.6,List of devices attached,
2026-09-27T09:04:37.726+00:00,2026-09-27T09:04:37.769+00:00,368.163,absent,3869.0,"{""state"":""absent"",""devices"":[]}",absent,absent,23.6,20.2,List of devices attached,
2026-09-27T09:04:38.726+00:00,2026-09-27T09:04:38.770+00:00,369.165,absent,3797.4,"{""state"":""absent"",""devices"":[]}",absent,absent,23.3,21.3,List of devices attached,
2026-09-27T09:04:39.726+00:00,2026-09-27T09:04:39.770+00:00,370.164,absent,3797.4,"{""state"":""absent"",""devices"":[]}",absent,absent,22.6,21.4,List of devices attached,
2026-09-27T09:04:40.727+00:00,2026-09-27T09:04:40.769+00:00,371.164,absent,3797.4,"{""state"":""absent"",""devices"":[]}",absent,absent,23.1,19.7,List of devices attached,
2026-09-27T09:04:41.727+00:00,2026-09-27T09:04:41.770+00:00,372.164,absent,3797.4,"{""state"":""absent"",""devices"":[]}",absent,absent,22.7,20.2,List of devices attached,
2026-09-27T09:04:42.727+00:00,2026-09-27T09:04:42.769+00:00,373.164,absent,3800.2,"{""state"":""absent"",""devices"":[]}",absent,absent,22.9,19.6,List of devices attached,
2026-09-27T09:04:43.727+00:00,2026-09-27T09:04:43.770+00:00,374.164,absent,3800.2,"{""state"":""absent"",""devices"":[]}",absent,absent,23.0,19.7,List of devices attached,
2026-09-27T09:04:44.728+00:00,2026-09-27T09:04:44.769+00:00,375.163,absent,3800.2,"{""state"":""absent"",""devices"":[]}",absent,absent,22.5,18.8,List of devices attached,
2026-09-27T09:04:45.728+00:00,2026-09-27T09:04:45.770+00:00,376.164,absent,3800.2,"{""state"":""absent"",""devices"":[]}",absent,absent,22.7,19.9,List of devices attached,
2026-09-27T09:04:46.728+00:00,2026-09-27T09:04:46.773+00:00,377.167,absent,3858.6,"{""state"":""absent"",""devices"":[]}",absent,absent,24.1,20.3,List of devices attached,
2026-09-27T09:04:47.728+00:00,2026-09-27T09:04:47.772+00:00,378.166,absent,3858.6,"{""state"":""absent"",""devices"":[]}",absent,absent,23.3,20.7,List of devices attached,
2026-09-27T09:04:48.728+00:00,2026-09-27T09:04:48.774+00:00,379.168,absent,3858.6,"{""state"":""absent"",""devices"":[]}",absent,absent,24.4,20.7,List of devices attached,
2026-09-27T09:04:49.729+00:00,2026-09-27T09:04:49.773+00:00,380.167,absent,3858.6,"{""state"":""absent"",""devices"":[]}",absent,absent,23.7,20.3,List of devices attached,
2026-09-27T09:04:50.729+00:00,2026-09-27T09:04:50.774+00:00,381.168,absent,3838.0,"{""state"":""absent"",""devices"":[]}",absent,absent,23.1,21.4,List of devices attached,
2026-09-27T09:04:51.730+00:00,2026-09-27T09:04:51.773+00:00,382.167,absent,3838.0,"{""state"":""absent"",""devices"":[]}",absent,absent,23.1,20.2,List of devices attached,
2026-09-27T09:04:52.730+00:00,2026-09-27T09:04:52.775+00:00,383.169,absent,3838.0,"{""state"":""absent"",""devices"":[]}",absent,absent,24.3,20.7,List of devices attached,
2026-09-27T09:04:53.730+00:00,2026-09-27T09:04:53.772+00:00,384.167,absent,3838.0,"{""state"":""absent"",""devices"":[]}",absent,absent,23.3,18.8,List of devices attached,
2026-09-27T09:04:54.731+00:00,2026-09-27T09:04:54.773+00:00,385.167,absent,3823.1,"{""state"":""absent"",""devices"":[]}",absent,absent,21.9,20.0,List of devices attached,
2026-09-27T09:04:55.731+00:00,2026-09-27T09:04:55.774+00:00,386.168,absent,3823.1,"{""state"":""absent"",""devices"":[]}",absent,absent,23.8,19.4,List of devices attached,
2026-09-27T09:04:56.731+00:00,2026-09-27T09:04:56.776+00:00,387.170,absent,3823.1,"{""state"":""absent"",""devices"":[]}",absent,absent,24.1,20.6,List of devices attached,
2026-09-27T09:04:57.731+00:00,2026-09-27T09:04:57.773+00:00,388.167,absent,3823.1,"{""state"":""absent"",""devices"":[]}",absent,absent,22.5,19.1,List of devices attached,
2026-09-27T09:04:58.732+00:00,2026-09-27T09:04:58.775+00:00,389.169,absent,3803.2,"{""state"":""absent"",""devices"":[]}",absent,absent,23.0,19.6,List of devices attached,
2026-09-27T09:04:59.732+00:00,2026-09-27T09:04:59.775+00:00,390.169,absent,3803.2,"{""state"":""absent"",""devices"":[]}",absent,absent,22.9,19.8,List of devices attached,
2026-09-27T09:05:00.732+00:00,2026-09-27T09:05:00.775+00:00,391.169,absent,3803.2,"{""state"":""absent"",""devices"":[]}",absent,absent,22.6,19.8,List of devices attached,
2026-09-27T09:05:01.733+00:00,2026-09-27T09:05:01.774+00:00,392.168,absent,3803.2,"{""state"":""absent"",""devices"":[]}",absent,absent,22.4,18.4,List of devices attached,
2026-09-27T09:05:02.733+00:00,2026-09-27T09:05:02.777+00:00,393.171,absent,3824.0,"{""state"":""absent"",""devices"":[]}",absent,absent,23.7,20.2,List of devices attached,
2026-09-27T09:05:03.734+00:00,2026-09-27T09:05:03.777+00:00,394.172,absent,3824.0,"{""state"":""absent"",""devices"":[]}",absent,absent,23.2,20.8,List of devices attached,
2026-09-27T09:05:04.733+00:00,2026-09-27T09:05:04.777+00:00,395.171,absent,3824.0,"{""state"":""absent"",""devices"":[]}",absent,absent,22.9,20.8,List of devices attached,
2026-09-27T09:05:05.734+00:00,2026-09-27T09:05:05.776+00:00,396.170,absent,3824.0,"{""state"":""absent"",""devices"":[]}",absent,absent,22.5,19.3,List of devices attached,
2026-09-27T09:05:06.734+00:00,2026-09-27T09:05:06.778+00:00,397.172,absent,3843.6,"{""state"":""absent"",""devices"":[]}",absent,absent,23.1,21.3,List of devices attached,
2026-09-27T09:05:07.734+00:00,2026-09-27T09:05:07.776+00:00,398.170,absent,3843.6,"{""state"":""absent"",""devices"":[]}",absent,absent,22.4,19.6,List of devices attached,
2026-09-27T09:05:08.735+00:00,2026-09-27T09:05:08.778+00:00,399.173,absent,3843.6,"{""state"":""absent"",""devices"":[]}",absent,absent,23.6,20.1,List of devices attached,
2026-09-27T09:05:09.735+00:00,2026-09-27T09:05:09.777+00:00,400.171,absent,3843.6,"{""state"":""absent"",""devices"":[]}",absent,absent,23.0,18.6,List of devices attached,
2026-09-27T09:05:10.736+00:00,2026-09-27T09:05:10.779+00:00,401.173,absent,3858.7,"{""state"":""absent"",""devices"":[]}",absent,absent,23.2,20.2,List of devices attached,
2026-09-27T09:05:11.736+00:00,2026-09-27T09:05:11.781+00:00,402.175,absent,3858.7,"{""state"":""absent"",""devices"":[]}",absent,absent,23.7,20.9,List of devices attached,
2026-09-27T09:05:12.737+00:00,2026-09-27T09:05:12.781+00:00,403.175,absent,3858.7,"{""state"":""absent"",""devices"":[]}",absent,absent,23.9,20.6,List of devices attached,
2026-09-27T09:05:13.737+00:00,2026-09-27T09:05:13.779+00:00,404.173,absent,3858.7,"{""state"":""absent"",""devices"":[]}",absent,absent,23.7,18.5,List of devices attached,
2026-09-27T09:05:14.737+00:00,2026-09-27T09:05:14.780+00:00,405.174,absent,3833.1,"{""state"":""absent"",""devices"":[]}",absent,absent,22.4,20.3,List of devices attached,
2026-09-27T09:05:15.738+00:00,2026-09-27T09:05:15.782+00:00,406.176,absent,3833.1,"{""state"":""absent"",""devices"":[]}",absent,absent,23.7,20.3,List of devices attached,
2026-09-27T09:05:16.738+00:00,2026-09-27T09:05:16.783+00:00,407.177,absent,3833.1,"{""state"":""absent"",""devices"":[]}",absent,absent,23.5,21.3,List of devices attached,
2026-09-27T09:05:17.738+00:00,2026-09-27T09:05:17.782+00:00,408.176,absent,3833.1,"{""state"":""absent"",""devices"":[]}",absent,absent,22.9,20.3,List of devices attached,
2026-09-27T09:05:18.739+00:00,2026-09-27T09:05:18.780+00:00,409.174,absent,3856.5,"{""state"":""absent"",""devices"":[]}",absent,absent,22.7,18.5,List of devices attached,
2026-09-27T09:05:19.739+00:00,2026-09-27T09:05:19.783+00:00,410.177,absent,3856.5,"{""state"":""absent"",""devices"":[]}",absent,absent,23.8,20.2,List of devices attached,
2026-09-27T09:05:20.739+00:00,2026-09-27T09:05:20.785+00:00,411.179,absent,3856.5,"{""state"":""absent"",""devices"":[]}",absent,absent,23.9,21.5,List of devices attached,
2026-09-27T09:05:21.739+00:00,2026-09-27T09:05:21.784+00:00,412.179,absent,3856.5,"{""state"":""absent"",""devices"":[]}",absent,absent,24.2,20.7,List of devices attached,
2026-09-27T09:05:22.740+00:00,2026-09-27T09:05:22.784+00:00,413.179,absent,3869.7,"{""state"":""absent"",""devices"":[]}",absent,absent,23.8,20.3,List of devices attached,
2026-09-27T09:05:23.741+00:00,2026-09-27T09:05:23.786+00:00,414.180,absent,3869.7,"{""state"":""absent"",""devices"":[]}",absent,absent,24.2,21.4,List of devices attached,
2026-09-27T09:05:24.741+00:00,2026-09-27T09:05:24.787+00:00,415.181,absent,3869.7,"{""state"":""absent"",""devices"":[]}",absent,absent,24.0,21.8,List of devices attached,
2026-09-27T09:05:25.741+00:00,2026-09-27T09:05:25.786+00:00,416.180,absent,3869.7,"{""state"":""absent"",""devices"":[]}",absent,absent,24.2,20.4,List of devices attached,
2026-09-27T09:05:26.742+00:00,2026-09-27T09:05:26.785+00:00,417.179,absent,3835.9,"{""state"":""absent"",""devices"":[]}",absent,absent,22.7,20.8,List of devices attached,
2026-09-27T09:05:27.742+00:00,2026-09-27T09:05:27.786+00:00,418.180,absent,3835.9,"{""state"":""absent"",""devices"":[]}",absent,absent,23.3,20.7,List of devices attached,
2026-09-27T09:05:28.743+00:00,2026-09-27T09:05:28.785+00:00,419.180,absent,3835.9,"{""state"":""absent"",""devices"":[]}",absent,absent,23.6,19.1,List of devices attached,
2026-09-27T09:05:29.743+00:00,2026-09-27T09:05:29.784+00:00,420.178,absent,3835.9,"{""state"":""absent"",""devices"":[]}",absent,absent,22.7,18.6,List of devices attached,
2026-09-27T09:05:30.743+00:00,2026-09-27T09:05:30.785+00:00,421.179,absent,3860.8,"{""state"":""absent"",""devices"":[]}",absent,absent,22.2,19.6,List of devices attached,
2026-09-27T09:05:31.743+00:00,2026-09-27T09:05:31.784+00:00,422.178,absent,3860.8,"{""state"":""absent"",""devices"":[]}",absent,absent,21.3,19.3,List of devices attached,
2026-09-27T09:05:32.744+00:00,2026-09-27T09:05:32.786+00:00,423.180,absent,3860.8,"{""state"":""absent"",""devices"":[]}",absent,absent,22.8,19.6,List of devices attached,
2026-09-27T09:05:33.745+00:00,2026-09-27T09:05:33.785+00:00,424.179,absent,3860.8,"{""state"":""absent"",""devices"":[]}",absent,absent,22.3,18.0,List of devices attached,
2026-09-27T09:05:34.745+00:00,2026-09-27T09:05:34.786+00:00,425.180,absent,3852.4,"{""state"":""absent"",""devices"":[]}",absent,absent,22.2,19.0,List of devices attached,
2026-09-27T09:05:35.745+00:00,2026-09-27T09:05:35.787+00:00,426.181,absent,3852.4,"{""state"":""absent"",""devices"":[]}",absent,absent,22.5,18.9,List of devices attached,
2026-09-27T09:05:36.746+00:00,2026-09-27T09:05:36.786+00:00,427.181,absent,3852.4,"{""state"":""absent"",""devices"":[]}",absent,absent,22.2,18.7,List of devices attached,
2026-09-27T09:05:37.746+00:00,2026-09-27T09:05:37.787+00:00,428.181,absent,3852.4,"{""state"":""absent"",""devices"":[]}",absent,absent,22.1,18.9,List of devices attached,
2026-09-27T09:05:38.746+00:00,2026-09-27T09:05:38.789+00:00,429.183,absent,3818.4,"{""state"":""absent"",""devices"":[]}",absent,absent,22.5,19.7,List of devices attached,
2026-09-27T09:05:39.747+00:00,2026-09-27T09:05:39.789+00:00,430.183,absent,3818.4,"{""state"":""absent"",""devices"":[]}",absent,absent,22.9,19.5,List of devices attached,
2026-09-27T09:05:40.747+00:00,2026-09-27T09:05:40.788+00:00,431.182,absent,3818.4,"{""state"":""absent"",""devices"":[]}",absent,absent,22.5,18.4,List of devices attached,
2026-09-27T09:05:41.747+00:00,2026-09-27T09:05:41.788+00:00,432.182,absent,3818.4,"{""state"":""absent"",""devices"":[]}",absent,absent,21.8,19.3,List of devices attached,
2026-09-27T09:05:42.747+00:00,2026-09-27T09:05:42.789+00:00,433.183,absent,3867.4,"{""state"":""absent"",""devices"":[]}",absent,absent,22.3,19.5,List of devices attached,
2026-09-27T09:05:43.748+00:00,2026-09-27T09:05:43.789+00:00,434.183,absent,3867.4,"{""state"":""absent"",""devices"":[]}",absent,absent,22.4,18.8,List of devices attached,
2026-09-27T09:05:44.748+00:00,2026-09-27T09:05:44.791+00:00,435.185,absent,3867.4,"{""state"":""absent"",""devices"":[]}",absent,absent,23.4,19.7,List of devices attached,
2026-09-27T09:05:45.748+00:00,2026-09-27T09:05:45.789+00:00,436.183,absent,3867.4,"{""state"":""absent"",""devices"":[]}",absent,absent,22.0,19.1,List of devices attached,
2026-09-27T09:05:46.748+00:00,2026-09-27T09:05:46.789+00:00,437.183,absent,3871.6,"{""state"":""absent"",""devices"":[]}",absent,absent,22.3,18.3,List of devices attached,
2026-09-27T09:05:47.749+00:00,2026-09-27T09:05:47.792+00:00,438.186,absent,3871.6,"{""state"":""absent"",""devices"":[]}",absent,absent,22.3,20.3,List of devices attached,
2026-09-27T09:05:48.749+00:00,2026-09-27T09:05:48.791+00:00,439.185,absent,3871.6,"{""state"":""absent"",""devices"":[]}",absent,absent,23.1,19.0,List of devices attached,
2026-09-27T09:05:49.750+00:00,2026-09-27T09:05:49.791+00:00,440.185,absent,3871.6,"{""state"":""absent"",""devices"":[]}",absent,absent,22.1,19.2,List of devices attached,
2026-09-27T09:05:50.750+00:00,2026-09-27T09:05:50.796+00:00,441.190,absent,3851.7,"{""state"":""absent"",""devices"":[]}",absent,absent,23.7,22.0,List of devices attached,
2026-09-27T09:05:51.750+00:00,2026-09-27T09:05:51.793+00:00,442.187,absent,3851.7,"{""state"":""absent"",""devices"":[]}",absent,fastboot,22.7,20.3,List of devices attached,[REDACTED_DEVICE_ID]               fastboot
2026-09-27T09:05:52.751+00:00,2026-09-27T09:05:52.800+00:00,443.194,absent,3851.7,"{""state"":""absent"",""devices"":[]}",absent,fastboot,24.4,24.5,List of devices attached,[REDACTED_DEVICE_ID]               fastboot
2026-09-27T09:05:53.751+00:00,2026-09-27T09:05:53.795+00:00,444.189,absent,3851.7,"{""state"":""absent"",""devices"":[]}",absent,fastboot,23.2,20.7,List of devices attached,[REDACTED_DEVICE_ID]               fastboot
2026-09-27T09:05:54.751+00:00,2026-09-27T09:05:54.798+00:00,445.192,absent,3658.1,"{""state"":""absent"",""devices"":[]}",absent,fastboot,24.1,22.4,List of devices attached,[REDACTED_DEVICE_ID]               fastboot
2026-09-27T09:05:55.751+00:00,2026-09-27T09:05:55.797+00:00,446.191,absent,3658.1,"{""state"":""absent"",""devices"":[]}",absent,fastboot,23.8,22.0,List of devices attached,[REDACTED_DEVICE_ID]               fastboot
2026-09-27T09:05:56.751+00:00,2026-09-27T09:05:56.798+00:00,447.192,absent,3658.1,"{""state"":""absent"",""devices"":[]}",absent,fastboot,24.9,21.6,List of devices attached,[REDACTED_DEVICE_ID]               fastboot
2026-09-27T09:05:57.752+00:00,2026-09-27T09:05:57.797+00:00,448.191,absent,3658.1,"{""state"":""absent"",""devices"":[]}",absent,fastboot,24.0,21.1,List of devices attached,[REDACTED_DEVICE_ID]               fastboot
2026-09-27T09:05:58.752+00:00,2026-09-27T09:05:58.800+00:00,449.194,present,3595.0,"{""state"":""present"",""devices"":[{""Status"":""OK"",""Class"":""AndroidUsbDeviceClass"",""FriendlyName"":""Android Bootloader Interface"",""InstanceId"":""USB\\VID_18D1&PID_D00D\\1384E684""}]}",absent,fastboot,24.9,22.8,List of devices attached,[REDACTED_DEVICE_ID]               fastboot
2026-09-27T09:05:59.752+00:00,2026-09-27T09:05:59.798+00:00,450.192,present,3595.0,"{""state"":""present"",""devices"":[{""Status"":""OK"",""Class"":""AndroidUsbDeviceClass"",""FriendlyName"":""Android Bootloader Interface"",""InstanceId"":""USB\\VID_18D1&PID_D00D\\1384E684""}]}",absent,fastboot,24.3,21.5,List of devices attached,[REDACTED_DEVICE_ID]               fastboot
2026-09-27T09:06:00.752+00:00,2026-09-27T09:06:00.809+00:00,451.203,present,3595.0,"{""state"":""present"",""devices"":[{""Status"":""OK"",""Class"":""AndroidUsbDeviceClass"",""FriendlyName"":""Android Bootloader Interface"",""InstanceId"":""USB\\VID_18D1&PID_D00D\\1384E684""}]}",absent,fastboot,32.4,23.8,List of devices attached,[REDACTED_DEVICE_ID]               fastboot
2026-09-27T09:06:01.753+00:00,2026-09-27T09:06:01.820+00:00,452.214,present,3595.0,"{""state"":""present"",""devices"":[{""Status"":""OK"",""Class"":""AndroidUsbDeviceClass"",""FriendlyName"":""Android Bootloader Interface"",""InstanceId"":""USB\\VID_18D1&PID_D00D\\1384E684""}]}",absent,fastboot,43.0,24.4,List of devices attached,[REDACTED_DEVICE_ID]               fastboot
2026-09-27T09:06:02.753+00:00,2026-09-27T09:06:02.805+00:00,453.199,present,3580.7,"{""state"":""present"",""devices"":[{""Status"":""OK"",""Class"":""AndroidUsbDeviceClass"",""FriendlyName"":""Android Bootloader Interface"",""InstanceId"":""USB\\VID_18D1&PID_D00D\\1384E684""}]}",absent,fastboot,26.8,24.7,List of devices attached,[REDACTED_DEVICE_ID]               fastboot
2026-09-27T09:06:03.753+00:00,2026-09-27T09:06:03.803+00:00,454.197,present,3580.7,"{""state"":""present"",""devices"":[{""Status"":""OK"",""Class"":""AndroidUsbDeviceClass"",""FriendlyName"":""Android Bootloader Interface"",""InstanceId"":""USB\\VID_18D1&PID_D00D\\1384E684""}]}",absent,fastboot,25.7,23.9,List of devices attached,[REDACTED_DEVICE_ID]               fastboot
2026-09-27T09:06:04.754+00:00,2026-09-27T09:06:04.801+00:00,455.195,present,3580.7,"{""state"":""present"",""devices"":[{""Status"":""OK"",""Class"":""AndroidUsbDeviceClass"",""FriendlyName"":""Android Bootloader Interface"",""InstanceId"":""USB\\VID_18D1&PID_D00D\\1384E684""}]}",absent,fastboot,24.6,22.9,List of devices attached,[REDACTED_DEVICE_ID]               fastboot
2026-09-27T09:06:05.754+00:00,2026-09-27T09:06:05.800+00:00,456.194,present,3580.7,"{""state"":""present"",""devices"":[{""Status"":""OK"",""Class"":""AndroidUsbDeviceClass"",""FriendlyName"":""Android Bootloader Interface"",""InstanceId"":""USB\\VID_18D1&PID_D00D\\1384E684""}]}",absent,fastboot,23.7,21.8,List of devices attached,[REDACTED_DEVICE_ID]               fastboot
2026-09-27T09:06:06.754+00:00,2026-09-27T09:06:06.820+00:00,457.214,present,3715.6,"{""state"":""present"",""devices"":[{""Status"":""OK"",""Class"":""AndroidUsbDeviceClass"",""FriendlyName"":""Android Bootloader Interface"",""InstanceId"":""USB\\VID_18D1&PID_D00D\\1384E684""}]}",absent,fastboot,39.9,25.2,List of devices attached,[REDACTED_DEVICE_ID]               fastboot
2026-09-27T09:06:07.754+00:00,2026-09-27T09:06:07.806+00:00,458.201,present,3715.6,"{""state"":""present"",""devices"":[{""Status"":""OK"",""Class"":""AndroidUsbDeviceClass"",""FriendlyName"":""Android Bootloader Interface"",""InstanceId"":""USB\\VID_18D1&PID_D00D\\1384E684""}]}",absent,fastboot,27.0,25.0,List of devices attached,[REDACTED_DEVICE_ID]               fastboot
2026-09-27T09:06:08.755+00:00,2026-09-27T09:06:08.803+00:00,459.197,present,3715.6,"{""state"":""present"",""devices"":[{""Status"":""OK"",""Class"":""AndroidUsbDeviceClass"",""FriendlyName"":""Android Bootloader Interface"",""InstanceId"":""USB\\VID_18D1&PID_D00D\\1384E684""}]}",absent,fastboot,25.8,22.7,List of devices attached,[REDACTED_DEVICE_ID]               fastboot
2026-09-27T09:06:09.755+00:00,2026-09-27T09:06:09.801+00:00,460.195,present,3715.6,"{""state"":""present"",""devices"":[{""Status"":""OK"",""Class"":""AndroidUsbDeviceClass"",""FriendlyName"":""Android Bootloader Interface"",""InstanceId"":""USB\\VID_18D1&PID_D00D\\1384E684""}]}",absent,fastboot,23.6,22.5,List of devices attached,[REDACTED_DEVICE_ID]               fastboot
2026-09-27T09:06:10.755+00:00,2026-09-27T09:06:10.803+00:00,461.197,present,3663.1,"{""state"":""present"",""devices"":[{""Status"":""OK"",""Class"":""AndroidUsbDeviceClass"",""FriendlyName"":""Android Bootloader Interface"",""InstanceId"":""USB\\VID_18D1&PID_D00D\\1384E684""}]}",absent,fastboot,25.0,22.7,List of devices attached,[REDACTED_DEVICE_ID]               fastboot
2026-09-27T09:06:11.756+00:00,2026-09-27T09:06:11.803+00:00,462.197,present,3663.1,"{""state"":""present"",""devices"":[{""Status"":""OK"",""Class"":""AndroidUsbDeviceClass"",""FriendlyName"":""Android Bootloader Interface"",""InstanceId"":""USB\\VID_18D1&PID_D00D\\1384E684""}]}",absent,fastboot,24.5,23.1,List of devices attached,[REDACTED_DEVICE_ID]               fastboot
2026-09-27T09:06:12.756+00:00,2026-09-27T09:06:12.802+00:00,463.196,present,3663.1,"{""state"":""present"",""devices"":[{""Status"":""OK"",""Class"":""AndroidUsbDeviceClass"",""FriendlyName"":""Android Bootloader Interface"",""InstanceId"":""USB\\VID_18D1&PID_D00D\\1384E684""}]}",absent,fastboot,24.2,22.1,List of devices attached,[REDACTED_DEVICE_ID]               fastboot
2026-09-27T09:06:13.756+00:00,2026-09-27T09:06:13.800+00:00,464.194,present,3663.1,"{""state"":""present"",""devices"":[{""Status"":""OK"",""Class"":""AndroidUsbDeviceClass"",""FriendlyName"":""Android Bootloader Interface"",""InstanceId"":""USB\\VID_18D1&PID_D00D\\1384E684""}]}",absent,fastboot,23.4,20.8,List of devices attached,[REDACTED_DEVICE_ID]               fastboot
2026-09-27T09:06:14.756+00:00,2026-09-27T09:06:14.801+00:00,465.195,present,3626.0,"{""state"":""present"",""devices"":[{""Status"":""OK"",""Class"":""AndroidUsbDeviceClass"",""FriendlyName"":""Android Bootloader Interface"",""InstanceId"":""USB\\VID_18D1&PID_D00D\\1384E684""}]}",absent,fastboot,23.4,21.3,List of devices attached,[REDACTED_DEVICE_ID]               fastboot
2026-09-27T09:06:15.756+00:00,2026-09-27T09:06:15.813+00:00,466.208,present,3626.0,"{""state"":""present"",""devices"":[{""Status"":""OK"",""Class"":""AndroidUsbDeviceClass"",""FriendlyName"":""Android Bootloader Interface"",""InstanceId"":""USB\\VID_18D1&PID_D00D\\1384E684""}]}",absent,fastboot,34.6,22.4,List of devices attached,[REDACTED_DEVICE_ID]               fastboot
2026-09-27T09:06:16.757+00:00,2026-09-27T09:06:16.804+00:00,467.198,present,3626.0,"{""state"":""present"",""devices"":[{""Status"":""OK"",""Class"":""AndroidUsbDeviceClass"",""FriendlyName"":""Android Bootloader Interface"",""InstanceId"":""USB\\VID_18D1&PID_D00D\\1384E684""}]}",absent,fastboot,25.0,22.5,List of devices attached,[REDACTED_DEVICE_ID]               fastboot
2026-09-27T09:06:17.757+00:00,2026-09-27T09:06:17.805+00:00,468.199,present,3626.0,"{""state"":""present"",""devices"":[{""Status"":""OK"",""Class"":""AndroidUsbDeviceClass"",""FriendlyName"":""Android Bootloader Interface"",""InstanceId"":""USB\\VID_18D1&PID_D00D\\1384E684""}]}",absent,fastboot,24.1,24.0,List of devices attached,[REDACTED_DEVICE_ID]               fastboot
2026-09-27T09:06:18.757+00:00,2026-09-27T09:06:18.803+00:00,469.197,present,3499.8,"{""state"":""present"",""devices"":[{""Status"":""OK"",""Class"":""AndroidUsbDeviceClass"",""FriendlyName"":""Android Bootloader Interface"",""InstanceId"":""USB\\VID_18D1&PID_D00D\\1384E684""}]}",absent,fastboot,23.2,22.1,List of devices attached,[REDACTED_DEVICE_ID]               fastboot
2026-09-27T09:06:19.757+00:00,2026-09-27T09:06:19.804+00:00,470.198,present,3499.8,"{""state"":""present"",""devices"":[{""Status"":""OK"",""Class"":""AndroidUsbDeviceClass"",""FriendlyName"":""Android Bootloader Interface"",""InstanceId"":""USB\\VID_18D1&PID_D00D\\1384E684""}]}",absent,fastboot,23.8,22.4,List of devices attached,[REDACTED_DEVICE_ID]               fastboot
2026-09-27T09:06:20.758+00:00,2026-09-27T09:06:20.803+00:00,471.197,present,3499.8,"{""state"":""present"",""devices"":[{""Status"":""OK"",""Class"":""AndroidUsbDeviceClass"",""FriendlyName"":""Android Bootloader Interface"",""InstanceId"":""USB\\VID_18D1&PID_D00D\\1384E684""}]}",absent,fastboot,23.3,21.8,List of devices attached,[REDACTED_DEVICE_ID]               fastboot
2026-09-27T09:06:21.758+00:00,2026-09-27T09:06:21.802+00:00,472.196,present,3499.8,"{""state"":""present"",""devices"":[{""Status"":""OK"",""Class"":""AndroidUsbDeviceClass"",""FriendlyName"":""Android Bootloader Interface"",""InstanceId"":""USB\\VID_18D1&PID_D00D\\1384E684""}]}",absent,fastboot,23.0,20.9,List of devices attached,[REDACTED_DEVICE_ID]               fastboot
2026-09-27T09:06:22.759+00:00,2026-09-27T09:06:22.806+00:00,473.200,present,3540.7,"{""state"":""present"",""devices"":[{""Status"":""OK"",""Class"":""AndroidUsbDeviceClass"",""FriendlyName"":""Android Bootloader Interface"",""InstanceId"":""USB\\VID_18D1&PID_D00D\\1384E684""}]}",absent,fastboot,24.3,22.7,List of devices attached,[REDACTED_DEVICE_ID]               fastboot
2026-09-27T09:06:23.759+00:00,2026-09-27T09:06:23.806+00:00,474.200,present,3540.7,"{""state"":""present"",""devices"":[{""Status"":""OK"",""Class"":""AndroidUsbDeviceClass"",""FriendlyName"":""Android Bootloader Interface"",""InstanceId"":""USB\\VID_18D1&PID_D00D\\1384E684""}]}",absent,fastboot,24.7,21.5,List of devices attached,[REDACTED_DEVICE_ID]               fastboot
2026-09-27T09:06:24.759+00:00,2026-09-27T09:06:24.813+00:00,475.207,present,3540.7,"{""state"":""present"",""devices"":[{""Status"":""OK"",""Class"":""AndroidUsbDeviceClass"",""FriendlyName"":""Android Bootloader Interface"",""InstanceId"":""USB\\VID_18D1&PID_D00D\\1384E684""}]}",absent,fastboot,33.4,20.2,List of devices attached,[REDACTED_DEVICE_ID]               fastboot
2026-09-27T09:06:25.760+00:00,2026-09-27T09:06:25.804+00:00,476.198,present,3540.7,"{""state"":""present"",""devices"":[{""Status"":""OK"",""Class"":""AndroidUsbDeviceClass"",""FriendlyName"":""Android Bootloader Interface"",""InstanceId"":""USB\\VID_18D1&PID_D00D\\1384E684""}]}",absent,fastboot,21.3,22.9,List of devices attached,[REDACTED_DEVICE_ID]               fastboot
2026-09-27T09:06:26.760+00:00,2026-09-27T09:06:26.816+00:00,477.210,present,3767.5,"{""state"":""present"",""devices"":[{""Status"":""OK"",""Class"":""AndroidUsbDeviceClass"",""FriendlyName"":""Android Bootloader Interface"",""InstanceId"":""USB\\VID_18D1&PID_D00D\\1384E684""}]}",absent,fastboot,21.7,34.1,List of devices attached,[REDACTED_DEVICE_ID]               fastboot
2026-09-27T09:06:27.760+00:00,2026-09-27T09:06:27.807+00:00,478.202,present,3767.5,"{""state"":""present"",""devices"":[{""Status"":""OK"",""Class"":""AndroidUsbDeviceClass"",""FriendlyName"":""Android Bootloader Interface"",""InstanceId"":""USB\\VID_18D1&PID_D00D\\1384E684""}]}",absent,fastboot,25.1,21.9,List of devices attached,[REDACTED_DEVICE_ID]               fastboot
2026-09-27T09:06:28.761+00:00,2026-09-27T09:06:28.809+00:00,479.204,present,3767.5,"{""state"":""present"",""devices"":[{""Status"":""OK"",""Class"":""AndroidUsbDeviceClass"",""FriendlyName"":""Android Bootloader Interface"",""InstanceId"":""USB\\VID_18D1&PID_D00D\\1384E684""}]}",absent,fastboot,26.1,22.7,List of devices attached,[REDACTED_DEVICE_ID]               fastboot
2026-09-27T09:06:29.761+00:00,2026-09-27T09:06:29.810+00:00,480.205,present,3767.5,"{""state"":""present"",""devices"":[{""Status"":""OK"",""Class"":""AndroidUsbDeviceClass"",""FriendlyName"":""Android Bootloader Interface"",""InstanceId"":""USB\\VID_18D1&PID_D00D\\1384E684""}]}",absent,fastboot,27.9,21.7,List of devices attached,[REDACTED_DEVICE_ID]               fastboot
2026-09-27T09:06:30.761+00:00,2026-09-27T09:06:30.808+00:00,481.202,present,3699.5,"{""state"":""present"",""devices"":[{""Status"":""OK"",""Class"":""AndroidUsbDeviceClass"",""FriendlyName"":""Android Bootloader Interface"",""InstanceId"":""USB\\VID_18D1&PID_D00D\\1384E684""}]}",absent,fastboot,24.1,23.0,List of devices attached,[REDACTED_DEVICE_ID]               fastboot
2026-09-27T09:06:31.761+00:00,2026-09-27T09:06:31.805+00:00,482.199,present,3699.5,"{""state"":""present"",""devices"":[{""Status"":""OK"",""Class"":""AndroidUsbDeviceClass"",""FriendlyName"":""Android Bootloader Interface"",""InstanceId"":""USB\\VID_18D1&PID_D00D\\1384E684""}]}",absent,absent,23.0,20.4,List of devices attached,
2026-09-27T09:06:32.762+00:00,2026-09-27T09:06:32.807+00:00,483.201,present,3699.5,"{""state"":""present"",""devices"":[{""Status"":""OK"",""Class"":""AndroidUsbDeviceClass"",""FriendlyName"":""Android Bootloader Interface"",""InstanceId"":""USB\\VID_18D1&PID_D00D\\1384E684""}]}",absent,absent,23.6,21.3,List of devices attached,
2026-09-27T09:06:33.762+00:00,2026-09-27T09:06:33.805+00:00,484.199,present,3699.5,"{""state"":""present"",""devices"":[{""Status"":""OK"",""Class"":""AndroidUsbDeviceClass"",""FriendlyName"":""Android Bootloader Interface"",""InstanceId"":""USB\\VID_18D1&PID_D00D\\1384E684""}]}",absent,absent,22.0,20.7,List of devices attached,
2026-09-27T09:06:34.762+00:00,2026-09-27T09:06:34.805+00:00,485.199,present,3736.9,"{""state"":""present"",""devices"":[{""Status"":""OK"",""Class"":""AndroidUsbDeviceClass"",""FriendlyName"":""Android Bootloader Interface"",""InstanceId"":""USB\\VID_18D1&PID_D00D\\1384E684""}]}",absent,absent,22.9,20.2,List of devices attached,
2026-09-27T09:06:35.762+00:00,2026-09-27T09:06:35.806+00:00,486.201,present,3736.9,"{""state"":""present"",""devices"":[{""Status"":""OK"",""Class"":""AndroidUsbDeviceClass"",""FriendlyName"":""Android Bootloader Interface"",""InstanceId"":""USB\\VID_18D1&PID_D00D\\1384E684""}]}",absent,absent,22.9,21.2,List of devices attached,
2026-09-27T09:06:36.762+00:00,2026-09-27T09:06:36.811+00:00,487.205,present,3736.9,"{""state"":""present"",""devices"":[{""Status"":""OK"",""Class"":""AndroidUsbDeviceClass"",""FriendlyName"":""Android Bootloader Interface"",""InstanceId"":""USB\\VID_18D1&PID_D00D\\1384E684""}]}",absent,absent,29.5,19.3,List of devices attached,
2026-09-27T09:06:37.763+00:00,2026-09-27T09:06:38.368+00:00,488.762,present,3736.9,"{""state"":""present"",""devices"":[{""Status"":""OK"",""Class"":""AndroidUsbDeviceClass"",""FriendlyName"":""Android Bootloader Interface"",""InstanceId"":""USB\\VID_18D1&PID_D00D\\1384E684""}]}",absent,absent,38.5,566.4,List of devices attached,????????????           fastboot
2026-09-27T09:06:38.763+00:00,2026-09-27T09:06:38.810+00:00,489.204,present,3720.8,"{""state"":""present"",""devices"":[{""Status"":""OK"",""Class"":""AndroidUsbDeviceClass"",""FriendlyName"":""Android Bootloader Interface"",""InstanceId"":""USB\\VID_18D1&PID_D00D\\1384E684""}]}",absent,absent,24.1,22.2,List of devices attached,
2026-09-27T09:06:39.763+00:00,2026-09-27T09:06:39.809+00:00,490.203,present,3720.8,"{""state"":""present"",""devices"":[{""Status"":""OK"",""Class"":""AndroidUsbDeviceClass"",""FriendlyName"":""Android Bootloader Interface"",""InstanceId"":""USB\\VID_18D1&PID_D00D\\1384E684""}]}",absent,absent,23.2,21.9,List of devices attached,
2026-09-27T09:06:40.764+00:00,2026-09-27T09:06:40.815+00:00,491.210,present,3720.8,"{""state"":""present"",""devices"":[{""Status"":""OK"",""Class"":""AndroidUsbDeviceClass"",""FriendlyName"":""Android Bootloader Interface"",""InstanceId"":""USB\\VID_18D1&PID_D00D\\1384E684""}]}",absent,absent,31.0,20.7,List of devices attached,
2026-09-27T09:06:41.764+00:00,2026-09-27T09:06:41.822+00:00,492.216,present,3720.8,"{""state"":""present"",""devices"":[{""Status"":""OK"",""Class"":""AndroidUsbDeviceClass"",""FriendlyName"":""Android Bootloader Interface"",""InstanceId"":""USB\\VID_18D1&PID_D00D\\1384E684""}]}",absent,absent,23.6,34.1,List of devices attached,
2026-09-27T09:06:42.764+00:00,2026-09-27T09:06:42.810+00:00,493.204,absent,3628.6,"{""state"":""absent"",""devices"":[]}",absent,absent,24.4,21.4,List of devices attached,
2026-09-27T09:06:43.765+00:00,2026-09-27T09:06:43.812+00:00,494.206,absent,3628.6,"{""state"":""absent"",""devices"":[]}",absent,absent,25.8,21.7,List of devices attached,
2026-09-27T09:06:44.765+00:00,2026-09-27T09:06:44.811+00:00,495.205,absent,3628.6,"{""state"":""absent"",""devices"":[]}",absent,absent,24.0,22.7,List of devices attached,
2026-09-27T09:06:45.765+00:00,2026-09-27T09:06:45.809+00:00,496.203,absent,3628.6,"{""state"":""absent"",""devices"":[]}",absent,absent,23.3,20.3,List of devices attached,
2026-09-27T09:06:46.765+00:00,2026-09-27T09:06:46.809+00:00,497.203,present,3634.3,"{""state"":""present"",""devices"":[{""Status"":""OK"",""Class"":""WPD"",""FriendlyName"":""THYME_DIAG"",""InstanceId"":""SWD\\WPDBUSENUM\\_??_USBSTOR#DISK&VEN_SONY_MIC&PROD_ROVAULT&REV_#1384E684&0#{53F56307-B6BF-11D0-94F2-00A0C91EFB8B}""},{""Status"":""OK"",""Class"":""Volume"",""FriendlyName"":""Volume"",""InstanceId"":""STORAGE\\VOLUME\\_??_USBSTOR#DISK&VEN_SONY_MIC&PROD_ROVAULT&REV_#1384E684&0#{53F56307-B6BF-11D0-94F2-00A0C91EFB8B}""},{""Status"":""OK"",""Class"":""DiskDrive"",""FriendlyName"":""Sony Mic roVault USB Device"",""InstanceId"":""USBSTOR\\DISK&VEN_SONY_MIC&PROD_ROVAULT&REV_\\1384E684&0""},{""Status"":""OK"",""Class"":""USB"",""FriendlyName"":""Sony USB HiFD Drive"",""InstanceId"":""USB\\VID_054C&PID_0022\\1384E684""}]}",absent,absent,23.6,20.0,List of devices attached,
2026-09-27T09:06:47.766+00:00,2026-09-27T09:06:47.813+00:00,498.207,present,3634.3,"{""state"":""present"",""devices"":[{""Status"":""OK"",""Class"":""WPD"",""FriendlyName"":""THYME_DIAG"",""InstanceId"":""SWD\\WPDBUSENUM\\_??_USBSTOR#DISK&VEN_SONY_MIC&PROD_ROVAULT&REV_#1384E684&0#{53F56307-B6BF-11D0-94F2-00A0C91EFB8B}""},{""Status"":""OK"",""Class"":""Volume"",""FriendlyName"":""Volume"",""InstanceId"":""STORAGE\\VOLUME\\_??_USBSTOR#DISK&VEN_SONY_MIC&PROD_ROVAULT&REV_#1384E684&0#{53F56307-B6BF-11D0-94F2-00A0C91EFB8B}""},{""Status"":""OK"",""Class"":""DiskDrive"",""FriendlyName"":""Sony Mic roVault USB Device"",""InstanceId"":""USBSTOR\\DISK&VEN_SONY_MIC&PROD_ROVAULT&REV_\\1384E684&0""},{""Status"":""OK"",""Class"":""USB"",""FriendlyName"":""Sony USB HiFD Drive"",""InstanceId"":""USB\\VID_054C&PID_0022\\1384E684""}]}",absent,absent,24.8,22.9,List of devices attached,
2026-09-27T09:06:48.766+00:00,2026-09-27T09:06:48.810+00:00,499.204,present,3634.3,"{""state"":""present"",""devices"":[{""Status"":""OK"",""Class"":""WPD"",""FriendlyName"":""THYME_DIAG"",""InstanceId"":""SWD\\WPDBUSENUM\\_??_USBSTOR#DISK&VEN_SONY_MIC&PROD_ROVAULT&REV_#1384E684&0#{53F56307-B6BF-11D0-94F2-00A0C91EFB8B}""},{""Status"":""OK"",""Class"":""Volume"",""FriendlyName"":""Volume"",""InstanceId"":""STORAGE\\VOLUME\\_??_USBSTOR#DISK&VEN_SONY_MIC&PROD_ROVAULT&REV_#1384E684&0#{53F56307-B6BF-11D0-94F2-00A0C91EFB8B}""},{""Status"":""OK"",""Class"":""DiskDrive"",""FriendlyName"":""Sony Mic roVault USB Device"",""InstanceId"":""USBSTOR\\DISK&VEN_SONY_MIC&PROD_ROVAULT&REV_\\1384E684&0""},{""Status"":""OK"",""Class"":""USB"",""FriendlyName"":""Sony USB HiFD Drive"",""InstanceId"":""USB\\VID_054C&PID_0022\\1384E684""}]}",absent,absent,24.6,19.1,List of devices attached,
2026-09-27T09:06:49.766+00:00,2026-09-27T09:06:49.808+00:00,500.202,present,3634.3,"{""state"":""present"",""devices"":[{""Status"":""OK"",""Class"":""WPD"",""FriendlyName"":""THYME_DIAG"",""InstanceId"":""SWD\\WPDBUSENUM\\_??_USBSTOR#DISK&VEN_SONY_MIC&PROD_ROVAULT&REV_#1384E684&0#{53F56307-B6BF-11D0-94F2-00A0C91EFB8B}""},{""Status"":""OK"",""Class"":""Volume"",""FriendlyName"":""Volume"",""InstanceId"":""STORAGE\\VOLUME\\_??_USBSTOR#DISK&VEN_SONY_MIC&PROD_ROVAULT&REV_#1384E684&0#{53F56307-B6BF-11D0-94F2-00A0C91EFB8B}""},{""Status"":""OK"",""Class"":""DiskDrive"",""FriendlyName"":""Sony Mic roVault USB Device"",""InstanceId"":""USBSTOR\\DISK&VEN_SONY_MIC&PROD_ROVAULT&REV_\\1384E684&0""},{""Status"":""OK"",""Class"":""USB"",""FriendlyName"":""Sony USB HiFD Drive"",""InstanceId"":""USB\\VID_054C&PID_0022\\1384E684""}]}",absent,absent,21.8,19.6,List of devices attached,
2026-09-27T09:06:50.766+00:00,2026-09-27T09:06:50.809+00:00,501.203,present,3803.6,"{""state"":""present"",""devices"":[{""Status"":""OK"",""Class"":""WPD"",""FriendlyName"":""THYME_DIAG"",""InstanceId"":""SWD\\WPDBUSENUM\\_??_USBSTOR#DISK&VEN_SONY_MIC&PROD_ROVAULT&REV_#1384E684&0#{53F56307-B6BF-11D0-94F2-00A0C91EFB8B}""},{""Status"":""OK"",""Class"":""Volume"",""FriendlyName"":""Volume"",""InstanceId"":""STORAGE\\VOLUME\\_??_USBSTOR#DISK&VEN_SONY_MIC&PROD_ROVAULT&REV_#1384E684&0#{53F56307-B6BF-11D0-94F2-00A0C91EFB8B}""},{""Status"":""OK"",""Class"":""DiskDrive"",""FriendlyName"":""Sony Mic roVault USB Device"",""InstanceId"":""USBSTOR\\DISK&VEN_SONY_MIC&PROD_ROVAULT&REV_\\1384E684&0""},{""Status"":""OK"",""Class"":""USB"",""FriendlyName"":""Sony USB HiFD Drive"",""InstanceId"":""USB\\VID_054C&PID_0022\\1384E684""}]}",absent,absent,22.0,20.2,List of devices attached,
2026-09-27T09:06:51.767+00:00,2026-09-27T09:06:51.810+00:00,502.204,present,3803.6,"{""state"":""present"",""devices"":[{""Status"":""OK"",""Class"":""WPD"",""FriendlyName"":""THYME_DIAG"",""InstanceId"":""SWD\\WPDBUSENUM\\_??_USBSTOR#DISK&VEN_SONY_MIC&PROD_ROVAULT&REV_#1384E684&0#{53F56307-B6BF-11D0-94F2-00A0C91EFB8B}""},{""Status"":""OK"",""Class"":""Volume"",""FriendlyName"":""Volume"",""InstanceId"":""STORAGE\\VOLUME\\_??_USBSTOR#DISK&VEN_SONY_MIC&PROD_ROVAULT&REV_#1384E684&0#{53F56307-B6BF-11D0-94F2-00A0C91EFB8B}""},{""Status"":""OK"",""Class"":""DiskDrive"",""FriendlyName"":""Sony Mic roVault USB Device"",""InstanceId"":""USBSTOR\\DISK&VEN_SONY_MIC&PROD_ROVAULT&REV_\\1384E684&0""},{""Status"":""OK"",""Class"":""USB"",""FriendlyName"":""Sony USB HiFD Drive"",""InstanceId"":""USB\\VID_054C&PID_0022\\1384E684""}]}",absent,absent,22.8,20.0,List of devices attached,
2026-09-27T09:06:52.767+00:00,2026-09-27T09:06:52.816+00:00,503.210,present,3803.6,"{""state"":""present"",""devices"":[{""Status"":""OK"",""Class"":""WPD"",""FriendlyName"":""THYME_DIAG"",""InstanceId"":""SWD\\WPDBUSENUM\\_??_USBSTOR#DISK&VEN_SONY_MIC&PROD_ROVAULT&REV_#1384E684&0#{53F56307-B6BF-11D0-94F2-00A0C91EFB8B}""},{""Status"":""OK"",""Class"":""Volume"",""FriendlyName"":""Volume"",""InstanceId"":""STORAGE\\VOLUME\\_??_USBSTOR#DISK&VEN_SONY_MIC&PROD_ROVAULT&REV_#1384E684&0#{53F56307-B6BF-11D0-94F2-00A0C91EFB8B}""},{""Status"":""OK"",""Class"":""DiskDrive"",""FriendlyName"":""Sony Mic roVault USB Device"",""InstanceId"":""USBSTOR\\DISK&VEN_SONY_MIC&PROD_ROVAULT&REV_\\1384E684&0""},{""Status"":""OK"",""Class"":""USB"",""FriendlyName"":""Sony USB HiFD Drive"",""InstanceId"":""USB\\VID_054C&PID_0022\\1384E684""}]}",absent,absent,27.8,20.6,List of devices attached,
2026-09-27T09:06:53.767+00:00,2026-09-27T09:06:53.818+00:00,504.212,present,3803.6,"{""state"":""present"",""devices"":[{""Status"":""OK"",""Class"":""WPD"",""FriendlyName"":""THYME_DIAG"",""InstanceId"":""SWD\\WPDBUSENUM\\_??_USBSTOR#DISK&VEN_SONY_MIC&PROD_ROVAULT&REV_#1384E684&0#{53F56307-B6BF-11D0-94F2-00A0C91EFB8B}""},{""Status"":""OK"",""Class"":""Volume"",""FriendlyName"":""Volume"",""InstanceId"":""STORAGE\\VOLUME\\_??_USBSTOR#DISK&VEN_SONY_MIC&PROD_ROVAULT&REV_#1384E684&0#{53F56307-B6BF-11D0-94F2-00A0C91EFB8B}""},{""Status"":""OK"",""Class"":""DiskDrive"",""FriendlyName"":""Sony Mic roVault USB Device"",""InstanceId"":""USBSTOR\\DISK&VEN_SONY_MIC&PROD_ROVAULT&REV_\\1384E684&0""},{""Status"":""OK"",""Class"":""USB"",""FriendlyName"":""Sony USB HiFD Drive"",""InstanceId"":""USB\\VID_054C&PID_0022\\1384E684""}]}",absent,absent,24.1,26.0,List of devices attached,
2026-09-27T09:06:54.768+00:00,2026-09-27T09:06:54.812+00:00,505.207,present,3723.1,"{""state"":""present"",""devices"":[{""Status"":""OK"",""Class"":""WPD"",""FriendlyName"":""THYME_DIAG"",""InstanceId"":""SWD\\WPDBUSENUM\\_??_USBSTOR#DISK&VEN_SONY_MIC&PROD_ROVAULT&REV_#1384E684&0#{53F56307-B6BF-11D0-94F2-00A0C91EFB8B}""},{""Status"":""OK"",""Class"":""Volume"",""FriendlyName"":""Volume"",""InstanceId"":""STORAGE\\VOLUME\\_??_USBSTOR#DISK&VEN_SONY_MIC&PROD_ROVAULT&REV_#1384E684&0#{53F56307-B6BF-11D0-94F2-00A0C91EFB8B}""},{""Status"":""OK"",""Class"":""DiskDrive"",""FriendlyName"":""Sony Mic roVault USB Device"",""InstanceId"":""USBSTOR\\DISK&VEN_SONY_MIC&PROD_ROVAULT&REV_\\1384E684&0""},{""Status"":""OK"",""Class"":""USB"",""FriendlyName"":""Sony USB HiFD Drive"",""InstanceId"":""USB\\VID_054C&PID_0022\\1384E684""}]}",absent,absent,23.7,20.9,List of devices attached,
2026-09-27T09:06:55.768+00:00,2026-09-27T09:06:55.812+00:00,506.206,present,3723.1,"{""state"":""present"",""devices"":[{""Status"":""OK"",""Class"":""WPD"",""FriendlyName"":""THYME_DIAG"",""InstanceId"":""SWD\\WPDBUSENUM\\_??_USBSTOR#DISK&VEN_SONY_MIC&PROD_ROVAULT&REV_#1384E684&0#{53F56307-B6BF-11D0-94F2-00A0C91EFB8B}""},{""Status"":""OK"",""Class"":""Volume"",""FriendlyName"":""Volume"",""InstanceId"":""STORAGE\\VOLUME\\_??_USBSTOR#DISK&VEN_SONY_MIC&PROD_ROVAULT&REV_#1384E684&0#{53F56307-B6BF-11D0-94F2-00A0C91EFB8B}""},{""Status"":""OK"",""Class"":""DiskDrive"",""FriendlyName"":""Sony Mic roVault USB Device"",""InstanceId"":""USBSTOR\\DISK&VEN_SONY_MIC&PROD_ROVAULT&REV_\\1384E684&0""},{""Status"":""OK"",""Class"":""USB"",""FriendlyName"":""Sony USB HiFD Drive"",""InstanceId"":""USB\\VID_054C&PID_0022\\1384E684""}]}",absent,absent,23.1,20.9,List of devices attached,
2026-09-27T09:06:56.768+00:00,2026-09-27T09:06:56.812+00:00,507.207,present,3723.1,"{""state"":""present"",""devices"":[{""Status"":""OK"",""Class"":""WPD"",""FriendlyName"":""THYME_DIAG"",""InstanceId"":""SWD\\WPDBUSENUM\\_??_USBSTOR#DISK&VEN_SONY_MIC&PROD_ROVAULT&REV_#1384E684&0#{53F56307-B6BF-11D0-94F2-00A0C91EFB8B}""},{""Status"":""OK"",""Class"":""Volume"",""FriendlyName"":""Volume"",""InstanceId"":""STORAGE\\VOLUME\\_??_USBSTOR#DISK&VEN_SONY_MIC&PROD_ROVAULT&REV_#1384E684&0#{53F56307-B6BF-11D0-94F2-00A0C91EFB8B}""},{""Status"":""OK"",""Class"":""DiskDrive"",""FriendlyName"":""Sony Mic roVault USB Device"",""InstanceId"":""USBSTOR\\DISK&VEN_SONY_MIC&PROD_ROVAULT&REV_\\1384E684&0""},{""Status"":""OK"",""Class"":""USB"",""FriendlyName"":""Sony USB HiFD Drive"",""InstanceId"":""USB\\VID_054C&PID_0022\\1384E684""}]}",absent,absent,23.9,20.2,List of devices attached,
2026-09-27T09:06:57.768+00:00,2026-09-27T09:06:57.811+00:00,508.205,present,3723.1,"{""state"":""present"",""devices"":[{""Status"":""OK"",""Class"":""WPD"",""FriendlyName"":""THYME_DIAG"",""InstanceId"":""SWD\\WPDBUSENUM\\_??_USBSTOR#DISK&VEN_SONY_MIC&PROD_ROVAULT&REV_#1384E684&0#{53F56307-B6BF-11D0-94F2-00A0C91EFB8B}""},{""Status"":""OK"",""Class"":""Volume"",""FriendlyName"":""Volume"",""InstanceId"":""STORAGE\\VOLUME\\_??_USBSTOR#DISK&VEN_SONY_MIC&PROD_ROVAULT&REV_#1384E684&0#{53F56307-B6BF-11D0-94F2-00A0C91EFB8B}""},{""Status"":""OK"",""Class"":""DiskDrive"",""FriendlyName"":""Sony Mic roVault USB Device"",""InstanceId"":""USBSTOR\\DISK&VEN_SONY_MIC&PROD_ROVAULT&REV_\\1384E684&0""},{""Status"":""OK"",""Class"":""USB"",""FriendlyName"":""Sony USB HiFD Drive"",""InstanceId"":""USB\\VID_054C&PID_0022\\1384E684""}]}",absent,absent,22.5,19.5,List of devices attached,
2026-09-27T09:06:58.769+00:00,2026-09-27T09:06:58.814+00:00,509.208,present,3665.0,"{""state"":""present"",""devices"":[{""Status"":""OK"",""Class"":""WPD"",""FriendlyName"":""THYME_DIAG"",""InstanceId"":""SWD\\WPDBUSENUM\\_??_USBSTOR#DISK&VEN_SONY_MIC&PROD_ROVAULT&REV_#1384E684&0#{53F56307-B6BF-11D0-94F2-00A0C91EFB8B}""},{""Status"":""OK"",""Class"":""Volume"",""FriendlyName"":""Volume"",""InstanceId"":""STORAGE\\VOLUME\\_??_USBSTOR#DISK&VEN_SONY_MIC&PROD_ROVAULT&REV_#1384E684&0#{53F56307-B6BF-11D0-94F2-00A0C91EFB8B}""},{""Status"":""OK"",""Class"":""DiskDrive"",""FriendlyName"":""Sony Mic roVault USB Device"",""InstanceId"":""USBSTOR\\DISK&VEN_SONY_MIC&PROD_ROVAULT&REV_\\1384E684&0""},{""Status"":""OK"",""Class"":""USB"",""FriendlyName"":""Sony USB HiFD Drive"",""InstanceId"":""USB\\VID_054C&PID_0022\\1384E684""}]}",absent,absent,24.1,21.3,List of devices attached,
2026-09-27T09:06:59.769+00:00,2026-09-27T09:06:59.826+00:00,510.220,present,3665.0,"{""state"":""present"",""devices"":[{""Status"":""OK"",""Class"":""WPD"",""FriendlyName"":""THYME_DIAG"",""InstanceId"":""SWD\\WPDBUSENUM\\_??_USBSTOR#DISK&VEN_SONY_MIC&PROD_ROVAULT&REV_#1384E684&0#{53F56307-B6BF-11D0-94F2-00A0C91EFB8B}""},{""Status"":""OK"",""Class"":""Volume"",""FriendlyName"":""Volume"",""InstanceId"":""STORAGE\\VOLUME\\_??_USBSTOR#DISK&VEN_SONY_MIC&PROD_ROVAULT&REV_#1384E684&0#{53F56307-B6BF-11D0-94F2-00A0C91EFB8B}""},{""Status"":""OK"",""Class"":""DiskDrive"",""FriendlyName"":""Sony Mic roVault USB Device"",""InstanceId"":""USBSTOR\\DISK&VEN_SONY_MIC&PROD_ROVAULT&REV_\\1384E684&0""},{""Status"":""OK"",""Class"":""USB"",""FriendlyName"":""Sony USB HiFD Drive"",""InstanceId"":""USB\\VID_054C&PID_0022\\1384E684""}]}",absent,absent,37.2,19.4,List of devices attached,
2026-09-27T09:07:00.769+00:00,2026-09-27T09:07:00.814+00:00,511.208,present,3665.0,"{""state"":""present"",""devices"":[{""Status"":""OK"",""Class"":""WPD"",""FriendlyName"":""THYME_DIAG"",""InstanceId"":""SWD\\WPDBUSENUM\\_??_USBSTOR#DISK&VEN_SONY_MIC&PROD_ROVAULT&REV_#1384E684&0#{53F56307-B6BF-11D0-94F2-00A0C91EFB8B}""},{""Status"":""OK"",""Class"":""Volume"",""FriendlyName"":""Volume"",""InstanceId"":""STORAGE\\VOLUME\\_??_USBSTOR#DISK&VEN_SONY_MIC&PROD_ROVAULT&REV_#1384E684&0#{53F56307-B6BF-11D0-94F2-00A0C91EFB8B}""},{""Status"":""OK"",""Class"":""DiskDrive"",""FriendlyName"":""Sony Mic roVault USB Device"",""InstanceId"":""USBSTOR\\DISK&VEN_SONY_MIC&PROD_ROVAULT&REV_\\1384E684&0""},{""Status"":""OK"",""Class"":""USB"",""FriendlyName"":""Sony USB HiFD Drive"",""InstanceId"":""USB\\VID_054C&PID_0022\\1384E684""}]}",absent,absent,23.3,21.0,List of devices attached,
2026-09-27T09:07:01.770+00:00,2026-09-27T09:07:01.811+00:00,512.206,present,3665.0,"{""state"":""present"",""devices"":[{""Status"":""OK"",""Class"":""WPD"",""FriendlyName"":""THYME_DIAG"",""InstanceId"":""SWD\\WPDBUSENUM\\_??_USBSTOR#DISK&VEN_SONY_MIC&PROD_ROVAULT&REV_#1384E684&0#{53F56307-B6BF-11D0-94F2-00A0C91EFB8B}""},{""Status"":""OK"",""Class"":""Volume"",""FriendlyName"":""Volume"",""InstanceId"":""STORAGE\\VOLUME\\_??_USBSTOR#DISK&VEN_SONY_MIC&PROD_ROVAULT&REV_#1384E684&0#{53F56307-B6BF-11D0-94F2-00A0C91EFB8B}""},{""Status"":""OK"",""Class"":""DiskDrive"",""FriendlyName"":""Sony Mic roVault USB Device"",""InstanceId"":""USBSTOR\\DISK&VEN_SONY_MIC&PROD_ROVAULT&REV_\\1384E684&0""},{""Status"":""OK"",""Class"":""USB"",""FriendlyName"":""Sony USB HiFD Drive"",""InstanceId"":""USB\\VID_054C&PID_0022\\1384E684""}]}",absent,absent,21.9,19.7,List of devices attached,
2026-09-27T09:07:02.770+00:00,2026-09-27T09:07:02.815+00:00,513.209,present,3704.7,"{""state"":""present"",""devices"":[{""Status"":""OK"",""Class"":""WPD"",""FriendlyName"":""THYME_DIAG"",""InstanceId"":""SWD\\WPDBUSENUM\\_??_USBSTOR#DISK&VEN_SONY_MIC&PROD_ROVAULT&REV_#1384E684&0#{53F56307-B6BF-11D0-94F2-00A0C91EFB8B}""},{""Status"":""OK"",""Class"":""Volume"",""FriendlyName"":""Volume"",""InstanceId"":""STORAGE\\VOLUME\\_??_USBSTOR#DISK&VEN_SONY_MIC&PROD_ROVAULT&REV_#1384E684&0#{53F56307-B6BF-11D0-94F2-00A0C91EFB8B}""},{""Status"":""OK"",""Class"":""DiskDrive"",""FriendlyName"":""Sony Mic roVault USB Device"",""InstanceId"":""USBSTOR\\DISK&VEN_SONY_MIC&PROD_ROVAULT&REV_\\1384E684&0""},{""Status"":""OK"",""Class"":""USB"",""FriendlyName"":""Sony USB HiFD Drive"",""InstanceId"":""USB\\VID_054C&PID_0022\\1384E684""}]}",absent,absent,23.8,20.3,List of devices attached,
2026-09-27T09:07:03.771+00:00,2026-09-27T09:07:03.814+00:00,514.208,present,3704.7,"{""state"":""present"",""devices"":[{""Status"":""OK"",""Class"":""WPD"",""FriendlyName"":""THYME_DIAG"",""InstanceId"":""SWD\\WPDBUSENUM\\_??_USBSTOR#DISK&VEN_SONY_MIC&PROD_ROVAULT&REV_#1384E684&0#{53F56307-B6BF-11D0-94F2-00A0C91EFB8B}""},{""Status"":""OK"",""Class"":""Volume"",""FriendlyName"":""Volume"",""InstanceId"":""STORAGE\\VOLUME\\_??_USBSTOR#DISK&VEN_SONY_MIC&PROD_ROVAULT&REV_#1384E684&0#{53F56307-B6BF-11D0-94F2-00A0C91EFB8B}""},{""Status"":""OK"",""Class"":""DiskDrive"",""FriendlyName"":""Sony Mic roVault USB Device"",""InstanceId"":""USBSTOR\\DISK&VEN_SONY_MIC&PROD_ROVAULT&REV_\\1384E684&0""},{""Status"":""OK"",""Class"":""USB"",""FriendlyName"":""Sony USB HiFD Drive"",""InstanceId"":""USB\\VID_054C&PID_0022\\1384E684""}]}",absent,absent,23.9,18.9,List of devices attached,
2026-09-27T09:07:04.771+00:00,2026-09-27T09:07:04.820+00:00,515.214,present,3704.7,"{""state"":""present"",""devices"":[{""Status"":""OK"",""Class"":""WPD"",""FriendlyName"":""THYME_DIAG"",""InstanceId"":""SWD\\WPDBUSENUM\\_??_USBSTOR#DISK&VEN_SONY_MIC&PROD_ROVAULT&REV_#1384E684&0#{53F56307-B6BF-11D0-94F2-00A0C91EFB8B}""},{""Status"":""OK"",""Class"":""Volume"",""FriendlyName"":""Volume"",""InstanceId"":""STORAGE\\VOLUME\\_??_USBSTOR#DISK&VEN_SONY_MIC&PROD_ROVAULT&REV_#1384E684&0#{53F56307-B6BF-11D0-94F2-00A0C91EFB8B}""},{""Status"":""OK"",""Class"":""DiskDrive"",""FriendlyName"":""Sony Mic roVault USB Device"",""InstanceId"":""USBSTOR\\DISK&VEN_SONY_MIC&PROD_ROVAULT&REV_\\1384E684&0""},{""Status"":""OK"",""Class"":""USB"",""FriendlyName"":""Sony USB HiFD Drive"",""InstanceId"":""USB\\VID_054C&PID_0022\\1384E684""}]}",absent,absent,24.4,24.0,List of devices attached,
2026-09-27T09:07:05.772+00:00,2026-09-27T09:07:05.812+00:00,516.207,present,3704.7,"{""state"":""present"",""devices"":[{""Status"":""OK"",""Class"":""WPD"",""FriendlyName"":""THYME_DIAG"",""InstanceId"":""SWD\\WPDBUSENUM\\_??_USBSTOR#DISK&VEN_SONY_MIC&PROD_ROVAULT&REV_#1384E684&0#{53F56307-B6BF-11D0-94F2-00A0C91EFB8B}""},{""Status"":""OK"",""Class"":""Volume"",""FriendlyName"":""Volume"",""InstanceId"":""STORAGE\\VOLUME\\_??_USBSTOR#DISK&VEN_SONY_MIC&PROD_ROVAULT&REV_#1384E684&0#{53F56307-B6BF-11D0-94F2-00A0C91EFB8B}""},{""Status"":""OK"",""Class"":""DiskDrive"",""FriendlyName"":""Sony Mic roVault USB Device"",""InstanceId"":""USBSTOR\\DISK&VEN_SONY_MIC&PROD_ROVAULT&REV_\\1384E684&0""},{""Status"":""OK"",""Class"":""USB"",""FriendlyName"":""Sony USB HiFD Drive"",""InstanceId"":""USB\\VID_054C&PID_0022\\1384E684""}]}",absent,absent,21.2,19.7,List of devices attached,
2026-09-27T09:07:06.772+00:00,2026-09-27T09:07:06.816+00:00,517.210,present,3708.1,"{""state"":""present"",""devices"":[{""Status"":""OK"",""Class"":""WPD"",""FriendlyName"":""THYME_DIAG"",""InstanceId"":""SWD\\WPDBUSENUM\\_??_USBSTOR#DISK&VEN_SONY_MIC&PROD_ROVAULT&REV_#1384E684&0#{53F56307-B6BF-11D0-94F2-00A0C91EFB8B}""},{""Status"":""OK"",""Class"":""Volume"",""FriendlyName"":""Volume"",""InstanceId"":""STORAGE\\VOLUME\\_??_USBSTOR#DISK&VEN_SONY_MIC&PROD_ROVAULT&REV_#1384E684&0#{53F56307-B6BF-11D0-94F2-00A0C91EFB8B}""},{""Status"":""OK"",""Class"":""DiskDrive"",""FriendlyName"":""Sony Mic roVault USB Device"",""InstanceId"":""USBSTOR\\DISK&VEN_SONY_MIC&PROD_ROVAULT&REV_\\1384E684&0""},{""Status"":""OK"",""Class"":""USB"",""FriendlyName"":""Sony USB HiFD Drive"",""InstanceId"":""USB\\VID_054C&PID_0022\\1384E684""}]}",absent,absent,22.8,21.3,List of devices attached,
2026-09-27T09:07:07.772+00:00,2026-09-27T09:07:07.815+00:00,518.209,present,3708.1,"{""state"":""present"",""devices"":[{""Status"":""OK"",""Class"":""WPD"",""FriendlyName"":""THYME_DIAG"",""InstanceId"":""SWD\\WPDBUSENUM\\_??_USBSTOR#DISK&VEN_SONY_MIC&PROD_ROVAULT&REV_#1384E684&0#{53F56307-B6BF-11D0-94F2-00A0C91EFB8B}""},{""Status"":""OK"",""Class"":""Volume"",""FriendlyName"":""Volume"",""InstanceId"":""STORAGE\\VOLUME\\_??_USBSTOR#DISK&VEN_SONY_MIC&PROD_ROVAULT&REV_#1384E684&0#{53F56307-B6BF-11D0-94F2-00A0C91EFB8B}""},{""Status"":""OK"",""Class"":""DiskDrive"",""FriendlyName"":""Sony Mic roVault USB Device"",""InstanceId"":""USBSTOR\\DISK&VEN_SONY_MIC&PROD_ROVAULT&REV_\\1384E684&0""},{""Status"":""OK"",""Class"":""USB"",""FriendlyName"":""Sony USB HiFD Drive"",""InstanceId"":""USB\\VID_054C&PID_0022\\1384E684""}]}",absent,absent,23.4,19.6,List of devices attached,
