sample_started_utc,sample_finished_utc,elapsed_seconds,usb_pnp_state,usb_query_ms,usb_pnp_output,adb_state,fastboot_state,adb_query_ms,fastboot_query_ms,adb_output,fastboot_output
2026-09-29T05:19:53.460+00:00,2026-09-29T05:19:55.731+00:00,2.265,query_pending,,initial PnP query pending,absent,fastboot,2250.0,15.0,List of devices attached |  | * daemon not running; starting now at tcp:5037 | * daemon started successfully,[DEVICE_SERIAL_REDACTED]               fastboot
2026-09-29T05:19:55.734+00:00,2026-09-29T05:19:55.778+00:00,2.312,query_pending,,initial PnP query pending,absent,fastboot,32.0,15.0,List of devices attached,[DEVICE_SERIAL_REDACTED]               fastboot
2026-09-29T05:19:56.732+00:00,2026-09-29T05:19:56.773+00:00,3.312,query_pending,,initial PnP query pending,absent,fastboot,32.0,15.0,List of devices attached,[DEVICE_SERIAL_REDACTED]               fastboot
2026-09-29T05:19:57.732+00:00,2026-09-29T05:19:57.774+00:00,4.312,query_pending,,initial PnP query pending,absent,fastboot,32.0,15.0,List of devices attached,[DEVICE_SERIAL_REDACTED]               fastboot
2026-09-29T05:19:58.728+00:00,2026-09-29T05:19:58.774+00:00,5.312,query_pending,,initial PnP query pending,absent,fastboot,16.0,31.0,List of devices attached,[DEVICE_SERIAL_REDACTED]               fastboot
2026-09-29T05:19:59.727+00:00,2026-09-29T05:19:59.772+00:00,6.312,present,5343.0,"{""state"":""present"",""devices"":[{""Status"":""OK"",""Class"":""AndroidUsbDeviceClass"",""FriendlyName"":""Android Bootloader Interface"",""InstanceId"":""USB\\VID_18D1&PID_D00D\\[DEVICE_SERIAL_REDACTED]""}]}",absent,fastboot,16.0,31.0,List of devices attached,[DEVICE_SERIAL_REDACTED]               fastboot
2026-09-29T05:20:00.732+00:00,2026-09-29T05:20:00.773+00:00,7.312,present,5343.0,"{""state"":""present"",""devices"":[{""Status"":""OK"",""Class"":""AndroidUsbDeviceClass"",""FriendlyName"":""Android Bootloader Interface"",""InstanceId"":""USB\\VID_18D1&PID_D00D\\[DEVICE_SERIAL_REDACTED]""}]}",absent,fastboot,32.0,15.0,List of devices attached,[DEVICE_SERIAL_REDACTED]               fastboot
2026-09-29T05:20:01.731+00:00,2026-09-29T05:20:01.776+00:00,8.312,present,5343.0,"{""state"":""present"",""devices"":[{""Status"":""OK"",""Class"":""AndroidUsbDeviceClass"",""FriendlyName"":""Android Bootloader Interface"",""InstanceId"":""USB\\VID_18D1&PID_D00D\\[DEVICE_SERIAL_REDACTED]""}]}",absent,fastboot,32.0,15.0,List of devices attached,[DEVICE_SERIAL_REDACTED]               fastboot
2026-09-29T05:20:02.730+00:00,2026-09-29T05:20:02.776+00:00,9.312,present,5343.0,"{""state"":""present"",""devices"":[{""Status"":""OK"",""Class"":""AndroidUsbDeviceClass"",""FriendlyName"":""Android Bootloader Interface"",""InstanceId"":""USB\\VID_18D1&PID_D00D\\[DEVICE_SERIAL_REDACTED]""}]}",absent,fastboot,32.0,15.0,List of devices attached,[DEVICE_SERIAL_REDACTED]               fastboot
2026-09-29T05:20:03.730+00:00,2026-09-29T05:20:03.773+00:00,10.312,present,5343.0,"{""state"":""present"",""devices"":[{""Status"":""OK"",""Class"":""AndroidUsbDeviceClass"",""FriendlyName"":""Android Bootloader Interface"",""InstanceId"":""USB\\VID_18D1&PID_D00D\\[DEVICE_SERIAL_REDACTED]""}]}",absent,fastboot,32.0,15.0,List of devices attached,[DEVICE_SERIAL_REDACTED]               fastboot
2026-09-29T05:20:04.730+00:00,2026-09-29T05:20:04.774+00:00,11.312,present,4078.0,"{""state"":""present"",""devices"":[{""Status"":""OK"",""Class"":""AndroidUsbDeviceClass"",""FriendlyName"":""Android Bootloader Interface"",""InstanceId"":""USB\\VID_18D1&PID_D00D\\[DEVICE_SERIAL_REDACTED]""}]}",absent,fastboot,32.0,15.0,List of devices attached,[DEVICE_SERIAL_REDACTED]               fastboot
2026-09-29T05:20:05.729+00:00,2026-09-29T05:20:05.773+00:00,12.312,present,4078.0,"{""state"":""present"",""devices"":[{""Status"":""OK"",""Class"":""AndroidUsbDeviceClass"",""FriendlyName"":""Android Bootloader Interface"",""InstanceId"":""USB\\VID_18D1&PID_D00D\\[DEVICE_SERIAL_REDACTED]""}]}",absent,fastboot,32.0,15.0,List of devices attached,[DEVICE_SERIAL_REDACTED]               fastboot
2026-09-29T05:20:06.726+00:00,2026-09-29T05:20:06.770+00:00,13.312,present,4078.0,"{""state"":""present"",""devices"":[{""Status"":""OK"",""Class"":""AndroidUsbDeviceClass"",""FriendlyName"":""Android Bootloader Interface"",""InstanceId"":""USB\\VID_18D1&PID_D00D\\[DEVICE_SERIAL_REDACTED]""}]}",absent,fastboot,16.0,31.0,List of devices attached,[DEVICE_SERIAL_REDACTED]               fastboot
2026-09-29T05:20:07.724+00:00,2026-09-29T05:20:07.767+00:00,14.312,present,4078.0,"{""state"":""present"",""devices"":[{""Status"":""OK"",""Class"":""AndroidUsbDeviceClass"",""FriendlyName"":""Android Bootloader Interface"",""InstanceId"":""USB\\VID_18D1&PID_D00D\\[DEVICE_SERIAL_REDACTED]""}]}",absent,fastboot,16.0,31.0,List of devices attached,[DEVICE_SERIAL_REDACTED]               fastboot
2026-09-29T05:20:08.721+00:00,2026-09-29T05:20:08.765+00:00,15.297,present,4078.0,"{""state"":""present"",""devices"":[{""Status"":""OK"",""Class"":""AndroidUsbDeviceClass"",""FriendlyName"":""Android Bootloader Interface"",""InstanceId"":""USB\\VID_18D1&PID_D00D\\[DEVICE_SERIAL_REDACTED]""}]}",absent,absent,16.0,16.0,List of devices attached,
2026-09-29T05:20:09.720+00:00,2026-09-29T05:20:09.763+00:00,16.297,present,4047.0,"{""state"":""present"",""devices"":[{""Status"":""OK"",""Class"":""AndroidUsbDeviceClass"",""FriendlyName"":""Android Bootloader Interface"",""InstanceId"":""USB\\VID_18D1&PID_D00D\\[DEVICE_SERIAL_REDACTED]""}]}",absent,absent,16.0,16.0,List of devices attached,
2026-09-29T05:20:10.733+00:00,2026-09-29T05:20:10.776+00:00,17.312,present,4047.0,"{""state"":""present"",""devices"":[{""Status"":""OK"",""Class"":""AndroidUsbDeviceClass"",""FriendlyName"":""Android Bootloader Interface"",""InstanceId"":""USB\\VID_18D1&PID_D00D\\[DEVICE_SERIAL_REDACTED]""}]}",absent,absent,32.0,15.0,List of devices attached,
2026-09-29T05:20:11.730+00:00,2026-09-29T05:20:11.771+00:00,18.312,present,4047.0,"{""state"":""present"",""devices"":[{""Status"":""OK"",""Class"":""AndroidUsbDeviceClass"",""FriendlyName"":""Android Bootloader Interface"",""InstanceId"":""USB\\VID_18D1&PID_D00D\\[DEVICE_SERIAL_REDACTED]""}]}",absent,absent,32.0,15.0,List of devices attached,
2026-09-29T05:20:12.726+00:00,2026-09-29T05:20:12.768+00:00,19.312,present,4047.0,"{""state"":""present"",""devices"":[{""Status"":""OK"",""Class"":""AndroidUsbDeviceClass"",""FriendlyName"":""Android Bootloader Interface"",""InstanceId"":""USB\\VID_18D1&PID_D00D\\[DEVICE_SERIAL_REDACTED]""}]}",absent,absent,16.0,31.0,List of devices attached,
2026-09-29T05:20:13.722+00:00,2026-09-29T05:20:13.765+00:00,20.297,present,4047.0,"{""state"":""present"",""devices"":[{""Status"":""OK"",""Class"":""AndroidUsbDeviceClass"",""FriendlyName"":""Android Bootloader Interface"",""InstanceId"":""USB\\VID_18D1&PID_D00D\\[DEVICE_SERIAL_REDACTED]""}]}",absent,absent,16.0,16.0,List of devices attached,
2026-09-29T05:20:14.734+00:00,2026-09-29T05:20:14.780+00:00,21.312,absent,4032.0,"{""state"":""absent"",""devices"":[]}",absent,absent,32.0,15.0,List of devices attached,
2026-09-29T05:20:15.720+00:00,2026-09-29T05:20:15.766+00:00,22.297,absent,4032.0,"{""state"":""absent"",""devices"":[]}",absent,absent,16.0,16.0,List of devices attached,
2026-09-29T05:20:16.735+00:00,2026-09-29T05:20:16.775+00:00,23.312,absent,4032.0,"{""state"":""absent"",""devices"":[]}",absent,absent,32.0,15.0,List of devices attached,
2026-09-29T05:20:17.733+00:00,2026-09-29T05:20:17.775+00:00,24.312,absent,4032.0,"{""state"":""absent"",""devices"":[]}",absent,absent,32.0,15.0,List of devices attached,
2026-09-29T05:20:18.728+00:00,2026-09-29T05:20:18.772+00:00,25.312,absent,4032.0,"{""state"":""absent"",""devices"":[]}",absent,absent,32.0,15.0,List of devices attached,
2026-09-29T05:20:19.726+00:00,2026-09-29T05:20:19.768+00:00,26.312,absent,4157.0,"{""state"":""absent"",""devices"":[]}",absent,absent,16.0,31.0,List of devices attached,
2026-09-29T05:20:20.724+00:00,2026-09-29T05:20:20.768+00:00,27.312,absent,4157.0,"{""state"":""absent"",""devices"":[]}",absent,absent,16.0,31.0,List of devices attached,
2026-09-29T05:20:21.721+00:00,2026-09-29T05:20:21.765+00:00,28.297,absent,4157.0,"{""state"":""absent"",""devices"":[]}",absent,absent,16.0,16.0,List of devices attached,
2026-09-29T05:20:22.733+00:00,2026-09-29T05:20:22.772+00:00,29.312,absent,4157.0,"{""state"":""absent"",""devices"":[]}",absent,absent,32.0,15.0,List of devices attached,
2026-09-29T05:20:23.732+00:00,2026-09-29T05:20:23.775+00:00,30.312,absent,4157.0,"{""state"":""absent"",""devices"":[]}",absent,absent,32.0,15.0,List of devices attached,
2026-09-29T05:20:24.729+00:00,2026-09-29T05:20:24.771+00:00,31.312,absent,4078.0,"{""state"":""absent"",""devices"":[]}",absent,absent,32.0,15.0,List of devices attached,
2026-09-29T05:20:25.725+00:00,2026-09-29T05:20:25.771+00:00,32.312,absent,4078.0,"{""state"":""absent"",""devices"":[]}",absent,absent,16.0,31.0,List of devices attached,
2026-09-29T05:20:26.724+00:00,2026-09-29T05:20:26.768+00:00,33.312,absent,4078.0,"{""state"":""absent"",""devices"":[]}",absent,absent,16.0,31.0,List of devices attached,
2026-09-29T05:20:27.721+00:00,2026-09-29T05:20:27.768+00:00,34.312,absent,4078.0,"{""state"":""absent"",""devices"":[]}",absent,absent,16.0,31.0,List of devices attached,
2026-09-29T05:20:28.722+00:00,2026-09-29T05:20:28.769+00:00,35.312,absent,3875.0,"{""state"":""absent"",""devices"":[]}",absent,absent,16.0,31.0,List of devices attached,
2026-09-29T05:20:29.722+00:00,2026-09-29T05:20:29.767+00:00,36.312,absent,3875.0,"{""state"":""absent"",""devices"":[]}",absent,absent,16.0,31.0,List of devices attached,
2026-09-29T05:20:30.720+00:00,2026-09-29T05:20:30.763+00:00,37.297,absent,3875.0,"{""state"":""absent"",""devices"":[]}",absent,absent,16.0,16.0,List of devices attached,
2026-09-29T05:20:31.732+00:00,2026-09-29T05:20:31.777+00:00,38.312,absent,3875.0,"{""state"":""absent"",""devices"":[]}",absent,absent,32.0,15.0,List of devices attached,
2026-09-29T05:20:32.731+00:00,2026-09-29T05:20:32.775+00:00,39.312,absent,3735.0,"{""state"":""absent"",""devices"":[]}",absent,absent,32.0,15.0,List of devices attached,
2026-09-29T05:20:33.729+00:00,2026-09-29T05:20:33.775+00:00,40.312,absent,3735.0,"{""state"":""absent"",""devices"":[]}",absent,absent,32.0,15.0,List of devices attached,
2026-09-29T05:20:34.729+00:00,2026-09-29T05:20:34.771+00:00,41.312,absent,3735.0,"{""state"":""absent"",""devices"":[]}",absent,absent,32.0,15.0,List of devices attached,
2026-09-29T05:20:35.725+00:00,2026-09-29T05:20:35.769+00:00,42.312,absent,3735.0,"{""state"":""absent"",""devices"":[]}",absent,absent,16.0,31.0,List of devices attached,
2026-09-29T05:20:36.723+00:00,2026-09-29T05:20:36.767+00:00,43.312,absent,3735.0,"{""state"":""absent"",""devices"":[]}",absent,absent,16.0,31.0,List of devices attached,
2026-09-29T05:20:37.720+00:00,2026-09-29T05:20:37.765+00:00,44.297,absent,4047.0,"{""state"":""absent"",""devices"":[]}",absent,absent,16.0,16.0,List of devices attached,
2026-09-29T05:20:38.733+00:00,2026-09-29T05:20:38.774+00:00,45.312,absent,4047.0,"{""state"":""absent"",""devices"":[]}",absent,absent,32.0,15.0,List of devices attached,
2026-09-29T05:20:39.730+00:00,2026-09-29T05:20:39.773+00:00,46.312,absent,4047.0,"{""state"":""absent"",""devices"":[]}",absent,absent,32.0,15.0,List of devices attached,
2026-09-29T05:20:40.726+00:00,2026-09-29T05:20:40.769+00:00,47.312,absent,4047.0,"{""state"":""absent"",""devices"":[]}",absent,absent,16.0,31.0,List of devices attached,
2026-09-29T05:20:41.723+00:00,2026-09-29T05:20:41.766+00:00,48.297,absent,4047.0,"{""state"":""absent"",""devices"":[]}",absent,absent,16.0,16.0,List of devices attached,
2026-09-29T05:20:42.734+00:00,2026-09-29T05:20:42.776+00:00,49.312,absent,4125.0,"{""state"":""absent"",""devices"":[]}",absent,absent,32.0,15.0,List of devices attached,
2026-09-29T05:20:43.731+00:00,2026-09-29T05:20:43.773+00:00,50.312,absent,4125.0,"{""state"":""absent"",""devices"":[]}",absent,absent,32.0,15.0,List of devices attached,
2026-09-29T05:20:44.727+00:00,2026-09-29T05:20:44.768+00:00,51.312,absent,4125.0,"{""state"":""absent"",""devices"":[]}",absent,absent,16.0,31.0,List of devices attached,
2026-09-29T05:20:45.722+00:00,2026-09-29T05:20:45.765+00:00,52.297,absent,4125.0,"{""state"":""absent"",""devices"":[]}",absent,absent,16.0,16.0,List of devices attached,
2026-09-29T05:20:46.734+00:00,2026-09-29T05:20:46.773+00:00,53.312,absent,4125.0,"{""state"":""absent"",""devices"":[]}",absent,absent,32.0,15.0,List of devices attached,
2026-09-29T05:20:47.730+00:00,2026-09-29T05:20:47.772+00:00,54.312,absent,4078.0,"{""state"":""absent"",""devices"":[]}",absent,absent,32.0,15.0,List of devices attached,
2026-09-29T05:20:48.726+00:00,2026-09-29T05:20:48.773+00:00,55.312,absent,4078.0,"{""state"":""absent"",""devices"":[]}",absent,absent,16.0,31.0,List of devices attached,
2026-09-29T05:20:49.727+00:00,2026-09-29T05:20:49.770+00:00,56.312,absent,4078.0,"{""state"":""absent"",""devices"":[]}",absent,absent,16.0,31.0,List of devices attached,
2026-09-29T05:20:50.724+00:00,2026-09-29T05:20:50.767+00:00,57.312,absent,4078.0,"{""state"":""absent"",""devices"":[]}",absent,absent,16.0,31.0,List of devices attached,
2026-09-29T05:20:51.720+00:00,2026-09-29T05:20:51.763+00:00,58.297,absent,3985.0,"{""state"":""absent"",""devices"":[]}",absent,absent,16.0,16.0,List of devices attached,
2026-09-29T05:20:52.732+00:00,2026-09-29T05:20:52.775+00:00,59.312,absent,3985.0,"{""state"":""absent"",""devices"":[]}",absent,absent,32.0,15.0,List of devices attached,
2026-09-29T05:20:53.730+00:00,2026-09-29T05:20:53.773+00:00,60.312,absent,3985.0,"{""state"":""absent"",""devices"":[]}",absent,absent,32.0,15.0,List of devices attached,
2026-09-29T05:20:54.728+00:00,2026-09-29T05:20:54.772+00:00,61.312,absent,3985.0,"{""state"":""absent"",""devices"":[]}",absent,absent,32.0,15.0,List of devices attached,
2026-09-29T05:20:55.725+00:00,2026-09-29T05:20:55.770+00:00,62.312,absent,3985.0,"{""state"":""absent"",""devices"":[]}",absent,absent,16.0,31.0,List of devices attached,
2026-09-29T05:20:56.723+00:00,2026-09-29T05:20:56.767+00:00,63.312,absent,4016.0,"{""state"":""absent"",""devices"":[]}",absent,absent,16.0,31.0,List of devices attached,
2026-09-29T05:20:57.721+00:00,2026-09-29T05:20:57.765+00:00,64.297,absent,4016.0,"{""state"":""absent"",""devices"":[]}",absent,absent,16.0,16.0,List of devices attached,
2026-09-29T05:20:58.734+00:00,2026-09-29T05:20:58.777+00:00,65.312,absent,4016.0,"{""state"":""absent"",""devices"":[]}",absent,absent,32.0,15.0,List of devices attached,
2026-09-29T05:20:59.730+00:00,2026-09-29T05:20:59.774+00:00,66.312,absent,4016.0,"{""state"":""absent"",""devices"":[]}",absent,absent,32.0,15.0,List of devices attached,
2026-09-29T05:21:00.728+00:00,2026-09-29T05:21:00.770+00:00,67.312,absent,4016.0,"{""state"":""absent"",""devices"":[]}",absent,absent,32.0,15.0,List of devices attached,
2026-09-29T05:21:01.724+00:00,2026-09-29T05:21:01.769+00:00,68.312,absent,4016.0,"{""state"":""absent"",""devices"":[]}",absent,absent,16.0,31.0,List of devices attached,
2026-09-29T05:21:02.722+00:00,2026-09-29T05:21:02.764+00:00,69.297,absent,4016.0,"{""state"":""absent"",""devices"":[]}",absent,absent,16.0,16.0,List of devices attached,
2026-09-29T05:21:03.733+00:00,2026-09-29T05:21:03.779+00:00,70.312,absent,4016.0,"{""state"":""absent"",""devices"":[]}",absent,absent,32.0,15.0,List of devices attached,
2026-09-29T05:21:04.732+00:00,2026-09-29T05:21:04.773+00:00,71.312,absent,4016.0,"{""state"":""absent"",""devices"":[]}",absent,absent,32.0,15.0,List of devices attached,
2026-09-29T05:21:05.730+00:00,2026-09-29T05:21:05.775+00:00,72.312,absent,4016.0,"{""state"":""absent"",""devices"":[]}",absent,absent,32.0,15.0,List of devices attached,
2026-09-29T05:21:06.729+00:00,2026-09-29T05:21:06.770+00:00,73.312,absent,4047.0,"{""state"":""absent"",""devices"":[]}",absent,absent,32.0,15.0,List of devices attached,
2026-09-29T05:21:07.724+00:00,2026-09-29T05:21:07.769+00:00,74.312,absent,4047.0,"{""state"":""absent"",""devices"":[]}",absent,absent,16.0,31.0,List of devices attached,
2026-09-29T05:21:08.723+00:00,2026-09-29T05:21:08.766+00:00,75.297,absent,4047.0,"{""state"":""absent"",""devices"":[]}",absent,absent,16.0,16.0,List of devices attached,
2026-09-29T05:21:09.735+00:00,2026-09-29T05:21:09.778+00:00,76.312,absent,4047.0,"{""state"":""absent"",""devices"":[]}",absent,absent,16.0,15.0,List of devices attached,
2026-09-29T05:21:10.749+00:00,2026-09-29T05:21:10.791+00:00,77.328,absent,3860.0,"{""state"":""absent"",""devices"":[]}",absent,absent,31.0,16.0,List of devices attached,
2026-09-29T05:21:11.744+00:00,2026-09-29T05:21:11.790+00:00,78.328,absent,3860.0,"{""state"":""absent"",""devices"":[]}",absent,absent,31.0,16.0,List of devices attached,
2026-09-29T05:21:12.745+00:00,2026-09-29T05:21:12.789+00:00,79.328,absent,3860.0,"{""state"":""absent"",""devices"":[]}",absent,absent,31.0,16.0,List of devices attached,
2026-09-29T05:21:13.742+00:00,2026-09-29T05:21:13.788+00:00,80.328,absent,3860.0,"{""state"":""absent"",""devices"":[]}",absent,absent,16.0,31.0,List of devices attached,
2026-09-29T05:21:14.742+00:00,2026-09-29T05:21:14.785+00:00,81.328,absent,3703.0,"{""state"":""absent"",""devices"":[]}",absent,absent,16.0,31.0,List of devices attached,
2026-09-29T05:21:15.739+00:00,2026-09-29T05:21:15.782+00:00,82.328,absent,3703.0,"{""state"":""absent"",""devices"":[]}",absent,absent,16.0,31.0,List of devices attached,
2026-09-29T05:21:16.737+00:00,2026-09-29T05:21:16.780+00:00,83.312,absent,3703.0,"{""state"":""absent"",""devices"":[]}",absent,absent,16.0,15.0,List of devices attached,
2026-09-29T05:21:17.750+00:00,2026-09-29T05:21:17.795+00:00,84.328,absent,3703.0,"{""state"":""absent"",""devices"":[]}",absent,absent,31.0,16.0,List of devices attached,
2026-09-29T05:21:18.750+00:00,2026-09-29T05:21:18.795+00:00,85.328,absent,3891.0,"{""state"":""absent"",""devices"":[]}",absent,absent,31.0,16.0,List of devices attached,
2026-09-29T05:21:19.749+00:00,2026-09-29T05:21:19.795+00:00,86.328,absent,3891.0,"{""state"":""absent"",""devices"":[]}",absent,absent,31.0,16.0,List of devices attached,
2026-09-29T05:21:20.749+00:00,2026-09-29T05:21:20.794+00:00,87.328,absent,3891.0,"{""state"":""absent"",""devices"":[]}",absent,absent,31.0,16.0,List of devices attached,
2026-09-29T05:21:21.748+00:00,2026-09-29T05:21:21.786+00:00,88.328,absent,3891.0,"{""state"":""absent"",""devices"":[]}",absent,absent,31.0,16.0,List of devices attached,
2026-09-29T05:21:22.744+00:00,2026-09-29T05:21:22.787+00:00,89.328,absent,3703.0,"{""state"":""absent"",""devices"":[]}",absent,absent,31.0,16.0,List of devices attached,
2026-09-29T05:21:23.741+00:00,2026-09-29T05:21:23.787+00:00,90.328,absent,3703.0,"{""state"":""absent"",""devices"":[]}",absent,absent,16.0,31.0,List of devices attached,
2026-09-29T05:21:24.741+00:00,2026-09-29T05:21:24.784+00:00,91.328,absent,3703.0,"{""state"":""absent"",""devices"":[]}",absent,absent,16.0,31.0,List of devices attached,
2026-09-29T05:21:25.738+00:00,2026-09-29T05:21:25.782+00:00,92.328,absent,3703.0,"{""state"":""absent"",""devices"":[]}",absent,absent,16.0,31.0,List of devices attached,
2026-09-29T05:21:26.735+00:00,2026-09-29T05:21:26.795+00:00,93.328,absent,3922.0,"{""state"":""absent"",""devices"":[]}",absent,absent,31.0,16.0,List of devices attached,
2026-09-29T05:21:27.749+00:00,2026-09-29T05:21:27.801+00:00,94.343,absent,3922.0,"{""state"":""absent"",""devices"":[]}",absent,absent,31.0,31.0,List of devices attached,
2026-09-29T05:21:28.741+00:00,2026-09-29T05:21:28.779+00:00,95.312,absent,3922.0,"{""state"":""absent"",""devices"":[]}",absent,absent,16.0,15.0,List of devices attached,
2026-09-29T05:21:29.752+00:00,2026-09-29T05:21:29.798+00:00,96.343,absent,3922.0,"{""state"":""absent"",""devices"":[]}",absent,absent,15.0,31.0,List of devices attached,
2026-09-29T05:21:30.752+00:00,2026-09-29T05:21:30.796+00:00,97.328,absent,3922.0,"{""state"":""absent"",""devices"":[]}",absent,absent,15.0,16.0,List of devices attached,
2026-09-29T05:21:31.765+00:00,2026-09-29T05:21:31.810+00:00,98.343,absent,4141.0,"{""state"":""absent"",""devices"":[]}",absent,absent,31.0,15.0,List of devices attached,
2026-09-29T05:21:32.765+00:00,2026-09-29T05:21:32.811+00:00,99.343,absent,4141.0,"{""state"":""absent"",""devices"":[]}",absent,absent,31.0,15.0,List of devices attached,
2026-09-29T05:21:33.766+00:00,2026-09-29T05:21:33.809+00:00,100.343,absent,4141.0,"{""state"":""absent"",""devices"":[]}",absent,absent,16.0,15.0,List of devices attached,
2026-09-29T05:21:34.779+00:00,2026-09-29T05:21:34.822+00:00,101.359,absent,4141.0,"{""state"":""absent"",""devices"":[]}",absent,absent,31.0,16.0,List of devices attached,
2026-09-29T05:21:35.776+00:00,2026-09-29T05:21:35.818+00:00,102.359,absent,4141.0,"{""state"":""absent"",""devices"":[]}",absent,absent,31.0,16.0,List of devices attached,
2026-09-29T05:21:36.773+00:00,2026-09-29T05:21:36.841+00:00,103.375,absent,4375.0,"{""state"":""absent"",""devices"":[]}",absent,absent,16.0,47.0,List of devices attached,
2026-09-29T05:21:37.778+00:00,2026-09-29T05:21:37.824+00:00,104.359,absent,4375.0,"{""state"":""absent"",""devices"":[]}",absent,absent,31.0,16.0,List of devices attached,
2026-09-29T05:21:38.778+00:00,2026-09-29T05:21:38.821+00:00,105.359,absent,4375.0,"{""state"":""absent"",""devices"":[]}",absent,absent,31.0,16.0,List of devices attached,
2026-09-29T05:21:39.775+00:00,2026-09-29T05:21:39.817+00:00,106.359,absent,4375.0,"{""state"":""absent"",""devices"":[]}",absent,absent,31.0,16.0,List of devices attached,
2026-09-29T05:21:40.771+00:00,2026-09-29T05:21:40.813+00:00,107.343,absent,4375.0,"{""state"":""absent"",""devices"":[]}",absent,absent,16.0,15.0,List of devices attached,
2026-09-29T05:21:41.783+00:00,2026-09-29T05:21:41.822+00:00,108.359,absent,4016.0,"{""state"":""absent"",""devices"":[]}",absent,absent,15.0,16.0,List of devices attached,
2026-09-29T05:21:42.796+00:00,2026-09-29T05:21:42.839+00:00,109.375,absent,4016.0,"{""state"":""absent"",""devices"":[]}",absent,absent,31.0,16.0,List of devices attached,
2026-09-29T05:21:43.794+00:00,2026-09-29T05:21:43.836+00:00,110.375,absent,4016.0,"{""state"":""absent"",""devices"":[]}",absent,absent,31.0,16.0,List of devices attached,
2026-09-29T05:21:44.790+00:00,2026-09-29T05:21:44.834+00:00,111.375,absent,4016.0,"{""state"":""absent"",""devices"":[]}",absent,absent,31.0,16.0,List of devices attached,
2026-09-29T05:21:45.788+00:00,2026-09-29T05:21:45.829+00:00,112.375,absent,4016.0,"{""state"":""absent"",""devices"":[]}",absent,absent,15.0,32.0,List of devices attached,
2026-09-29T05:21:46.783+00:00,2026-09-29T05:21:46.830+00:00,113.375,absent,4422.0,"{""state"":""absent"",""devices"":[]}",absent,absent,15.0,32.0,List of devices attached,
2026-09-29T05:21:47.783+00:00,2026-09-29T05:21:47.828+00:00,114.359,absent,4422.0,"{""state"":""absent"",""devices"":[]}",absent,absent,15.0,16.0,List of devices attached,
2026-09-29T05:21:48.798+00:00,2026-09-29T05:21:48.840+00:00,115.375,absent,4422.0,"{""state"":""absent"",""devices"":[]}",absent,absent,16.0,16.0,List of devices attached,
2026-09-29T05:21:49.812+00:00,2026-09-29T05:21:49.850+00:00,116.390,absent,4422.0,"{""state"":""absent"",""devices"":[]}",absent,absent,32.0,15.0,List of devices attached,
2026-09-29T05:21:50.808+00:00,2026-09-29T05:21:50.851+00:00,117.390,absent,4015.0,"{""state"":""absent"",""devices"":[]}",absent,absent,32.0,15.0,List of devices attached,
2026-09-29T05:21:51.804+00:00,2026-09-29T05:21:51.848+00:00,118.390,absent,4015.0,"{""state"":""absent"",""devices"":[]}",absent,absent,16.0,31.0,List of devices attached,
2026-09-29T05:21:52.801+00:00,2026-09-29T05:21:52.843+00:00,119.375,absent,4015.0,"{""state"":""absent"",""devices"":[]}",absent,absent,16.0,16.0,List of devices attached,
2026-09-29T05:21:53.812+00:00,2026-09-29T05:21:53.855+00:00,120.390,absent,4015.0,"{""state"":""absent"",""devices"":[]}",absent,absent,32.0,15.0,List of devices attached,
2026-09-29T05:21:54.809+00:00,2026-09-29T05:21:54.851+00:00,121.390,absent,3922.0,"{""state"":""absent"",""devices"":[]}",absent,absent,32.0,15.0,List of devices attached,
2026-09-29T05:21:55.809+00:00,2026-09-29T05:21:55.856+00:00,122.390,absent,3922.0,"{""state"":""absent"",""devices"":[]}",absent,absent,32.0,15.0,List of devices attached,
2026-09-29T05:21:56.809+00:00,2026-09-29T05:21:56.851+00:00,123.390,absent,3922.0,"{""state"":""absent"",""devices"":[]}",absent,absent,32.0,15.0,List of devices attached,
2026-09-29T05:21:57.805+00:00,2026-09-29T05:21:57.848+00:00,124.390,absent,3922.0,"{""state"":""absent"",""devices"":[]}",absent,absent,16.0,31.0,List of devices attached,
2026-09-29T05:21:58.802+00:00,2026-09-29T05:21:58.846+00:00,125.390,absent,3969.0,"{""state"":""absent"",""devices"":[]}",absent,absent,16.0,31.0,List of devices attached,
2026-09-29T05:21:59.799+00:00,2026-09-29T05:21:59.842+00:00,126.375,absent,3969.0,"{""state"":""absent"",""devices"":[]}",absent,absent,16.0,16.0,List of devices attached,
2026-09-29T05:22:00.811+00:00,2026-09-29T05:22:00.857+00:00,127.390,absent,3969.0,"{""state"":""absent"",""devices"":[]}",absent,absent,32.0,15.0,List of devices attached,
2026-09-29T05:22:01.811+00:00,2026-09-29T05:22:01.854+00:00,128.390,absent,3969.0,"{""state"":""absent"",""devices"":[]}",absent,absent,32.0,15.0,List of devices attached,
2026-09-29T05:22:02.808+00:00,2026-09-29T05:22:02.850+00:00,129.390,absent,4000.0,"{""state"":""absent"",""devices"":[]}",absent,absent,32.0,15.0,List of devices attached,
2026-09-29T05:22:03.805+00:00,2026-09-29T05:22:03.847+00:00,130.390,absent,4000.0,"{""state"":""absent"",""devices"":[]}",absent,absent,16.0,31.0,List of devices attached,
2026-09-29T05:22:04.801+00:00,2026-09-29T05:22:04.841+00:00,131.375,absent,4000.0,"{""state"":""absent"",""devices"":[]}",absent,absent,16.0,16.0,List of devices attached,
2026-09-29T05:22:05.812+00:00,2026-09-29T05:22:05.853+00:00,132.390,absent,4000.0,"{""state"":""absent"",""devices"":[]}",absent,absent,32.0,15.0,List of devices attached,
2026-09-29T05:22:06.807+00:00,2026-09-29T05:22:06.847+00:00,133.390,absent,4000.0,"{""state"":""absent"",""devices"":[]}",absent,absent,32.0,15.0,List of devices attached,
2026-09-29T05:22:07.802+00:00,2026-09-29T05:22:07.846+00:00,134.390,absent,4016.0,"{""state"":""absent"",""devices"":[]}",absent,absent,16.0,31.0,List of devices attached,
2026-09-29T05:22:08.799+00:00,2026-09-29T05:22:08.843+00:00,135.375,absent,4016.0,"{""state"":""absent"",""devices"":[]}",absent,absent,16.0,16.0,List of devices attached,
2026-09-29T05:22:09.811+00:00,2026-09-29T05:22:09.850+00:00,136.390,absent,4016.0,"{""state"":""absent"",""devices"":[]}",absent,absent,32.0,15.0,List of devices attached,
2026-09-29T05:22:10.807+00:00,2026-09-29T05:22:10.850+00:00,137.390,absent,4016.0,"{""state"":""absent"",""devices"":[]}",absent,absent,32.0,15.0,List of devices attached,
2026-09-29T05:22:11.804+00:00,2026-09-29T05:22:11.846+00:00,138.390,absent,4016.0,"{""state"":""absent"",""devices"":[]}",absent,absent,16.0,31.0,List of devices attached,
2026-09-29T05:22:12.800+00:00,2026-09-29T05:22:12.840+00:00,139.375,absent,4016.0,"{""state"":""absent"",""devices"":[]}",absent,absent,16.0,16.0,List of devices attached,
2026-09-29T05:22:13.812+00:00,2026-09-29T05:22:13.852+00:00,140.390,absent,4016.0,"{""state"":""absent"",""devices"":[]}",absent,absent,32.0,15.0,List of devices attached,
2026-09-29T05:22:14.809+00:00,2026-09-29T05:22:14.849+00:00,141.390,absent,4016.0,"{""state"":""absent"",""devices"":[]}",absent,absent,32.0,15.0,List of devices attached,
2026-09-29T05:22:15.804+00:00,2026-09-29T05:22:15.845+00:00,142.390,absent,4016.0,"{""state"":""absent"",""devices"":[]}",absent,absent,16.0,31.0,List of devices attached,
2026-09-29T05:22:16.799+00:00,2026-09-29T05:22:16.840+00:00,143.375,absent,4016.0,"{""state"":""absent"",""devices"":[]}",absent,absent,16.0,16.0,List of devices attached,
2026-09-29T05:22:17.810+00:00,2026-09-29T05:22:17.852+00:00,144.390,absent,4079.0,"{""state"":""absent"",""devices"":[]}",absent,absent,32.0,15.0,List of devices attached,
2026-09-29T05:22:18.807+00:00,2026-09-29T05:22:18.844+00:00,145.375,absent,4079.0,"{""state"":""absent"",""devices"":[]}",absent,absent,32.0,0.0,List of devices attached,
2026-09-29T05:22:19.816+00:00,2026-09-29T05:22:19.857+00:00,146.390,absent,4079.0,"{""state"":""absent"",""devices"":[]}",absent,absent,16.0,15.0,List of devices attached,
2026-09-29T05:22:20.827+00:00,2026-09-29T05:22:20.868+00:00,147.406,absent,4079.0,"{""state"":""absent"",""devices"":[]}",absent,absent,31.0,16.0,List of devices attached,
2026-09-29T05:22:21.821+00:00,2026-09-29T05:22:21.860+00:00,148.406,absent,4000.0,"{""state"":""absent"",""devices"":[]}",absent,absent,16.0,31.0,List of devices attached,
2026-09-29T05:22:22.816+00:00,2026-09-29T05:22:22.856+00:00,149.390,absent,4000.0,"{""state"":""absent"",""devices"":[]}",absent,absent,16.0,15.0,List of devices attached,
2026-09-29T05:22:23.827+00:00,2026-09-29T05:22:23.868+00:00,150.406,absent,4000.0,"{""state"":""absent"",""devices"":[]}",absent,absent,31.0,16.0,List of devices attached,
2026-09-29T05:22:24.822+00:00,2026-09-29T05:22:24.864+00:00,151.406,absent,4000.0,"{""state"":""absent"",""devices"":[]}",absent,absent,16.0,31.0,List of devices attached,
2026-09-29T05:22:25.818+00:00,2026-09-29T05:22:25.861+00:00,152.406,absent,4000.0,"{""state"":""absent"",""devices"":[]}",absent,absent,16.0,31.0,List of devices attached,
2026-09-29T05:22:26.815+00:00,2026-09-29T05:22:26.853+00:00,153.390,absent,4047.0,"{""state"":""absent"",""devices"":[]}",absent,absent,16.0,15.0,List of devices attached,
2026-09-29T05:22:27.826+00:00,2026-09-29T05:22:27.871+00:00,154.406,absent,4047.0,"{""state"":""absent"",""devices"":[]}",absent,absent,31.0,16.0,List of devices attached,
2026-09-29T05:22:28.825+00:00,2026-09-29T05:22:28.869+00:00,155.406,absent,4047.0,"{""state"":""absent"",""devices"":[]}",absent,absent,31.0,16.0,List of devices attached,
2026-09-29T05:22:29.824+00:00,2026-09-29T05:22:29.871+00:00,156.406,absent,4047.0,"{""state"":""absent"",""devices"":[]}",absent,absent,31.0,16.0,List of devices attached,
2026-09-29T05:22:30.826+00:00,2026-09-29T05:22:30.871+00:00,157.406,absent,4047.0,"{""state"":""absent"",""devices"":[]}",absent,absent,31.0,16.0,List of devices attached,
2026-09-29T05:22:31.825+00:00,2026-09-29T05:22:31.871+00:00,158.406,absent,4125.0,"{""state"":""absent"",""devices"":[]}",absent,absent,31.0,16.0,List of devices attached,
2026-09-29T05:22:32.824+00:00,2026-09-29T05:22:32.869+00:00,159.406,absent,4125.0,"{""state"":""absent"",""devices"":[]}",absent,absent,31.0,16.0,List of devices attached,
2026-09-29T05:22:33.823+00:00,2026-09-29T05:22:33.867+00:00,160.406,absent,4125.0,"{""state"":""absent"",""devices"":[]}",absent,absent,31.0,16.0,List of devices attached,
2026-09-29T05:22:34.820+00:00,2026-09-29T05:22:34.864+00:00,161.406,absent,4125.0,"{""state"":""absent"",""devices"":[]}",absent,absent,16.0,31.0,List of devices attached,
2026-09-29T05:22:35.818+00:00,2026-09-29T05:22:35.864+00:00,162.406,absent,4125.0,"{""state"":""absent"",""devices"":[]}",absent,absent,16.0,31.0,List of devices attached,
2026-09-29T05:22:36.819+00:00,2026-09-29T05:22:36.864+00:00,163.406,absent,4125.0,"{""state"":""absent"",""devices"":[]}",absent,absent,16.0,31.0,List of devices attached,
2026-09-29T05:22:37.818+00:00,2026-09-29T05:22:37.868+00:00,164.406,absent,4125.0,"{""state"":""absent"",""devices"":[]}",absent,absent,16.0,31.0,List of devices attached,
2026-09-29T05:22:38.821+00:00,2026-09-29T05:22:38.858+00:00,165.390,absent,4125.0,"{""state"":""absent"",""devices"":[]}",absent,absent,16.0,15.0,List of devices attached,
2026-09-29T05:22:39.834+00:00,2026-09-29T05:22:39.880+00:00,166.422,absent,4125.0,"{""state"":""absent"",""devices"":[]}",absent,absent,15.0,32.0,List of devices attached,
2026-09-29T05:22:40.833+00:00,2026-09-29T05:22:40.877+00:00,167.422,absent,4125.0,"{""state"":""absent"",""devices"":[]}",absent,absent,15.0,32.0,List of devices attached,
2026-09-29T05:22:41.831+00:00,2026-09-29T05:22:41.875+00:00,168.406,absent,4172.0,"{""state"":""absent"",""devices"":[]}",absent,absent,15.0,16.0,List of devices attached,
2026-09-29T05:22:42.845+00:00,2026-09-29T05:22:42.892+00:00,169.437,absent,4172.0,"{""state"":""absent"",""devices"":[]}",absent,absent,16.0,16.0,List of devices attached,
2026-09-29T05:22:43.845+00:00,2026-09-29T05:22:43.885+00:00,170.422,absent,4172.0,"{""state"":""absent"",""devices"":[]}",absent,absent,16.0,16.0,List of devices attached,
2026-09-29T05:22:44.854+00:00,2026-09-29T05:22:44.898+00:00,171.437,absent,4172.0,"{""state"":""absent"",""devices"":[]}",absent,absent,32.0,15.0,List of devices attached,
2026-09-29T05:22:45.851+00:00,2026-09-29T05:22:45.895+00:00,172.437,absent,3765.0,"{""state"":""absent"",""devices"":[]}",absent,absent,16.0,31.0,List of devices attached,
2026-09-29T05:22:46.848+00:00,2026-09-29T05:22:46.886+00:00,173.422,absent,3765.0,"{""state"":""absent"",""devices"":[]}",absent,absent,16.0,16.0,List of devices attached,
2026-09-29T05:22:47.860+00:00,2026-09-29T05:22:47.901+00:00,174.437,absent,3765.0,"{""state"":""absent"",""devices"":[]}",absent,absent,32.0,15.0,List of devices attached,
2026-09-29T05:22:48.855+00:00,2026-09-29T05:22:48.898+00:00,175.437,absent,3765.0,"{""state"":""absent"",""devices"":[]}",absent,absent,32.0,15.0,List of devices attached,
2026-09-29T05:22:49.852+00:00,2026-09-29T05:22:49.896+00:00,176.437,absent,3765.0,"{""state"":""absent"",""devices"":[]}",absent,absent,16.0,31.0,List of devices attached,
2026-09-29T05:22:50.849+00:00,2026-09-29T05:22:50.896+00:00,177.437,absent,4078.0,"{""state"":""absent"",""devices"":[]}",absent,absent,16.0,31.0,List of devices attached,
2026-09-29T05:22:51.849+00:00,2026-09-29T05:22:51.894+00:00,178.437,absent,4078.0,"{""state"":""absent"",""devices"":[]}",absent,absent,16.0,31.0,List of devices attached,
2026-09-29T05:22:52.847+00:00,2026-09-29T05:22:52.893+00:00,179.437,absent,4078.0,"{""state"":""absent"",""devices"":[]}",absent,absent,16.0,31.0,List of devices attached,
2026-09-29T05:22:53.847+00:00,2026-09-29T05:22:53.890+00:00,180.422,absent,4078.0,"{""state"":""absent"",""devices"":[]}",absent,absent,16.0,16.0,List of devices attached,
2026-09-29T05:22:54.858+00:00,2026-09-29T05:22:54.901+00:00,181.437,absent,3891.0,"{""state"":""absent"",""devices"":[]}",absent,absent,32.0,15.0,List of devices attached,
2026-09-29T05:22:55.855+00:00,2026-09-29T05:22:55.897+00:00,182.437,absent,3891.0,"{""state"":""absent"",""devices"":[]}",absent,absent,32.0,15.0,List of devices attached,
2026-09-29T05:22:56.851+00:00,2026-09-29T05:22:56.898+00:00,183.437,absent,3891.0,"{""state"":""absent"",""devices"":[]}",absent,absent,16.0,31.0,List of devices attached,
2026-09-29T05:22:57.851+00:00,2026-09-29T05:22:57.890+00:00,184.422,absent,3891.0,"{""state"":""absent"",""devices"":[]}",absent,absent,16.0,16.0,List of devices attached,
2026-09-29T05:22:58.861+00:00,2026-09-29T05:22:58.907+00:00,185.453,absent,3907.0,"{""state"":""absent"",""devices"":[]}",absent,absent,16.0,31.0,List of devices attached,
2026-09-29T05:22:59.861+00:00,2026-09-29T05:22:59.903+00:00,186.437,absent,3907.0,"{""state"":""absent"",""devices"":[]}",absent,absent,16.0,15.0,List of devices attached,
2026-09-29T05:23:00.874+00:00,2026-09-29T05:23:00.919+00:00,187.453,absent,3907.0,"{""state"":""absent"",""devices"":[]}",absent,absent,31.0,16.0,List of devices attached,
2026-09-29T05:23:01.872+00:00,2026-09-29T05:23:01.916+00:00,188.453,absent,3907.0,"{""state"":""absent"",""devices"":[]}",absent,absent,31.0,16.0,List of devices attached,
2026-09-29T05:23:02.870+00:00,2026-09-29T05:23:02.914+00:00,189.453,absent,3625.0,"{""state"":""absent"",""devices"":[]}",absent,absent,31.0,16.0,List of devices attached,
2026-09-29T05:23:03.867+00:00,2026-09-29T05:23:03.914+00:00,190.453,absent,3625.0,"{""state"":""absent"",""devices"":[]}",absent,absent,31.0,16.0,List of devices attached,
2026-09-29T05:23:04.868+00:00,2026-09-29T05:23:04.913+00:00,191.453,absent,3625.0,"{""state"":""absent"",""devices"":[]}",absent,absent,31.0,16.0,List of devices attached,
2026-09-29T05:23:05.866+00:00,2026-09-29T05:23:05.907+00:00,192.453,absent,3625.0,"{""state"":""absent"",""devices"":[]}",absent,absent,16.0,31.0,List of devices attached,
2026-09-29T05:23:06.862+00:00,2026-09-29T05:23:06.906+00:00,193.437,absent,3828.0,"{""state"":""absent"",""devices"":[]}",absent,absent,16.0,15.0,List of devices attached,
2026-09-29T05:23:07.876+00:00,2026-09-29T05:23:07.918+00:00,194.453,absent,3828.0,"{""state"":""absent"",""devices"":[]}",absent,absent,15.0,16.0,List of devices attached,
2026-09-29T05:23:08.889+00:00,2026-09-29T05:23:08.931+00:00,195.468,absent,3828.0,"{""state"":""absent"",""devices"":[]}",absent,absent,31.0,15.0,List of devices attached,
2026-09-29T05:23:09.885+00:00,2026-09-29T05:23:09.919+00:00,196.453,absent,3828.0,"{""state"":""absent"",""devices"":[]}",absent,absent,31.0,0.0,List of devices attached,
2026-09-29T05:23:10.898+00:00,2026-09-29T05:23:10.947+00:00,197.484,absent,3719.0,"{""state"":""absent"",""devices"":[]}",absent,absent,31.0,16.0,List of devices attached,
2026-09-29T05:23:11.901+00:00,2026-09-29T05:23:11.946+00:00,198.484,absent,3719.0,"{""state"":""absent"",""devices"":[]}",absent,absent,31.0,16.0,List of devices attached,
2026-09-29T05:23:12.901+00:00,2026-09-29T05:23:12.942+00:00,199.484,absent,3719.0,"{""state"":""absent"",""devices"":[]}",absent,absent,31.0,16.0,List of devices attached,
2026-09-29T05:23:13.896+00:00,2026-09-29T05:23:13.942+00:00,200.484,absent,3719.0,"{""state"":""absent"",""devices"":[]}",absent,absent,16.0,31.0,List of devices attached,
2026-09-29T05:23:14.896+00:00,2026-09-29T05:23:14.942+00:00,201.484,absent,3781.0,"{""state"":""absent"",""devices"":[]}",absent,absent,16.0,31.0,List of devices attached,
2026-09-29T05:23:15.895+00:00,2026-09-29T05:23:15.939+00:00,202.484,absent,3781.0,"{""state"":""absent"",""devices"":[]}",absent,absent,16.0,31.0,List of devices attached,
2026-09-29T05:23:16.893+00:00,2026-09-29T05:23:16.938+00:00,203.484,absent,3781.0,"{""state"":""absent"",""devices"":[]}",absent,absent,16.0,31.0,List of devices attached,
2026-09-29T05:23:17.892+00:00,2026-09-29T05:23:17.935+00:00,204.468,absent,3781.0,"{""state"":""absent"",""devices"":[]}",absent,absent,16.0,15.0,List of devices attached,
2026-09-29T05:23:18.905+00:00,2026-09-29T05:23:18.947+00:00,205.484,absent,3922.0,"{""state"":""absent"",""devices"":[]}",absent,absent,31.0,16.0,List of devices attached,
2026-09-29T05:23:19.901+00:00,2026-09-29T05:23:19.945+00:00,206.484,absent,3922.0,"{""state"":""absent"",""devices"":[]}",absent,absent,31.0,16.0,List of devices attached,
2026-09-29T05:23:20.898+00:00,2026-09-29T05:23:20.940+00:00,207.484,absent,3922.0,"{""state"":""absent"",""devices"":[]}",absent,absent,16.0,31.0,List of devices attached,
2026-09-29T05:23:21.894+00:00,2026-09-29T05:23:21.938+00:00,208.484,absent,3922.0,"{""state"":""absent"",""devices"":[]}",absent,absent,16.0,31.0,List of devices attached,
2026-09-29T05:23:22.891+00:00,2026-09-29T05:23:22.936+00:00,209.468,absent,3860.0,"{""state"":""absent"",""devices"":[]}",absent,absent,16.0,15.0,List of devices attached,
2026-09-29T05:23:23.906+00:00,2026-09-29T05:23:23.945+00:00,210.484,absent,3860.0,"{""state"":""absent"",""devices"":[]}",absent,absent,31.0,16.0,List of devices attached,
2026-09-29T05:23:24.904+00:00,2026-09-29T05:23:24.950+00:00,211.484,absent,3860.0,"{""state"":""absent"",""devices"":[]}",absent,absent,31.0,16.0,List of devices attached,
2026-09-29T05:23:25.903+00:00,2026-09-29T05:23:25.948+00:00,212.484,absent,3860.0,"{""state"":""absent"",""devices"":[]}",absent,absent,31.0,16.0,List of devices attached,
2026-09-29T05:23:26.901+00:00,2026-09-29T05:23:26.948+00:00,213.484,absent,3719.0,"{""state"":""absent"",""devices"":[]}",absent,absent,31.0,16.0,List of devices attached,
2026-09-29T05:23:27.901+00:00,2026-09-29T05:23:27.945+00:00,214.484,absent,3719.0,"{""state"":""absent"",""devices"":[]}",absent,absent,31.0,16.0,List of devices attached,
2026-09-29T05:23:28.899+00:00,2026-09-29T05:23:28.949+00:00,215.484,absent,3719.0,"{""state"":""absent"",""devices"":[]}",absent,absent,31.0,16.0,List of devices attached,
2026-09-29T05:23:29.903+00:00,2026-09-29T05:23:29.947+00:00,216.484,absent,3719.0,"{""state"":""absent"",""devices"":[]}",absent,absent,31.0,16.0,List of devices attached,
2026-09-29T05:23:30.901+00:00,2026-09-29T05:23:30.944+00:00,217.484,absent,3828.0,"{""state"":""absent"",""devices"":[]}",absent,absent,31.0,16.0,List of devices attached,
2026-09-29T05:23:31.898+00:00,2026-09-29T05:23:31.940+00:00,218.484,absent,3828.0,"{""state"":""absent"",""devices"":[]}",absent,absent,16.0,31.0,List of devices attached,
2026-09-29T05:23:32.894+00:00,2026-09-29T05:23:32.937+00:00,219.468,absent,3828.0,"{""state"":""absent"",""devices"":[]}",absent,absent,16.0,15.0,List of devices attached,
2026-09-29T05:23:33.907+00:00,2026-09-29T05:23:33.943+00:00,220.484,absent,3828.0,"{""state"":""absent"",""devices"":[]}",absent,absent,15.0,16.0,List of devices attached,
2026-09-29T05:23:34.920+00:00,2026-09-29T05:23:34.967+00:00,221.500,absent,3828.0,"{""state"":""absent"",""devices"":[]}",absent,absent,31.0,16.0,List of devices attached,
2026-09-29T05:23:35.921+00:00,2026-09-29T05:23:35.981+00:00,222.515,absent,4031.0,"{""state"":""absent"",""devices"":[]}",absent,absent,31.0,31.0,List of devices attached,
2026-09-29T05:23:36.920+00:00,2026-09-29T05:23:36.966+00:00,223.500,absent,4031.0,"{""state"":""absent"",""devices"":[]}",absent,absent,31.0,16.0,List of devices attached,
2026-09-29T05:23:37.921+00:00,2026-09-29T05:23:37.966+00:00,224.500,absent,4031.0,"{""state"":""absent"",""devices"":[]}",absent,absent,31.0,16.0,List of devices attached,
2026-09-29T05:23:38.919+00:00,2026-09-29T05:23:38.964+00:00,225.500,absent,4031.0,"{""state"":""absent"",""devices"":[]}",absent,absent,31.0,16.0,List of devices attached,
2026-09-29T05:23:39.918+00:00,2026-09-29T05:23:39.963+00:00,226.500,absent,3734.0,"{""state"":""absent"",""devices"":[]}",absent,absent,31.0,16.0,List of devices attached,
2026-09-29T05:23:40.917+00:00,2026-09-29T05:23:40.975+00:00,227.515,absent,3734.0,"{""state"":""absent"",""devices"":[]}",absent,absent,47.0,15.0,List of devices attached,
2026-09-29T05:23:41.914+00:00,2026-09-29T05:23:41.954+00:00,228.500,absent,3734.0,"{""state"":""absent"",""devices"":[]}",absent,absent,15.0,32.0,List of devices attached,
2026-09-29T05:23:42.910+00:00,2026-09-29T05:23:42.944+00:00,229.484,absent,3734.0,"{""state"":""absent"",""devices"":[]}",absent,absent,15.0,16.0,List of devices attached,
2026-09-29T05:23:43.921+00:00,2026-09-29T05:23:43.966+00:00,230.500,absent,3734.0,"{""state"":""absent"",""devices"":[]}",absent,absent,31.0,16.0,List of devices attached,
2026-09-29T05:23:44.920+00:00,2026-09-29T05:23:44.964+00:00,231.500,absent,4078.0,"{""state"":""absent"",""devices"":[]}",absent,absent,31.0,16.0,List of devices attached,
2026-09-29T05:23:45.918+00:00,2026-09-29T05:23:45.958+00:00,232.500,absent,4078.0,"{""state"":""absent"",""devices"":[]}",absent,absent,31.0,16.0,List of devices attached,
2026-09-29T05:23:46.915+00:00,2026-09-29T05:23:46.957+00:00,233.500,absent,4078.0,"{""state"":""absent"",""devices"":[]}",absent,absent,15.0,32.0,List of devices attached,
2026-09-29T05:23:47.911+00:00,2026-09-29T05:23:47.951+00:00,234.484,absent,4078.0,"{""state"":""absent"",""devices"":[]}",absent,absent,15.0,16.0,List of devices attached,
2026-09-29T05:23:48.924+00:00,2026-09-29T05:23:48.968+00:00,235.500,absent,3906.0,"{""state"":""absent"",""devices"":[]}",absent,absent,16.0,16.0,List of devices attached,
2026-09-29T05:23:49.937+00:00,2026-09-29T05:23:49.987+00:00,236.531,absent,3906.0,"{""state"":""absent"",""devices"":[]}",absent,absent,32.0,31.0,List of devices attached,
2026-09-29T05:23:50.924+00:00,2026-09-29T05:23:50.968+00:00,237.500,absent,3906.0,"{""state"":""absent"",""devices"":[]}",absent,absent,16.0,16.0,List of devices attached,
2026-09-29T05:23:51.938+00:00,2026-09-29T05:23:51.978+00:00,238.515,absent,3906.0,"{""state"":""absent"",""devices"":[]}",absent,absent,32.0,15.0,List of devices attached,
2026-09-29T05:23:52.934+00:00,2026-09-29T05:23:52.978+00:00,239.515,absent,3954.0,"{""state"":""absent"",""devices"":[]}",absent,absent,32.0,15.0,List of devices attached,
2026-09-29T05:23:53.933+00:00,2026-09-29T05:23:53.976+00:00,240.515,absent,3954.0,"{""state"":""absent"",""devices"":[]}",absent,absent,32.0,15.0,List of devices attached,
2026-09-29T05:23:54.930+00:00,2026-09-29T05:23:54.970+00:00,241.515,absent,3954.0,"{""state"":""absent"",""devices"":[]}",absent,absent,32.0,15.0,List of devices attached,
2026-09-29T05:23:55.927+00:00,2026-09-29T05:23:55.974+00:00,242.515,absent,3954.0,"{""state"":""absent"",""devices"":[]}",absent,absent,16.0,31.0,List of devices attached,
2026-09-29T05:23:56.927+00:00,2026-09-29T05:23:56.968+00:00,243.500,absent,3985.0,"{""state"":""absent"",""devices"":[]}",absent,absent,16.0,16.0,List of devices attached,
2026-09-29T05:23:57.938+00:00,2026-09-29T05:23:57.973+00:00,244.515,absent,3985.0,"{""state"":""absent"",""devices"":[]}",absent,absent,32.0,15.0,List of devices attached,
2026-09-29T05:23:58.936+00:00,2026-09-29T05:23:58.977+00:00,245.515,absent,3985.0,"{""state"":""absent"",""devices"":[]}",absent,absent,32.0,15.0,List of devices attached,
2026-09-29T05:23:59.933+00:00,2026-09-29T05:23:59.978+00:00,246.515,absent,3985.0,"{""state"":""absent"",""devices"":[]}",absent,absent,32.0,15.0,List of devices attached,
2026-09-29T05:24:00.931+00:00,2026-09-29T05:24:00.974+00:00,247.515,absent,3985.0,"{""state"":""absent"",""devices"":[]}",absent,absent,32.0,15.0,List of devices attached,
2026-09-29T05:24:01.928+00:00,2026-09-29T05:24:01.970+00:00,248.515,absent,4016.0,"{""state"":""absent"",""devices"":[]}",absent,absent,16.0,31.0,List of devices attached,
2026-09-29T05:24:02.924+00:00,2026-09-29T05:24:02.968+00:00,249.500,absent,4016.0,"{""state"":""absent"",""devices"":[]}",absent,absent,16.0,16.0,List of devices attached,
2026-09-29T05:24:03.937+00:00,2026-09-29T05:24:03.976+00:00,250.515,absent,4016.0,"{""state"":""absent"",""devices"":[]}",absent,absent,32.0,15.0,List of devices attached,
2026-09-29T05:24:04.935+00:00,2026-09-29T05:24:04.976+00:00,251.515,absent,4016.0,"{""state"":""absent"",""devices"":[]}",absent,absent,32.0,15.0,List of devices attached,
2026-09-29T05:24:05.930+00:00,2026-09-29T05:24:05.971+00:00,252.515,absent,3922.0,"{""state"":""absent"",""devices"":[]}",absent,absent,16.0,31.0,List of devices attached,
2026-09-29T05:24:06.928+00:00,2026-09-29T05:24:06.973+00:00,253.515,absent,3922.0,"{""state"":""absent"",""devices"":[]}",absent,absent,16.0,31.0,List of devices attached,
2026-09-29T05:24:07.926+00:00,2026-09-29T05:24:07.982+00:00,254.515,absent,3922.0,"{""state"":""absent"",""devices"":[]}",absent,absent,32.0,15.0,List of devices attached,
2026-09-29T05:24:08.937+00:00,2026-09-29T05:24:08.973+00:00,255.515,absent,3922.0,"{""state"":""absent"",""devices"":[]}",absent,absent,32.0,15.0,List of devices attached,
2026-09-29T05:24:09.934+00:00,2026-09-29T05:24:09.968+00:00,256.500,absent,3969.0,"{""state"":""absent"",""devices"":[]}",absent,absent,32.0,0.0,List of devices attached,
2026-09-29T05:24:10.945+00:00,2026-09-29T05:24:10.990+00:00,257.531,absent,3969.0,"{""state"":""absent"",""devices"":[]}",absent,absent,31.0,16.0,List of devices attached,
2026-09-29T05:24:11.945+00:00,2026-09-29T05:24:11.987+00:00,258.531,absent,3969.0,"{""state"":""absent"",""devices"":[]}",absent,absent,16.0,31.0,List of devices attached,
2026-09-29T05:24:12.941+00:00,2026-09-29T05:24:12.986+00:00,259.531,absent,3969.0,"{""state"":""absent"",""devices"":[]}",absent,absent,16.0,31.0,List of devices attached,
2026-09-29T05:24:13.939+00:00,2026-09-29T05:24:13.982+00:00,260.515,absent,3969.0,"{""state"":""absent"",""devices"":[]}",absent,absent,16.0,15.0,List of devices attached,
2026-09-29T05:24:14.953+00:00,2026-09-29T05:24:14.991+00:00,261.531,absent,4047.0,"{""state"":""absent"",""devices"":[]}",absent,absent,31.0,16.0,List of devices attached,
2026-09-29T05:24:15.952+00:00,2026-09-29T05:24:15.994+00:00,262.531,absent,4047.0,"{""state"":""absent"",""devices"":[]}",absent,absent,31.0,16.0,List of devices attached,
2026-09-29T05:24:16.950+00:00,2026-09-29T05:24:16.990+00:00,263.531,absent,4047.0,"{""state"":""absent"",""devices"":[]}",absent,absent,31.0,16.0,List of devices attached,
2026-09-29T05:24:17.947+00:00,2026-09-29T05:24:17.986+00:00,264.531,absent,4047.0,"{""state"":""absent"",""devices"":[]}",absent,absent,31.0,16.0,List of devices attached,
2026-09-29T05:24:18.943+00:00,2026-09-29T05:24:18.977+00:00,265.515,absent,4047.0,"{""state"":""absent"",""devices"":[]}",absent,absent,16.0,15.0,List of devices attached,
2026-09-29T05:24:19.954+00:00,2026-09-29T05:24:19.999+00:00,266.531,absent,4078.0,"{""state"":""absent"",""devices"":[]}",absent,absent,15.0,16.0,List of devices attached,
2026-09-29T05:24:20.969+00:00,2026-09-29T05:24:21.012+00:00,267.547,absent,4078.0,"{""state"":""absent"",""devices"":[]}",absent,absent,31.0,16.0,List of devices attached,
2026-09-29T05:24:21.967+00:00,2026-09-29T05:24:22.018+00:00,268.562,absent,4078.0,"{""state"":""absent"",""devices"":[]}",absent,absent,31.0,31.0,List of devices attached,
2026-09-29T05:24:22.959+00:00,2026-09-29T05:24:23.002+00:00,269.547,absent,4078.0,"{""state"":""absent"",""devices"":[]}",absent,absent,15.0,32.0,List of devices attached,
2026-09-29T05:24:23.956+00:00,2026-09-29T05:24:23.995+00:00,270.531,absent,3922.0,"{""state"":""absent"",""devices"":[]}",absent,absent,15.0,16.0,List of devices attached,
2026-09-29T05:24:24.968+00:00,2026-09-29T05:24:25.009+00:00,271.547,absent,3922.0,"{""state"":""absent"",""devices"":[]}",absent,absent,31.0,16.0,List of devices attached,
2026-09-29T05:24:25.963+00:00,2026-09-29T05:24:26.006+00:00,272.547,absent,3922.0,"{""state"":""absent"",""devices"":[]}",absent,absent,31.0,16.0,List of devices attached,
2026-09-29T05:24:26.959+00:00,2026-09-29T05:24:27.002+00:00,273.547,absent,3922.0,"{""state"":""absent"",""devices"":[]}",absent,absent,15.0,32.0,List of devices attached,
2026-09-29T05:24:27.957+00:00,2026-09-29T05:24:28.001+00:00,274.547,absent,3797.0,"{""state"":""absent"",""devices"":[]}",absent,absent,15.0,32.0,List of devices attached,
2026-09-29T05:24:28.954+00:00,2026-09-29T05:24:29.002+00:00,275.547,absent,3797.0,"{""state"":""absent"",""devices"":[]}",absent,absent,15.0,32.0,List of devices attached,
2026-09-29T05:24:29.955+00:00,2026-09-29T05:24:30.006+00:00,276.547,absent,3797.0,"{""state"":""absent"",""devices"":[]}",absent,absent,15.0,32.0,List of devices attached,
2026-09-29T05:24:30.960+00:00,2026-09-29T05:24:31.001+00:00,277.547,absent,3797.0,"{""state"":""absent"",""devices"":[]}",absent,absent,15.0,32.0,List of devices attached,
2026-09-29T05:24:31.959+00:00,2026-09-29T05:24:32.001+00:00,278.547,absent,3781.0,"{""state"":""absent"",""devices"":[]}",absent,absent,15.0,32.0,List of devices attached,
2026-09-29T05:24:32.956+00:00,2026-09-29T05:24:32.992+00:00,279.531,absent,3781.0,"{""state"":""absent"",""devices"":[]}",absent,absent,15.0,16.0,List of devices attached,
2026-09-29T05:24:33.968+00:00,2026-09-29T05:24:34.007+00:00,280.547,absent,3781.0,"{""state"":""absent"",""devices"":[]}",absent,absent,31.0,16.0,List of devices attached,
2026-09-29T05:24:34.963+00:00,2026-09-29T05:24:35.004+00:00,281.547,absent,3781.0,"{""state"":""absent"",""devices"":[]}",absent,absent,15.0,32.0,List of devices attached,
2026-09-29T05:24:35.959+00:00,2026-09-29T05:24:35.996+00:00,282.531,absent,3781.0,"{""state"":""absent"",""devices"":[]}",absent,absent,15.0,16.0,List of devices attached,
2026-09-29T05:24:36.971+00:00,2026-09-29T05:24:37.007+00:00,283.547,absent,4047.0,"{""state"":""absent"",""devices"":[]}",absent,absent,16.0,16.0,List of devices attached,
2026-09-29T05:24:37.983+00:00,2026-09-29T05:24:38.018+00:00,284.562,absent,4047.0,"{""state"":""absent"",""devices"":[]}",absent,absent,32.0,15.0,List of devices attached,
2026-09-29T05:24:38.979+00:00,2026-09-29T05:24:39.022+00:00,285.562,absent,4047.0,"{""state"":""absent"",""devices"":[]}",absent,absent,32.0,15.0,List of devices attached,
2026-09-29T05:24:39.977+00:00,2026-09-29T05:24:40.018+00:00,286.562,absent,4047.0,"{""state"":""absent"",""devices"":[]}",absent,absent,32.0,15.0,List of devices attached,
2026-09-29T05:24:40.975+00:00,2026-09-29T05:24:41.020+00:00,287.562,absent,3750.0,"{""state"":""absent"",""devices"":[]}",absent,absent,16.0,31.0,List of devices attached,
2026-09-29T05:24:41.974+00:00,2026-09-29T05:24:42.018+00:00,288.562,absent,3750.0,"{""state"":""absent"",""devices"":[]}",absent,absent,16.0,31.0,List of devices attached,
2026-09-29T05:24:42.971+00:00,2026-09-29T05:24:43.005+00:00,289.547,absent,3750.0,"{""state"":""absent"",""devices"":[]}",absent,absent,16.0,16.0,List of devices attached,
2026-09-29T05:24:43.983+00:00,2026-09-29T05:24:44.020+00:00,290.562,absent,3750.0,"{""state"":""absent"",""devices"":[]}",absent,absent,32.0,15.0,List of devices attached,
2026-09-29T05:24:44.980+00:00,2026-09-29T05:24:45.020+00:00,291.562,absent,3750.0,"{""state"":""absent"",""devices"":[]}",absent,absent,32.0,15.0,List of devices attached,
2026-09-29T05:24:45.976+00:00,2026-09-29T05:24:46.020+00:00,292.562,absent,4063.0,"{""state"":""absent"",""devices"":[]}",absent,absent,16.0,31.0,List of devices attached,
2026-09-29T05:24:46.974+00:00,2026-09-29T05:24:47.018+00:00,293.562,absent,4063.0,"{""state"":""absent"",""devices"":[]}",absent,absent,16.0,31.0,List of devices attached,
2026-09-29T05:24:47.972+00:00,2026-09-29T05:24:48.013+00:00,294.547,absent,4063.0,"{""state"":""absent"",""devices"":[]}",absent,absent,16.0,16.0,List of devices attached,
2026-09-29T05:24:48.983+00:00,2026-09-29T05:24:49.026+00:00,295.562,absent,4063.0,"{""state"":""absent"",""devices"":[]}",absent,absent,32.0,15.0,List of devices attached,
2026-09-29T05:24:49.980+00:00,2026-09-29T05:24:50.018+00:00,296.562,absent,4063.0,"{""state"":""absent"",""devices"":[]}",absent,absent,32.0,15.0,List of devices attached,
2026-09-29T05:24:50.975+00:00,2026-09-29T05:24:51.018+00:00,297.562,absent,4032.0,"{""state"":""absent"",""devices"":[]}",absent,absent,16.0,31.0,List of devices attached,
2026-09-29T05:24:51.972+00:00,2026-09-29T05:24:52.025+00:00,298.562,absent,4032.0,"{""state"":""absent"",""devices"":[]}",absent,absent,16.0,31.0,List of devices attached,
2026-09-29T05:24:52.979+00:00,2026-09-29T05:24:53.019+00:00,299.562,absent,4032.0,"{""state"":""absent"",""devices"":[]}",absent,absent,32.0,15.0,List of devices attached,
2026-09-29T05:24:53.976+00:00,2026-09-29T05:24:54.019+00:00,300.562,absent,4032.0,"{""state"":""absent"",""devices"":[]}",absent,absent,16.0,31.0,List of devices attached,
2026-09-29T05:24:54.973+00:00,2026-09-29T05:24:55.015+00:00,301.547,absent,3703.0,"{""state"":""absent"",""devices"":[]}",absent,absent,16.0,16.0,List of devices attached,
2026-09-29T05:24:55.984+00:00,2026-09-29T05:24:56.029+00:00,302.562,absent,3703.0,"{""state"":""absent"",""devices"":[]}",absent,absent,32.0,15.0,List of devices attached,
2026-09-29T05:24:56.982+00:00,2026-09-29T05:24:57.023+00:00,303.562,absent,3703.0,"{""state"":""absent"",""devices"":[]}",absent,absent,32.0,15.0,List of devices attached,
2026-09-29T05:24:57.979+00:00,2026-09-29T05:24:58.024+00:00,304.562,absent,3703.0,"{""state"":""absent"",""devices"":[]}",absent,absent,32.0,15.0,List of devices attached,
2026-09-29T05:24:58.977+00:00,2026-09-29T05:24:59.018+00:00,305.562,absent,3844.0,"{""state"":""absent"",""devices"":[]}",absent,absent,16.0,31.0,List of devices attached,
2026-09-29T05:24:59.973+00:00,2026-09-29T05:25:00.011+00:00,306.547,absent,3844.0,"{""state"":""absent"",""devices"":[]}",absent,absent,16.0,16.0,List of devices attached,
2026-09-29T05:25:00.985+00:00,2026-09-29T05:25:01.026+00:00,307.562,absent,3844.0,"{""state"":""absent"",""devices"":[]}",absent,absent,16.0,15.0,List of devices attached,
2026-09-29T05:25:01.998+00:00,2026-09-29T05:25:02.038+00:00,308.578,absent,3844.0,"{""state"":""absent"",""devices"":[]}",absent,absent,31.0,16.0,List of devices attached,
2026-09-29T05:25:02.994+00:00,2026-09-29T05:25:03.032+00:00,309.578,absent,4000.0,"{""state"":""absent"",""devices"":[]}",absent,absent,31.0,16.0,List of devices attached,
2026-09-29T05:25:03.990+00:00,2026-09-29T05:25:04.035+00:00,310.578,absent,4000.0,"{""state"":""absent"",""devices"":[]}",absent,absent,16.0,31.0,List of devices attached,
2026-09-29T05:25:04.989+00:00,2026-09-29T05:25:05.032+00:00,311.578,absent,4000.0,"{""state"":""absent"",""devices"":[]}",absent,absent,16.0,31.0,List of devices attached,
2026-09-29T05:25:05.987+00:00,2026-09-29T05:25:06.025+00:00,312.562,absent,4000.0,"{""state"":""absent"",""devices"":[]}",absent,absent,16.0,15.0,List of devices attached,
2026-09-29T05:25:06.999+00:00,2026-09-29T05:25:07.041+00:00,313.578,absent,4000.0,"{""state"":""absent"",""devices"":[]}",absent,absent,31.0,16.0,List of devices attached,
2026-09-29T05:25:07.996+00:00,2026-09-29T05:25:08.042+00:00,314.578,absent,4109.0,"{""state"":""absent"",""devices"":[]}",absent,absent,31.0,16.0,List of devices attached,
2026-09-29T05:25:08.996+00:00,2026-09-29T05:25:09.042+00:00,315.578,absent,4109.0,"{""state"":""absent"",""devices"":[]}",absent,absent,31.0,16.0,List of devices attached,
2026-09-29T05:25:09.996+00:00,2026-09-29T05:25:10.042+00:00,316.578,absent,4109.0,"{""state"":""absent"",""devices"":[]}",absent,absent,31.0,16.0,List of devices attached,
2026-09-29T05:25:10.996+00:00,2026-09-29T05:25:11.038+00:00,317.578,absent,4109.0,"{""state"":""absent"",""devices"":[]}",absent,absent,31.0,16.0,List of devices attached,
2026-09-29T05:25:11.994+00:00,2026-09-29T05:25:12.038+00:00,318.578,absent,3781.0,"{""state"":""absent"",""devices"":[]}",absent,absent,31.0,16.0,List of devices attached,
2026-09-29T05:25:12.991+00:00,2026-09-29T05:25:13.034+00:00,319.578,absent,3781.0,"{""state"":""absent"",""devices"":[]}",absent,absent,16.0,31.0,List of devices attached,
2026-09-29T05:25:13.988+00:00,2026-09-29T05:25:14.026+00:00,320.562,absent,3781.0,"{""state"":""absent"",""devices"":[]}",absent,absent,16.0,15.0,List of devices attached,
2026-09-29T05:25:15.001+00:00,2026-09-29T05:25:15.045+00:00,321.578,absent,3781.0,"{""state"":""absent"",""devices"":[]}",absent,absent,15.0,16.0,List of devices attached,
2026-09-29T05:25:16.015+00:00,2026-09-29T05:25:16.060+00:00,322.593,absent,3750.0,"{""state"":""absent"",""devices"":[]}",absent,absent,31.0,15.0,List of devices attached,
2026-09-29T05:25:17.015+00:00,2026-09-29T05:25:17.057+00:00,323.593,absent,3750.0,"{""state"":""absent"",""devices"":[]}",absent,absent,31.0,15.0,List of devices attached,
2026-09-29T05:25:18.012+00:00,2026-09-29T05:25:18.054+00:00,324.593,absent,3750.0,"{""state"":""absent"",""devices"":[]}",absent,absent,31.0,15.0,List of devices attached,
2026-09-29T05:25:19.009+00:00,2026-09-29T05:25:19.053+00:00,325.593,absent,3750.0,"{""state"":""absent"",""devices"":[]}",absent,absent,31.0,15.0,List of devices attached,
2026-09-29T05:25:20.008+00:00,2026-09-29T05:25:20.049+00:00,326.593,absent,3750.0,"{""state"":""absent"",""devices"":[]}",absent,absent,15.0,31.0,List of devices attached,
2026-09-29T05:25:21.006+00:00,2026-09-29T05:25:21.050+00:00,327.593,absent,4031.0,"{""state"":""absent"",""devices"":[]}",absent,absent,15.0,31.0,List of devices attached,
2026-09-29T05:25:22.004+00:00,2026-09-29T05:25:22.037+00:00,328.578,absent,4031.0,"{""state"":""absent"",""devices"":[]}",absent,absent,15.0,16.0,List of devices attached,
2026-09-29T05:25:23.016+00:00,2026-09-29T05:25:23.055+00:00,329.593,absent,4031.0,"{""state"":""absent"",""devices"":[]}",absent,absent,16.0,15.0,List of devices attached,
2026-09-29T05:25:24.028+00:00,2026-09-29T05:25:24.068+00:00,330.609,absent,4031.0,"{""state"":""absent"",""devices"":[]}",absent,absent,31.0,16.0,List of devices attached,
2026-09-29T05:25:25.026+00:00,2026-09-29T05:25:25.071+00:00,331.609,absent,3968.0,"{""state"":""absent"",""devices"":[]}",absent,absent,31.0,16.0,List of devices attached,
2026-09-29T05:25:26.025+00:00,2026-09-29T05:25:26.069+00:00,332.609,absent,3968.0,"{""state"":""absent"",""devices"":[]}",absent,absent,31.0,16.0,List of devices attached,
2026-09-29T05:25:27.024+00:00,2026-09-29T05:25:27.067+00:00,333.609,absent,3968.0,"{""state"":""absent"",""devices"":[]}",absent,absent,31.0,16.0,List of devices attached,
2026-09-29T05:25:28.021+00:00,2026-09-29T05:25:28.065+00:00,334.609,absent,3968.0,"{""state"":""absent"",""devices"":[]}",absent,absent,16.0,31.0,List of devices attached,
2026-09-29T05:25:29.019+00:00,2026-09-29T05:25:29.060+00:00,335.593,absent,3750.0,"{""state"":""absent"",""devices"":[]}",absent,absent,16.0,15.0,List of devices attached,
2026-09-29T05:25:30.032+00:00,2026-09-29T05:25:30.074+00:00,336.609,absent,3750.0,"{""state"":""absent"",""devices"":[]}",absent,absent,15.0,16.0,List of devices attached,
2026-09-29T05:25:31.044+00:00,2026-09-29T05:25:31.086+00:00,337.625,absent,3750.0,"{""state"":""absent"",""devices"":[]}",absent,absent,31.0,16.0,List of devices attached,
2026-09-29T05:25:32.041+00:00,2026-09-29T05:25:32.086+00:00,338.625,absent,3750.0,"{""state"":""absent"",""devices"":[]}",absent,absent,31.0,16.0,List of devices attached,
2026-09-29T05:25:33.041+00:00,2026-09-29T05:25:33.086+00:00,339.625,absent,3875.0,"{""state"":""absent"",""devices"":[]}",absent,absent,31.0,16.0,List of devices attached,
2026-09-29T05:25:34.040+00:00,2026-09-29T05:25:34.089+00:00,340.625,absent,3875.0,"{""state"":""absent"",""devices"":[]}",absent,absent,31.0,16.0,List of devices attached,
2026-09-29T05:25:35.043+00:00,2026-09-29T05:25:35.089+00:00,341.625,absent,3875.0,"{""state"":""absent"",""devices"":[]}",absent,absent,31.0,16.0,List of devices attached,
2026-09-29T05:25:36.044+00:00,2026-09-29T05:25:36.090+00:00,342.625,absent,3875.0,"{""state"":""absent"",""devices"":[]}",absent,absent,31.0,16.0,List of devices attached,
2026-09-29T05:25:37.043+00:00,2026-09-29T05:25:37.081+00:00,343.625,absent,3609.0,"{""state"":""absent"",""devices"":[]}",absent,absent,31.0,16.0,List of devices attached,
2026-09-29T05:25:38.039+00:00,2026-09-29T05:25:38.084+00:00,344.625,absent,3609.0,"{""state"":""absent"",""devices"":[]}",absent,absent,15.0,32.0,List of devices attached,
2026-09-29T05:25:39.038+00:00,2026-09-29T05:25:39.083+00:00,345.625,absent,3609.0,"{""state"":""absent"",""devices"":[]}",absent,absent,15.0,32.0,List of devices attached,
2026-09-29T05:25:40.037+00:00,2026-09-29T05:25:40.081+00:00,346.625,absent,3609.0,"{""state"":""absent"",""devices"":[]}",absent,absent,15.0,32.0,List of devices attached,
2026-09-29T05:25:41.036+00:00,2026-09-29T05:25:41.079+00:00,347.625,absent,3875.0,"{""state"":""absent"",""devices"":[]}",absent,absent,15.0,32.0,List of devices attached,
2026-09-29T05:25:42.033+00:00,2026-09-29T05:25:42.075+00:00,348.609,absent,3875.0,"{""state"":""absent"",""devices"":[]}",absent,absent,15.0,16.0,List of devices attached,
2026-09-29T05:25:43.045+00:00,2026-09-29T05:25:43.087+00:00,349.625,absent,3875.0,"{""state"":""absent"",""devices"":[]}",absent,absent,31.0,16.0,List of devices attached,
2026-09-29T05:25:44.041+00:00,2026-09-29T05:25:44.083+00:00,350.625,absent,3875.0,"{""state"":""absent"",""devices"":[]}",absent,absent,31.0,16.0,List of devices attached,
2026-09-29T05:25:45.037+00:00,2026-09-29T05:25:45.079+00:00,351.609,absent,3984.0,"{""state"":""absent"",""devices"":[]}",absent,absent,15.0,16.0,List of devices attached,
2026-09-29T05:25:46.049+00:00,2026-09-29T05:25:46.095+00:00,352.640,absent,3984.0,"{""state"":""absent"",""devices"":[]}",absent,absent,16.0,31.0,List of devices attached,
2026-09-29T05:25:47.049+00:00,2026-09-29T05:25:47.091+00:00,353.625,absent,3984.0,"{""state"":""absent"",""devices"":[]}",absent,absent,16.0,16.0,List of devices attached,
2026-09-29T05:25:48.060+00:00,2026-09-29T05:25:48.104+00:00,354.640,absent,3984.0,"{""state"":""absent"",""devices"":[]}",absent,absent,32.0,15.0,List of devices attached,
2026-09-29T05:25:49.058+00:00,2026-09-29T05:25:49.103+00:00,355.640,absent,3937.0,"{""state"":""absent"",""devices"":[]}",absent,absent,32.0,15.0,List of devices attached,
2026-09-29T05:25:50.057+00:00,2026-09-29T05:25:50.099+00:00,356.640,absent,3937.0,"{""state"":""absent"",""devices"":[]}",absent,absent,32.0,15.0,List of devices attached,
2026-09-29T05:25:51.054+00:00,2026-09-29T05:25:51.097+00:00,357.640,absent,3937.0,"{""state"":""absent"",""devices"":[]}",absent,absent,16.0,31.0,List of devices attached,
2026-09-29T05:25:52.051+00:00,2026-09-29T05:25:52.095+00:00,358.640,absent,3937.0,"{""state"":""absent"",""devices"":[]}",absent,absent,16.0,31.0,List of devices attached,
2026-09-29T05:25:53.049+00:00,2026-09-29T05:25:53.090+00:00,359.625,absent,3937.0,"{""state"":""absent"",""devices"":[]}",absent,absent,16.0,16.0,List of devices attached,
2026-09-29T05:25:54.060+00:00,2026-09-29T05:25:54.102+00:00,360.640,absent,4141.0,"{""state"":""absent"",""devices"":[]}",absent,absent,32.0,15.0,List of devices attached,
2026-09-29T05:25:55.058+00:00,2026-09-29T05:25:55.101+00:00,361.640,absent,4141.0,"{""state"":""absent"",""devices"":[]}",absent,absent,32.0,15.0,List of devices attached,
2026-09-29T05:25:56.055+00:00,2026-09-29T05:25:56.098+00:00,362.640,absent,4141.0,"{""state"":""absent"",""devices"":[]}",absent,absent,16.0,31.0,List of devices attached,
2026-09-29T05:25:57.052+00:00,2026-09-29T05:25:57.091+00:00,363.625,absent,4141.0,"{""state"":""absent"",""devices"":[]}",absent,absent,16.0,16.0,List of devices attached,
2026-09-29T05:25:58.064+00:00,2026-09-29T05:25:58.108+00:00,364.640,absent,3985.0,"{""state"":""absent"",""devices"":[]}",absent,absent,16.0,15.0,List of devices attached,
2026-09-29T05:25:59.078+00:00,2026-09-29T05:25:59.123+00:00,365.656,absent,3985.0,"{""state"":""absent"",""devices"":[]}",absent,absent,31.0,16.0,List of devices attached,
2026-09-29T05:26:00.077+00:00,2026-09-29T05:26:00.121+00:00,366.656,absent,3985.0,"{""state"":""absent"",""devices"":[]}",absent,absent,31.0,16.0,List of devices attached,
2026-09-29T05:26:01.075+00:00,2026-09-29T05:26:01.120+00:00,367.656,absent,3985.0,"{""state"":""absent"",""devices"":[]}",absent,absent,31.0,16.0,List of devices attached,
2026-09-29T05:26:02.073+00:00,2026-09-29T05:26:02.114+00:00,368.656,absent,3922.0,"{""state"":""absent"",""devices"":[]}",absent,absent,16.0,31.0,List of devices attached,
2026-09-29T05:26:03.069+00:00,2026-09-29T05:26:03.107+00:00,369.640,absent,3922.0,"{""state"":""absent"",""devices"":[]}",absent,absent,16.0,15.0,List of devices attached,
2026-09-29T05:26:04.082+00:00,2026-09-29T05:26:04.118+00:00,370.656,absent,3922.0,"{""state"":""absent"",""devices"":[]}",absent,absent,15.0,16.0,List of devices attached,
2026-09-29T05:26:05.093+00:00,2026-09-29T05:26:05.128+00:00,371.672,absent,3922.0,"{""state"":""absent"",""devices"":[]}",absent,absent,31.0,16.0,List of devices attached,
2026-09-29T05:26:06.090+00:00,2026-09-29T05:26:06.143+00:00,372.687,absent,3922.0,"{""state"":""absent"",""devices"":[]}",absent,absent,31.0,31.0,List of devices attached,
2026-09-29T05:26:07.082+00:00,2026-09-29T05:26:07.124+00:00,373.656,absent,4078.0,"{""state"":""absent"",""devices"":[]}",absent,absent,15.0,16.0,List of devices attached,
2026-09-29T05:26:08.095+00:00,2026-09-29T05:26:08.133+00:00,374.672,absent,4078.0,"{""state"":""absent"",""devices"":[]}",absent,absent,16.0,16.0,List of devices attached,
2026-09-29T05:26:09.109+00:00,2026-09-29T05:26:09.149+00:00,375.687,absent,4078.0,"{""state"":""absent"",""devices"":[]}",absent,absent,32.0,15.0,List of devices attached,
2026-09-29T05:26:10.104+00:00,2026-09-29T05:26:10.146+00:00,376.687,absent,4078.0,"{""state"":""absent"",""devices"":[]}",absent,absent,32.0,15.0,List of devices attached,
2026-09-29T05:26:11.101+00:00,2026-09-29T05:26:11.149+00:00,377.687,absent,3797.0,"{""state"":""absent"",""devices"":[]}",absent,absent,32.0,15.0,List of devices attached,
2026-09-29T05:26:12.102+00:00,2026-09-29T05:26:12.147+00:00,378.687,absent,3797.0,"{""state"":""absent"",""devices"":[]}",absent,absent,32.0,15.0,List of devices attached,
2026-09-29T05:26:13.101+00:00,2026-09-29T05:26:13.138+00:00,379.672,absent,3797.0,"{""state"":""absent"",""devices"":[]}",absent,absent,16.0,16.0,List of devices attached,
2026-09-29T05:26:14.112+00:00,2026-09-29T05:26:14.154+00:00,380.687,absent,3797.0,"{""state"":""absent"",""devices"":[]}",absent,absent,16.0,15.0,List of devices attached,
2026-09-29T05:26:15.123+00:00,2026-09-29T05:26:15.165+00:00,381.703,absent,3922.0,"{""state"":""absent"",""devices"":[]}",absent,absent,31.0,16.0,List of devices attached,
2026-09-29T05:26:16.121+00:00,2026-09-29T05:26:16.168+00:00,382.703,absent,3922.0,"{""state"":""absent"",""devices"":[]}",absent,absent,31.0,16.0,List of devices attached,
2026-09-29T05:26:17.121+00:00,2026-09-29T05:26:17.166+00:00,383.703,absent,3922.0,"{""state"":""absent"",""devices"":[]}",absent,absent,31.0,16.0,List of devices attached,
2026-09-29T05:26:18.120+00:00,2026-09-29T05:26:18.161+00:00,384.703,absent,3922.0,"{""state"":""absent"",""devices"":[]}",absent,absent,31.0,16.0,List of devices attached,
2026-09-29T05:26:19.116+00:00,2026-09-29T05:26:19.155+00:00,385.687,absent,3984.0,"{""state"":""absent"",""devices"":[]}",absent,absent,16.0,15.0,List of devices attached,
2026-09-29T05:26:20.129+00:00,2026-09-29T05:26:20.171+00:00,386.703,absent,3984.0,"{""state"":""absent"",""devices"":[]}",absent,absent,15.0,16.0,List of devices attached,
2026-09-29T05:26:21.142+00:00,2026-09-29T05:26:21.182+00:00,387.718,absent,3984.0,"{""state"":""absent"",""devices"":[]}",absent,absent,16.0,15.0,List of devices attached,
2026-09-29T05:26:22.153+00:00,2026-09-29T05:26:22.197+00:00,388.734,absent,3984.0,"{""state"":""absent"",""devices"":[]}",absent,absent,31.0,16.0,List of devices attached,
2026-09-29T05:26:23.152+00:00,2026-09-29T05:26:23.190+00:00,389.734,absent,3922.0,"{""state"":""absent"",""devices"":[]}",absent,absent,31.0,16.0,List of devices attached,
2026-09-29T05:26:24.148+00:00,2026-09-29T05:26:24.192+00:00,390.734,absent,3922.0,"{""state"":""absent"",""devices"":[]}",absent,absent,16.0,31.0,List of devices attached,
2026-09-29T05:26:25.146+00:00,2026-09-29T05:26:25.189+00:00,391.734,absent,3922.0,"{""state"":""absent"",""devices"":[]}",absent,absent,16.0,31.0,List of devices attached,
2026-09-29T05:26:26.143+00:00,2026-09-29T05:26:26.189+00:00,392.734,absent,3922.0,"{""state"":""absent"",""devices"":[]}",absent,absent,16.0,31.0,List of devices attached,
2026-09-29T05:26:27.143+00:00,2026-09-29T05:26:27.186+00:00,393.718,absent,3797.0,"{""state"":""absent"",""devices"":[]}",absent,absent,16.0,15.0,List of devices attached,
2026-09-29T05:26:28.157+00:00,2026-09-29T05:26:28.200+00:00,394.734,absent,3797.0,"{""state"":""absent"",""devices"":[]}",absent,absent,15.0,16.0,List of devices attached,
2026-09-29T05:26:29.170+00:00,2026-09-29T05:26:29.207+00:00,395.750,absent,3797.0,"{""state"":""absent"",""devices"":[]}",absent,absent,31.0,16.0,List of devices attached,
2026-09-29T05:26:30.168+00:00,2026-09-29T05:26:30.213+00:00,396.750,absent,3797.0,"{""state"":""absent"",""devices"":[]}",absent,absent,31.0,16.0,List of devices attached,
2026-09-29T05:26:31.167+00:00,2026-09-29T05:26:31.208+00:00,397.750,absent,3828.0,"{""state"":""absent"",""devices"":[]}",absent,absent,31.0,16.0,List of devices attached,
2026-09-29T05:26:32.164+00:00,2026-09-29T05:26:32.207+00:00,398.750,absent,3828.0,"{""state"":""absent"",""devices"":[]}",absent,absent,15.0,32.0,List of devices attached,
2026-09-29T05:26:33.160+00:00,2026-09-29T05:26:33.200+00:00,399.734,absent,3828.0,"{""state"":""absent"",""devices"":[]}",absent,absent,15.0,16.0,List of devices attached,
2026-09-29T05:26:34.172+00:00,2026-09-29T05:26:34.217+00:00,400.750,absent,3828.0,"{""state"":""absent"",""devices"":[]}",absent,absent,31.0,16.0,List of devices attached,
2026-09-29T05:26:35.170+00:00,2026-09-29T05:26:35.214+00:00,401.750,absent,4000.0,"{""state"":""absent"",""devices"":[]}",absent,absent,31.0,16.0,List of devices attached,
2026-09-29T05:26:36.168+00:00,2026-09-29T05:26:36.213+00:00,402.750,absent,4000.0,"{""state"":""absent"",""devices"":[]}",absent,absent,31.0,16.0,List of devices attached,
2026-09-29T05:26:37.167+00:00,2026-09-29T05:26:37.215+00:00,403.750,absent,4000.0,"{""state"":""absent"",""devices"":[]}",absent,absent,31.0,16.0,List of devices attached,
2026-09-29T05:26:38.169+00:00,2026-09-29T05:26:38.218+00:00,404.750,absent,4000.0,"{""state"":""absent"",""devices"":[]}",absent,absent,31.0,16.0,List of devices attached,
2026-09-29T05:26:39.171+00:00,2026-09-29T05:26:39.212+00:00,405.750,absent,3969.0,"{""state"":""absent"",""devices"":[]}",absent,absent,31.0,16.0,List of devices attached,
2026-09-29T05:26:40.167+00:00,2026-09-29T05:26:40.211+00:00,406.750,absent,3969.0,"{""state"":""absent"",""devices"":[]}",absent,absent,15.0,32.0,List of devices attached,
2026-09-29T05:26:41.164+00:00,2026-09-29T05:26:41.207+00:00,407.750,absent,3969.0,"{""state"":""absent"",""devices"":[]}",absent,absent,15.0,32.0,List of devices attached,
2026-09-29T05:26:42.160+00:00,2026-09-29T05:26:42.205+00:00,408.750,absent,3969.0,"{""state"":""absent"",""devices"":[]}",absent,absent,15.0,32.0,List of devices attached,
2026-09-29T05:26:43.161+00:00,2026-09-29T05:26:43.206+00:00,409.750,absent,3890.0,"{""state"":""absent"",""devices"":[]}",absent,absent,15.0,32.0,List of devices attached,
2026-09-29T05:26:44.160+00:00,2026-09-29T05:26:44.201+00:00,410.734,absent,3890.0,"{""state"":""absent"",""devices"":[]}",absent,absent,15.0,16.0,List of devices attached,
2026-09-29T05:26:45.173+00:00,2026-09-29T05:26:45.211+00:00,411.750,absent,3890.0,"{""state"":""absent"",""devices"":[]}",absent,absent,16.0,16.0,List of devices attached,
2026-09-29T05:26:46.185+00:00,2026-09-29T05:26:46.241+00:00,412.781,absent,3890.0,"{""state"":""absent"",""devices"":[]}",absent,absent,47.0,16.0,List of devices attached,
2026-09-29T05:26:47.180+00:00,2026-09-29T05:26:47.218+00:00,413.750,absent,3640.0,"{""state"":""absent"",""devices"":[]}",absent,absent,16.0,16.0,List of devices attached,
2026-09-29T05:26:48.191+00:00,2026-09-29T05:26:48.237+00:00,414.781,absent,3640.0,"{""state"":""absent"",""devices"":[]}",absent,absent,16.0,31.0,List of devices attached,
2026-09-29T05:26:49.190+00:00,2026-09-29T05:26:49.239+00:00,415.781,absent,3640.0,"{""state"":""absent"",""devices"":[]}",absent,absent,16.0,31.0,List of devices attached,
2026-09-29T05:26:50.193+00:00,2026-09-29T05:26:50.237+00:00,416.781,absent,3640.0,"{""state"":""absent"",""devices"":[]}",absent,absent,16.0,31.0,List of devices attached,
2026-09-29T05:26:51.191+00:00,2026-09-29T05:26:51.237+00:00,417.781,absent,3657.0,"{""state"":""absent"",""devices"":[]}",absent,absent,16.0,31.0,List of devices attached,
2026-09-29T05:26:52.190+00:00,2026-09-29T05:26:52.234+00:00,418.765,absent,3657.0,"{""state"":""absent"",""devices"":[]}",absent,absent,16.0,15.0,List of devices attached,
2026-09-29T05:26:53.205+00:00,2026-09-29T05:26:53.259+00:00,419.797,absent,3657.0,"{""state"":""absent"",""devices"":[]}",absent,absent,15.0,32.0,List of devices attached,
2026-09-29T05:26:54.214+00:00,2026-09-29T05:26:54.254+00:00,420.797,absent,3657.0,"{""state"":""absent"",""devices"":[]}",absent,absent,31.0,16.0,List of devices attached,
2026-09-29T05:26:55.209+00:00,2026-09-29T05:26:55.252+00:00,421.797,absent,3953.0,"{""state"":""absent"",""devices"":[]}",absent,absent,15.0,32.0,List of devices attached,
2026-09-29T05:26:56.207+00:00,2026-09-29T05:26:56.250+00:00,422.781,absent,3953.0,"{""state"":""absent"",""devices"":[]}",absent,absent,15.0,16.0,List of devices attached,
2026-09-29T05:26:57.220+00:00,2026-09-29T05:26:57.267+00:00,423.812,absent,3953.0,"{""state"":""absent"",""devices"":[]}",absent,absent,16.0,31.0,List of devices attached,
2026-09-29T05:26:58.221+00:00,2026-09-29T05:26:58.263+00:00,424.797,absent,3953.0,"{""state"":""absent"",""devices"":[]}",absent,absent,16.0,16.0,List of devices attached,
2026-09-29T05:26:59.234+00:00,2026-09-29T05:26:59.283+00:00,425.828,absent,3547.0,"{""state"":""absent"",""devices"":[]}",absent,absent,32.0,31.0,List of devices attached,
2026-09-29T05:27:00.221+00:00,2026-09-29T05:27:00.270+00:00,426.812,absent,3547.0,"{""state"":""absent"",""devices"":[]}",absent,absent,32.0,15.0,List of devices attached,
2026-09-29T05:27:01.224+00:00,2026-09-29T05:27:01.268+00:00,427.812,absent,3547.0,"{""state"":""absent"",""devices"":[]}",absent,absent,16.0,31.0,List of devices attached,
2026-09-29T05:27:02.223+00:00,2026-09-29T05:27:02.265+00:00,428.797,absent,2907.0,"{""state"":""absent"",""devices"":[]}",absent,absent,16.0,16.0,List of devices attached,
2026-09-29T05:27:03.234+00:00,2026-09-29T05:27:03.279+00:00,429.812,absent,2907.0,"{""state"":""absent"",""devices"":[]}",absent,absent,32.0,15.0,List of devices attached,
2026-09-29T05:27:04.233+00:00,2026-09-29T05:27:04.272+00:00,430.812,absent,2907.0,"{""state"":""absent"",""devices"":[]}",absent,absent,32.0,15.0,List of devices attached,
2026-09-29T05:27:05.231+00:00,2026-09-29T05:27:05.273+00:00,431.812,absent,2907.0,"{""state"":""absent"",""devices"":[]}",absent,absent,32.0,15.0,List of devices attached,
2026-09-29T05:27:06.228+00:00,2026-09-29T05:27:06.273+00:00,432.812,absent,3453.0,"{""state"":""absent"",""devices"":[]}",absent,absent,16.0,31.0,List of devices attached,
2026-09-29T05:27:07.228+00:00,2026-09-29T05:27:07.285+00:00,433.828,absent,3453.0,"{""state"":""absent"",""devices"":[]}",absent,absent,47.0,16.0,List of devices attached,
2026-09-29T05:27:08.226+00:00,2026-09-29T05:27:08.271+00:00,434.812,absent,3453.0,"{""state"":""absent"",""devices"":[]}",absent,absent,16.0,31.0,List of devices attached,
2026-09-29T05:27:09.225+00:00,2026-09-29T05:27:09.269+00:00,435.812,absent,3453.0,"{""state"":""absent"",""devices"":[]}",absent,absent,16.0,31.0,List of devices attached,
2026-09-29T05:27:10.225+00:00,2026-09-29T05:27:10.266+00:00,436.812,absent,3735.0,"{""state"":""absent"",""devices"":[]}",absent,absent,16.0,31.0,List of devices attached,
2026-09-29T05:27:11.220+00:00,2026-09-29T05:27:11.266+00:00,437.812,absent,3735.0,"{""state"":""absent"",""devices"":[]}",absent,absent,16.0,31.0,List of devices attached,
2026-09-29T05:27:12.220+00:00,2026-09-29T05:27:12.261+00:00,438.797,absent,3735.0,"{""state"":""absent"",""devices"":[]}",absent,absent,16.0,16.0,List of devices attached,
2026-09-29T05:27:13.230+00:00,2026-09-29T05:27:13.274+00:00,439.812,absent,3735.0,"{""state"":""absent"",""devices"":[]}",absent,absent,32.0,15.0,List of devices attached,
2026-09-29T05:27:14.228+00:00,2026-09-29T05:27:14.279+00:00,440.812,absent,3735.0,"{""state"":""absent"",""devices"":[]}",absent,absent,32.0,15.0,List of devices attached,
2026-09-29T05:27:15.233+00:00,2026-09-29T05:27:15.287+00:00,441.828,absent,4094.0,"{""state"":""absent"",""devices"":[]}",absent,absent,32.0,31.0,List of devices attached,
2026-09-29T05:27:16.226+00:00,2026-09-29T05:27:16.269+00:00,442.812,absent,4094.0,"{""state"":""absent"",""devices"":[]}",absent,absent,16.0,31.0,List of devices attached,
2026-09-29T05:27:17.222+00:00,2026-09-29T05:27:17.263+00:00,443.797,absent,4094.0,"{""state"":""absent"",""devices"":[]}",absent,absent,16.0,16.0,List of devices attached,
2026-09-29T05:27:18.232+00:00,2026-09-29T05:27:18.274+00:00,444.812,absent,4094.0,"{""state"":""absent"",""devices"":[]}",absent,absent,32.0,15.0,List of devices attached,
2026-09-29T05:27:19.228+00:00,2026-09-29T05:27:19.276+00:00,445.812,absent,4094.0,"{""state"":""absent"",""devices"":[]}",absent,absent,32.0,15.0,List of devices attached,
2026-09-29T05:27:20.230+00:00,2026-09-29T05:27:20.272+00:00,446.812,absent,4125.0,"{""state"":""absent"",""devices"":[]}",absent,absent,32.0,15.0,List of devices attached,
2026-09-29T05:27:21.226+00:00,2026-09-29T05:27:21.269+00:00,447.812,absent,4125.0,"{""state"":""absent"",""devices"":[]}",absent,absent,16.0,31.0,List of devices attached,
2026-09-29T05:27:22.223+00:00,2026-09-29T05:27:22.263+00:00,448.797,absent,4125.0,"{""state"":""absent"",""devices"":[]}",absent,absent,16.0,16.0,List of devices attached,
2026-09-29T05:27:23.232+00:00,2026-09-29T05:27:23.275+00:00,449.812,absent,4125.0,"{""state"":""absent"",""devices"":[]}",absent,absent,32.0,15.0,List of devices attached,
2026-09-29T05:27:24.229+00:00,2026-09-29T05:27:24.275+00:00,450.812,absent,4125.0,"{""state"":""absent"",""devices"":[]}",absent,absent,32.0,15.0,List of devices attached,
2026-09-29T05:27:25.228+00:00,2026-09-29T05:27:25.287+00:00,451.828,absent,4172.0,"{""state"":""absent"",""devices"":[]}",absent,absent,32.0,31.0,List of devices attached,
2026-09-29T05:27:26.226+00:00,2026-09-29T05:27:26.269+00:00,452.812,absent,4172.0,"{""state"":""absent"",""devices"":[]}",absent,absent,16.0,31.0,List of devices attached,
2026-09-29T05:27:27.223+00:00,2026-09-29T05:27:27.270+00:00,453.812,absent,4172.0,"{""state"":""absent"",""devices"":[]}",absent,absent,16.0,31.0,List of devices attached,
2026-09-29T05:27:28.223+00:00,2026-09-29T05:27:28.268+00:00,454.812,absent,4172.0,"{""state"":""absent"",""devices"":[]}",absent,absent,16.0,31.0,List of devices attached,
2026-09-29T05:27:29.223+00:00,2026-09-29T05:27:29.268+00:00,455.812,absent,3766.0,"{""state"":""absent"",""devices"":[]}",absent,absent,16.0,31.0,List of devices attached,
2026-09-29T05:27:30.222+00:00,2026-09-29T05:27:30.266+00:00,456.812,absent,3766.0,"{""state"":""absent"",""devices"":[]}",absent,absent,16.0,31.0,List of devices attached,
2026-09-29T05:27:31.220+00:00,2026-09-29T05:27:31.276+00:00,457.812,absent,3766.0,"{""state"":""absent"",""devices"":[]}",absent,absent,32.0,15.0,List of devices attached,
2026-09-29T05:27:32.231+00:00,2026-09-29T05:27:32.274+00:00,458.812,absent,3766.0,"{""state"":""absent"",""devices"":[]}",absent,absent,32.0,15.0,List of devices attached,
2026-09-29T05:27:33.227+00:00,2026-09-29T05:27:33.272+00:00,459.812,absent,3563.0,"{""state"":""absent"",""devices"":[]}",absent,absent,32.0,15.0,List of devices attached,
2026-09-29T05:27:34.226+00:00,2026-09-29T05:27:34.270+00:00,460.812,absent,3563.0,"{""state"":""absent"",""devices"":[]}",absent,absent,16.0,31.0,List of devices attached,
2026-09-29T05:27:35.225+00:00,2026-09-29T05:27:35.268+00:00,461.812,absent,3563.0,"{""state"":""absent"",""devices"":[]}",absent,absent,16.0,31.0,List of devices attached,
2026-09-29T05:27:36.222+00:00,2026-09-29T05:27:36.263+00:00,462.797,absent,3563.0,"{""state"":""absent"",""devices"":[]}",absent,absent,16.0,16.0,List of devices attached,
2026-09-29T05:27:37.232+00:00,2026-09-29T05:27:37.278+00:00,463.812,absent,3907.0,"{""state"":""absent"",""devices"":[]}",absent,absent,32.0,15.0,List of devices attached,
2026-09-29T05:27:38.233+00:00,2026-09-29T05:27:38.275+00:00,464.812,absent,3907.0,"{""state"":""absent"",""devices"":[]}",absent,absent,32.0,15.0,List of devices attached,
2026-09-29T05:27:39.229+00:00,2026-09-29T05:27:39.270+00:00,465.812,absent,3907.0,"{""state"":""absent"",""devices"":[]}",absent,absent,32.0,15.0,List of devices attached,
2026-09-29T05:27:40.224+00:00,2026-09-29T05:27:40.266+00:00,466.812,absent,3907.0,"{""state"":""absent"",""devices"":[]}",absent,absent,16.0,31.0,List of devices attached,
2026-09-29T05:27:41.219+00:00,2026-09-29T05:27:41.268+00:00,467.812,absent,3907.0,"{""state"":""absent"",""devices"":[]}",absent,absent,16.0,31.0,List of devices attached,
2026-09-29T05:27:42.221+00:00,2026-09-29T05:27:42.276+00:00,468.812,absent,4078.0,"{""state"":""absent"",""devices"":[]}",absent,absent,32.0,15.0,List of devices attached,
2026-09-29T05:27:43.230+00:00,2026-09-29T05:27:43.275+00:00,469.812,absent,4078.0,"{""state"":""absent"",""devices"":[]}",absent,absent,32.0,15.0,List of devices attached,
2026-09-29T05:27:44.229+00:00,2026-09-29T05:27:44.272+00:00,470.812,absent,4078.0,"{""state"":""absent"",""devices"":[]}",absent,absent,32.0,15.0,List of devices attached,
2026-09-29T05:27:45.228+00:00,2026-09-29T05:27:45.271+00:00,471.812,absent,4078.0,"{""state"":""absent"",""devices"":[]}",absent,absent,32.0,15.0,List of devices attached,
2026-09-29T05:27:46.225+00:00,2026-09-29T05:27:46.270+00:00,472.812,absent,3875.0,"{""state"":""absent"",""devices"":[]}",absent,absent,16.0,31.0,List of devices attached,
2026-09-29T05:27:47.223+00:00,2026-09-29T05:27:47.264+00:00,473.797,absent,3875.0,"{""state"":""absent"",""devices"":[]}",absent,absent,16.0,16.0,List of devices attached,
2026-09-29T05:27:48.233+00:00,2026-09-29T05:27:48.275+00:00,474.812,absent,3875.0,"{""state"":""absent"",""devices"":[]}",absent,absent,32.0,15.0,List of devices attached,
2026-09-29T05:27:49.228+00:00,2026-09-29T05:27:49.272+00:00,475.812,absent,3875.0,"{""state"":""absent"",""devices"":[]}",absent,absent,32.0,15.0,List of devices attached,
2026-09-29T05:27:50.226+00:00,2026-09-29T05:27:50.283+00:00,476.828,absent,3875.0,"{""state"":""absent"",""devices"":[]}",absent,absent,32.0,31.0,List of devices attached,
2026-09-29T05:27:51.221+00:00,2026-09-29T05:27:51.266+00:00,477.812,absent,4157.0,"{""state"":""absent"",""devices"":[]}",absent,absent,16.0,31.0,List of devices attached,
2026-09-29T05:27:52.220+00:00,2026-09-29T05:27:52.262+00:00,478.797,absent,4157.0,"{""state"":""absent"",""devices"":[]}",absent,absent,16.0,16.0,List of devices attached,
2026-09-29T05:27:53.231+00:00,2026-09-29T05:27:53.275+00:00,479.812,absent,4157.0,"{""state"":""absent"",""devices"":[]}",absent,absent,32.0,15.0,List of devices attached,
2026-09-29T05:27:54.228+00:00,2026-09-29T05:27:54.281+00:00,480.812,absent,4157.0,"{""state"":""absent"",""devices"":[]}",absent,absent,32.0,15.0,List of devices attached,
2026-09-29T05:27:55.235+00:00,2026-09-29T05:27:55.291+00:00,481.828,absent,4157.0,"{""state"":""absent"",""devices"":[]}",absent,absent,32.0,31.0,List of devices attached,
2026-09-29T05:27:56.228+00:00,2026-09-29T05:27:56.273+00:00,482.812,absent,4125.0,"{""state"":""absent"",""devices"":[]}",absent,absent,32.0,15.0,List of devices attached,
2026-09-29T05:27:57.227+00:00,2026-09-29T05:27:57.270+00:00,483.812,absent,4125.0,"{""state"":""absent"",""devices"":[]}",absent,absent,16.0,31.0,List of devices attached,
2026-09-29T05:27:58.224+00:00,2026-09-29T05:27:58.265+00:00,484.797,absent,4125.0,"{""state"":""absent"",""devices"":[]}",absent,absent,16.0,16.0,List of devices attached,
2026-09-29T05:27:59.234+00:00,2026-09-29T05:27:59.277+00:00,485.812,absent,4125.0,"{""state"":""absent"",""devices"":[]}",absent,absent,32.0,15.0,List of devices attached,
2026-09-29T05:28:00.231+00:00,2026-09-29T05:28:00.281+00:00,486.812,absent,4125.0,"{""state"":""absent"",""devices"":[]}",absent,absent,32.0,15.0,List of devices attached,
2026-09-29T05:28:01.234+00:00,2026-09-29T05:28:01.287+00:00,487.828,absent,4235.0,"{""state"":""absent"",""devices"":[]}",absent,absent,47.0,16.0,List of devices attached,
2026-09-29T05:28:02.225+00:00,2026-09-29T05:28:02.273+00:00,488.812,absent,4235.0,"{""state"":""absent"",""devices"":[]}",absent,absent,16.0,31.0,List of devices attached,
2026-09-29T05:28:03.227+00:00,2026-09-29T05:28:03.268+00:00,489.812,absent,4235.0,"{""state"":""absent"",""devices"":[]}",absent,absent,16.0,31.0,List of devices attached,
2026-09-29T05:28:04.222+00:00,2026-09-29T05:28:04.266+00:00,490.797,absent,4235.0,"{""state"":""absent"",""devices"":[]}",absent,absent,16.0,16.0,List of devices attached,
2026-09-29T05:28:05.235+00:00,2026-09-29T05:28:05.280+00:00,491.812,absent,4235.0,"{""state"":""absent"",""devices"":[]}",absent,absent,32.0,15.0,List of devices attached,
2026-09-29T05:28:06.234+00:00,2026-09-29T05:28:06.290+00:00,492.828,absent,4266.0,"{""state"":""absent"",""devices"":[]}",absent,absent,32.0,31.0,List of devices attached,
2026-09-29T05:28:07.227+00:00,2026-09-29T05:28:07.285+00:00,493.828,absent,4266.0,"{""state"":""absent"",""devices"":[]}",absent,absent,32.0,31.0,List of devices attached,
2026-09-29T05:28:08.222+00:00,2026-09-29T05:28:08.267+00:00,494.812,absent,4266.0,"{""state"":""absent"",""devices"":[]}",absent,absent,16.0,31.0,List of devices attached,
2026-09-29T05:28:09.221+00:00,2026-09-29T05:28:09.263+00:00,495.797,absent,4266.0,"{""state"":""absent"",""devices"":[]}",absent,absent,16.0,16.0,List of devices attached,
2026-09-29T05:28:10.234+00:00,2026-09-29T05:28:10.275+00:00,496.812,absent,3594.0,"{""state"":""absent"",""devices"":[]}",absent,absent,32.0,15.0,List of devices attached,
2026-09-29T05:28:11.231+00:00,2026-09-29T05:28:11.278+00:00,497.812,absent,3594.0,"{""state"":""absent"",""devices"":[]}",absent,absent,32.0,15.0,List of devices attached,
2026-09-29T05:28:12.232+00:00,2026-09-29T05:28:12.274+00:00,498.812,absent,3594.0,"{""state"":""absent"",""devices"":[]}",absent,absent,32.0,15.0,List of devices attached,
2026-09-29T05:28:13.230+00:00,2026-09-29T05:28:13.271+00:00,499.812,absent,3594.0,"{""state"":""absent"",""devices"":[]}",absent,absent,32.0,15.0,List of devices attached,
2026-09-29T05:28:14.228+00:00,2026-09-29T05:28:14.270+00:00,500.812,absent,3594.0,"{""state"":""absent"",""devices"":[]}",absent,absent,16.0,31.0,List of devices attached,
2026-09-29T05:28:15.225+00:00,2026-09-29T05:28:15.269+00:00,501.812,absent,4063.0,"{""state"":""absent"",""devices"":[]}",absent,absent,16.0,31.0,List of devices attached,
2026-09-29T05:28:16.223+00:00,2026-09-29T05:28:16.268+00:00,502.812,absent,4063.0,"{""state"":""absent"",""devices"":[]}",absent,absent,16.0,31.0,List of devices attached,
2026-09-29T05:28:17.222+00:00,2026-09-29T05:28:17.268+00:00,503.812,absent,4063.0,"{""state"":""absent"",""devices"":[]}",absent,absent,16.0,31.0,List of devices attached,
2026-09-29T05:28:18.222+00:00,2026-09-29T05:28:18.264+00:00,504.797,absent,4063.0,"{""state"":""absent"",""devices"":[]}",absent,absent,16.0,16.0,List of devices attached,
2026-09-29T05:28:19.235+00:00,2026-09-29T05:28:19.276+00:00,505.812,absent,4063.0,"{""state"":""absent"",""devices"":[]}",absent,absent,32.0,15.0,List of devices attached,
2026-09-29T05:28:20.233+00:00,2026-09-29T05:28:20.278+00:00,506.812,absent,4063.0,"{""state"":""absent"",""devices"":[]}",absent,absent,32.0,15.0,List of devices attached,
2026-09-29T05:28:21.232+00:00,2026-09-29T05:28:21.279+00:00,507.812,absent,4063.0,"{""state"":""absent"",""devices"":[]}",absent,absent,32.0,15.0,List of devices attached,
2026-09-29T05:28:22.232+00:00,2026-09-29T05:28:22.278+00:00,508.812,absent,4063.0,"{""state"":""absent"",""devices"":[]}",absent,absent,32.0,15.0,List of devices attached,
2026-09-29T05:28:23.231+00:00,2026-09-29T05:28:23.275+00:00,509.812,absent,4063.0,"{""state"":""absent"",""devices"":[]}",absent,absent,32.0,15.0,List of devices attached,
2026-09-29T05:28:24.229+00:00,2026-09-29T05:28:24.268+00:00,510.812,absent,3969.0,"{""state"":""absent"",""devices"":[]}",absent,absent,32.0,15.0,List of devices attached,
2026-09-29T05:28:25.227+00:00,2026-09-29T05:28:25.274+00:00,511.812,absent,3969.0,"{""state"":""absent"",""devices"":[]}",absent,absent,32.0,15.0,List of devices attached,
2026-09-29T05:28:26.228+00:00,2026-09-29T05:28:26.270+00:00,512.812,absent,3969.0,"{""state"":""absent"",""devices"":[]}",absent,absent,32.0,15.0,List of devices attached,
2026-09-29T05:28:27.224+00:00,2026-09-29T05:28:27.274+00:00,513.812,absent,3969.0,"{""state"":""absent"",""devices"":[]}",absent,absent,16.0,31.0,List of devices attached,
2026-09-29T05:28:28.227+00:00,2026-09-29T05:28:28.273+00:00,514.812,absent,3875.0,"{""state"":""absent"",""devices"":[]}",absent,absent,32.0,15.0,List of devices attached,
2026-09-29T05:28:29.227+00:00,2026-09-29T05:28:29.273+00:00,515.812,absent,3875.0,"{""state"":""absent"",""devices"":[]}",absent,absent,32.0,15.0,List of devices attached,
2026-09-29T05:28:30.227+00:00,2026-09-29T05:28:30.272+00:00,516.812,absent,3875.0,"{""state"":""absent"",""devices"":[]}",absent,absent,16.0,31.0,List of devices attached,
2026-09-29T05:28:31.226+00:00,2026-09-29T05:28:31.271+00:00,517.812,absent,3875.0,"{""state"":""absent"",""devices"":[]}",absent,absent,16.0,31.0,List of devices attached,
2026-09-29T05:28:32.226+00:00,2026-09-29T05:28:32.270+00:00,518.812,absent,3985.0,"{""state"":""absent"",""devices"":[]}",absent,absent,16.0,31.0,List of devices attached,
2026-09-29T05:28:33.223+00:00,2026-09-29T05:28:33.266+00:00,519.812,absent,3985.0,"{""state"":""absent"",""devices"":[]}",absent,absent,16.0,31.0,List of devices attached,
2026-09-29T05:28:34.221+00:00,2026-09-29T05:28:34.266+00:00,520.812,absent,3985.0,"{""state"":""absent"",""devices"":[]}",absent,absent,16.0,31.0,List of devices attached,
2026-09-29T05:28:35.221+00:00,2026-09-29T05:28:35.267+00:00,521.812,absent,3985.0,"{""state"":""absent"",""devices"":[]}",absent,absent,16.0,31.0,List of devices attached,
2026-09-29T05:28:36.221+00:00,2026-09-29T05:28:36.268+00:00,522.812,absent,3985.0,"{""state"":""absent"",""devices"":[]}",absent,absent,16.0,31.0,List of devices attached,
2026-09-29T05:28:37.222+00:00,2026-09-29T05:28:37.267+00:00,523.812,absent,4157.0,"{""state"":""absent"",""devices"":[]}",absent,absent,16.0,31.0,List of devices attached,
2026-09-29T05:28:38.221+00:00,2026-09-29T05:28:38.278+00:00,524.812,absent,4157.0,"{""state"":""absent"",""devices"":[]}",absent,absent,16.0,31.0,List of devices attached,
2026-09-29T05:28:39.232+00:00,2026-09-29T05:28:39.291+00:00,525.828,absent,4157.0,"{""state"":""absent"",""devices"":[]}",absent,absent,32.0,31.0,List of devices attached,
2026-09-29T05:28:40.229+00:00,2026-09-29T05:28:40.275+00:00,526.812,absent,4157.0,"{""state"":""absent"",""devices"":[]}",absent,absent,32.0,15.0,List of devices attached,
2026-09-29T05:28:41.229+00:00,2026-09-29T05:28:41.274+00:00,527.812,absent,4157.0,"{""state"":""absent"",""devices"":[]}",absent,absent,32.0,15.0,List of devices attached,
2026-09-29T05:28:42.228+00:00,2026-09-29T05:28:42.272+00:00,528.812,absent,4032.0,"{""state"":""absent"",""devices"":[]}",absent,absent,32.0,15.0,List of devices attached,
2026-09-29T05:28:43.226+00:00,2026-09-29T05:28:43.270+00:00,529.812,absent,4032.0,"{""state"":""absent"",""devices"":[]}",absent,absent,16.0,31.0,List of devices attached,
2026-09-29T05:28:44.224+00:00,2026-09-29T05:28:44.268+00:00,530.812,absent,4032.0,"{""state"":""absent"",""devices"":[]}",absent,absent,16.0,31.0,List of devices attached,
2026-09-29T05:28:45.223+00:00,2026-09-29T05:28:45.283+00:00,531.828,absent,4032.0,"{""state"":""absent"",""devices"":[]}",absent,absent,16.0,47.0,List of devices attached,
2026-09-29T05:28:46.220+00:00,2026-09-29T05:28:46.265+00:00,532.797,absent,4032.0,"{""state"":""absent"",""devices"":[]}",absent,absent,16.0,16.0,List of devices attached,
2026-09-29T05:28:47.234+00:00,2026-09-29T05:28:47.280+00:00,533.812,absent,4094.0,"{""state"":""absent"",""devices"":[]}",absent,absent,32.0,15.0,List of devices attached,
2026-09-29T05:28:48.233+00:00,2026-09-29T05:28:48.276+00:00,534.812,absent,4094.0,"{""state"":""absent"",""devices"":[]}",absent,absent,32.0,15.0,List of devices attached,
2026-09-29T05:28:49.230+00:00,2026-09-29T05:28:49.272+00:00,535.812,absent,4094.0,"{""state"":""absent"",""devices"":[]}",absent,absent,32.0,15.0,List of devices attached,
2026-09-29T05:28:50.226+00:00,2026-09-29T05:28:50.273+00:00,536.812,absent,4094.0,"{""state"":""absent"",""devices"":[]}",absent,absent,16.0,31.0,List of devices attached,
2026-09-29T05:28:51.227+00:00,2026-09-29T05:28:51.272+00:00,537.812,absent,4094.0,"{""state"":""absent"",""devices"":[]}",absent,absent,16.0,31.0,List of devices attached,
2026-09-29T05:28:52.225+00:00,2026-09-29T05:28:52.271+00:00,538.812,absent,4063.0,"{""state"":""absent"",""devices"":[]}",absent,absent,32.0,15.0,List of devices attached,
2026-09-29T05:28:53.225+00:00,2026-09-29T05:28:53.276+00:00,539.812,absent,4063.0,"{""state"":""absent"",""devices"":[]}",absent,absent,32.0,15.0,List of devices attached,
2026-09-29T05:28:54.230+00:00,2026-09-29T05:28:54.278+00:00,540.812,absent,4063.0,"{""state"":""absent"",""devices"":[]}",absent,absent,32.0,15.0,List of devices attached,
2026-09-29T05:28:55.232+00:00,2026-09-29T05:28:55.275+00:00,541.812,absent,4063.0,"{""state"":""absent"",""devices"":[]}",absent,absent,32.0,15.0,List of devices attached,
2026-09-29T05:28:56.229+00:00,2026-09-29T05:28:56.276+00:00,542.812,absent,4063.0,"{""state"":""absent"",""devices"":[]}",absent,absent,32.0,15.0,List of devices attached,
2026-09-29T05:28:57.230+00:00,2026-09-29T05:28:57.276+00:00,543.812,absent,4047.0,"{""state"":""absent"",""devices"":[]}",absent,absent,32.0,15.0,List of devices attached,
2026-09-29T05:28:58.229+00:00,2026-09-29T05:28:58.268+00:00,544.812,absent,4047.0,"{""state"":""absent"",""devices"":[]}",absent,absent,32.0,15.0,List of devices attached,
2026-09-29T05:28:59.225+00:00,2026-09-29T05:28:59.344+00:00,545.875,absent,4047.0,"{""state"":""absent"",""devices"":[]}",absent,absent,32.0,78.0,List of devices attached,
2026-09-29T05:29:00.234+00:00,2026-09-29T05:29:00.277+00:00,546.812,absent,4047.0,"{""state"":""absent"",""devices"":[]}",absent,absent,32.0,15.0,List of devices attached,
2026-09-29T05:29:01.231+00:00,2026-09-29T05:29:01.289+00:00,547.828,absent,3953.0,"{""state"":""absent"",""devices"":[]}",absent,absent,47.0,16.0,List of devices attached,
2026-09-29T05:29:02.226+00:00,2026-09-29T05:29:02.272+00:00,548.812,absent,3953.0,"{""state"":""absent"",""devices"":[]}",absent,absent,16.0,31.0,List of devices attached,
2026-09-29T05:29:03.226+00:00,2026-09-29T05:29:03.268+00:00,549.812,absent,3953.0,"{""state"":""absent"",""devices"":[]}",absent,absent,16.0,31.0,List of devices attached,
2026-09-29T05:29:04.222+00:00,2026-09-29T05:29:04.268+00:00,550.812,absent,3953.0,"{""state"":""absent"",""devices"":[]}",absent,absent,16.0,31.0,List of devices attached,
2026-09-29T05:29:05.222+00:00,2026-09-29T05:29:05.283+00:00,551.828,absent,3953.0,"{""state"":""absent"",""devices"":[]}",absent,absent,32.0,31.0,List of devices attached,
2026-09-29T05:29:06.221+00:00,2026-09-29T05:29:06.273+00:00,552.812,absent,4203.0,"{""state"":""absent"",""devices"":[]}",absent,absent,16.0,31.0,List of devices attached,
2026-09-29T05:29:07.227+00:00,2026-09-29T05:29:07.272+00:00,553.812,absent,4203.0,"{""state"":""absent"",""devices"":[]}",absent,absent,16.0,31.0,List of devices attached,
2026-09-29T05:29:08.226+00:00,2026-09-29T05:29:08.271+00:00,554.812,absent,4203.0,"{""state"":""absent"",""devices"":[]}",absent,absent,16.0,31.0,List of devices attached,
2026-09-29T05:29:09.224+00:00,2026-09-29T05:29:09.276+00:00,555.812,absent,4203.0,"{""state"":""absent"",""devices"":[]}",absent,absent,32.0,15.0,List of devices attached,
2026-09-29T05:29:10.230+00:00,2026-09-29T05:29:10.274+00:00,556.812,absent,4203.0,"{""state"":""absent"",""devices"":[]}",absent,absent,32.0,15.0,List of devices attached,
2026-09-29T05:29:11.227+00:00,2026-09-29T05:29:11.273+00:00,557.812,absent,4094.0,"{""state"":""absent"",""devices"":[]}",absent,absent,32.0,15.0,List of devices attached,
2026-09-29T05:29:12.227+00:00,2026-09-29T05:29:12.271+00:00,558.812,absent,4094.0,"{""state"":""absent"",""devices"":[]}",absent,absent,16.0,31.0,List of devices attached,
2026-09-29T05:29:13.224+00:00,2026-09-29T05:29:13.270+00:00,559.812,absent,4094.0,"{""state"":""absent"",""devices"":[]}",absent,absent,32.0,15.0,List of devices attached,
2026-09-29T05:29:14.224+00:00,2026-09-29T05:29:14.282+00:00,560.828,absent,4094.0,"{""state"":""absent"",""devices"":[]}",absent,absent,32.0,31.0,List of devices attached,
2026-09-29T05:29:15.222+00:00,2026-09-29T05:29:15.267+00:00,561.812,absent,4094.0,"{""state"":""absent"",""devices"":[]}",absent,absent,16.0,31.0,List of devices attached,
2026-09-29T05:29:16.220+00:00,2026-09-29T05:29:16.263+00:00,562.797,absent,4094.0,"{""state"":""absent"",""devices"":[]}",absent,absent,16.0,16.0,List of devices attached,
2026-09-29T05:29:17.234+00:00,2026-09-29T05:29:17.279+00:00,563.812,absent,4094.0,"{""state"":""absent"",""devices"":[]}",absent,fastboot,32.0,15.0,List of devices attached,[DEVICE_SERIAL_REDACTED]               fastboot
2026-09-29T05:29:18.234+00:00,2026-09-29T05:29:18.281+00:00,564.812,absent,4094.0,"{""state"":""absent"",""devices"":[]}",absent,fastboot,32.0,15.0,List of devices attached,[DEVICE_SERIAL_REDACTED]               fastboot
2026-09-29T05:29:19.234+00:00,2026-09-29T05:29:19.296+00:00,565.828,absent,4094.0,"{""state"":""absent"",""devices"":[]}",absent,fastboot,47.0,16.0,List of devices attached,[DEVICE_SERIAL_REDACTED]               fastboot
2026-09-29T05:29:20.234+00:00,2026-09-29T05:29:20.278+00:00,566.812,absent,3938.0,"{""state"":""absent"",""devices"":[]}",absent,fastboot,32.0,15.0,List of devices attached,[DEVICE_SERIAL_REDACTED]               fastboot
2026-09-29T05:29:21.232+00:00,2026-09-29T05:29:21.278+00:00,567.812,absent,3938.0,"{""state"":""absent"",""devices"":[]}",absent,fastboot,32.0,15.0,List of devices attached,[DEVICE_SERIAL_REDACTED]               fastboot
2026-09-29T05:29:22.232+00:00,2026-09-29T05:29:22.275+00:00,568.812,absent,3938.0,"{""state"":""absent"",""devices"":[]}",absent,fastboot,32.0,15.0,List of devices attached,[DEVICE_SERIAL_REDACTED]               fastboot
2026-09-29T05:29:23.229+00:00,2026-09-29T05:29:23.281+00:00,569.812,absent,3938.0,"{""state"":""absent"",""devices"":[]}",absent,fastboot,32.0,15.0,List of devices attached,[DEVICE_SERIAL_REDACTED]               fastboot
2026-09-29T05:29:24.234+00:00,2026-09-29T05:29:24.278+00:00,570.812,absent,3938.0,"{""state"":""absent"",""devices"":[]}",absent,fastboot,32.0,15.0,List of devices attached,[DEVICE_SERIAL_REDACTED]               fastboot
2026-09-29T05:29:25.231+00:00,2026-09-29T05:29:25.280+00:00,571.812,present,4016.0,"{""state"":""present"",""devices"":[{""Status"":""OK"",""Class"":""AndroidUsbDeviceClass"",""FriendlyName"":""Android Bootloader Interface"",""InstanceId"":""USB\\VID_18D1&PID_D00D\\[DEVICE_SERIAL_REDACTED]""}]}",absent,fastboot,32.0,15.0,List of devices attached,[DEVICE_SERIAL_REDACTED]               fastboot
2026-09-29T05:29:26.235+00:00,2026-09-29T05:29:26.290+00:00,572.828,present,4016.0,"{""state"":""present"",""devices"":[{""Status"":""OK"",""Class"":""AndroidUsbDeviceClass"",""FriendlyName"":""Android Bootloader Interface"",""InstanceId"":""USB\\VID_18D1&PID_D00D\\[DEVICE_SERIAL_REDACTED]""}]}",absent,fastboot,31.0,16.0,List of devices attached,[DEVICE_SERIAL_REDACTED]               fastboot
2026-09-29T05:29:27.244+00:00,2026-09-29T05:29:27.289+00:00,573.828,present,4016.0,"{""state"":""present"",""devices"":[{""Status"":""OK"",""Class"":""AndroidUsbDeviceClass"",""FriendlyName"":""Android Bootloader Interface"",""InstanceId"":""USB\\VID_18D1&PID_D00D\\[DEVICE_SERIAL_REDACTED]""}]}",absent,fastboot,31.0,16.0,List of devices attached,[DEVICE_SERIAL_REDACTED]               fastboot
2026-09-29T05:29:28.244+00:00,2026-09-29T05:29:28.292+00:00,574.828,present,4016.0,"{""state"":""present"",""devices"":[{""Status"":""OK"",""Class"":""AndroidUsbDeviceClass"",""FriendlyName"":""Android Bootloader Interface"",""InstanceId"":""USB\\VID_18D1&PID_D00D\\[DEVICE_SERIAL_REDACTED]""}]}",absent,fastboot,31.0,16.0,List of devices attached,[DEVICE_SERIAL_REDACTED]               fastboot
2026-09-29T05:29:29.245+00:00,2026-09-29T05:29:29.289+00:00,575.828,present,4016.0,"{""state"":""present"",""devices"":[{""Status"":""OK"",""Class"":""AndroidUsbDeviceClass"",""FriendlyName"":""Android Bootloader Interface"",""InstanceId"":""USB\\VID_18D1&PID_D00D\\[DEVICE_SERIAL_REDACTED]""}]}",absent,fastboot,31.0,16.0,List of devices attached,[DEVICE_SERIAL_REDACTED]               fastboot
