sample_started_utc,sample_finished_utc,elapsed_seconds,usb_pnp_state,usb_query_ms,usb_pnp_output,adb_state,fastboot_state,adb_query_ms,fastboot_query_ms,adb_output,fastboot_output
2026-09-28T15:13:58.448+00:00,2026-09-28T15:13:58.552+00:00,0.107,query_pending,,initial PnP query pending,absent,fastboot,71.7,30.8,List of devices attached,[REDACTED_DEVICE_SERIAL]               fastboot
2026-09-28T15:13:59.449+00:00,2026-09-28T15:13:59.496+00:00,1.051,query_pending,,initial PnP query pending,absent,fastboot,24.6,22.5,List of devices attached,[REDACTED_DEVICE_SERIAL]               fastboot
2026-09-28T15:14:00.450+00:00,2026-09-28T15:14:00.501+00:00,2.056,query_pending,,initial PnP query pending,absent,fastboot,26.7,23.4,List of devices attached,[REDACTED_DEVICE_SERIAL]               fastboot
2026-09-28T15:14:01.451+00:00,2026-09-28T15:14:01.505+00:00,3.060,query_pending,,initial PnP query pending,absent,fastboot,27.3,26.2,List of devices attached,[REDACTED_DEVICE_SERIAL]               fastboot
2026-09-28T15:14:02.451+00:00,2026-09-28T15:14:02.504+00:00,4.059,query_pending,,initial PnP query pending,absent,fastboot,27.6,25.0,List of devices attached,[REDACTED_DEVICE_SERIAL]               fastboot
2026-09-28T15:14:03.452+00:00,2026-09-28T15:14:03.506+00:00,5.061,present,4650.5,"{""state"":""present"",""devices"":[{""Status"":""OK"",""Class"":""AndroidUsbDeviceClass"",""FriendlyName"":""Android Bootloader Interface"",""InstanceId"":""USB\\VID_18D1&PID_D00D\\[REDACTED_DEVICE_SERIAL]""}]}",absent,fastboot,29.4,24.7,List of devices attached,[REDACTED_DEVICE_SERIAL]               fastboot
2026-09-28T15:14:04.452+00:00,2026-09-28T15:14:04.514+00:00,6.069,present,4650.5,"{""state"":""present"",""devices"":[{""Status"":""OK"",""Class"":""AndroidUsbDeviceClass"",""FriendlyName"":""Android Bootloader Interface"",""InstanceId"":""USB\\VID_18D1&PID_D00D\\[REDACTED_DEVICE_SERIAL]""}]}",absent,fastboot,35.9,25.5,List of devices attached,[REDACTED_DEVICE_SERIAL]               fastboot
2026-09-28T15:14:05.453+00:00,2026-09-28T15:14:05.500+00:00,7.055,present,4650.5,"{""state"":""present"",""devices"":[{""Status"":""OK"",""Class"":""AndroidUsbDeviceClass"",""FriendlyName"":""Android Bootloader Interface"",""InstanceId"":""USB\\VID_18D1&PID_D00D\\[REDACTED_DEVICE_SERIAL]""}]}",absent,fastboot,23.6,23.2,List of devices attached,[REDACTED_DEVICE_SERIAL]               fastboot
2026-09-28T15:14:06.453+00:00,2026-09-28T15:14:06.502+00:00,8.057,present,4650.5,"{""state"":""present"",""devices"":[{""Status"":""OK"",""Class"":""AndroidUsbDeviceClass"",""FriendlyName"":""Android Bootloader Interface"",""InstanceId"":""USB\\VID_18D1&PID_D00D\\[REDACTED_DEVICE_SERIAL]""}]}",absent,fastboot,25.1,23.5,List of devices attached,[REDACTED_DEVICE_SERIAL]               fastboot
2026-09-28T15:14:07.454+00:00,2026-09-28T15:14:07.503+00:00,9.058,present,3718.1,"{""state"":""present"",""devices"":[{""Status"":""OK"",""Class"":""AndroidUsbDeviceClass"",""FriendlyName"":""Android Bootloader Interface"",""InstanceId"":""USB\\VID_18D1&PID_D00D\\[REDACTED_DEVICE_SERIAL]""}]}",absent,fastboot,25.8,23.2,List of devices attached,[REDACTED_DEVICE_SERIAL]               fastboot
2026-09-28T15:14:08.454+00:00,2026-09-28T15:14:08.513+00:00,10.068,present,3718.1,"{""state"":""present"",""devices"":[{""Status"":""OK"",""Class"":""AndroidUsbDeviceClass"",""FriendlyName"":""Android Bootloader Interface"",""InstanceId"":""USB\\VID_18D1&PID_D00D\\[REDACTED_DEVICE_SERIAL]""}]}",absent,fastboot,24.8,33.8,List of devices attached,[REDACTED_DEVICE_SERIAL]               fastboot
2026-09-28T15:14:09.454+00:00,2026-09-28T15:14:09.502+00:00,11.057,present,3718.1,"{""state"":""present"",""devices"":[{""Status"":""OK"",""Class"":""AndroidUsbDeviceClass"",""FriendlyName"":""Android Bootloader Interface"",""InstanceId"":""USB\\VID_18D1&PID_D00D\\[REDACTED_DEVICE_SERIAL]""}]}",absent,fastboot,25.2,22.9,List of devices attached,[REDACTED_DEVICE_SERIAL]               fastboot
2026-09-28T15:14:10.454+00:00,2026-09-28T15:14:10.504+00:00,12.059,present,3718.1,"{""state"":""present"",""devices"":[{""Status"":""OK"",""Class"":""AndroidUsbDeviceClass"",""FriendlyName"":""Android Bootloader Interface"",""InstanceId"":""USB\\VID_18D1&PID_D00D\\[REDACTED_DEVICE_SERIAL]""}]}",absent,fastboot,25.6,23.6,List of devices attached,[REDACTED_DEVICE_SERIAL]               fastboot
2026-09-28T15:14:11.454+00:00,2026-09-28T15:14:11.502+00:00,13.057,present,3841.4,"{""state"":""present"",""devices"":[{""Status"":""OK"",""Class"":""AndroidUsbDeviceClass"",""FriendlyName"":""Android Bootloader Interface"",""InstanceId"":""USB\\VID_18D1&PID_D00D\\[REDACTED_DEVICE_SERIAL]""}]}",absent,fastboot,25.6,21.9,List of devices attached,[REDACTED_DEVICE_SERIAL]               fastboot
2026-09-28T15:14:12.455+00:00,2026-09-28T15:14:12.502+00:00,14.057,present,3841.4,"{""state"":""present"",""devices"":[{""Status"":""OK"",""Class"":""AndroidUsbDeviceClass"",""FriendlyName"":""Android Bootloader Interface"",""InstanceId"":""USB\\VID_18D1&PID_D00D\\[REDACTED_DEVICE_SERIAL]""}]}",absent,fastboot,24.7,22.6,List of devices attached,[REDACTED_DEVICE_SERIAL]               fastboot
2026-09-28T15:14:13.455+00:00,2026-09-28T15:14:13.507+00:00,15.062,present,3841.4,"{""state"":""present"",""devices"":[{""Status"":""OK"",""Class"":""AndroidUsbDeviceClass"",""FriendlyName"":""Android Bootloader Interface"",""InstanceId"":""USB\\VID_18D1&PID_D00D\\[REDACTED_DEVICE_SERIAL]""}]}",absent,fastboot,28.0,23.7,List of devices attached,[REDACTED_DEVICE_SERIAL]               fastboot
2026-09-28T15:14:14.455+00:00,2026-09-28T15:14:14.506+00:00,16.061,present,3841.4,"{""state"":""present"",""devices"":[{""Status"":""OK"",""Class"":""AndroidUsbDeviceClass"",""FriendlyName"":""Android Bootloader Interface"",""InstanceId"":""USB\\VID_18D1&PID_D00D\\[REDACTED_DEVICE_SERIAL]""}]}",absent,fastboot,26.1,24.6,List of devices attached,[REDACTED_DEVICE_SERIAL]               fastboot
2026-09-28T15:14:15.456+00:00,2026-09-28T15:14:15.504+00:00,17.059,present,3782.9,"{""state"":""present"",""devices"":[{""Status"":""OK"",""Class"":""AndroidUsbDeviceClass"",""FriendlyName"":""Android Bootloader Interface"",""InstanceId"":""USB\\VID_18D1&PID_D00D\\[REDACTED_DEVICE_SERIAL]""}]}",absent,fastboot,24.7,23.4,List of devices attached,[REDACTED_DEVICE_SERIAL]               fastboot
2026-09-28T15:14:16.456+00:00,2026-09-28T15:14:16.502+00:00,18.057,present,3782.9,"{""state"":""present"",""devices"":[{""Status"":""OK"",""Class"":""AndroidUsbDeviceClass"",""FriendlyName"":""Android Bootloader Interface"",""InstanceId"":""USB\\VID_18D1&PID_D00D\\[REDACTED_DEVICE_SERIAL]""}]}",absent,fastboot,23.8,22.6,List of devices attached,[REDACTED_DEVICE_SERIAL]               fastboot
2026-09-28T15:14:17.456+00:00,2026-09-28T15:14:17.512+00:00,19.067,present,3782.9,"{""state"":""present"",""devices"":[{""Status"":""OK"",""Class"":""AndroidUsbDeviceClass"",""FriendlyName"":""Android Bootloader Interface"",""InstanceId"":""USB\\VID_18D1&PID_D00D\\[REDACTED_DEVICE_SERIAL]""}]}",absent,absent,33.6,21.7,List of devices attached,
2026-09-28T15:14:18.457+00:00,2026-09-28T15:14:18.503+00:00,20.058,present,3782.9,"{""state"":""present"",""devices"":[{""Status"":""OK"",""Class"":""AndroidUsbDeviceClass"",""FriendlyName"":""Android Bootloader Interface"",""InstanceId"":""USB\\VID_18D1&PID_D00D\\[REDACTED_DEVICE_SERIAL]""}]}",absent,absent,25.1,21.1,List of devices attached,
2026-09-28T15:14:19.457+00:00,2026-09-28T15:14:19.502+00:00,21.057,present,3773.7,"{""state"":""present"",""devices"":[{""Status"":""OK"",""Class"":""AndroidUsbDeviceClass"",""FriendlyName"":""Android Bootloader Interface"",""InstanceId"":""USB\\VID_18D1&PID_D00D\\[REDACTED_DEVICE_SERIAL]""}]}",absent,absent,24.2,20.8,List of devices attached,
2026-09-28T15:14:20.457+00:00,2026-09-28T15:14:20.510+00:00,22.065,present,3773.7,"{""state"":""present"",""devices"":[{""Status"":""OK"",""Class"":""AndroidUsbDeviceClass"",""FriendlyName"":""Android Bootloader Interface"",""InstanceId"":""USB\\VID_18D1&PID_D00D\\[REDACTED_DEVICE_SERIAL]""}]}",absent,absent,28.1,24.6,List of devices attached,
2026-09-28T15:14:21.458+00:00,2026-09-28T15:14:21.504+00:00,23.059,present,3773.7,"{""state"":""present"",""devices"":[{""Status"":""OK"",""Class"":""AndroidUsbDeviceClass"",""FriendlyName"":""Android Bootloader Interface"",""InstanceId"":""USB\\VID_18D1&PID_D00D\\[REDACTED_DEVICE_SERIAL]""}]}",absent,absent,24.9,21.4,List of devices attached,
2026-09-28T15:14:22.458+00:00,2026-09-28T15:14:22.503+00:00,24.058,present,3773.7,"{""state"":""present"",""devices"":[{""Status"":""OK"",""Class"":""AndroidUsbDeviceClass"",""FriendlyName"":""Android Bootloader Interface"",""InstanceId"":""USB\\VID_18D1&PID_D00D\\[REDACTED_DEVICE_SERIAL]""}]}",absent,absent,24.4,20.4,List of devices attached,
2026-09-28T15:14:23.459+00:00,2026-09-28T15:14:23.505+00:00,25.060,absent,3792.0,"{""state"":""absent"",""devices"":[]}",absent,absent,24.7,21.6,List of devices attached,
2026-09-28T15:14:24.459+00:00,2026-09-28T15:14:24.517+00:00,26.072,absent,3792.0,"{""state"":""absent"",""devices"":[]}",absent,absent,37.3,21.3,List of devices attached,
2026-09-28T15:14:25.459+00:00,2026-09-28T15:14:25.508+00:00,27.063,absent,3792.0,"{""state"":""absent"",""devices"":[]}",absent,absent,25.5,23.5,List of devices attached,
2026-09-28T15:14:26.459+00:00,2026-09-28T15:14:26.517+00:00,28.072,absent,3792.0,"{""state"":""absent"",""devices"":[]}",absent,absent,24.7,33.0,List of devices attached,
2026-09-28T15:14:27.460+00:00,2026-09-28T15:14:27.507+00:00,29.062,absent,3920.0,"{""state"":""absent"",""devices"":[]}",absent,absent,24.0,23.6,List of devices attached,
2026-09-28T15:14:28.460+00:00,2026-09-28T15:14:28.507+00:00,30.062,absent,3920.0,"{""state"":""absent"",""devices"":[]}",absent,absent,24.9,21.8,List of devices attached,
2026-09-28T15:14:29.460+00:00,2026-09-28T15:14:29.505+00:00,31.061,absent,3920.0,"{""state"":""absent"",""devices"":[]}",absent,absent,24.5,20.5,List of devices attached,
2026-09-28T15:14:30.461+00:00,2026-09-28T15:14:30.505+00:00,32.061,absent,3920.0,"{""state"":""absent"",""devices"":[]}",absent,absent,25.2,19.5,List of devices attached,
2026-09-28T15:14:31.461+00:00,2026-09-28T15:14:31.509+00:00,33.064,absent,3759.5,"{""state"":""absent"",""devices"":[]}",absent,absent,25.6,22.1,List of devices attached,
2026-09-28T15:14:32.461+00:00,2026-09-28T15:14:32.509+00:00,34.064,absent,3759.5,"{""state"":""absent"",""devices"":[]}",absent,absent,25.2,22.3,List of devices attached,
2026-09-28T15:14:33.462+00:00,2026-09-28T15:14:33.512+00:00,35.067,absent,3759.5,"{""state"":""absent"",""devices"":[]}",absent,absent,28.7,21.6,List of devices attached,
2026-09-28T15:14:34.462+00:00,2026-09-28T15:14:34.525+00:00,36.080,absent,3759.5,"{""state"":""absent"",""devices"":[]}",absent,absent,39.7,23.5,List of devices attached,
2026-09-28T15:14:35.462+00:00,2026-09-28T15:14:35.519+00:00,37.074,absent,3708.8,"{""state"":""absent"",""devices"":[]}",absent,absent,24.0,32.0,List of devices attached,
2026-09-28T15:14:36.463+00:00,2026-09-28T15:14:36.509+00:00,38.064,absent,3708.8,"{""state"":""absent"",""devices"":[]}",absent,absent,23.9,22.5,List of devices attached,
2026-09-28T15:14:37.463+00:00,2026-09-28T15:14:37.512+00:00,39.068,absent,3708.8,"{""state"":""absent"",""devices"":[]}",absent,absent,26.5,23.0,List of devices attached,
2026-09-28T15:14:38.463+00:00,2026-09-28T15:14:38.511+00:00,40.066,absent,3708.8,"{""state"":""absent"",""devices"":[]}",absent,absent,25.0,23.0,List of devices attached,
2026-09-28T15:14:39.463+00:00,2026-09-28T15:14:39.513+00:00,41.068,absent,3707.7,"{""state"":""absent"",""devices"":[]}",absent,absent,26.2,23.3,List of devices attached,
2026-09-28T15:14:40.464+00:00,2026-09-28T15:14:40.514+00:00,42.069,absent,3707.7,"{""state"":""absent"",""devices"":[]}",absent,absent,26.5,23.7,List of devices attached,
2026-09-28T15:14:41.464+00:00,2026-09-28T15:14:41.517+00:00,43.072,absent,3707.7,"{""state"":""absent"",""devices"":[]}",absent,absent,28.9,23.8,List of devices attached,
2026-09-28T15:14:42.465+00:00,2026-09-28T15:14:42.522+00:00,44.077,absent,3707.7,"{""state"":""absent"",""devices"":[]}",absent,absent,33.5,23.1,List of devices attached,
2026-09-28T15:14:43.465+00:00,2026-09-28T15:14:43.516+00:00,45.071,absent,3793.6,"{""state"":""absent"",""devices"":[]}",absent,absent,24.4,25.6,List of devices attached,
2026-09-28T15:14:44.465+00:00,2026-09-28T15:14:44.512+00:00,46.067,absent,3793.6,"{""state"":""absent"",""devices"":[]}",absent,absent,24.8,21.8,List of devices attached,
2026-09-28T15:14:45.466+00:00,2026-09-28T15:14:45.515+00:00,47.070,absent,3793.6,"{""state"":""absent"",""devices"":[]}",absent,absent,26.3,22.6,List of devices attached,
2026-09-28T15:14:46.466+00:00,2026-09-28T15:14:46.516+00:00,48.071,absent,3793.6,"{""state"":""absent"",""devices"":[]}",absent,absent,25.4,24.3,List of devices attached,
2026-09-28T15:14:47.467+00:00,2026-09-28T15:14:47.515+00:00,49.070,absent,3771.7,"{""state"":""absent"",""devices"":[]}",absent,absent,26.2,22.2,List of devices attached,
2026-09-28T15:14:48.467+00:00,2026-09-28T15:14:48.525+00:00,50.080,absent,3771.7,"{""state"":""absent"",""devices"":[]}",absent,absent,34.6,23.7,List of devices attached,
2026-09-28T15:14:49.467+00:00,2026-09-28T15:14:49.515+00:00,51.070,absent,3771.7,"{""state"":""absent"",""devices"":[]}",absent,absent,25.4,23.0,List of devices attached,
2026-09-28T15:14:50.467+00:00,2026-09-28T15:14:50.515+00:00,52.070,absent,3771.7,"{""state"":""absent"",""devices"":[]}",absent,absent,25.5,22.7,List of devices attached,
2026-09-28T15:14:51.467+00:00,2026-09-28T15:14:51.514+00:00,53.069,absent,3657.4,"{""state"":""absent"",""devices"":[]}",absent,absent,25.1,21.9,List of devices attached,
2026-09-28T15:14:52.467+00:00,2026-09-28T15:14:52.517+00:00,54.072,absent,3657.4,"{""state"":""absent"",""devices"":[]}",absent,absent,26.6,23.2,List of devices attached,
2026-09-28T15:14:53.467+00:00,2026-09-28T15:14:53.518+00:00,55.073,absent,3657.4,"{""state"":""absent"",""devices"":[]}",absent,absent,26.8,23.5,List of devices attached,
2026-09-28T15:14:54.467+00:00,2026-09-28T15:14:54.519+00:00,56.074,absent,3657.4,"{""state"":""absent"",""devices"":[]}",absent,absent,27.4,24.1,List of devices attached,
2026-09-28T15:14:55.468+00:00,2026-09-28T15:14:55.519+00:00,57.075,absent,3661.8,"{""state"":""absent"",""devices"":[]}",absent,absent,26.3,25.3,List of devices attached,
2026-09-28T15:14:56.468+00:00,2026-09-28T15:14:56.518+00:00,58.073,absent,3661.8,"{""state"":""absent"",""devices"":[]}",absent,absent,26.0,23.5,List of devices attached,
2026-09-28T15:14:57.468+00:00,2026-09-28T15:14:57.517+00:00,59.072,absent,3661.8,"{""state"":""absent"",""devices"":[]}",absent,absent,25.5,23.0,List of devices attached,
2026-09-28T15:14:58.469+00:00,2026-09-28T15:14:58.519+00:00,60.074,absent,3661.8,"{""state"":""absent"",""devices"":[]}",absent,absent,26.9,23.6,List of devices attached,
2026-09-28T15:14:59.469+00:00,2026-09-28T15:14:59.520+00:00,61.075,absent,3718.0,"{""state"":""absent"",""devices"":[]}",absent,absent,26.4,24.4,List of devices attached,
2026-09-28T15:15:00.470+00:00,2026-09-28T15:15:00.516+00:00,62.071,absent,3718.0,"{""state"":""absent"",""devices"":[]}",absent,absent,24.2,21.6,List of devices attached,
2026-09-28T15:15:01.470+00:00,2026-09-28T15:15:01.517+00:00,63.072,absent,3718.0,"{""state"":""absent"",""devices"":[]}",absent,absent,24.7,21.8,List of devices attached,
2026-09-28T15:15:02.470+00:00,2026-09-28T15:15:02.515+00:00,64.070,absent,3718.0,"{""state"":""absent"",""devices"":[]}",absent,absent,25.1,20.0,List of devices attached,
2026-09-28T15:15:03.470+00:00,2026-09-28T15:15:03.521+00:00,65.076,absent,3703.4,"{""state"":""absent"",""devices"":[]}",absent,absent,25.8,24.3,List of devices attached,
2026-09-28T15:15:04.471+00:00,2026-09-28T15:15:04.521+00:00,66.076,absent,3703.4,"{""state"":""absent"",""devices"":[]}",absent,absent,27.0,23.4,List of devices attached,
2026-09-28T15:15:05.471+00:00,2026-09-28T15:15:05.520+00:00,67.075,absent,3703.4,"{""state"":""absent"",""devices"":[]}",absent,absent,24.7,23.4,List of devices attached,
2026-09-28T15:15:06.472+00:00,2026-09-28T15:15:06.519+00:00,68.074,absent,3703.4,"{""state"":""absent"",""devices"":[]}",absent,absent,25.5,21.3,List of devices attached,
2026-09-28T15:15:07.472+00:00,2026-09-28T15:15:07.520+00:00,69.075,absent,3676.5,"{""state"":""absent"",""devices"":[]}",absent,absent,25.1,22.5,List of devices attached,
2026-09-28T15:15:08.472+00:00,2026-09-28T15:15:08.521+00:00,70.076,absent,3676.5,"{""state"":""absent"",""devices"":[]}",absent,absent,25.7,22.8,List of devices attached,
2026-09-28T15:15:09.472+00:00,2026-09-28T15:15:09.520+00:00,71.075,absent,3676.5,"{""state"":""absent"",""devices"":[]}",absent,absent,26.0,21.4,List of devices attached,
2026-09-28T15:15:10.472+00:00,2026-09-28T15:15:10.519+00:00,72.075,absent,3676.5,"{""state"":""absent"",""devices"":[]}",absent,absent,24.8,22.1,List of devices attached,
2026-09-28T15:15:11.473+00:00,2026-09-28T15:15:11.519+00:00,73.074,absent,3779.2,"{""state"":""absent"",""devices"":[]}",absent,absent,24.3,21.8,List of devices attached,
2026-09-28T15:15:12.474+00:00,2026-09-28T15:15:12.520+00:00,74.075,absent,3779.2,"{""state"":""absent"",""devices"":[]}",absent,absent,25.1,21.5,List of devices attached,
2026-09-28T15:15:13.474+00:00,2026-09-28T15:15:13.521+00:00,75.076,absent,3779.2,"{""state"":""absent"",""devices"":[]}",absent,absent,25.3,21.6,List of devices attached,
2026-09-28T15:15:14.474+00:00,2026-09-28T15:15:14.522+00:00,76.077,absent,3779.2,"{""state"":""absent"",""devices"":[]}",absent,absent,27.0,21.0,List of devices attached,
2026-09-28T15:15:15.474+00:00,2026-09-28T15:15:15.520+00:00,77.075,absent,3744.0,"{""state"":""absent"",""devices"":[]}",absent,absent,25.0,20.9,List of devices attached,
2026-09-28T15:15:16.474+00:00,2026-09-28T15:15:16.520+00:00,78.075,absent,3744.0,"{""state"":""absent"",""devices"":[]}",absent,absent,23.6,22.0,List of devices attached,
2026-09-28T15:15:17.475+00:00,2026-09-28T15:15:17.521+00:00,79.076,absent,3744.0,"{""state"":""absent"",""devices"":[]}",absent,absent,24.1,22.4,List of devices attached,
2026-09-28T15:15:18.475+00:00,2026-09-28T15:15:18.519+00:00,80.074,absent,3744.0,"{""state"":""absent"",""devices"":[]}",absent,absent,23.7,20.5,List of devices attached,
2026-09-28T15:15:19.475+00:00,2026-09-28T15:15:19.521+00:00,81.076,absent,3835.2,"{""state"":""absent"",""devices"":[]}",absent,absent,23.3,21.9,List of devices attached,
2026-09-28T15:15:20.475+00:00,2026-09-28T15:15:20.521+00:00,82.076,absent,3835.2,"{""state"":""absent"",""devices"":[]}",absent,absent,23.9,21.6,List of devices attached,
2026-09-28T15:15:21.476+00:00,2026-09-28T15:15:21.521+00:00,83.076,absent,3835.2,"{""state"":""absent"",""devices"":[]}",absent,absent,23.7,21.7,List of devices attached,
2026-09-28T15:15:22.476+00:00,2026-09-28T15:15:22.521+00:00,84.076,absent,3835.2,"{""state"":""absent"",""devices"":[]}",absent,absent,24.5,19.8,List of devices attached,
2026-09-28T15:15:23.476+00:00,2026-09-28T15:15:23.521+00:00,85.076,absent,3759.1,"{""state"":""absent"",""devices"":[]}",absent,absent,23.0,21.6,List of devices attached,
2026-09-28T15:15:24.477+00:00,2026-09-28T15:15:24.524+00:00,86.079,absent,3759.1,"{""state"":""absent"",""devices"":[]}",absent,absent,25.8,21.3,List of devices attached,
2026-09-28T15:15:25.477+00:00,2026-09-28T15:15:25.523+00:00,87.078,absent,3759.1,"{""state"":""absent"",""devices"":[]}",absent,absent,24.5,21.2,List of devices attached,
2026-09-28T15:15:26.477+00:00,2026-09-28T15:15:26.523+00:00,88.078,absent,3759.1,"{""state"":""absent"",""devices"":[]}",absent,absent,24.9,20.6,List of devices attached,
2026-09-28T15:15:27.478+00:00,2026-09-28T15:15:27.525+00:00,89.080,absent,3750.8,"{""state"":""absent"",""devices"":[]}",absent,absent,26.0,21.2,List of devices attached,
2026-09-28T15:15:28.478+00:00,2026-09-28T15:15:28.522+00:00,90.077,absent,3750.8,"{""state"":""absent"",""devices"":[]}",absent,absent,23.4,21.1,List of devices attached,
2026-09-28T15:15:29.478+00:00,2026-09-28T15:15:29.523+00:00,91.078,absent,3750.8,"{""state"":""absent"",""devices"":[]}",absent,absent,25.4,19.1,List of devices attached,
2026-09-28T15:15:30.479+00:00,2026-09-28T15:15:30.523+00:00,92.078,absent,3750.8,"{""state"":""absent"",""devices"":[]}",absent,absent,24.0,20.2,List of devices attached,
2026-09-28T15:15:31.479+00:00,2026-09-28T15:15:31.523+00:00,93.078,absent,3788.5,"{""state"":""absent"",""devices"":[]}",absent,absent,24.2,20.4,List of devices attached,
2026-09-28T15:15:32.479+00:00,2026-09-28T15:15:32.528+00:00,94.083,absent,3788.5,"{""state"":""absent"",""devices"":[]}",absent,absent,26.1,23.1,List of devices attached,
2026-09-28T15:15:33.479+00:00,2026-09-28T15:15:33.525+00:00,95.080,absent,3788.5,"{""state"":""absent"",""devices"":[]}",absent,absent,25.5,20.4,List of devices attached,
2026-09-28T15:15:34.479+00:00,2026-09-28T15:15:34.527+00:00,96.082,absent,3788.5,"{""state"":""absent"",""devices"":[]}",absent,absent,25.7,22.1,List of devices attached,
2026-09-28T15:15:35.480+00:00,2026-09-28T15:15:35.525+00:00,97.080,absent,3736.9,"{""state"":""absent"",""devices"":[]}",absent,absent,23.9,21.4,List of devices attached,
2026-09-28T15:15:36.480+00:00,2026-09-28T15:15:36.526+00:00,98.081,absent,3736.9,"{""state"":""absent"",""devices"":[]}",absent,absent,23.4,22.0,List of devices attached,
2026-09-28T15:15:37.480+00:00,2026-09-28T15:15:37.525+00:00,99.080,absent,3736.9,"{""state"":""absent"",""devices"":[]}",absent,absent,24.2,20.2,List of devices attached,
2026-09-28T15:15:38.480+00:00,2026-09-28T15:15:38.525+00:00,100.080,absent,3736.9,"{""state"":""absent"",""devices"":[]}",absent,absent,24.1,20.9,List of devices attached,
2026-09-28T15:15:39.481+00:00,2026-09-28T15:15:39.529+00:00,101.084,absent,3795.1,"{""state"":""absent"",""devices"":[]}",absent,absent,25.7,22.2,List of devices attached,
2026-09-28T15:15:40.481+00:00,2026-09-28T15:15:40.528+00:00,102.083,absent,3795.1,"{""state"":""absent"",""devices"":[]}",absent,absent,25.5,20.9,List of devices attached,
2026-09-28T15:15:41.481+00:00,2026-09-28T15:15:41.528+00:00,103.084,absent,3795.1,"{""state"":""absent"",""devices"":[]}",absent,absent,26.0,21.0,List of devices attached,
2026-09-28T15:15:42.482+00:00,2026-09-28T15:15:42.526+00:00,104.081,absent,3795.1,"{""state"":""absent"",""devices"":[]}",absent,absent,24.0,20.4,List of devices attached,
2026-09-28T15:15:43.482+00:00,2026-09-28T15:15:43.526+00:00,105.082,absent,3731.7,"{""state"":""absent"",""devices"":[]}",absent,absent,23.5,21.0,List of devices attached,
2026-09-28T15:15:44.482+00:00,2026-09-28T15:15:44.528+00:00,106.083,absent,3731.7,"{""state"":""absent"",""devices"":[]}",absent,absent,25.3,20.8,List of devices attached,
2026-09-28T15:15:45.482+00:00,2026-09-28T15:15:45.529+00:00,107.084,absent,3731.7,"{""state"":""absent"",""devices"":[]}",absent,absent,23.4,23.1,List of devices attached,
2026-09-28T15:15:46.482+00:00,2026-09-28T15:15:46.528+00:00,108.083,absent,3731.7,"{""state"":""absent"",""devices"":[]}",absent,absent,24.5,21.2,List of devices attached,
2026-09-28T15:15:47.482+00:00,2026-09-28T15:15:47.527+00:00,109.082,absent,3754.5,"{""state"":""absent"",""devices"":[]}",absent,absent,24.1,20.5,List of devices attached,
2026-09-28T15:15:48.482+00:00,2026-09-28T15:15:48.527+00:00,110.082,absent,3754.5,"{""state"":""absent"",""devices"":[]}",absent,absent,24.4,20.4,List of devices attached,
2026-09-28T15:15:49.483+00:00,2026-09-28T15:15:49.529+00:00,111.084,absent,3754.5,"{""state"":""absent"",""devices"":[]}",absent,absent,25.3,21.3,List of devices attached,
2026-09-28T15:15:50.483+00:00,2026-09-28T15:15:50.528+00:00,112.084,absent,3754.5,"{""state"":""absent"",""devices"":[]}",absent,absent,24.9,20.8,List of devices attached,
2026-09-28T15:15:51.483+00:00,2026-09-28T15:15:51.529+00:00,113.084,absent,3776.2,"{""state"":""absent"",""devices"":[]}",absent,absent,24.8,21.1,List of devices attached,
2026-09-28T15:15:52.483+00:00,2026-09-28T15:15:52.532+00:00,114.087,absent,3776.2,"{""state"":""absent"",""devices"":[]}",absent,absent,26.0,22.7,List of devices attached,
2026-09-28T15:15:53.484+00:00,2026-09-28T15:15:53.528+00:00,115.083,absent,3776.2,"{""state"":""absent"",""devices"":[]}",absent,absent,24.0,20.6,List of devices attached,
2026-09-28T15:15:54.484+00:00,2026-09-28T15:15:54.531+00:00,116.086,absent,3776.2,"{""state"":""absent"",""devices"":[]}",absent,absent,24.7,21.9,List of devices attached,
2026-09-28T15:15:55.484+00:00,2026-09-28T15:15:55.529+00:00,117.084,absent,3803.4,"{""state"":""absent"",""devices"":[]}",absent,absent,24.3,20.7,List of devices attached,
2026-09-28T15:15:56.484+00:00,2026-09-28T15:15:56.529+00:00,118.084,absent,3803.4,"{""state"":""absent"",""devices"":[]}",absent,absent,24.0,20.0,List of devices attached,
2026-09-28T15:15:57.485+00:00,2026-09-28T15:15:57.530+00:00,119.086,absent,3803.4,"{""state"":""absent"",""devices"":[]}",absent,absent,24.6,21.0,List of devices attached,
2026-09-28T15:15:58.485+00:00,2026-09-28T15:15:58.532+00:00,120.087,absent,3803.4,"{""state"":""absent"",""devices"":[]}",absent,absent,25.9,20.9,List of devices attached,
2026-09-28T15:15:59.485+00:00,2026-09-28T15:15:59.534+00:00,121.089,absent,3746.9,"{""state"":""absent"",""devices"":[]}",absent,absent,27.4,21.3,List of devices attached,
2026-09-28T15:16:00.486+00:00,2026-09-28T15:16:00.530+00:00,122.085,absent,3746.9,"{""state"":""absent"",""devices"":[]}",absent,absent,23.8,20.6,List of devices attached,
2026-09-28T15:16:01.486+00:00,2026-09-28T15:16:01.533+00:00,123.088,absent,3746.9,"{""state"":""absent"",""devices"":[]}",absent,absent,25.1,21.7,List of devices attached,
2026-09-28T15:16:02.486+00:00,2026-09-28T15:16:02.531+00:00,124.086,absent,3746.9,"{""state"":""absent"",""devices"":[]}",absent,absent,24.2,20.8,List of devices attached,
2026-09-28T15:16:03.487+00:00,2026-09-28T15:16:03.534+00:00,125.089,absent,3796.7,"{""state"":""absent"",""devices"":[]}",absent,absent,24.3,22.5,List of devices attached,
2026-09-28T15:16:04.487+00:00,2026-09-28T15:16:04.534+00:00,126.089,absent,3796.7,"{""state"":""absent"",""devices"":[]}",absent,absent,25.3,21.1,List of devices attached,
2026-09-28T15:16:05.487+00:00,2026-09-28T15:16:05.533+00:00,127.088,absent,3796.7,"{""state"":""absent"",""devices"":[]}",absent,absent,23.7,21.6,List of devices attached,
2026-09-28T15:16:06.488+00:00,2026-09-28T15:16:06.533+00:00,128.088,absent,3796.7,"{""state"":""absent"",""devices"":[]}",absent,absent,24.5,20.4,List of devices attached,
2026-09-28T15:16:07.488+00:00,2026-09-28T15:16:07.535+00:00,129.090,absent,3790.9,"{""state"":""absent"",""devices"":[]}",absent,absent,25.0,21.4,List of devices attached,
2026-09-28T15:16:08.489+00:00,2026-09-28T15:16:08.535+00:00,130.090,absent,3790.9,"{""state"":""absent"",""devices"":[]}",absent,absent,25.9,20.1,List of devices attached,
2026-09-28T15:16:09.489+00:00,2026-09-28T15:16:09.536+00:00,131.091,absent,3790.9,"{""state"":""absent"",""devices"":[]}",absent,absent,26.3,20.9,List of devices attached,
2026-09-28T15:16:10.489+00:00,2026-09-28T15:16:10.540+00:00,132.095,absent,3790.9,"{""state"":""absent"",""devices"":[]}",absent,absent,26.8,23.9,List of devices attached,
2026-09-28T15:16:11.489+00:00,2026-09-28T15:16:11.535+00:00,133.090,absent,3768.0,"{""state"":""absent"",""devices"":[]}",absent,absent,24.0,21.8,List of devices attached,
2026-09-28T15:16:12.489+00:00,2026-09-28T15:16:12.538+00:00,134.093,absent,3768.0,"{""state"":""absent"",""devices"":[]}",absent,absent,25.6,22.5,List of devices attached,
2026-09-28T15:16:13.490+00:00,2026-09-28T15:16:13.536+00:00,135.091,absent,3768.0,"{""state"":""absent"",""devices"":[]}",absent,absent,24.8,20.9,List of devices attached,
2026-09-28T15:16:14.490+00:00,2026-09-28T15:16:14.536+00:00,136.091,absent,3768.0,"{""state"":""absent"",""devices"":[]}",absent,absent,24.8,20.8,List of devices attached,
2026-09-28T15:16:15.491+00:00,2026-09-28T15:16:15.538+00:00,137.093,absent,3833.1,"{""state"":""absent"",""devices"":[]}",absent,absent,24.6,22.4,List of devices attached,
2026-09-28T15:16:16.491+00:00,2026-09-28T15:16:16.538+00:00,138.093,absent,3833.1,"{""state"":""absent"",""devices"":[]}",absent,absent,25.2,20.9,List of devices attached,
2026-09-28T15:16:17.492+00:00,2026-09-28T15:16:17.539+00:00,139.094,absent,3833.1,"{""state"":""absent"",""devices"":[]}",absent,absent,24.6,22.8,List of devices attached,
2026-09-28T15:16:18.492+00:00,2026-09-28T15:16:18.537+00:00,140.092,absent,3833.1,"{""state"":""absent"",""devices"":[]}",absent,absent,23.7,21.5,List of devices attached,
2026-09-28T15:16:19.492+00:00,2026-09-28T15:16:19.538+00:00,141.093,absent,3777.4,"{""state"":""absent"",""devices"":[]}",absent,absent,24.4,21.1,List of devices attached,
2026-09-28T15:16:20.492+00:00,2026-09-28T15:16:20.537+00:00,142.092,absent,3777.4,"{""state"":""absent"",""devices"":[]}",absent,absent,23.7,21.2,List of devices attached,
2026-09-28T15:16:21.493+00:00,2026-09-28T15:16:21.538+00:00,143.093,absent,3777.4,"{""state"":""absent"",""devices"":[]}",absent,absent,24.7,21.1,List of devices attached,
2026-09-28T15:16:22.493+00:00,2026-09-28T15:16:22.539+00:00,144.094,absent,3777.4,"{""state"":""absent"",""devices"":[]}",absent,absent,24.2,22.5,List of devices attached,
2026-09-28T15:16:23.493+00:00,2026-09-28T15:16:23.539+00:00,145.094,absent,3805.0,"{""state"":""absent"",""devices"":[]}",absent,absent,24.3,22.0,List of devices attached,
2026-09-28T15:16:24.493+00:00,2026-09-28T15:16:24.540+00:00,146.095,absent,3805.0,"{""state"":""absent"",""devices"":[]}",absent,absent,25.0,21.2,List of devices attached,
2026-09-28T15:16:25.494+00:00,2026-09-28T15:16:25.541+00:00,147.096,absent,3805.0,"{""state"":""absent"",""devices"":[]}",absent,absent,24.3,22.7,List of devices attached,
2026-09-28T15:16:26.494+00:00,2026-09-28T15:16:26.543+00:00,148.098,absent,3805.0,"{""state"":""absent"",""devices"":[]}",absent,absent,25.5,23.9,List of devices attached,
2026-09-28T15:16:27.494+00:00,2026-09-28T15:16:27.542+00:00,149.097,absent,3726.6,"{""state"":""absent"",""devices"":[]}",absent,absent,25.0,22.4,List of devices attached,
2026-09-28T15:16:28.495+00:00,2026-09-28T15:16:28.542+00:00,150.097,absent,3726.6,"{""state"":""absent"",""devices"":[]}",absent,absent,25.5,21.9,List of devices attached,
2026-09-28T15:16:29.495+00:00,2026-09-28T15:16:29.543+00:00,151.098,absent,3726.6,"{""state"":""absent"",""devices"":[]}",absent,absent,26.6,21.2,List of devices attached,
2026-09-28T15:16:30.495+00:00,2026-09-28T15:16:30.544+00:00,152.099,absent,3726.6,"{""state"":""absent"",""devices"":[]}",absent,absent,25.8,22.9,List of devices attached,
2026-09-28T15:16:31.495+00:00,2026-09-28T15:16:31.544+00:00,153.099,absent,3653.4,"{""state"":""absent"",""devices"":[]}",absent,absent,27.0,22.0,List of devices attached,
2026-09-28T15:16:32.496+00:00,2026-09-28T15:16:32.571+00:00,154.126,absent,3653.4,"{""state"":""absent"",""devices"":[]}",absent,absent,53.1,22.3,List of devices attached,
2026-09-28T15:16:33.496+00:00,2026-09-28T15:16:33.542+00:00,155.097,absent,3653.4,"{""state"":""absent"",""devices"":[]}",absent,absent,25.1,21.3,List of devices attached,
2026-09-28T15:16:34.496+00:00,2026-09-28T15:16:34.543+00:00,156.098,absent,3653.4,"{""state"":""absent"",""devices"":[]}",absent,absent,24.7,21.5,List of devices attached,
2026-09-28T15:16:35.497+00:00,2026-09-28T15:16:35.545+00:00,157.100,absent,3767.0,"{""state"":""absent"",""devices"":[]}",absent,absent,25.4,22.8,List of devices attached,
2026-09-28T15:16:36.497+00:00,2026-09-28T15:16:36.543+00:00,158.098,absent,3767.0,"{""state"":""absent"",""devices"":[]}",absent,absent,24.8,21.3,List of devices attached,
2026-09-28T15:16:37.497+00:00,2026-09-28T15:16:37.543+00:00,159.098,absent,3767.0,"{""state"":""absent"",""devices"":[]}",absent,absent,24.7,21.3,List of devices attached,
2026-09-28T15:16:38.498+00:00,2026-09-28T15:16:38.545+00:00,160.100,absent,3767.0,"{""state"":""absent"",""devices"":[]}",absent,absent,25.0,21.8,List of devices attached,
2026-09-28T15:16:39.498+00:00,2026-09-28T15:16:39.547+00:00,161.102,absent,3725.6,"{""state"":""absent"",""devices"":[]}",absent,absent,26.4,22.7,List of devices attached,
2026-09-28T15:16:40.498+00:00,2026-09-28T15:16:40.545+00:00,162.100,absent,3725.6,"{""state"":""absent"",""devices"":[]}",absent,absent,25.2,21.6,List of devices attached,
2026-09-28T15:16:41.499+00:00,2026-09-28T15:16:41.546+00:00,163.101,absent,3725.6,"{""state"":""absent"",""devices"":[]}",absent,absent,25.5,21.4,List of devices attached,
2026-09-28T15:16:42.499+00:00,2026-09-28T15:16:42.545+00:00,164.100,absent,3725.6,"{""state"":""absent"",""devices"":[]}",absent,absent,25.0,20.6,List of devices attached,
2026-09-28T15:16:43.500+00:00,2026-09-28T15:16:43.545+00:00,165.100,absent,3692.6,"{""state"":""absent"",""devices"":[]}",absent,absent,23.4,22.0,List of devices attached,
2026-09-28T15:16:44.500+00:00,2026-09-28T15:16:44.546+00:00,166.101,absent,3692.6,"{""state"":""absent"",""devices"":[]}",absent,absent,24.5,21.0,List of devices attached,
2026-09-28T15:16:45.500+00:00,2026-09-28T15:16:45.552+00:00,167.107,absent,3692.6,"{""state"":""absent"",""devices"":[]}",absent,absent,27.6,23.4,List of devices attached,
2026-09-28T15:16:46.501+00:00,2026-09-28T15:16:46.545+00:00,168.100,absent,3692.6,"{""state"":""absent"",""devices"":[]}",absent,absent,24.3,19.8,List of devices attached,
2026-09-28T15:16:47.501+00:00,2026-09-28T15:16:47.547+00:00,169.102,absent,3737.4,"{""state"":""absent"",""devices"":[]}",absent,absent,23.8,21.3,List of devices attached,
2026-09-28T15:16:48.502+00:00,2026-09-28T15:16:48.547+00:00,170.102,absent,3737.4,"{""state"":""absent"",""devices"":[]}",absent,absent,24.5,20.6,List of devices attached,
2026-09-28T15:16:49.502+00:00,2026-09-28T15:16:49.550+00:00,171.105,absent,3737.4,"{""state"":""absent"",""devices"":[]}",absent,absent,25.9,22.2,List of devices attached,
2026-09-28T15:16:50.502+00:00,2026-09-28T15:16:50.549+00:00,172.104,absent,3737.4,"{""state"":""absent"",""devices"":[]}",absent,absent,25.6,21.4,List of devices attached,
2026-09-28T15:16:51.503+00:00,2026-09-28T15:16:51.551+00:00,173.106,absent,3731.1,"{""state"":""absent"",""devices"":[]}",absent,absent,26.3,21.7,List of devices attached,
2026-09-28T15:16:52.503+00:00,2026-09-28T15:16:52.550+00:00,174.105,absent,3731.1,"{""state"":""absent"",""devices"":[]}",absent,absent,25.1,21.9,List of devices attached,
2026-09-28T15:16:53.503+00:00,2026-09-28T15:16:53.549+00:00,175.104,absent,3731.1,"{""state"":""absent"",""devices"":[]}",absent,absent,23.7,21.8,List of devices attached,
2026-09-28T15:16:54.504+00:00,2026-09-28T15:16:54.550+00:00,176.105,absent,3731.1,"{""state"":""absent"",""devices"":[]}",absent,absent,24.7,21.3,List of devices attached,
2026-09-28T15:16:55.504+00:00,2026-09-28T15:16:55.551+00:00,177.106,absent,3777.3,"{""state"":""absent"",""devices"":[]}",absent,absent,23.8,22.4,List of devices attached,
2026-09-28T15:16:56.504+00:00,2026-09-28T15:16:56.550+00:00,178.105,absent,3777.3,"{""state"":""absent"",""devices"":[]}",absent,absent,24.8,20.9,List of devices attached,
2026-09-28T15:16:57.505+00:00,2026-09-28T15:16:57.551+00:00,179.106,absent,3777.3,"{""state"":""absent"",""devices"":[]}",absent,absent,24.3,21.6,List of devices attached,
2026-09-28T15:16:58.505+00:00,2026-09-28T15:16:58.552+00:00,180.107,absent,3777.3,"{""state"":""absent"",""devices"":[]}",absent,absent,24.7,22.0,List of devices attached,
2026-09-28T15:16:59.505+00:00,2026-09-28T15:16:59.552+00:00,181.107,absent,3725.0,"{""state"":""absent"",""devices"":[]}",absent,absent,25.1,21.3,List of devices attached,
2026-09-28T15:17:00.506+00:00,2026-09-28T15:17:00.552+00:00,182.107,absent,3725.0,"{""state"":""absent"",""devices"":[]}",absent,absent,24.6,21.7,List of devices attached,
2026-09-28T15:17:01.506+00:00,2026-09-28T15:17:01.553+00:00,183.108,absent,3725.0,"{""state"":""absent"",""devices"":[]}",absent,absent,25.4,21.9,List of devices attached,
2026-09-28T15:17:02.506+00:00,2026-09-28T15:17:02.550+00:00,184.105,absent,3725.0,"{""state"":""absent"",""devices"":[]}",absent,absent,23.3,20.7,List of devices attached,
2026-09-28T15:17:03.506+00:00,2026-09-28T15:17:03.552+00:00,185.107,absent,3754.5,"{""state"":""absent"",""devices"":[]}",absent,absent,24.4,21.7,List of devices attached,
2026-09-28T15:17:04.507+00:00,2026-09-28T15:17:04.554+00:00,186.109,absent,3754.5,"{""state"":""absent"",""devices"":[]}",absent,absent,25.8,21.6,List of devices attached,
2026-09-28T15:17:05.507+00:00,2026-09-28T15:17:05.553+00:00,187.108,absent,3754.5,"{""state"":""absent"",""devices"":[]}",absent,absent,24.2,21.4,List of devices attached,
2026-09-28T15:17:06.507+00:00,2026-09-28T15:17:06.555+00:00,188.110,absent,3754.5,"{""state"":""absent"",""devices"":[]}",absent,absent,26.4,21.2,List of devices attached,
2026-09-28T15:17:07.508+00:00,2026-09-28T15:17:07.553+00:00,189.108,absent,3750.3,"{""state"":""absent"",""devices"":[]}",absent,absent,23.6,21.3,List of devices attached,
2026-09-28T15:17:08.508+00:00,2026-09-28T15:17:08.554+00:00,190.109,absent,3750.3,"{""state"":""absent"",""devices"":[]}",absent,absent,24.4,21.3,List of devices attached,
2026-09-28T15:17:09.508+00:00,2026-09-28T15:17:09.552+00:00,191.107,absent,3750.3,"{""state"":""absent"",""devices"":[]}",absent,absent,23.5,20.3,List of devices attached,
2026-09-28T15:17:10.508+00:00,2026-09-28T15:17:10.557+00:00,192.112,absent,3750.3,"{""state"":""absent"",""devices"":[]}",absent,absent,25.7,22.7,List of devices attached,
2026-09-28T15:17:11.508+00:00,2026-09-28T15:17:11.553+00:00,193.108,absent,3846.1,"{""state"":""absent"",""devices"":[]}",absent,absent,23.2,21.2,List of devices attached,
2026-09-28T15:17:12.509+00:00,2026-09-28T15:17:12.553+00:00,194.108,absent,3846.1,"{""state"":""absent"",""devices"":[]}",absent,absent,22.9,20.7,List of devices attached,
2026-09-28T15:17:13.509+00:00,2026-09-28T15:17:13.557+00:00,195.112,absent,3846.1,"{""state"":""absent"",""devices"":[]}",absent,absent,26.2,21.6,List of devices attached,
2026-09-28T15:17:14.509+00:00,2026-09-28T15:17:14.557+00:00,196.112,absent,3846.1,"{""state"":""absent"",""devices"":[]}",absent,absent,25.0,22.8,List of devices attached,
2026-09-28T15:17:15.510+00:00,2026-09-28T15:17:15.555+00:00,197.110,absent,3719.7,"{""state"":""absent"",""devices"":[]}",absent,absent,24.3,20.8,List of devices attached,
2026-09-28T15:17:16.510+00:00,2026-09-28T15:17:16.557+00:00,198.112,absent,3719.7,"{""state"":""absent"",""devices"":[]}",absent,absent,26.6,20.6,List of devices attached,
2026-09-28T15:17:17.510+00:00,2026-09-28T15:17:17.560+00:00,199.115,absent,3719.7,"{""state"":""absent"",""devices"":[]}",absent,absent,25.2,24.1,List of devices attached,
2026-09-28T15:17:18.511+00:00,2026-09-28T15:17:18.576+00:00,200.131,absent,3719.7,"{""state"":""absent"",""devices"":[]}",absent,absent,40.0,25.3,List of devices attached,
2026-09-28T15:17:19.511+00:00,2026-09-28T15:17:19.561+00:00,201.116,absent,3760.1,"{""state"":""absent"",""devices"":[]}",absent,absent,26.3,23.9,List of devices attached,
2026-09-28T15:17:20.511+00:00,2026-09-28T15:17:20.574+00:00,202.129,absent,3760.1,"{""state"":""absent"",""devices"":[]}",absent,absent,26.2,36.9,List of devices attached,
2026-09-28T15:17:21.512+00:00,2026-09-28T15:17:21.567+00:00,203.122,absent,3760.1,"{""state"":""absent"",""devices"":[]}",absent,absent,31.4,23.5,List of devices attached,
2026-09-28T15:17:22.512+00:00,2026-09-28T15:17:22.564+00:00,204.119,absent,3760.1,"{""state"":""absent"",""devices"":[]}",absent,absent,28.7,23.7,List of devices attached,
2026-09-28T15:17:23.512+00:00,2026-09-28T15:17:23.568+00:00,205.123,absent,3807.1,"{""state"":""absent"",""devices"":[]}",absent,absent,28.9,26.9,List of devices attached,
2026-09-28T15:17:24.512+00:00,2026-09-28T15:17:24.576+00:00,206.131,absent,3807.1,"{""state"":""absent"",""devices"":[]}",absent,absent,38.9,24.7,List of devices attached,
2026-09-28T15:17:25.513+00:00,2026-09-28T15:17:25.573+00:00,207.128,absent,3807.1,"{""state"":""absent"",""devices"":[]}",absent,absent,26.8,33.7,List of devices attached,
2026-09-28T15:17:26.513+00:00,2026-09-28T15:17:26.559+00:00,208.114,absent,3807.1,"{""state"":""absent"",""devices"":[]}",absent,absent,24.2,21.5,List of devices attached,
2026-09-28T15:17:27.513+00:00,2026-09-28T15:17:27.561+00:00,209.116,absent,3637.4,"{""state"":""absent"",""devices"":[]}",absent,absent,26.1,21.6,List of devices attached,
2026-09-28T15:17:28.514+00:00,2026-09-28T15:17:28.560+00:00,210.115,absent,3637.4,"{""state"":""absent"",""devices"":[]}",absent,absent,24.6,21.7,List of devices attached,
2026-09-28T15:17:29.514+00:00,2026-09-28T15:17:29.563+00:00,211.118,absent,3637.4,"{""state"":""absent"",""devices"":[]}",absent,absent,26.9,21.7,List of devices attached,
2026-09-28T15:17:30.514+00:00,2026-09-28T15:17:30.560+00:00,212.115,absent,3637.4,"{""state"":""absent"",""devices"":[]}",absent,absent,24.2,21.8,List of devices attached,
2026-09-28T15:17:31.514+00:00,2026-09-28T15:17:31.560+00:00,213.115,absent,3735.0,"{""state"":""absent"",""devices"":[]}",absent,absent,24.0,21.1,List of devices attached,
2026-09-28T15:17:32.514+00:00,2026-09-28T15:17:32.561+00:00,214.116,absent,3735.0,"{""state"":""absent"",""devices"":[]}",absent,absent,25.5,20.7,List of devices attached,
2026-09-28T15:17:33.515+00:00,2026-09-28T15:17:33.561+00:00,215.116,absent,3735.0,"{""state"":""absent"",""devices"":[]}",absent,absent,25.2,20.8,List of devices attached,
2026-09-28T15:17:34.515+00:00,2026-09-28T15:17:34.560+00:00,216.115,absent,3735.0,"{""state"":""absent"",""devices"":[]}",absent,absent,25.0,19.6,List of devices attached,
2026-09-28T15:17:35.515+00:00,2026-09-28T15:17:35.562+00:00,217.117,absent,3780.3,"{""state"":""absent"",""devices"":[]}",absent,absent,24.3,21.9,List of devices attached,
2026-09-28T15:17:36.516+00:00,2026-09-28T15:17:36.563+00:00,218.118,absent,3780.3,"{""state"":""absent"",""devices"":[]}",absent,absent,25.3,21.8,List of devices attached,
2026-09-28T15:17:37.516+00:00,2026-09-28T15:17:37.565+00:00,219.120,absent,3780.3,"{""state"":""absent"",""devices"":[]}",absent,absent,26.2,22.2,List of devices attached,
2026-09-28T15:17:38.516+00:00,2026-09-28T15:17:38.561+00:00,220.116,absent,3780.3,"{""state"":""absent"",""devices"":[]}",absent,absent,24.3,20.7,List of devices attached,
2026-09-28T15:17:39.516+00:00,2026-09-28T15:17:39.562+00:00,221.117,absent,3747.9,"{""state"":""absent"",""devices"":[]}",absent,absent,23.4,21.8,List of devices attached,
2026-09-28T15:17:40.516+00:00,2026-09-28T15:17:40.564+00:00,222.119,absent,3747.9,"{""state"":""absent"",""devices"":[]}",absent,absent,25.2,21.8,List of devices attached,
2026-09-28T15:17:41.517+00:00,2026-09-28T15:17:41.562+00:00,223.117,absent,3747.9,"{""state"":""absent"",""devices"":[]}",absent,absent,24.3,21.0,List of devices attached,
2026-09-28T15:17:42.517+00:00,2026-09-28T15:17:42.562+00:00,224.117,absent,3747.9,"{""state"":""absent"",""devices"":[]}",absent,absent,23.8,21.4,List of devices attached,
2026-09-28T15:17:43.517+00:00,2026-09-28T15:17:43.563+00:00,225.118,absent,3715.9,"{""state"":""absent"",""devices"":[]}",absent,absent,24.6,21.4,List of devices attached,
2026-09-28T15:17:44.518+00:00,2026-09-28T15:17:44.563+00:00,226.118,absent,3715.9,"{""state"":""absent"",""devices"":[]}",absent,absent,24.9,20.7,List of devices attached,
2026-09-28T15:17:45.518+00:00,2026-09-28T15:17:45.566+00:00,227.122,absent,3715.9,"{""state"":""absent"",""devices"":[]}",absent,absent,25.0,23.5,List of devices attached,
2026-09-28T15:17:46.518+00:00,2026-09-28T15:17:46.563+00:00,228.118,absent,3715.9,"{""state"":""absent"",""devices"":[]}",absent,absent,24.5,20.8,List of devices attached,
2026-09-28T15:17:47.518+00:00,2026-09-28T15:17:47.566+00:00,229.121,absent,3710.7,"{""state"":""absent"",""devices"":[]}",absent,absent,25.3,22.6,List of devices attached,
2026-09-28T15:17:48.519+00:00,2026-09-28T15:17:48.564+00:00,230.119,absent,3710.7,"{""state"":""absent"",""devices"":[]}",absent,absent,24.3,21.1,List of devices attached,
2026-09-28T15:17:49.519+00:00,2026-09-28T15:17:49.565+00:00,231.120,absent,3710.7,"{""state"":""absent"",""devices"":[]}",absent,absent,25.0,20.3,List of devices attached,
2026-09-28T15:17:50.519+00:00,2026-09-28T15:17:50.566+00:00,232.121,absent,3710.7,"{""state"":""absent"",""devices"":[]}",absent,absent,24.6,21.7,List of devices attached,
2026-09-28T15:17:51.520+00:00,2026-09-28T15:17:51.565+00:00,233.121,absent,3776.4,"{""state"":""absent"",""devices"":[]}",absent,absent,23.7,22.0,List of devices attached,
2026-09-28T15:17:52.520+00:00,2026-09-28T15:17:52.566+00:00,234.121,absent,3776.4,"{""state"":""absent"",""devices"":[]}",absent,absent,25.1,20.8,List of devices attached,
2026-09-28T15:17:53.520+00:00,2026-09-28T15:17:53.570+00:00,235.125,absent,3776.4,"{""state"":""absent"",""devices"":[]}",absent,absent,26.5,22.6,List of devices attached,
2026-09-28T15:17:54.521+00:00,2026-09-28T15:17:54.565+00:00,236.120,absent,3776.4,"{""state"":""absent"",""devices"":[]}",absent,absent,23.9,20.3,List of devices attached,
2026-09-28T15:17:55.521+00:00,2026-09-28T15:17:55.568+00:00,237.123,absent,3763.1,"{""state"":""absent"",""devices"":[]}",absent,absent,25.0,22.1,List of devices attached,
2026-09-28T15:17:56.521+00:00,2026-09-28T15:17:56.569+00:00,238.124,absent,3763.1,"{""state"":""absent"",""devices"":[]}",absent,absent,25.3,22.8,List of devices attached,
2026-09-28T15:17:57.522+00:00,2026-09-28T15:17:57.569+00:00,239.124,absent,3763.1,"{""state"":""absent"",""devices"":[]}",absent,absent,24.8,22.4,List of devices attached,
2026-09-28T15:17:58.522+00:00,2026-09-28T15:17:58.567+00:00,240.122,absent,3763.1,"{""state"":""absent"",""devices"":[]}",absent,absent,23.7,21.4,List of devices attached,
2026-09-28T15:17:59.522+00:00,2026-09-28T15:17:59.569+00:00,241.124,absent,3764.0,"{""state"":""absent"",""devices"":[]}",absent,absent,24.7,21.7,List of devices attached,
2026-09-28T15:18:00.522+00:00,2026-09-28T15:18:00.569+00:00,242.124,absent,3764.0,"{""state"":""absent"",""devices"":[]}",absent,absent,24.6,21.9,List of devices attached,
2026-09-28T15:18:01.523+00:00,2026-09-28T15:18:01.568+00:00,243.123,absent,3764.0,"{""state"":""absent"",""devices"":[]}",absent,absent,25.2,20.5,List of devices attached,
2026-09-28T15:18:02.523+00:00,2026-09-28T15:18:02.570+00:00,244.125,absent,3764.0,"{""state"":""absent"",""devices"":[]}",absent,absent,24.9,21.7,List of devices attached,
2026-09-28T15:18:03.524+00:00,2026-09-28T15:18:03.568+00:00,245.123,absent,3811.6,"{""state"":""absent"",""devices"":[]}",absent,absent,23.1,21.5,List of devices attached,
2026-09-28T15:18:04.524+00:00,2026-09-28T15:18:04.571+00:00,246.126,absent,3811.6,"{""state"":""absent"",""devices"":[]}",absent,absent,25.7,21.6,List of devices attached,
2026-09-28T15:18:05.524+00:00,2026-09-28T15:18:05.569+00:00,247.124,absent,3811.6,"{""state"":""absent"",""devices"":[]}",absent,absent,23.4,21.4,List of devices attached,
2026-09-28T15:18:06.525+00:00,2026-09-28T15:18:06.572+00:00,248.127,absent,3811.6,"{""state"":""absent"",""devices"":[]}",absent,absent,25.6,21.5,List of devices attached,
2026-09-28T15:18:07.525+00:00,2026-09-28T15:18:07.572+00:00,249.127,absent,3740.2,"{""state"":""absent"",""devices"":[]}",absent,absent,25.4,21.7,List of devices attached,
2026-09-28T15:18:08.525+00:00,2026-09-28T15:18:08.571+00:00,250.126,absent,3740.2,"{""state"":""absent"",""devices"":[]}",absent,absent,24.2,21.8,List of devices attached,
2026-09-28T15:18:09.526+00:00,2026-09-28T15:18:09.574+00:00,251.129,absent,3740.2,"{""state"":""absent"",""devices"":[]}",absent,absent,25.2,22.8,List of devices attached,
2026-09-28T15:18:10.526+00:00,2026-09-28T15:18:10.572+00:00,252.127,absent,3740.2,"{""state"":""absent"",""devices"":[]}",absent,absent,23.0,22.7,List of devices attached,
2026-09-28T15:18:11.527+00:00,2026-09-28T15:18:11.572+00:00,253.127,absent,3747.9,"{""state"":""absent"",""devices"":[]}",absent,absent,24.4,20.8,List of devices attached,
2026-09-28T15:18:12.527+00:00,2026-09-28T15:18:12.572+00:00,254.128,absent,3747.9,"{""state"":""absent"",""devices"":[]}",absent,absent,24.7,20.6,List of devices attached,
2026-09-28T15:18:13.527+00:00,2026-09-28T15:18:13.580+00:00,255.135,absent,3747.9,"{""state"":""absent"",""devices"":[]}",absent,absent,27.3,25.6,List of devices attached,
2026-09-28T15:18:14.527+00:00,2026-09-28T15:18:14.576+00:00,256.131,absent,3747.9,"{""state"":""absent"",""devices"":[]}",absent,absent,26.1,22.3,List of devices attached,
2026-09-28T15:18:15.528+00:00,2026-09-28T15:18:15.577+00:00,257.132,absent,3648.8,"{""state"":""absent"",""devices"":[]}",absent,absent,25.3,23.7,List of devices attached,
2026-09-28T15:18:16.528+00:00,2026-09-28T15:18:16.575+00:00,258.130,absent,3648.8,"{""state"":""absent"",""devices"":[]}",absent,absent,24.1,22.7,List of devices attached,
2026-09-28T15:18:17.528+00:00,2026-09-28T15:18:17.574+00:00,259.129,absent,3648.8,"{""state"":""absent"",""devices"":[]}",absent,absent,24.3,21.2,List of devices attached,
2026-09-28T15:18:18.529+00:00,2026-09-28T15:18:18.574+00:00,260.129,absent,3648.8,"{""state"":""absent"",""devices"":[]}",absent,absent,23.6,21.0,List of devices attached,
2026-09-28T15:18:19.529+00:00,2026-09-28T15:18:19.573+00:00,261.128,absent,3735.8,"{""state"":""absent"",""devices"":[]}",absent,absent,23.4,19.7,List of devices attached,
2026-09-28T15:18:20.529+00:00,2026-09-28T15:18:20.575+00:00,262.130,absent,3735.8,"{""state"":""absent"",""devices"":[]}",absent,absent,24.0,21.5,List of devices attached,
2026-09-28T15:18:21.530+00:00,2026-09-28T15:18:21.575+00:00,263.130,absent,3735.8,"{""state"":""absent"",""devices"":[]}",absent,absent,24.8,20.7,List of devices attached,
2026-09-28T15:18:22.530+00:00,2026-09-28T15:18:22.576+00:00,264.131,absent,3735.8,"{""state"":""absent"",""devices"":[]}",absent,absent,24.9,20.3,List of devices attached,
2026-09-28T15:18:23.531+00:00,2026-09-28T15:18:23.576+00:00,265.131,absent,3813.7,"{""state"":""absent"",""devices"":[]}",absent,absent,24.2,20.4,List of devices attached,
2026-09-28T15:18:24.531+00:00,2026-09-28T15:18:24.578+00:00,266.133,absent,3813.7,"{""state"":""absent"",""devices"":[]}",absent,absent,25.3,21.0,List of devices attached,
2026-09-28T15:18:25.532+00:00,2026-09-28T15:18:25.575+00:00,267.130,absent,3813.7,"{""state"":""absent"",""devices"":[]}",absent,absent,23.3,20.4,List of devices attached,
2026-09-28T15:18:26.532+00:00,2026-09-28T15:18:26.578+00:00,268.133,absent,3813.7,"{""state"":""absent"",""devices"":[]}",absent,absent,24.5,21.7,List of devices attached,
2026-09-28T15:18:27.533+00:00,2026-09-28T15:18:27.578+00:00,269.133,absent,3764.3,"{""state"":""absent"",""devices"":[]}",absent,absent,24.0,21.2,List of devices attached,
2026-09-28T15:18:28.533+00:00,2026-09-28T15:18:28.578+00:00,270.133,absent,3764.3,"{""state"":""absent"",""devices"":[]}",absent,absent,24.1,20.6,List of devices attached,
2026-09-28T15:18:29.533+00:00,2026-09-28T15:18:29.578+00:00,271.133,absent,3764.3,"{""state"":""absent"",""devices"":[]}",absent,absent,24.6,20.1,List of devices attached,
2026-09-28T15:18:30.534+00:00,2026-09-28T15:18:30.577+00:00,272.132,absent,3764.3,"{""state"":""absent"",""devices"":[]}",absent,absent,23.2,20.2,List of devices attached,
2026-09-28T15:18:31.534+00:00,2026-09-28T15:18:31.577+00:00,273.132,absent,3773.1,"{""state"":""absent"",""devices"":[]}",absent,absent,22.7,20.8,List of devices attached,
2026-09-28T15:18:32.534+00:00,2026-09-28T15:18:32.580+00:00,274.135,absent,3773.1,"{""state"":""absent"",""devices"":[]}",absent,absent,24.9,20.5,List of devices attached,
2026-09-28T15:18:33.534+00:00,2026-09-28T15:18:33.580+00:00,275.135,absent,3773.1,"{""state"":""absent"",""devices"":[]}",absent,absent,24.3,21.3,List of devices attached,
2026-09-28T15:18:34.535+00:00,2026-09-28T15:18:34.579+00:00,276.135,absent,3773.1,"{""state"":""absent"",""devices"":[]}",absent,absent,24.3,20.5,List of devices attached,
2026-09-28T15:18:35.535+00:00,2026-09-28T15:18:35.579+00:00,277.134,absent,3808.2,"{""state"":""absent"",""devices"":[]}",absent,absent,23.4,21.2,List of devices attached,
2026-09-28T15:18:36.535+00:00,2026-09-28T15:18:36.581+00:00,278.136,absent,3808.2,"{""state"":""absent"",""devices"":[]}",absent,absent,25.0,21.3,List of devices attached,
2026-09-28T15:18:37.535+00:00,2026-09-28T15:18:37.582+00:00,279.137,absent,3808.2,"{""state"":""absent"",""devices"":[]}",absent,absent,24.0,22.4,List of devices attached,
2026-09-28T15:18:38.536+00:00,2026-09-28T15:18:38.582+00:00,280.137,absent,3808.2,"{""state"":""absent"",""devices"":[]}",absent,absent,24.6,21.4,List of devices attached,
2026-09-28T15:18:39.536+00:00,2026-09-28T15:18:39.583+00:00,281.138,absent,3688.0,"{""state"":""absent"",""devices"":[]}",absent,absent,24.4,21.9,List of devices attached,
2026-09-28T15:18:40.536+00:00,2026-09-28T15:18:40.584+00:00,282.139,absent,3688.0,"{""state"":""absent"",""devices"":[]}",absent,absent,25.0,22.5,List of devices attached,
2026-09-28T15:18:41.537+00:00,2026-09-28T15:18:41.581+00:00,283.136,absent,3688.0,"{""state"":""absent"",""devices"":[]}",absent,absent,23.9,20.4,List of devices attached,
2026-09-28T15:18:42.537+00:00,2026-09-28T15:18:42.585+00:00,284.140,absent,3688.0,"{""state"":""absent"",""devices"":[]}",absent,absent,25.8,22.0,List of devices attached,
2026-09-28T15:18:43.537+00:00,2026-09-28T15:18:43.583+00:00,285.138,absent,3748.4,"{""state"":""absent"",""devices"":[]}",absent,absent,24.5,21.7,List of devices attached,
2026-09-28T15:18:44.537+00:00,2026-09-28T15:18:44.583+00:00,286.138,absent,3748.4,"{""state"":""absent"",""devices"":[]}",absent,absent,24.3,21.2,List of devices attached,
2026-09-28T15:18:45.537+00:00,2026-09-28T15:18:45.584+00:00,287.139,absent,3748.4,"{""state"":""absent"",""devices"":[]}",absent,absent,24.9,21.9,List of devices attached,
2026-09-28T15:18:46.538+00:00,2026-09-28T15:18:46.581+00:00,288.136,absent,3748.4,"{""state"":""absent"",""devices"":[]}",absent,absent,23.0,20.6,List of devices attached,
2026-09-28T15:18:47.538+00:00,2026-09-28T15:18:47.586+00:00,289.141,absent,3771.5,"{""state"":""absent"",""devices"":[]}",absent,absent,26.0,21.8,List of devices attached,
2026-09-28T15:18:48.538+00:00,2026-09-28T15:18:48.584+00:00,290.139,absent,3771.5,"{""state"":""absent"",""devices"":[]}",absent,absent,23.9,21.5,List of devices attached,
2026-09-28T15:18:49.538+00:00,2026-09-28T15:18:49.585+00:00,291.140,absent,3771.5,"{""state"":""absent"",""devices"":[]}",absent,absent,25.2,20.8,List of devices attached,
2026-09-28T15:18:50.539+00:00,2026-09-28T15:18:50.585+00:00,292.140,absent,3771.5,"{""state"":""absent"",""devices"":[]}",absent,absent,23.5,22.5,List of devices attached,
2026-09-28T15:18:51.539+00:00,2026-09-28T15:18:51.584+00:00,293.139,absent,3738.5,"{""state"":""absent"",""devices"":[]}",absent,absent,23.9,20.3,List of devices attached,
2026-09-28T15:18:52.539+00:00,2026-09-28T15:18:52.585+00:00,294.140,absent,3738.5,"{""state"":""absent"",""devices"":[]}",absent,absent,24.6,21.0,List of devices attached,
2026-09-28T15:18:53.540+00:00,2026-09-28T15:18:53.585+00:00,295.140,absent,3738.5,"{""state"":""absent"",""devices"":[]}",absent,absent,23.5,22.1,List of devices attached,
2026-09-28T15:18:54.540+00:00,2026-09-28T15:18:54.585+00:00,296.140,absent,3738.5,"{""state"":""absent"",""devices"":[]}",absent,absent,23.5,20.9,List of devices attached,
2026-09-28T15:18:55.541+00:00,2026-09-28T15:18:55.586+00:00,297.141,absent,3759.6,"{""state"":""absent"",""devices"":[]}",absent,absent,24.0,21.0,List of devices attached,
2026-09-28T15:18:56.541+00:00,2026-09-28T15:18:56.587+00:00,298.142,absent,3759.6,"{""state"":""absent"",""devices"":[]}",absent,absent,23.9,21.4,List of devices attached,
2026-09-28T15:18:57.541+00:00,2026-09-28T15:18:57.589+00:00,299.145,absent,3759.6,"{""state"":""absent"",""devices"":[]}",absent,absent,24.5,23.6,List of devices attached,
2026-09-28T15:18:58.541+00:00,2026-09-28T15:18:58.588+00:00,300.143,absent,3759.6,"{""state"":""absent"",""devices"":[]}",absent,absent,25.4,21.0,List of devices attached,
2026-09-28T15:18:59.542+00:00,2026-09-28T15:18:59.587+00:00,301.142,absent,3703.8,"{""state"":""absent"",""devices"":[]}",absent,absent,23.9,21.0,List of devices attached,
2026-09-28T15:19:00.542+00:00,2026-09-28T15:19:00.587+00:00,302.142,absent,3703.8,"{""state"":""absent"",""devices"":[]}",absent,absent,24.7,20.3,List of devices attached,
2026-09-28T15:19:01.542+00:00,2026-09-28T15:19:01.588+00:00,303.143,absent,3703.8,"{""state"":""absent"",""devices"":[]}",absent,absent,24.3,21.1,List of devices attached,
2026-09-28T15:19:02.543+00:00,2026-09-28T15:19:02.590+00:00,304.145,absent,3703.8,"{""state"":""absent"",""devices"":[]}",absent,absent,26.3,20.6,List of devices attached,
2026-09-28T15:19:03.543+00:00,2026-09-28T15:19:03.587+00:00,305.142,absent,3742.2,"{""state"":""absent"",""devices"":[]}",absent,absent,23.8,20.6,List of devices attached,
2026-09-28T15:19:04.543+00:00,2026-09-28T15:19:04.589+00:00,306.144,absent,3742.2,"{""state"":""absent"",""devices"":[]}",absent,absent,24.3,21.3,List of devices attached,
2026-09-28T15:19:05.544+00:00,2026-09-28T15:19:05.590+00:00,307.145,absent,3742.2,"{""state"":""absent"",""devices"":[]}",absent,absent,25.4,21.0,List of devices attached,
2026-09-28T15:19:06.544+00:00,2026-09-28T15:19:06.590+00:00,308.145,absent,3742.2,"{""state"":""absent"",""devices"":[]}",absent,absent,24.5,21.2,List of devices attached,
2026-09-28T15:19:07.544+00:00,2026-09-28T15:19:07.589+00:00,309.144,absent,3806.5,"{""state"":""absent"",""devices"":[]}",absent,absent,23.7,21.0,List of devices attached,
2026-09-28T15:19:08.545+00:00,2026-09-28T15:19:08.592+00:00,310.147,absent,3806.5,"{""state"":""absent"",""devices"":[]}",absent,absent,25.3,21.8,List of devices attached,
2026-09-28T15:19:09.545+00:00,2026-09-28T15:19:09.592+00:00,311.147,absent,3806.5,"{""state"":""absent"",""devices"":[]}",absent,absent,24.9,22.4,List of devices attached,
2026-09-28T15:19:10.545+00:00,2026-09-28T15:19:10.591+00:00,312.146,absent,3806.5,"{""state"":""absent"",""devices"":[]}",absent,absent,24.5,21.3,List of devices attached,
2026-09-28T15:19:11.546+00:00,2026-09-28T15:19:11.590+00:00,313.145,absent,3806.5,"{""state"":""absent"",""devices"":[]}",absent,absent,23.8,20.9,List of devices attached,
2026-09-28T15:19:12.546+00:00,2026-09-28T15:19:12.592+00:00,314.147,absent,4011.7,"{""state"":""absent"",""devices"":[]}",absent,absent,24.7,21.0,List of devices attached,
2026-09-28T15:19:13.547+00:00,2026-09-28T15:19:13.592+00:00,315.147,absent,4011.7,"{""state"":""absent"",""devices"":[]}",absent,absent,24.5,20.9,List of devices attached,
2026-09-28T15:19:14.547+00:00,2026-09-28T15:19:14.594+00:00,316.149,absent,4011.7,"{""state"":""absent"",""devices"":[]}",absent,absent,26.1,21.0,List of devices attached,
2026-09-28T15:19:15.547+00:00,2026-09-28T15:19:15.593+00:00,317.148,absent,4011.7,"{""state"":""absent"",""devices"":[]}",absent,absent,25.3,20.0,List of devices attached,
2026-09-28T15:19:16.547+00:00,2026-09-28T15:19:16.592+00:00,318.147,absent,3768.1,"{""state"":""absent"",""devices"":[]}",absent,absent,23.6,21.2,List of devices attached,
2026-09-28T15:19:17.548+00:00,2026-09-28T15:19:17.596+00:00,319.151,absent,3768.1,"{""state"":""absent"",""devices"":[]}",absent,absent,25.1,22.2,List of devices attached,
2026-09-28T15:19:18.549+00:00,2026-09-28T15:19:18.594+00:00,320.149,absent,3768.1,"{""state"":""absent"",""devices"":[]}",absent,absent,25.1,20.4,List of devices attached,
2026-09-28T15:19:19.549+00:00,2026-09-28T15:19:19.594+00:00,321.149,absent,3768.1,"{""state"":""absent"",""devices"":[]}",absent,absent,24.8,20.2,List of devices attached,
2026-09-28T15:19:20.549+00:00,2026-09-28T15:19:20.595+00:00,322.151,absent,3715.6,"{""state"":""absent"",""devices"":[]}",absent,absent,24.0,22.1,List of devices attached,
2026-09-28T15:19:21.549+00:00,2026-09-28T15:19:21.594+00:00,323.150,absent,3715.6,"{""state"":""absent"",""devices"":[]}",absent,absent,23.2,21.8,List of devices attached,
2026-09-28T15:19:22.550+00:00,2026-09-28T15:19:22.596+00:00,324.151,absent,3715.6,"{""state"":""absent"",""devices"":[]}",absent,absent,24.2,22.1,List of devices attached,
2026-09-28T15:19:23.550+00:00,2026-09-28T15:19:23.597+00:00,325.152,absent,3715.6,"{""state"":""absent"",""devices"":[]}",absent,absent,25.7,21.2,List of devices attached,
2026-09-28T15:19:24.550+00:00,2026-09-28T15:19:24.597+00:00,326.152,absent,3755.2,"{""state"":""absent"",""devices"":[]}",absent,absent,25.2,21.4,List of devices attached,
2026-09-28T15:19:25.550+00:00,2026-09-28T15:19:25.598+00:00,327.153,absent,3755.2,"{""state"":""absent"",""devices"":[]}",absent,absent,25.5,21.7,List of devices attached,
2026-09-28T15:19:26.551+00:00,2026-09-28T15:19:26.597+00:00,328.152,absent,3755.2,"{""state"":""absent"",""devices"":[]}",absent,absent,24.5,21.1,List of devices attached,
2026-09-28T15:19:27.551+00:00,2026-09-28T15:19:27.597+00:00,329.152,absent,3755.2,"{""state"":""absent"",""devices"":[]}",absent,absent,25.0,21.3,List of devices attached,
2026-09-28T15:19:28.551+00:00,2026-09-28T15:19:28.596+00:00,330.151,absent,3720.8,"{""state"":""absent"",""devices"":[]}",absent,absent,23.9,20.7,List of devices attached,
2026-09-28T15:19:29.551+00:00,2026-09-28T15:19:29.596+00:00,331.151,absent,3720.8,"{""state"":""absent"",""devices"":[]}",absent,absent,23.2,21.0,List of devices attached,
2026-09-28T15:19:30.552+00:00,2026-09-28T15:19:30.599+00:00,332.154,absent,3720.8,"{""state"":""absent"",""devices"":[]}",absent,absent,25.3,22.0,List of devices attached,
2026-09-28T15:19:31.552+00:00,2026-09-28T15:19:31.597+00:00,333.153,absent,3720.8,"{""state"":""absent"",""devices"":[]}",absent,absent,24.4,21.2,List of devices attached,
2026-09-28T15:19:32.552+00:00,2026-09-28T15:19:32.596+00:00,334.151,absent,3732.4,"{""state"":""absent"",""devices"":[]}",absent,absent,24.2,20.0,List of devices attached,
2026-09-28T15:19:33.552+00:00,2026-09-28T15:19:33.598+00:00,335.153,absent,3732.4,"{""state"":""absent"",""devices"":[]}",absent,absent,24.6,21.3,List of devices attached,
2026-09-28T15:19:34.553+00:00,2026-09-28T15:19:34.598+00:00,336.153,absent,3732.4,"{""state"":""absent"",""devices"":[]}",absent,absent,24.7,20.7,List of devices attached,
2026-09-28T15:19:35.553+00:00,2026-09-28T15:19:35.597+00:00,337.152,absent,3732.4,"{""state"":""absent"",""devices"":[]}",absent,absent,23.9,20.1,List of devices attached,
2026-09-28T15:19:36.553+00:00,2026-09-28T15:19:36.598+00:00,338.153,absent,3724.7,"{""state"":""absent"",""devices"":[]}",absent,absent,23.6,21.2,List of devices attached,
2026-09-28T15:19:37.553+00:00,2026-09-28T15:19:37.599+00:00,339.154,absent,3724.7,"{""state"":""absent"",""devices"":[]}",absent,absent,23.7,22.4,List of devices attached,
2026-09-28T15:19:38.553+00:00,2026-09-28T15:19:38.598+00:00,340.154,absent,3724.7,"{""state"":""absent"",""devices"":[]}",absent,absent,24.1,20.8,List of devices attached,
2026-09-28T15:19:39.554+00:00,2026-09-28T15:19:39.599+00:00,341.154,absent,3724.7,"{""state"":""absent"",""devices"":[]}",absent,absent,25.1,20.3,List of devices attached,
2026-09-28T15:19:40.554+00:00,2026-09-28T15:19:40.599+00:00,342.154,absent,3697.5,"{""state"":""absent"",""devices"":[]}",absent,absent,23.9,20.6,List of devices attached,
2026-09-28T15:19:41.555+00:00,2026-09-28T15:19:41.601+00:00,343.156,absent,3697.5,"{""state"":""absent"",""devices"":[]}",absent,absent,24.1,22.1,List of devices attached,
2026-09-28T15:19:42.555+00:00,2026-09-28T15:19:42.601+00:00,344.156,absent,3697.5,"{""state"":""absent"",""devices"":[]}",absent,absent,24.6,20.9,List of devices attached,
2026-09-28T15:19:43.556+00:00,2026-09-28T15:19:43.602+00:00,345.157,absent,3697.5,"{""state"":""absent"",""devices"":[]}",absent,absent,24.6,21.7,List of devices attached,
2026-09-28T15:19:44.556+00:00,2026-09-28T15:19:44.602+00:00,346.157,absent,3718.3,"{""state"":""absent"",""devices"":[]}",absent,absent,24.9,20.7,List of devices attached,
2026-09-28T15:19:45.556+00:00,2026-09-28T15:19:45.603+00:00,347.158,absent,3718.3,"{""state"":""absent"",""devices"":[]}",absent,absent,24.5,22.5,List of devices attached,
2026-09-28T15:19:46.557+00:00,2026-09-28T15:19:46.603+00:00,348.158,absent,3718.3,"{""state"":""absent"",""devices"":[]}",absent,absent,25.4,21.5,List of devices attached,
2026-09-28T15:19:47.557+00:00,2026-09-28T15:19:47.602+00:00,349.157,absent,3718.3,"{""state"":""absent"",""devices"":[]}",absent,absent,24.8,20.3,List of devices attached,
2026-09-28T15:19:48.557+00:00,2026-09-28T15:19:48.602+00:00,350.157,absent,3751.7,"{""state"":""absent"",""devices"":[]}",absent,absent,24.0,20.7,List of devices attached,
2026-09-28T15:19:49.558+00:00,2026-09-28T15:19:49.604+00:00,351.159,absent,3751.7,"{""state"":""absent"",""devices"":[]}",absent,absent,24.6,21.5,List of devices attached,
2026-09-28T15:19:50.558+00:00,2026-09-28T15:19:50.603+00:00,352.158,absent,3751.7,"{""state"":""absent"",""devices"":[]}",absent,absent,24.5,20.9,List of devices attached,
2026-09-28T15:19:51.558+00:00,2026-09-28T15:19:51.603+00:00,353.158,absent,3751.7,"{""state"":""absent"",""devices"":[]}",absent,absent,23.8,21.1,List of devices attached,
2026-09-28T15:19:52.559+00:00,2026-09-28T15:19:52.606+00:00,354.161,absent,3707.9,"{""state"":""absent"",""devices"":[]}",absent,absent,24.4,23.3,List of devices attached,
2026-09-28T15:19:53.559+00:00,2026-09-28T15:19:53.606+00:00,355.161,absent,3707.9,"{""state"":""absent"",""devices"":[]}",absent,absent,25.4,21.7,List of devices attached,
2026-09-28T15:19:54.559+00:00,2026-09-28T15:19:54.610+00:00,356.165,absent,3707.9,"{""state"":""absent"",""devices"":[]}",absent,absent,28.1,22.5,List of devices attached,
2026-09-28T15:19:55.560+00:00,2026-09-28T15:19:55.606+00:00,357.161,absent,3707.9,"{""state"":""absent"",""devices"":[]}",absent,absent,25.0,20.8,List of devices attached,
2026-09-28T15:19:56.560+00:00,2026-09-28T15:19:56.607+00:00,358.162,absent,3805.0,"{""state"":""absent"",""devices"":[]}",absent,absent,25.1,21.4,List of devices attached,
2026-09-28T15:19:57.560+00:00,2026-09-28T15:19:57.608+00:00,359.163,absent,3805.0,"{""state"":""absent"",""devices"":[]}",absent,absent,25.7,21.3,List of devices attached,
2026-09-28T15:19:58.561+00:00,2026-09-28T15:19:58.607+00:00,360.162,absent,3805.0,"{""state"":""absent"",""devices"":[]}",absent,absent,24.2,21.8,List of devices attached,
2026-09-28T15:19:59.561+00:00,2026-09-28T15:19:59.607+00:00,361.162,absent,3805.0,"{""state"":""absent"",""devices"":[]}",absent,absent,24.1,21.4,List of devices attached,
2026-09-28T15:20:00.561+00:00,2026-09-28T15:20:00.608+00:00,362.163,absent,3788.4,"{""state"":""absent"",""devices"":[]}",absent,absent,24.9,21.8,List of devices attached,
2026-09-28T15:20:01.562+00:00,2026-09-28T15:20:01.605+00:00,363.160,absent,3788.4,"{""state"":""absent"",""devices"":[]}",absent,absent,23.8,19.7,List of devices attached,
2026-09-28T15:20:02.562+00:00,2026-09-28T15:20:02.607+00:00,364.162,absent,3788.4,"{""state"":""absent"",""devices"":[]}",absent,absent,24.7,20.4,List of devices attached,
2026-09-28T15:20:03.562+00:00,2026-09-28T15:20:03.608+00:00,365.163,absent,3788.4,"{""state"":""absent"",""devices"":[]}",absent,absent,24.7,21.2,List of devices attached,
2026-09-28T15:20:04.563+00:00,2026-09-28T15:20:04.608+00:00,366.163,absent,3779.4,"{""state"":""absent"",""devices"":[]}",absent,absent,23.9,20.9,List of devices attached,
2026-09-28T15:20:05.563+00:00,2026-09-28T15:20:05.612+00:00,367.167,absent,3779.4,"{""state"":""absent"",""devices"":[]}",absent,absent,25.3,23.2,List of devices attached,
2026-09-28T15:20:06.563+00:00,2026-09-28T15:20:06.610+00:00,368.165,absent,3779.4,"{""state"":""absent"",""devices"":[]}",absent,absent,25.1,21.6,List of devices attached,
2026-09-28T15:20:07.563+00:00,2026-09-28T15:20:07.608+00:00,369.163,absent,3779.4,"{""state"":""absent"",""devices"":[]}",absent,absent,23.7,21.1,List of devices attached,
2026-09-28T15:20:08.564+00:00,2026-09-28T15:20:08.609+00:00,370.164,absent,3773.9,"{""state"":""absent"",""devices"":[]}",absent,absent,23.7,21.6,List of devices attached,
2026-09-28T15:20:09.564+00:00,2026-09-28T15:20:09.610+00:00,371.165,absent,3773.9,"{""state"":""absent"",""devices"":[]}",absent,absent,24.8,20.3,List of devices attached,
2026-09-28T15:20:10.564+00:00,2026-09-28T15:20:10.613+00:00,372.168,absent,3773.9,"{""state"":""absent"",""devices"":[]}",absent,absent,25.6,23.3,List of devices attached,
2026-09-28T15:20:11.565+00:00,2026-09-28T15:20:11.610+00:00,373.165,absent,3773.9,"{""state"":""absent"",""devices"":[]}",absent,absent,24.1,21.0,List of devices attached,
2026-09-28T15:20:12.565+00:00,2026-09-28T15:20:12.610+00:00,374.165,absent,3754.7,"{""state"":""absent"",""devices"":[]}",absent,absent,23.9,21.3,List of devices attached,
2026-09-28T15:20:13.565+00:00,2026-09-28T15:20:13.610+00:00,375.166,absent,3754.7,"{""state"":""absent"",""devices"":[]}",absent,absent,25.0,20.4,List of devices attached,
2026-09-28T15:20:14.566+00:00,2026-09-28T15:20:14.612+00:00,376.167,absent,3754.7,"{""state"":""absent"",""devices"":[]}",absent,absent,24.5,22.1,List of devices attached,
2026-09-28T15:20:15.566+00:00,2026-09-28T15:20:15.610+00:00,377.165,absent,3754.7,"{""state"":""absent"",""devices"":[]}",absent,absent,23.8,19.9,List of devices attached,
2026-09-28T15:20:16.566+00:00,2026-09-28T15:20:16.611+00:00,378.166,absent,3776.9,"{""state"":""absent"",""devices"":[]}",absent,absent,23.4,21.0,List of devices attached,
2026-09-28T15:20:17.566+00:00,2026-09-28T15:20:17.613+00:00,379.168,absent,3776.9,"{""state"":""absent"",""devices"":[]}",absent,absent,24.7,22.1,List of devices attached,
2026-09-28T15:20:18.566+00:00,2026-09-28T15:20:18.611+00:00,380.166,absent,3776.9,"{""state"":""absent"",""devices"":[]}",absent,absent,24.0,20.3,List of devices attached,
2026-09-28T15:20:19.567+00:00,2026-09-28T15:20:19.615+00:00,381.170,absent,3776.9,"{""state"":""absent"",""devices"":[]}",absent,absent,26.4,21.6,List of devices attached,
2026-09-28T15:20:20.567+00:00,2026-09-28T15:20:20.613+00:00,382.168,absent,3742.0,"{""state"":""absent"",""devices"":[]}",absent,absent,24.0,22.2,List of devices attached,
2026-09-28T15:20:21.567+00:00,2026-09-28T15:20:21.615+00:00,383.170,absent,3742.0,"{""state"":""absent"",""devices"":[]}",absent,absent,26.5,21.4,List of devices attached,
2026-09-28T15:20:22.567+00:00,2026-09-28T15:20:22.617+00:00,384.172,absent,3742.0,"{""state"":""absent"",""devices"":[]}",absent,absent,25.9,24.5,List of devices attached,
2026-09-28T15:20:23.567+00:00,2026-09-28T15:20:23.615+00:00,385.170,absent,3742.0,"{""state"":""absent"",""devices"":[]}",absent,absent,24.7,22.9,List of devices attached,
2026-09-28T15:20:24.568+00:00,2026-09-28T15:20:24.613+00:00,386.168,absent,3719.8,"{""state"":""absent"",""devices"":[]}",absent,absent,23.7,20.9,List of devices attached,
2026-09-28T15:20:25.568+00:00,2026-09-28T15:20:25.613+00:00,387.168,absent,3719.8,"{""state"":""absent"",""devices"":[]}",absent,absent,23.9,20.9,List of devices attached,
2026-09-28T15:20:26.569+00:00,2026-09-28T15:20:26.619+00:00,388.174,absent,3719.8,"{""state"":""absent"",""devices"":[]}",absent,absent,25.7,23.8,List of devices attached,
2026-09-28T15:20:27.569+00:00,2026-09-28T15:20:27.616+00:00,389.171,absent,3719.8,"{""state"":""absent"",""devices"":[]}",absent,absent,24.8,21.7,List of devices attached,
2026-09-28T15:20:28.570+00:00,2026-09-28T15:20:28.615+00:00,390.170,absent,3691.4,"{""state"":""absent"",""devices"":[]}",absent,absent,23.3,21.6,List of devices attached,
2026-09-28T15:20:29.570+00:00,2026-09-28T15:20:29.618+00:00,391.173,absent,3691.4,"{""state"":""absent"",""devices"":[]}",absent,absent,25.0,22.6,List of devices attached,
2026-09-28T15:20:30.570+00:00,2026-09-28T15:20:30.615+00:00,392.170,absent,3691.4,"{""state"":""absent"",""devices"":[]}",absent,absent,24.2,20.3,List of devices attached,
2026-09-28T15:20:31.571+00:00,2026-09-28T15:20:31.617+00:00,393.172,absent,3691.4,"{""state"":""absent"",""devices"":[]}",absent,absent,24.9,21.4,List of devices attached,
2026-09-28T15:20:32.571+00:00,2026-09-28T15:20:32.617+00:00,394.172,absent,3809.8,"{""state"":""absent"",""devices"":[]}",absent,absent,24.2,21.1,List of devices attached,
2026-09-28T15:20:33.572+00:00,2026-09-28T15:20:33.617+00:00,395.172,absent,3809.8,"{""state"":""absent"",""devices"":[]}",absent,absent,24.2,20.5,List of devices attached,
2026-09-28T15:20:34.572+00:00,2026-09-28T15:20:34.621+00:00,396.176,absent,3809.8,"{""state"":""absent"",""devices"":[]}",absent,absent,25.7,23.0,List of devices attached,
2026-09-28T15:20:35.573+00:00,2026-09-28T15:20:35.617+00:00,397.173,absent,3809.8,"{""state"":""absent"",""devices"":[]}",absent,absent,24.4,20.5,List of devices attached,
2026-09-28T15:20:36.573+00:00,2026-09-28T15:20:36.620+00:00,398.175,absent,3771.0,"{""state"":""absent"",""devices"":[]}",absent,absent,23.9,22.9,List of devices attached,
2026-09-28T15:20:37.573+00:00,2026-09-28T15:20:37.619+00:00,399.174,absent,3771.0,"{""state"":""absent"",""devices"":[]}",absent,absent,25.0,20.3,List of devices attached,
2026-09-28T15:20:38.574+00:00,2026-09-28T15:20:38.620+00:00,400.175,absent,3771.0,"{""state"":""absent"",""devices"":[]}",absent,absent,25.4,21.0,List of devices attached,
2026-09-28T15:20:39.574+00:00,2026-09-28T15:20:39.620+00:00,401.175,absent,3771.0,"{""state"":""absent"",""devices"":[]}",absent,absent,23.8,21.9,List of devices attached,
2026-09-28T15:20:40.574+00:00,2026-09-28T15:20:40.618+00:00,402.173,absent,3801.7,"{""state"":""absent"",""devices"":[]}",absent,absent,23.2,20.5,List of devices attached,
2026-09-28T15:20:41.575+00:00,2026-09-28T15:20:41.621+00:00,403.176,absent,3801.7,"{""state"":""absent"",""devices"":[]}",absent,absent,25.4,20.5,List of devices attached,
2026-09-28T15:20:42.575+00:00,2026-09-28T15:20:42.623+00:00,404.178,absent,3801.7,"{""state"":""absent"",""devices"":[]}",absent,absent,25.9,22.3,List of devices attached,
2026-09-28T15:20:43.575+00:00,2026-09-28T15:20:43.620+00:00,405.175,absent,3801.7,"{""state"":""absent"",""devices"":[]}",absent,absent,23.8,20.8,List of devices attached,
2026-09-28T15:20:44.575+00:00,2026-09-28T15:20:44.621+00:00,406.176,absent,3722.2,"{""state"":""absent"",""devices"":[]}",absent,absent,24.6,21.2,List of devices attached,
2026-09-28T15:20:45.575+00:00,2026-09-28T15:20:45.622+00:00,407.177,absent,3722.2,"{""state"":""absent"",""devices"":[]}",absent,absent,25.7,20.7,List of devices attached,
2026-09-28T15:20:46.576+00:00,2026-09-28T15:20:46.621+00:00,408.176,absent,3722.2,"{""state"":""absent"",""devices"":[]}",absent,absent,24.2,20.8,List of devices attached,
2026-09-28T15:20:47.576+00:00,2026-09-28T15:20:47.622+00:00,409.177,absent,3722.2,"{""state"":""absent"",""devices"":[]}",absent,absent,25.0,21.2,List of devices attached,
2026-09-28T15:20:48.576+00:00,2026-09-28T15:20:48.623+00:00,410.178,absent,3730.5,"{""state"":""absent"",""devices"":[]}",absent,absent,24.8,22.0,List of devices attached,
2026-09-28T15:20:49.577+00:00,2026-09-28T15:20:49.623+00:00,411.178,absent,3730.5,"{""state"":""absent"",""devices"":[]}",absent,absent,25.8,20.6,List of devices attached,
2026-09-28T15:20:50.577+00:00,2026-09-28T15:20:50.622+00:00,412.177,absent,3730.5,"{""state"":""absent"",""devices"":[]}",absent,absent,24.3,20.9,List of devices attached,
2026-09-28T15:20:51.577+00:00,2026-09-28T15:20:51.620+00:00,413.175,absent,3730.5,"{""state"":""absent"",""devices"":[]}",absent,absent,23.5,20.0,List of devices attached,
2026-09-28T15:20:52.577+00:00,2026-09-28T15:20:52.624+00:00,414.179,absent,3795.0,"{""state"":""absent"",""devices"":[]}",absent,absent,24.6,22.1,List of devices attached,
2026-09-28T15:20:53.578+00:00,2026-09-28T15:20:53.622+00:00,415.177,absent,3795.0,"{""state"":""absent"",""devices"":[]}",absent,absent,23.4,20.8,List of devices attached,
2026-09-28T15:20:54.578+00:00,2026-09-28T15:20:54.626+00:00,416.181,absent,3795.0,"{""state"":""absent"",""devices"":[]}",absent,absent,26.4,21.2,List of devices attached,
2026-09-28T15:20:55.578+00:00,2026-09-28T15:20:55.623+00:00,417.178,absent,3795.0,"{""state"":""absent"",""devices"":[]}",absent,absent,24.0,20.5,List of devices attached,
2026-09-28T15:20:56.578+00:00,2026-09-28T15:20:56.623+00:00,418.178,absent,3757.5,"{""state"":""absent"",""devices"":[]}",absent,absent,23.5,21.1,List of devices attached,
2026-09-28T15:20:57.579+00:00,2026-09-28T15:20:57.626+00:00,419.181,absent,3757.5,"{""state"":""absent"",""devices"":[]}",absent,absent,25.0,22.2,List of devices attached,
2026-09-28T15:20:58.579+00:00,2026-09-28T15:20:58.624+00:00,420.179,absent,3757.5,"{""state"":""absent"",""devices"":[]}",absent,absent,23.9,21.2,List of devices attached,
2026-09-28T15:20:59.580+00:00,2026-09-28T15:20:59.626+00:00,421.181,absent,3757.5,"{""state"":""absent"",""devices"":[]}",absent,absent,25.3,21.2,List of devices attached,
2026-09-28T15:21:00.580+00:00,2026-09-28T15:21:00.628+00:00,422.183,absent,3682.0,"{""state"":""absent"",""devices"":[]}",absent,absent,25.1,23.3,List of devices attached,
2026-09-28T15:21:01.580+00:00,2026-09-28T15:21:01.629+00:00,423.184,absent,3682.0,"{""state"":""absent"",""devices"":[]}",absent,absent,25.6,23.3,List of devices attached,
2026-09-28T15:21:02.580+00:00,2026-09-28T15:21:02.625+00:00,424.180,absent,3682.0,"{""state"":""absent"",""devices"":[]}",absent,absent,23.5,21.0,List of devices attached,
2026-09-28T15:21:03.580+00:00,2026-09-28T15:21:03.625+00:00,425.180,absent,3682.0,"{""state"":""absent"",""devices"":[]}",absent,absent,23.8,20.9,List of devices attached,
2026-09-28T15:21:04.581+00:00,2026-09-28T15:21:04.628+00:00,426.183,absent,3684.1,"{""state"":""absent"",""devices"":[]}",absent,absent,24.2,22.8,List of devices attached,
2026-09-28T15:21:05.581+00:00,2026-09-28T15:21:05.628+00:00,427.183,absent,3684.1,"{""state"":""absent"",""devices"":[]}",absent,absent,24.6,22.2,List of devices attached,
2026-09-28T15:21:06.581+00:00,2026-09-28T15:21:06.630+00:00,428.185,absent,3684.1,"{""state"":""absent"",""devices"":[]}",absent,absent,26.0,22.8,List of devices attached,
2026-09-28T15:21:07.582+00:00,2026-09-28T15:21:07.630+00:00,429.185,absent,3684.1,"{""state"":""absent"",""devices"":[]}",absent,absent,26.3,22.1,List of devices attached,
2026-09-28T15:21:08.582+00:00,2026-09-28T15:21:08.630+00:00,430.185,absent,3674.8,"{""state"":""absent"",""devices"":[]}",absent,absent,26.2,22.0,List of devices attached,
2026-09-28T15:21:09.582+00:00,2026-09-28T15:21:09.630+00:00,431.185,absent,3674.8,"{""state"":""absent"",""devices"":[]}",absent,absent,25.6,21.8,List of devices attached,
2026-09-28T15:21:10.582+00:00,2026-09-28T15:21:10.629+00:00,432.184,absent,3674.8,"{""state"":""absent"",""devices"":[]}",absent,absent,25.3,21.2,List of devices attached,
2026-09-28T15:21:11.583+00:00,2026-09-28T15:21:11.631+00:00,433.186,absent,3674.8,"{""state"":""absent"",""devices"":[]}",absent,absent,26.2,21.7,List of devices attached,
2026-09-28T15:21:12.583+00:00,2026-09-28T15:21:12.631+00:00,434.186,absent,3621.4,"{""state"":""absent"",""devices"":[]}",absent,absent,25.6,22.0,List of devices attached,
2026-09-28T15:21:13.583+00:00,2026-09-28T15:21:13.631+00:00,435.186,absent,3621.4,"{""state"":""absent"",""devices"":[]}",absent,absent,25.8,22.2,List of devices attached,
2026-09-28T15:21:14.584+00:00,2026-09-28T15:21:14.630+00:00,436.185,absent,3621.4,"{""state"":""absent"",""devices"":[]}",absent,absent,25.8,20.7,List of devices attached,
2026-09-28T15:21:15.584+00:00,2026-09-28T15:21:15.637+00:00,437.192,absent,3621.4,"{""state"":""absent"",""devices"":[]}",absent,absent,28.3,24.2,List of devices attached,
2026-09-28T15:21:16.584+00:00,2026-09-28T15:21:16.630+00:00,438.185,absent,3695.7,"{""state"":""absent"",""devices"":[]}",absent,absent,24.8,21.2,List of devices attached,
2026-09-28T15:21:17.584+00:00,2026-09-28T15:21:17.631+00:00,439.186,absent,3695.7,"{""state"":""absent"",""devices"":[]}",absent,absent,25.2,21.5,List of devices attached,
2026-09-28T15:21:18.584+00:00,2026-09-28T15:21:18.631+00:00,440.186,absent,3695.7,"{""state"":""absent"",""devices"":[]}",absent,absent,25.3,20.8,List of devices attached,
2026-09-28T15:21:19.585+00:00,2026-09-28T15:21:19.631+00:00,441.186,absent,3695.7,"{""state"":""absent"",""devices"":[]}",absent,absent,24.6,22.0,List of devices attached,
2026-09-28T15:21:20.585+00:00,2026-09-28T15:21:20.631+00:00,442.186,absent,3721.5,"{""state"":""absent"",""devices"":[]}",absent,absent,25.0,20.3,List of devices attached,
2026-09-28T15:21:21.585+00:00,2026-09-28T15:21:21.633+00:00,443.188,absent,3721.5,"{""state"":""absent"",""devices"":[]}",absent,absent,25.4,22.1,List of devices attached,
2026-09-28T15:21:22.586+00:00,2026-09-28T15:21:22.631+00:00,444.186,absent,3721.5,"{""state"":""absent"",""devices"":[]}",absent,absent,24.8,20.6,List of devices attached,
2026-09-28T15:21:23.586+00:00,2026-09-28T15:21:23.632+00:00,445.187,absent,3721.5,"{""state"":""absent"",""devices"":[]}",absent,absent,24.7,21.6,List of devices attached,
2026-09-28T15:21:24.586+00:00,2026-09-28T15:21:24.632+00:00,446.187,absent,3778.2,"{""state"":""absent"",""devices"":[]}",absent,absent,23.7,21.9,List of devices attached,
2026-09-28T15:21:25.586+00:00,2026-09-28T15:21:25.632+00:00,447.187,absent,3778.2,"{""state"":""absent"",""devices"":[]}",absent,absent,24.9,20.3,List of devices attached,
2026-09-28T15:21:26.586+00:00,2026-09-28T15:21:26.632+00:00,448.187,absent,3778.2,"{""state"":""absent"",""devices"":[]}",absent,absent,24.4,21.1,List of devices attached,
2026-09-28T15:21:27.587+00:00,2026-09-28T15:21:27.633+00:00,449.188,absent,3778.2,"{""state"":""absent"",""devices"":[]}",absent,absent,24.6,21.5,List of devices attached,
2026-09-28T15:21:28.587+00:00,2026-09-28T15:21:28.633+00:00,450.188,absent,3742.7,"{""state"":""absent"",""devices"":[]}",absent,absent,23.7,22.3,List of devices attached,
2026-09-28T15:21:29.587+00:00,2026-09-28T15:21:29.632+00:00,451.187,absent,3742.7,"{""state"":""absent"",""devices"":[]}",absent,absent,24.5,20.1,List of devices attached,
2026-09-28T15:21:30.588+00:00,2026-09-28T15:21:30.631+00:00,452.187,absent,3742.7,"{""state"":""absent"",""devices"":[]}",absent,absent,23.5,20.3,List of devices attached,
2026-09-28T15:21:31.588+00:00,2026-09-28T15:21:31.632+00:00,453.187,absent,3742.7,"{""state"":""absent"",""devices"":[]}",absent,absent,24.0,20.3,List of devices attached,
2026-09-28T15:21:32.588+00:00,2026-09-28T15:21:32.634+00:00,454.189,absent,3793.1,"{""state"":""absent"",""devices"":[]}",absent,absent,24.7,20.9,List of devices attached,
2026-09-28T15:21:33.588+00:00,2026-09-28T15:21:33.633+00:00,455.188,absent,3793.1,"{""state"":""absent"",""devices"":[]}",absent,absent,24.0,20.9,List of devices attached,
2026-09-28T15:21:34.589+00:00,2026-09-28T15:21:34.634+00:00,456.189,absent,3793.1,"{""state"":""absent"",""devices"":[]}",absent,absent,24.0,21.3,List of devices attached,
2026-09-28T15:21:35.589+00:00,2026-09-28T15:21:35.634+00:00,457.189,absent,3793.1,"{""state"":""absent"",""devices"":[]}",absent,absent,24.2,20.8,List of devices attached,
2026-09-28T15:21:36.589+00:00,2026-09-28T15:21:36.637+00:00,458.192,absent,3756.0,"{""state"":""absent"",""devices"":[]}",absent,absent,25.4,22.6,List of devices attached,
2026-09-28T15:21:37.590+00:00,2026-09-28T15:21:37.637+00:00,459.192,absent,3756.0,"{""state"":""absent"",""devices"":[]}",absent,absent,25.6,21.5,List of devices attached,
2026-09-28T15:21:38.590+00:00,2026-09-28T15:21:38.635+00:00,460.190,absent,3756.0,"{""state"":""absent"",""devices"":[]}",absent,absent,24.3,20.1,List of devices attached,
2026-09-28T15:21:39.590+00:00,2026-09-28T15:21:39.634+00:00,461.189,absent,3756.0,"{""state"":""absent"",""devices"":[]}",absent,absent,23.7,19.9,List of devices attached,
2026-09-28T15:21:40.590+00:00,2026-09-28T15:21:40.640+00:00,462.195,absent,3733.1,"{""state"":""absent"",""devices"":[]}",absent,absent,26.5,22.9,List of devices attached,
2026-09-28T15:21:41.591+00:00,2026-09-28T15:21:41.636+00:00,463.191,absent,3733.1,"{""state"":""absent"",""devices"":[]}",absent,absent,24.5,20.5,List of devices attached,
2026-09-28T15:21:42.591+00:00,2026-09-28T15:21:42.635+00:00,464.190,absent,3733.1,"{""state"":""absent"",""devices"":[]}",absent,absent,23.6,20.5,List of devices attached,
2026-09-28T15:21:43.592+00:00,2026-09-28T15:21:43.636+00:00,465.191,absent,3733.1,"{""state"":""absent"",""devices"":[]}",absent,absent,23.8,20.2,List of devices attached,
2026-09-28T15:21:44.592+00:00,2026-09-28T15:21:44.638+00:00,466.193,absent,3769.3,"{""state"":""absent"",""devices"":[]}",absent,absent,24.8,20.9,List of devices attached,
2026-09-28T15:21:45.592+00:00,2026-09-28T15:21:45.639+00:00,467.194,absent,3769.3,"{""state"":""absent"",""devices"":[]}",absent,absent,25.9,20.9,List of devices attached,
2026-09-28T15:21:46.592+00:00,2026-09-28T15:21:46.638+00:00,468.193,absent,3769.3,"{""state"":""absent"",""devices"":[]}",absent,absent,25.0,20.2,List of devices attached,
2026-09-28T15:21:47.593+00:00,2026-09-28T15:21:47.641+00:00,469.196,absent,3769.3,"{""state"":""absent"",""devices"":[]}",absent,absent,25.2,22.9,List of devices attached,
2026-09-28T15:21:48.593+00:00,2026-09-28T15:21:48.639+00:00,470.194,absent,3683.3,"{""state"":""absent"",""devices"":[]}",absent,absent,24.0,21.6,List of devices attached,
2026-09-28T15:21:49.593+00:00,2026-09-28T15:21:49.641+00:00,471.196,absent,3683.3,"{""state"":""absent"",""devices"":[]}",absent,absent,24.8,22.6,List of devices attached,
2026-09-28T15:21:50.593+00:00,2026-09-28T15:21:50.640+00:00,472.196,absent,3683.3,"{""state"":""absent"",""devices"":[]}",absent,absent,25.8,21.1,List of devices attached,
2026-09-28T15:21:51.594+00:00,2026-09-28T15:21:51.641+00:00,473.196,absent,3683.3,"{""state"":""absent"",""devices"":[]}",absent,absent,25.0,22.4,List of devices attached,
2026-09-28T15:21:52.594+00:00,2026-09-28T15:21:52.639+00:00,474.194,absent,3746.9,"{""state"":""absent"",""devices"":[]}",absent,absent,24.1,21.0,List of devices attached,
2026-09-28T15:21:53.595+00:00,2026-09-28T15:21:53.641+00:00,475.196,absent,3746.9,"{""state"":""absent"",""devices"":[]}",absent,absent,24.9,21.2,List of devices attached,
2026-09-28T15:21:54.595+00:00,2026-09-28T15:21:54.641+00:00,476.196,absent,3746.9,"{""state"":""absent"",""devices"":[]}",absent,absent,25.1,21.2,List of devices attached,
2026-09-28T15:21:55.595+00:00,2026-09-28T15:21:55.639+00:00,477.194,absent,3746.9,"{""state"":""absent"",""devices"":[]}",absent,absent,23.6,20.2,List of devices attached,
2026-09-28T15:21:56.596+00:00,2026-09-28T15:21:56.640+00:00,478.196,absent,3725.6,"{""state"":""absent"",""devices"":[]}",absent,absent,23.5,20.9,List of devices attached,
2026-09-28T15:21:57.596+00:00,2026-09-28T15:21:57.641+00:00,479.196,absent,3725.6,"{""state"":""absent"",""devices"":[]}",absent,absent,23.8,21.0,List of devices attached,
2026-09-28T15:21:58.597+00:00,2026-09-28T15:21:58.643+00:00,480.198,absent,3725.6,"{""state"":""absent"",""devices"":[]}",absent,absent,25.4,20.8,List of devices attached,
2026-09-28T15:21:59.597+00:00,2026-09-28T15:21:59.643+00:00,481.198,absent,3725.6,"{""state"":""absent"",""devices"":[]}",absent,absent,24.5,21.0,List of devices attached,
2026-09-28T15:22:00.598+00:00,2026-09-28T15:22:00.643+00:00,482.198,absent,3749.8,"{""state"":""absent"",""devices"":[]}",absent,absent,23.3,21.6,List of devices attached,
2026-09-28T15:22:01.598+00:00,2026-09-28T15:22:01.643+00:00,483.198,absent,3749.8,"{""state"":""absent"",""devices"":[]}",absent,absent,23.8,21.4,List of devices attached,
2026-09-28T15:22:02.598+00:00,2026-09-28T15:22:02.644+00:00,484.199,absent,3749.8,"{""state"":""absent"",""devices"":[]}",absent,absent,23.7,22.0,List of devices attached,
2026-09-28T15:22:03.598+00:00,2026-09-28T15:22:03.644+00:00,485.199,absent,3749.8,"{""state"":""absent"",""devices"":[]}",absent,absent,23.6,21.8,List of devices attached,
2026-09-28T15:22:04.599+00:00,2026-09-28T15:22:04.645+00:00,486.200,absent,3751.1,"{""state"":""absent"",""devices"":[]}",absent,absent,24.8,20.8,List of devices attached,
2026-09-28T15:22:05.599+00:00,2026-09-28T15:22:05.645+00:00,487.200,absent,3751.1,"{""state"":""absent"",""devices"":[]}",absent,absent,23.9,21.5,List of devices attached,
2026-09-28T15:22:06.599+00:00,2026-09-28T15:22:06.643+00:00,488.198,absent,3751.1,"{""state"":""absent"",""devices"":[]}",absent,absent,23.5,20.5,List of devices attached,
2026-09-28T15:22:07.600+00:00,2026-09-28T15:22:07.643+00:00,489.198,absent,3751.1,"{""state"":""absent"",""devices"":[]}",absent,absent,23.5,19.8,List of devices attached,
2026-09-28T15:22:08.600+00:00,2026-09-28T15:22:08.647+00:00,490.202,absent,3811.1,"{""state"":""absent"",""devices"":[]}",absent,absent,26.2,20.5,List of devices attached,
2026-09-28T15:22:09.600+00:00,2026-09-28T15:22:09.646+00:00,491.201,absent,3811.1,"{""state"":""absent"",""devices"":[]}",absent,absent,24.5,20.6,List of devices attached,
2026-09-28T15:22:10.601+00:00,2026-09-28T15:22:10.647+00:00,492.202,absent,3811.1,"{""state"":""absent"",""devices"":[]}",absent,absent,24.9,21.0,List of devices attached,
2026-09-28T15:22:11.601+00:00,2026-09-28T15:22:11.646+00:00,493.201,absent,3811.1,"{""state"":""absent"",""devices"":[]}",absent,absent,23.6,21.1,List of devices attached,
2026-09-28T15:22:12.601+00:00,2026-09-28T15:22:12.647+00:00,494.202,absent,3769.5,"{""state"":""absent"",""devices"":[]}",absent,absent,23.6,21.9,List of devices attached,
2026-09-28T15:22:13.601+00:00,2026-09-28T15:22:13.648+00:00,495.203,absent,3769.5,"{""state"":""absent"",""devices"":[]}",absent,absent,24.4,22.4,List of devices attached,
2026-09-28T15:22:14.601+00:00,2026-09-28T15:22:14.648+00:00,496.203,absent,3769.5,"{""state"":""absent"",""devices"":[]}",absent,absent,24.7,21.7,List of devices attached,
2026-09-28T15:22:15.602+00:00,2026-09-28T15:22:15.647+00:00,497.202,absent,3769.5,"{""state"":""absent"",""devices"":[]}",absent,absent,25.3,20.1,List of devices attached,
2026-09-28T15:22:16.602+00:00,2026-09-28T15:22:16.647+00:00,498.202,absent,3641.2,"{""state"":""absent"",""devices"":[]}",absent,absent,23.8,21.2,List of devices attached,
2026-09-28T15:22:17.602+00:00,2026-09-28T15:22:17.649+00:00,499.205,absent,3641.2,"{""state"":""absent"",""devices"":[]}",absent,absent,26.2,21.1,List of devices attached,
2026-09-28T15:22:18.602+00:00,2026-09-28T15:22:18.648+00:00,500.203,absent,3641.2,"{""state"":""absent"",""devices"":[]}",absent,absent,23.6,21.6,List of devices attached,
2026-09-28T15:22:19.603+00:00,2026-09-28T15:22:19.650+00:00,501.205,absent,3641.2,"{""state"":""absent"",""devices"":[]}",absent,absent,25.1,22.1,List of devices attached,
2026-09-28T15:22:20.603+00:00,2026-09-28T15:22:20.647+00:00,502.202,absent,3742.9,"{""state"":""absent"",""devices"":[]}",absent,absent,23.5,20.6,List of devices attached,
2026-09-28T15:22:21.603+00:00,2026-09-28T15:22:21.648+00:00,503.203,absent,3742.9,"{""state"":""absent"",""devices"":[]}",absent,absent,24.4,20.5,List of devices attached,
2026-09-28T15:22:22.604+00:00,2026-09-28T15:22:22.649+00:00,504.204,absent,3742.9,"{""state"":""absent"",""devices"":[]}",absent,absent,24.6,20.2,List of devices attached,
2026-09-28T15:22:23.604+00:00,2026-09-28T15:22:23.649+00:00,505.204,absent,3742.9,"{""state"":""absent"",""devices"":[]}",absent,absent,23.6,21.4,List of devices attached,
2026-09-28T15:22:24.604+00:00,2026-09-28T15:22:24.649+00:00,506.205,absent,3717.2,"{""state"":""absent"",""devices"":[]}",absent,absent,24.7,20.8,List of devices attached,
2026-09-28T15:22:25.604+00:00,2026-09-28T15:22:25.648+00:00,507.203,absent,3717.2,"{""state"":""absent"",""devices"":[]}",absent,absent,23.2,20.6,List of devices attached,
2026-09-28T15:22:26.604+00:00,2026-09-28T15:22:26.650+00:00,508.205,absent,3717.2,"{""state"":""absent"",""devices"":[]}",absent,absent,23.6,21.9,List of devices attached,
2026-09-28T15:22:27.605+00:00,2026-09-28T15:22:27.648+00:00,509.203,absent,3717.2,"{""state"":""absent"",""devices"":[]}",absent,absent,22.9,20.1,List of devices attached,
2026-09-28T15:22:28.605+00:00,2026-09-28T15:22:28.652+00:00,510.207,absent,3808.1,"{""state"":""absent"",""devices"":[]}",absent,absent,25.1,21.3,List of devices attached,
2026-09-28T15:22:29.606+00:00,2026-09-28T15:22:29.652+00:00,511.207,absent,3808.1,"{""state"":""absent"",""devices"":[]}",absent,absent,24.4,21.5,List of devices attached,
2026-09-28T15:22:30.606+00:00,2026-09-28T15:22:30.654+00:00,512.209,absent,3808.1,"{""state"":""absent"",""devices"":[]}",absent,absent,26.6,21.0,List of devices attached,
2026-09-28T15:22:31.607+00:00,2026-09-28T15:22:31.652+00:00,513.207,absent,3808.1,"{""state"":""absent"",""devices"":[]}",absent,absent,23.7,21.7,List of devices attached,
2026-09-28T15:22:32.607+00:00,2026-09-28T15:22:32.652+00:00,514.207,absent,3715.8,"{""state"":""absent"",""devices"":[]}",absent,absent,24.5,20.6,List of devices attached,
2026-09-28T15:22:33.607+00:00,2026-09-28T15:22:33.652+00:00,515.207,absent,3715.8,"{""state"":""absent"",""devices"":[]}",absent,absent,23.2,22.2,List of devices attached,
2026-09-28T15:22:34.607+00:00,2026-09-28T15:22:34.653+00:00,516.208,absent,3715.8,"{""state"":""absent"",""devices"":[]}",absent,absent,24.3,21.2,List of devices attached,
2026-09-28T15:22:35.607+00:00,2026-09-28T15:22:35.655+00:00,517.210,absent,3715.8,"{""state"":""absent"",""devices"":[]}",absent,absent,25.5,21.9,List of devices attached,
2026-09-28T15:22:36.608+00:00,2026-09-28T15:22:36.655+00:00,518.210,absent,3745.9,"{""state"":""absent"",""devices"":[]}",absent,absent,25.0,21.6,List of devices attached,
2026-09-28T15:22:37.608+00:00,2026-09-28T15:22:37.659+00:00,519.214,absent,3745.9,"{""state"":""absent"",""devices"":[]}",absent,absent,25.9,24.4,List of devices attached,
2026-09-28T15:22:38.609+00:00,2026-09-28T15:22:38.654+00:00,520.210,absent,3745.9,"{""state"":""absent"",""devices"":[]}",absent,absent,24.3,21.4,List of devices attached,
2026-09-28T15:22:39.609+00:00,2026-09-28T15:22:39.657+00:00,521.212,absent,3745.9,"{""state"":""absent"",""devices"":[]}",absent,absent,24.8,22.9,List of devices attached,
2026-09-28T15:22:40.609+00:00,2026-09-28T15:22:40.659+00:00,522.214,absent,3594.0,"{""state"":""absent"",""devices"":[]}",absent,absent,25.7,24.2,List of devices attached,
2026-09-28T15:22:41.609+00:00,2026-09-28T15:22:41.655+00:00,523.210,absent,3594.0,"{""state"":""absent"",""devices"":[]}",absent,absent,23.6,21.6,List of devices attached,
2026-09-28T15:22:42.610+00:00,2026-09-28T15:22:42.658+00:00,524.213,absent,3594.0,"{""state"":""absent"",""devices"":[]}",absent,absent,26.2,22.4,List of devices attached,
2026-09-28T15:22:43.610+00:00,2026-09-28T15:22:43.655+00:00,525.210,absent,3594.0,"{""state"":""absent"",""devices"":[]}",absent,absent,23.3,21.9,List of devices attached,
2026-09-28T15:22:44.610+00:00,2026-09-28T15:22:44.656+00:00,526.211,absent,3747.4,"{""state"":""absent"",""devices"":[]}",absent,absent,24.8,21.0,List of devices attached,
2026-09-28T15:22:45.610+00:00,2026-09-28T15:22:45.656+00:00,527.211,absent,3747.4,"{""state"":""absent"",""devices"":[]}",absent,absent,24.1,21.7,List of devices attached,
2026-09-28T15:22:46.611+00:00,2026-09-28T15:22:46.657+00:00,528.212,absent,3747.4,"{""state"":""absent"",""devices"":[]}",absent,absent,24.0,21.8,List of devices attached,
2026-09-28T15:22:47.612+00:00,2026-09-28T15:22:47.658+00:00,529.213,absent,3747.4,"{""state"":""absent"",""devices"":[]}",absent,absent,24.0,22.8,List of devices attached,
2026-09-28T15:22:48.612+00:00,2026-09-28T15:22:48.657+00:00,530.212,absent,3759.1,"{""state"":""absent"",""devices"":[]}",absent,absent,24.0,20.5,List of devices attached,
2026-09-28T15:22:49.612+00:00,2026-09-28T15:22:49.659+00:00,531.214,absent,3759.1,"{""state"":""absent"",""devices"":[]}",absent,absent,24.9,21.3,List of devices attached,
2026-09-28T15:22:50.613+00:00,2026-09-28T15:22:50.659+00:00,532.214,absent,3759.1,"{""state"":""absent"",""devices"":[]}",absent,absent,24.1,21.7,List of devices attached,
2026-09-28T15:22:51.613+00:00,2026-09-28T15:22:51.659+00:00,533.214,absent,3759.1,"{""state"":""absent"",""devices"":[]}",absent,absent,24.3,21.1,List of devices attached,
2026-09-28T15:22:52.614+00:00,2026-09-28T15:22:52.660+00:00,534.215,absent,3737.2,"{""state"":""absent"",""devices"":[]}",absent,absent,24.4,21.7,List of devices attached,
2026-09-28T15:22:53.614+00:00,2026-09-28T15:22:53.658+00:00,535.213,absent,3737.2,"{""state"":""absent"",""devices"":[]}",absent,absent,23.9,20.3,List of devices attached,
2026-09-28T15:22:54.614+00:00,2026-09-28T15:22:54.659+00:00,536.214,absent,3737.2,"{""state"":""absent"",""devices"":[]}",absent,absent,24.3,20.1,List of devices attached,
2026-09-28T15:22:55.614+00:00,2026-09-28T15:22:55.659+00:00,537.214,absent,3737.2,"{""state"":""absent"",""devices"":[]}",absent,absent,23.6,21.2,List of devices attached,
2026-09-28T15:22:56.615+00:00,2026-09-28T15:22:56.659+00:00,538.214,absent,3756.4,"{""state"":""absent"",""devices"":[]}",absent,absent,23.4,20.9,List of devices attached,
2026-09-28T15:22:57.615+00:00,2026-09-28T15:22:57.660+00:00,539.215,absent,3756.4,"{""state"":""absent"",""devices"":[]}",absent,absent,24.8,20.2,List of devices attached,
2026-09-28T15:22:58.615+00:00,2026-09-28T15:22:58.664+00:00,540.219,absent,3756.4,"{""state"":""absent"",""devices"":[]}",absent,absent,26.8,21.6,List of devices attached,
2026-09-28T15:22:59.615+00:00,2026-09-28T15:22:59.663+00:00,541.218,absent,3756.4,"{""state"":""absent"",""devices"":[]}",absent,absent,26.1,21.9,List of devices attached,
2026-09-28T15:23:00.616+00:00,2026-09-28T15:23:00.663+00:00,542.218,absent,3753.0,"{""state"":""absent"",""devices"":[]}",absent,absent,25.7,21.8,List of devices attached,
2026-09-28T15:23:01.616+00:00,2026-09-28T15:23:01.662+00:00,543.217,absent,3753.0,"{""state"":""absent"",""devices"":[]}",absent,absent,24.2,21.9,List of devices attached,
2026-09-28T15:23:02.616+00:00,2026-09-28T15:23:02.662+00:00,544.217,absent,3753.0,"{""state"":""absent"",""devices"":[]}",absent,absent,25.1,20.7,List of devices attached,
2026-09-28T15:23:03.617+00:00,2026-09-28T15:23:03.665+00:00,545.220,absent,3753.0,"{""state"":""absent"",""devices"":[]}",absent,absent,25.5,22.9,List of devices attached,
2026-09-28T15:23:04.617+00:00,2026-09-28T15:23:04.663+00:00,546.218,absent,3649.1,"{""state"":""absent"",""devices"":[]}",absent,absent,25.1,21.4,List of devices attached,
2026-09-28T15:23:05.617+00:00,2026-09-28T15:23:05.662+00:00,547.217,absent,3649.1,"{""state"":""absent"",""devices"":[]}",absent,absent,23.6,21.3,List of devices attached,
2026-09-28T15:23:06.617+00:00,2026-09-28T15:23:06.664+00:00,548.219,absent,3649.1,"{""state"":""absent"",""devices"":[]}",absent,absent,24.6,21.6,List of devices attached,
2026-09-28T15:23:07.618+00:00,2026-09-28T15:23:07.662+00:00,549.217,absent,3649.1,"{""state"":""absent"",""devices"":[]}",absent,absent,24.5,19.8,List of devices attached,
2026-09-28T15:23:08.618+00:00,2026-09-28T15:23:08.662+00:00,550.217,absent,3738.9,"{""state"":""absent"",""devices"":[]}",absent,absent,23.5,20.2,List of devices attached,
2026-09-28T15:23:09.619+00:00,2026-09-28T15:23:09.664+00:00,551.219,absent,3738.9,"{""state"":""absent"",""devices"":[]}",absent,absent,24.7,20.6,List of devices attached,
2026-09-28T15:23:10.619+00:00,2026-09-28T15:23:10.664+00:00,552.219,absent,3738.9,"{""state"":""absent"",""devices"":[]}",absent,absent,24.6,20.6,List of devices attached,
2026-09-28T15:23:11.619+00:00,2026-09-28T15:23:11.666+00:00,553.221,absent,3738.9,"{""state"":""absent"",""devices"":[]}",absent,absent,24.9,21.6,List of devices attached,
2026-09-28T15:23:12.620+00:00,2026-09-28T15:23:12.665+00:00,554.220,absent,3753.2,"{""state"":""absent"",""devices"":[]}",absent,absent,23.7,21.2,List of devices attached,
2026-09-28T15:23:13.620+00:00,2026-09-28T15:23:13.664+00:00,555.219,absent,3753.2,"{""state"":""absent"",""devices"":[]}",absent,absent,23.9,20.2,List of devices attached,
2026-09-28T15:23:14.621+00:00,2026-09-28T15:23:14.668+00:00,556.223,absent,3753.2,"{""state"":""absent"",""devices"":[]}",absent,absent,26.0,21.1,List of devices attached,
2026-09-28T15:23:15.621+00:00,2026-09-28T15:23:15.668+00:00,557.223,absent,3753.2,"{""state"":""absent"",""devices"":[]}",absent,absent,24.2,22.7,List of devices attached,
2026-09-28T15:23:16.622+00:00,2026-09-28T15:23:16.670+00:00,558.225,absent,3674.7,"{""state"":""absent"",""devices"":[]}",absent,absent,25.8,22.4,List of devices attached,
2026-09-28T15:23:17.622+00:00,2026-09-28T15:23:17.668+00:00,559.223,absent,3674.7,"{""state"":""absent"",""devices"":[]}",absent,absent,25.0,21.1,List of devices attached,
2026-09-28T15:23:18.622+00:00,2026-09-28T15:23:18.668+00:00,560.223,absent,3674.7,"{""state"":""absent"",""devices"":[]}",absent,absent,23.9,22.0,List of devices attached,
2026-09-28T15:23:19.622+00:00,2026-09-28T15:23:19.669+00:00,561.224,absent,3674.7,"{""state"":""absent"",""devices"":[]}",absent,absent,24.8,21.4,List of devices attached,
2026-09-28T15:23:20.623+00:00,2026-09-28T15:23:20.669+00:00,562.224,absent,3792.0,"{""state"":""absent"",""devices"":[]}",absent,absent,25.2,20.5,List of devices attached,
2026-09-28T15:23:21.623+00:00,2026-09-28T15:23:21.673+00:00,563.228,absent,3792.0,"{""state"":""absent"",""devices"":[]}",absent,absent,25.7,24.1,List of devices attached,
2026-09-28T15:23:22.623+00:00,2026-09-28T15:23:22.677+00:00,564.232,absent,3792.0,"{""state"":""absent"",""devices"":[]}",absent,absent,27.5,26.0,List of devices attached,
2026-09-28T15:23:23.624+00:00,2026-09-28T15:23:23.670+00:00,565.225,absent,3792.0,"{""state"":""absent"",""devices"":[]}",absent,absent,25.3,21.4,List of devices attached,
2026-09-28T15:23:24.624+00:00,2026-09-28T15:23:24.671+00:00,566.226,absent,3654.4,"{""state"":""absent"",""devices"":[]}",absent,absent,25.2,21.4,List of devices attached,
2026-09-28T15:23:25.624+00:00,2026-09-28T15:23:25.670+00:00,567.225,absent,3654.4,"{""state"":""absent"",""devices"":[]}",absent,absent,24.7,21.2,List of devices attached,
2026-09-28T15:23:26.624+00:00,2026-09-28T15:23:26.671+00:00,568.226,absent,3654.4,"{""state"":""absent"",""devices"":[]}",absent,absent,24.6,21.7,List of devices attached,
2026-09-28T15:23:27.625+00:00,2026-09-28T15:23:27.672+00:00,569.227,absent,3654.4,"{""state"":""absent"",""devices"":[]}",absent,absent,26.4,20.9,List of devices attached,
2026-09-28T15:23:28.625+00:00,2026-09-28T15:23:28.671+00:00,570.226,absent,3741.2,"{""state"":""absent"",""devices"":[]}",absent,absent,24.1,21.6,List of devices attached,
2026-09-28T15:23:29.625+00:00,2026-09-28T15:23:29.674+00:00,571.230,absent,3741.2,"{""state"":""absent"",""devices"":[]}",absent,absent,27.0,22.3,List of devices attached,
2026-09-28T15:23:30.625+00:00,2026-09-28T15:23:30.674+00:00,572.229,absent,3741.2,"{""state"":""absent"",""devices"":[]}",absent,absent,26.4,22.1,List of devices attached,
2026-09-28T15:23:31.625+00:00,2026-09-28T15:23:31.672+00:00,573.227,absent,3741.2,"{""state"":""absent"",""devices"":[]}",absent,absent,25.2,21.7,List of devices attached,
2026-09-28T15:23:32.626+00:00,2026-09-28T15:23:32.670+00:00,574.225,absent,3713.9,"{""state"":""absent"",""devices"":[]}",absent,absent,23.0,21.1,List of devices attached,
2026-09-28T15:23:33.626+00:00,2026-09-28T15:23:33.672+00:00,575.227,absent,3713.9,"{""state"":""absent"",""devices"":[]}",absent,absent,24.5,21.4,List of devices attached,
2026-09-28T15:23:34.626+00:00,2026-09-28T15:23:34.672+00:00,576.227,absent,3713.9,"{""state"":""absent"",""devices"":[]}",absent,absent,25.8,20.1,List of devices attached,
2026-09-28T15:23:35.627+00:00,2026-09-28T15:23:35.673+00:00,577.228,absent,3713.9,"{""state"":""absent"",""devices"":[]}",absent,absent,25.0,20.9,List of devices attached,
2026-09-28T15:23:36.627+00:00,2026-09-28T15:23:36.673+00:00,578.228,absent,3671.9,"{""state"":""absent"",""devices"":[]}",absent,absent,24.2,22.1,List of devices attached,
2026-09-28T15:23:37.627+00:00,2026-09-28T15:23:37.675+00:00,579.230,absent,3671.9,"{""state"":""absent"",""devices"":[]}",absent,absent,24.7,22.4,List of devices attached,
2026-09-28T15:23:38.628+00:00,2026-09-28T15:23:38.673+00:00,580.228,absent,3671.9,"{""state"":""absent"",""devices"":[]}",absent,absent,24.3,21.1,List of devices attached,
2026-09-28T15:23:39.628+00:00,2026-09-28T15:23:39.673+00:00,581.228,absent,3671.9,"{""state"":""absent"",""devices"":[]}",absent,absent,23.6,21.4,List of devices attached,
2026-09-28T15:23:40.628+00:00,2026-09-28T15:23:40.675+00:00,582.230,absent,3829.9,"{""state"":""absent"",""devices"":[]}",absent,absent,25.5,21.1,List of devices attached,
2026-09-28T15:23:41.629+00:00,2026-09-28T15:23:41.675+00:00,583.230,absent,3829.9,"{""state"":""absent"",""devices"":[]}",absent,absent,25.3,20.7,List of devices attached,
2026-09-28T15:23:42.629+00:00,2026-09-28T15:23:42.678+00:00,584.233,absent,3829.9,"{""state"":""absent"",""devices"":[]}",absent,absent,26.3,22.0,List of devices attached,
2026-09-28T15:23:43.630+00:00,2026-09-28T15:23:43.680+00:00,585.235,absent,3829.9,"{""state"":""absent"",""devices"":[]}",absent,absent,25.7,25.0,List of devices attached,
2026-09-28T15:23:44.630+00:00,2026-09-28T15:23:44.675+00:00,586.230,absent,3735.9,"{""state"":""absent"",""devices"":[]}",absent,absent,24.5,20.9,List of devices attached,
2026-09-28T15:23:45.630+00:00,2026-09-28T15:23:45.675+00:00,587.230,absent,3735.9,"{""state"":""absent"",""devices"":[]}",absent,absent,23.6,21.0,List of devices attached,
2026-09-28T15:23:46.630+00:00,2026-09-28T15:23:46.676+00:00,588.231,absent,3735.9,"{""state"":""absent"",""devices"":[]}",absent,absent,24.8,21.1,List of devices attached,
2026-09-28T15:23:47.631+00:00,2026-09-28T15:23:47.676+00:00,589.231,absent,3735.9,"{""state"":""absent"",""devices"":[]}",absent,absent,23.8,21.6,List of devices attached,
2026-09-28T15:23:48.631+00:00,2026-09-28T15:23:48.678+00:00,590.233,absent,3747.3,"{""state"":""absent"",""devices"":[]}",absent,absent,24.6,22.6,List of devices attached,
2026-09-28T15:23:49.632+00:00,2026-09-28T15:23:49.679+00:00,591.234,absent,3747.3,"{""state"":""absent"",""devices"":[]}",absent,absent,26.0,21.2,List of devices attached,
2026-09-28T15:23:50.632+00:00,2026-09-28T15:23:50.677+00:00,592.232,absent,3747.3,"{""state"":""absent"",""devices"":[]}",absent,absent,24.3,21.0,List of devices attached,
2026-09-28T15:23:51.632+00:00,2026-09-28T15:23:51.679+00:00,593.234,absent,3747.3,"{""state"":""absent"",""devices"":[]}",absent,absent,25.1,20.9,List of devices attached,
2026-09-28T15:23:52.633+00:00,2026-09-28T15:23:52.678+00:00,594.233,absent,3704.5,"{""state"":""absent"",""devices"":[]}",absent,absent,23.7,21.6,List of devices attached,
2026-09-28T15:23:53.633+00:00,2026-09-28T15:23:53.678+00:00,595.233,absent,3704.5,"{""state"":""absent"",""devices"":[]}",absent,absent,23.7,21.4,List of devices attached,
2026-09-28T15:23:54.633+00:00,2026-09-28T15:23:54.679+00:00,596.234,absent,3704.5,"{""state"":""absent"",""devices"":[]}",absent,absent,25.1,20.5,List of devices attached,
2026-09-28T15:23:55.634+00:00,2026-09-28T15:23:55.679+00:00,597.235,absent,3704.5,"{""state"":""absent"",""devices"":[]}",absent,absent,24.8,21.0,List of devices attached,
2026-09-28T15:23:56.634+00:00,2026-09-28T15:23:56.681+00:00,598.237,absent,3735.0,"{""state"":""absent"",""devices"":[]}",absent,absent,25.4,21.9,List of devices attached,
2026-09-28T15:23:57.634+00:00,2026-09-28T15:23:57.681+00:00,599.236,absent,3735.0,"{""state"":""absent"",""devices"":[]}",absent,absent,24.9,21.5,List of devices attached,
2026-09-28T15:23:58.635+00:00,2026-09-28T15:23:58.683+00:00,600.238,absent,3735.0,"{""state"":""absent"",""devices"":[]}",absent,absent,25.6,22.3,List of devices attached,
2026-09-28T15:23:59.635+00:00,2026-09-28T15:23:59.680+00:00,601.235,absent,3735.0,"{""state"":""absent"",""devices"":[]}",absent,absent,25.1,19.6,List of devices attached,
2026-09-28T15:24:00.635+00:00,2026-09-28T15:24:00.681+00:00,602.236,absent,3740.2,"{""state"":""absent"",""devices"":[]}",absent,absent,23.9,22.3,List of devices attached,
2026-09-28T15:24:01.635+00:00,2026-09-28T15:24:01.684+00:00,603.239,absent,3740.2,"{""state"":""absent"",""devices"":[]}",absent,absent,26.0,23.0,List of devices attached,
2026-09-28T15:24:02.636+00:00,2026-09-28T15:24:02.682+00:00,604.237,absent,3740.2,"{""state"":""absent"",""devices"":[]}",absent,absent,25.0,21.0,List of devices attached,
2026-09-28T15:24:03.636+00:00,2026-09-28T15:24:03.681+00:00,605.236,absent,3740.2,"{""state"":""absent"",""devices"":[]}",absent,absent,24.4,20.5,List of devices attached,
2026-09-28T15:24:04.636+00:00,2026-09-28T15:24:04.682+00:00,606.237,absent,3710.0,"{""state"":""absent"",""devices"":[]}",absent,absent,24.6,21.3,List of devices attached,
2026-09-28T15:24:05.637+00:00,2026-09-28T15:24:05.684+00:00,607.239,absent,3710.0,"{""state"":""absent"",""devices"":[]}",absent,absent,25.1,22.0,List of devices attached,
2026-09-28T15:24:06.637+00:00,2026-09-28T15:24:06.686+00:00,608.241,absent,3710.0,"{""state"":""absent"",""devices"":[]}",absent,absent,25.1,23.1,List of devices attached,
2026-09-28T15:24:07.637+00:00,2026-09-28T15:24:07.684+00:00,609.239,absent,3710.0,"{""state"":""absent"",""devices"":[]}",absent,absent,24.0,22.3,List of devices attached,
2026-09-28T15:24:08.638+00:00,2026-09-28T15:24:08.683+00:00,610.238,absent,3742.6,"{""state"":""absent"",""devices"":[]}",absent,absent,23.9,21.4,List of devices attached,
2026-09-28T15:24:09.638+00:00,2026-09-28T15:24:09.685+00:00,611.240,absent,3742.6,"{""state"":""absent"",""devices"":[]}",absent,absent,25.0,22.1,List of devices attached,
2026-09-28T15:24:10.638+00:00,2026-09-28T15:24:10.684+00:00,612.239,absent,3742.6,"{""state"":""absent"",""devices"":[]}",absent,absent,24.4,21.1,List of devices attached,
2026-09-28T15:24:11.638+00:00,2026-09-28T15:24:11.683+00:00,613.238,absent,3742.6,"{""state"":""absent"",""devices"":[]}",absent,absent,24.3,20.8,List of devices attached,
2026-09-28T15:24:12.638+00:00,2026-09-28T15:24:12.684+00:00,614.239,absent,3708.4,"{""state"":""absent"",""devices"":[]}",absent,absent,24.1,21.0,List of devices attached,
2026-09-28T15:24:13.639+00:00,2026-09-28T15:24:13.684+00:00,615.240,absent,3708.4,"{""state"":""absent"",""devices"":[]}",absent,absent,24.7,21.1,List of devices attached,
2026-09-28T15:24:14.639+00:00,2026-09-28T15:24:14.685+00:00,616.240,absent,3708.4,"{""state"":""absent"",""devices"":[]}",absent,absent,25.8,20.5,List of devices attached,
2026-09-28T15:24:15.639+00:00,2026-09-28T15:24:15.685+00:00,617.240,absent,3708.4,"{""state"":""absent"",""devices"":[]}",absent,absent,23.8,21.4,List of devices attached,
2026-09-28T15:24:16.640+00:00,2026-09-28T15:24:16.687+00:00,618.242,absent,3777.3,"{""state"":""absent"",""devices"":[]}",absent,absent,24.6,22.3,List of devices attached,
2026-09-28T15:24:17.640+00:00,2026-09-28T15:24:17.686+00:00,619.241,absent,3777.3,"{""state"":""absent"",""devices"":[]}",absent,absent,25.2,20.3,List of devices attached,
2026-09-28T15:24:18.640+00:00,2026-09-28T15:24:18.687+00:00,620.242,absent,3777.3,"{""state"":""absent"",""devices"":[]}",absent,absent,25.3,21.2,List of devices attached,
2026-09-28T15:24:19.641+00:00,2026-09-28T15:24:19.687+00:00,621.242,absent,3777.3,"{""state"":""absent"",""devices"":[]}",absent,absent,24.8,21.2,List of devices attached,
2026-09-28T15:24:20.641+00:00,2026-09-28T15:24:20.688+00:00,622.243,absent,3730.6,"{""state"":""absent"",""devices"":[]}",absent,absent,23.9,22.6,List of devices attached,
2026-09-28T15:24:21.641+00:00,2026-09-28T15:24:21.686+00:00,623.241,absent,3730.6,"{""state"":""absent"",""devices"":[]}",absent,absent,24.7,20.0,List of devices attached,
2026-09-28T15:24:22.642+00:00,2026-09-28T15:24:22.686+00:00,624.241,absent,3730.6,"{""state"":""absent"",""devices"":[]}",absent,absent,23.7,20.7,List of devices attached,
2026-09-28T15:24:23.642+00:00,2026-09-28T15:24:23.688+00:00,625.243,absent,3730.6,"{""state"":""absent"",""devices"":[]}",absent,absent,25.4,20.4,List of devices attached,
2026-09-28T15:24:24.642+00:00,2026-09-28T15:24:24.687+00:00,626.242,absent,3743.8,"{""state"":""absent"",""devices"":[]}",absent,absent,24.0,21.5,List of devices attached,
2026-09-28T15:24:25.642+00:00,2026-09-28T15:24:25.687+00:00,627.242,absent,3743.8,"{""state"":""absent"",""devices"":[]}",absent,absent,24.3,20.2,List of devices attached,
2026-09-28T15:24:26.642+00:00,2026-09-28T15:24:26.689+00:00,628.244,absent,3743.8,"{""state"":""absent"",""devices"":[]}",absent,absent,24.2,22.1,List of devices attached,
2026-09-28T15:24:27.642+00:00,2026-09-28T15:24:27.690+00:00,629.245,absent,3743.8,"{""state"":""absent"",""devices"":[]}",absent,absent,25.3,22.3,List of devices attached,
2026-09-28T15:24:28.643+00:00,2026-09-28T15:24:28.688+00:00,630.243,absent,3728.8,"{""state"":""absent"",""devices"":[]}",absent,absent,24.4,20.5,List of devices attached,
2026-09-28T15:24:29.643+00:00,2026-09-28T15:24:29.689+00:00,631.244,absent,3728.8,"{""state"":""absent"",""devices"":[]}",absent,absent,24.7,21.2,List of devices attached,
2026-09-28T15:24:30.643+00:00,2026-09-28T15:24:30.688+00:00,632.243,absent,3728.8,"{""state"":""absent"",""devices"":[]}",absent,absent,24.2,20.5,List of devices attached,
2026-09-28T15:24:31.644+00:00,2026-09-28T15:24:31.689+00:00,633.244,absent,3728.8,"{""state"":""absent"",""devices"":[]}",absent,absent,24.4,21.2,List of devices attached,
2026-09-28T15:24:32.644+00:00,2026-09-28T15:24:32.691+00:00,634.246,absent,3745.6,"{""state"":""absent"",""devices"":[]}",absent,absent,24.8,22.3,List of devices attached,
2026-09-28T15:24:33.644+00:00,2026-09-28T15:24:33.689+00:00,635.244,absent,3745.6,"{""state"":""absent"",""devices"":[]}",absent,absent,24.4,20.2,List of devices attached,
2026-09-28T15:24:34.644+00:00,2026-09-28T15:24:34.693+00:00,636.248,absent,3745.6,"{""state"":""absent"",""devices"":[]}",absent,absent,25.7,22.6,List of devices attached,
2026-09-28T15:24:35.645+00:00,2026-09-28T15:24:35.691+00:00,637.246,absent,3745.6,"{""state"":""absent"",""devices"":[]}",absent,absent,24.0,21.9,List of devices attached,
2026-09-28T15:24:36.645+00:00,2026-09-28T15:24:36.690+00:00,638.245,absent,3711.0,"{""state"":""absent"",""devices"":[]}",absent,absent,24.8,20.1,List of devices attached,
2026-09-28T15:24:37.646+00:00,2026-09-28T15:24:37.690+00:00,639.245,absent,3711.0,"{""state"":""absent"",""devices"":[]}",absent,absent,24.0,20.6,List of devices attached,
2026-09-28T15:24:38.646+00:00,2026-09-28T15:24:38.691+00:00,640.246,absent,3711.0,"{""state"":""absent"",""devices"":[]}",absent,absent,23.9,21.3,List of devices attached,
2026-09-28T15:24:39.646+00:00,2026-09-28T15:24:39.694+00:00,641.249,absent,3711.0,"{""state"":""absent"",""devices"":[]}",absent,absent,25.4,21.8,List of devices attached,
2026-09-28T15:24:40.647+00:00,2026-09-28T15:24:40.691+00:00,642.246,absent,3729.2,"{""state"":""absent"",""devices"":[]}",absent,absent,23.7,19.8,List of devices attached,
2026-09-28T15:24:41.647+00:00,2026-09-28T15:24:41.693+00:00,643.248,absent,3729.2,"{""state"":""absent"",""devices"":[]}",absent,absent,24.5,21.0,List of devices attached,
2026-09-28T15:24:42.647+00:00,2026-09-28T15:24:42.694+00:00,644.249,absent,3729.2,"{""state"":""absent"",""devices"":[]}",absent,absent,26.1,20.4,List of devices attached,
2026-09-28T15:24:43.647+00:00,2026-09-28T15:24:43.696+00:00,645.251,absent,3729.2,"{""state"":""absent"",""devices"":[]}",absent,absent,25.7,22.4,List of devices attached,
2026-09-28T15:24:44.648+00:00,2026-09-28T15:24:44.692+00:00,646.247,absent,3740.2,"{""state"":""absent"",""devices"":[]}",absent,absent,23.8,20.0,List of devices attached,
2026-09-28T15:24:45.648+00:00,2026-09-28T15:24:45.695+00:00,647.250,absent,3740.2,"{""state"":""absent"",""devices"":[]}",absent,absent,25.3,21.4,List of devices attached,
2026-09-28T15:24:46.648+00:00,2026-09-28T15:24:46.693+00:00,648.248,absent,3740.2,"{""state"":""absent"",""devices"":[]}",absent,absent,23.5,20.8,List of devices attached,
2026-09-28T15:24:47.649+00:00,2026-09-28T15:24:47.696+00:00,649.251,absent,3740.2,"{""state"":""absent"",""devices"":[]}",absent,absent,25.4,21.7,List of devices attached,
2026-09-28T15:24:48.649+00:00,2026-09-28T15:24:48.694+00:00,650.249,absent,3708.3,"{""state"":""absent"",""devices"":[]}",absent,absent,24.8,20.5,List of devices attached,
2026-09-28T15:24:49.649+00:00,2026-09-28T15:24:49.696+00:00,651.251,absent,3708.3,"{""state"":""absent"",""devices"":[]}",absent,absent,25.9,20.9,List of devices attached,
2026-09-28T15:24:50.649+00:00,2026-09-28T15:24:50.695+00:00,652.250,absent,3708.3,"{""state"":""absent"",""devices"":[]}",absent,absent,24.9,20.7,List of devices attached,
2026-09-28T15:24:51.650+00:00,2026-09-28T15:24:51.697+00:00,653.252,absent,3708.3,"{""state"":""absent"",""devices"":[]}",absent,absent,25.2,21.6,List of devices attached,
2026-09-28T15:24:52.650+00:00,2026-09-28T15:24:52.696+00:00,654.251,absent,3747.8,"{""state"":""absent"",""devices"":[]}",absent,absent,24.7,21.2,List of devices attached,
2026-09-28T15:24:53.650+00:00,2026-09-28T15:24:53.695+00:00,655.250,absent,3747.8,"{""state"":""absent"",""devices"":[]}",absent,absent,23.5,21.0,List of devices attached,
2026-09-28T15:24:54.651+00:00,2026-09-28T15:24:54.698+00:00,656.253,absent,3747.8,"{""state"":""absent"",""devices"":[]}",absent,absent,26.2,21.2,List of devices attached,
2026-09-28T15:24:55.651+00:00,2026-09-28T15:24:55.697+00:00,657.252,absent,3747.8,"{""state"":""absent"",""devices"":[]}",absent,absent,24.4,21.3,List of devices attached,
2026-09-28T15:24:56.651+00:00,2026-09-28T15:24:56.695+00:00,658.250,absent,3731.5,"{""state"":""absent"",""devices"":[]}",absent,absent,23.8,20.2,List of devices attached,
2026-09-28T15:24:57.652+00:00,2026-09-28T15:24:57.697+00:00,659.252,absent,3731.5,"{""state"":""absent"",""devices"":[]}",absent,absent,24.1,20.7,List of devices attached,
2026-09-28T15:24:58.652+00:00,2026-09-28T15:24:58.698+00:00,660.253,absent,3731.5,"{""state"":""absent"",""devices"":[]}",absent,absent,24.5,21.5,List of devices attached,
2026-09-28T15:24:59.652+00:00,2026-09-28T15:24:59.700+00:00,661.255,absent,3731.5,"{""state"":""absent"",""devices"":[]}",absent,absent,25.7,22.1,List of devices attached,
2026-09-28T15:25:00.652+00:00,2026-09-28T15:25:00.700+00:00,662.255,absent,3754.8,"{""state"":""absent"",""devices"":[]}",absent,absent,24.6,23.0,List of devices attached,
2026-09-28T15:25:01.653+00:00,2026-09-28T15:25:01.701+00:00,663.256,absent,3754.8,"{""state"":""absent"",""devices"":[]}",absent,absent,25.6,22.3,List of devices attached,
2026-09-28T15:25:02.653+00:00,2026-09-28T15:25:02.699+00:00,664.254,absent,3754.8,"{""state"":""absent"",""devices"":[]}",absent,absent,24.9,20.9,List of devices attached,
2026-09-28T15:25:03.653+00:00,2026-09-28T15:25:03.700+00:00,665.255,absent,3754.8,"{""state"":""absent"",""devices"":[]}",absent,absent,24.8,21.8,List of devices attached,
2026-09-28T15:25:04.654+00:00,2026-09-28T15:25:04.702+00:00,666.257,absent,3685.9,"{""state"":""absent"",""devices"":[]}",absent,absent,26.4,21.9,List of devices attached,
2026-09-28T15:25:05.654+00:00,2026-09-28T15:25:05.701+00:00,667.256,absent,3685.9,"{""state"":""absent"",""devices"":[]}",absent,absent,24.5,22.9,List of devices attached,
2026-09-28T15:25:06.654+00:00,2026-09-28T15:25:06.699+00:00,668.254,absent,3685.9,"{""state"":""absent"",""devices"":[]}",absent,absent,23.9,20.9,List of devices attached,
2026-09-28T15:25:07.654+00:00,2026-09-28T15:25:07.702+00:00,669.257,absent,3685.9,"{""state"":""absent"",""devices"":[]}",absent,absent,25.4,22.1,List of devices attached,
2026-09-28T15:25:08.654+00:00,2026-09-28T15:25:08.702+00:00,670.257,absent,3686.2,"{""state"":""absent"",""devices"":[]}",absent,absent,24.7,23.0,List of devices attached,
2026-09-28T15:25:09.655+00:00,2026-09-28T15:25:09.703+00:00,671.258,absent,3686.2,"{""state"":""absent"",""devices"":[]}",absent,absent,25.9,22.3,List of devices attached,
2026-09-28T15:25:10.655+00:00,2026-09-28T15:25:10.702+00:00,672.257,absent,3686.2,"{""state"":""absent"",""devices"":[]}",absent,absent,25.2,21.9,List of devices attached,
2026-09-28T15:25:11.655+00:00,2026-09-28T15:25:11.702+00:00,673.257,absent,3686.2,"{""state"":""absent"",""devices"":[]}",absent,absent,24.8,21.6,List of devices attached,
2026-09-28T15:25:12.656+00:00,2026-09-28T15:25:12.703+00:00,674.258,absent,3730.0,"{""state"":""absent"",""devices"":[]}",absent,absent,26.2,20.9,List of devices attached,
2026-09-28T15:25:13.656+00:00,2026-09-28T15:25:13.702+00:00,675.257,absent,3730.0,"{""state"":""absent"",""devices"":[]}",absent,absent,24.5,20.8,List of devices attached,
2026-09-28T15:25:14.656+00:00,2026-09-28T15:25:14.704+00:00,676.259,absent,3730.0,"{""state"":""absent"",""devices"":[]}",absent,absent,26.4,20.6,List of devices attached,
2026-09-28T15:25:15.657+00:00,2026-09-28T15:25:15.704+00:00,677.259,absent,3730.0,"{""state"":""absent"",""devices"":[]}",absent,absent,25.5,21.8,List of devices attached,
2026-09-28T15:25:16.657+00:00,2026-09-28T15:25:16.704+00:00,678.259,absent,3713.0,"{""state"":""absent"",""devices"":[]}",absent,absent,25.2,22.3,List of devices attached,
2026-09-28T15:25:17.657+00:00,2026-09-28T15:25:17.704+00:00,679.259,absent,3713.0,"{""state"":""absent"",""devices"":[]}",absent,absent,24.8,21.9,List of devices attached,
2026-09-28T15:25:18.657+00:00,2026-09-28T15:25:18.711+00:00,680.266,absent,3713.0,"{""state"":""absent"",""devices"":[]}",absent,absent,29.0,24.0,List of devices attached,
2026-09-28T15:25:19.658+00:00,2026-09-28T15:25:19.708+00:00,681.263,absent,3713.0,"{""state"":""absent"",""devices"":[]}",absent,absent,26.7,23.8,List of devices attached,
2026-09-28T15:25:20.658+00:00,2026-09-28T15:25:20.706+00:00,682.261,absent,3717.6,"{""state"":""absent"",""devices"":[]}",absent,absent,26.0,21.6,List of devices attached,
2026-09-28T15:25:21.658+00:00,2026-09-28T15:25:21.705+00:00,683.260,absent,3717.6,"{""state"":""absent"",""devices"":[]}",absent,absent,25.0,21.3,List of devices attached,
2026-09-28T15:25:22.659+00:00,2026-09-28T15:25:22.707+00:00,684.262,absent,3717.6,"{""state"":""absent"",""devices"":[]}",absent,absent,27.5,20.6,List of devices attached,
2026-09-28T15:25:23.659+00:00,2026-09-28T15:25:23.705+00:00,685.260,absent,3717.6,"{""state"":""absent"",""devices"":[]}",absent,absent,24.9,20.9,List of devices attached,
2026-09-28T15:25:24.659+00:00,2026-09-28T15:25:24.705+00:00,686.260,absent,3754.7,"{""state"":""absent"",""devices"":[]}",absent,absent,24.7,21.5,List of devices attached,
2026-09-28T15:25:25.659+00:00,2026-09-28T15:25:25.704+00:00,687.259,absent,3754.7,"{""state"":""absent"",""devices"":[]}",absent,absent,24.0,20.9,List of devices attached,
2026-09-28T15:25:26.660+00:00,2026-09-28T15:25:26.707+00:00,688.262,absent,3754.7,"{""state"":""absent"",""devices"":[]}",absent,absent,25.1,22.1,List of devices attached,
2026-09-28T15:25:27.660+00:00,2026-09-28T15:25:27.705+00:00,689.260,absent,3754.7,"{""state"":""absent"",""devices"":[]}",absent,absent,24.9,20.5,List of devices attached,
2026-09-28T15:25:28.660+00:00,2026-09-28T15:25:28.705+00:00,690.260,absent,3747.2,"{""state"":""absent"",""devices"":[]}",absent,absent,24.1,20.7,List of devices attached,
2026-09-28T15:25:29.661+00:00,2026-09-28T15:25:29.706+00:00,691.261,absent,3747.2,"{""state"":""absent"",""devices"":[]}",absent,absent,25.3,20.3,List of devices attached,
2026-09-28T15:25:30.661+00:00,2026-09-28T15:25:30.707+00:00,692.262,absent,3747.2,"{""state"":""absent"",""devices"":[]}",absent,absent,24.4,21.5,List of devices attached,
2026-09-28T15:25:31.662+00:00,2026-09-28T15:25:31.707+00:00,693.262,absent,3747.2,"{""state"":""absent"",""devices"":[]}",absent,absent,24.3,21.0,List of devices attached,
2026-09-28T15:25:32.662+00:00,2026-09-28T15:25:32.708+00:00,694.263,absent,3709.7,"{""state"":""absent"",""devices"":[]}",absent,absent,24.9,20.9,List of devices attached,
2026-09-28T15:25:33.662+00:00,2026-09-28T15:25:33.708+00:00,695.263,absent,3709.7,"{""state"":""absent"",""devices"":[]}",absent,absent,24.1,21.6,List of devices attached,
2026-09-28T15:25:34.663+00:00,2026-09-28T15:25:34.709+00:00,696.264,absent,3709.7,"{""state"":""absent"",""devices"":[]}",absent,absent,25.1,21.6,List of devices attached,
2026-09-28T15:25:35.663+00:00,2026-09-28T15:25:35.708+00:00,697.263,absent,3709.7,"{""state"":""absent"",""devices"":[]}",absent,absent,24.4,20.6,List of devices attached,
2026-09-28T15:25:36.663+00:00,2026-09-28T15:25:36.709+00:00,698.264,absent,3842.0,"{""state"":""absent"",""devices"":[]}",absent,absent,24.9,20.4,List of devices attached,
2026-09-28T15:25:37.664+00:00,2026-09-28T15:25:37.711+00:00,699.266,absent,3842.0,"{""state"":""absent"",""devices"":[]}",absent,absent,24.4,22.6,List of devices attached,
2026-09-28T15:25:38.664+00:00,2026-09-28T15:25:38.710+00:00,700.265,absent,3842.0,"{""state"":""absent"",""devices"":[]}",absent,absent,24.7,21.1,List of devices attached,
2026-09-28T15:25:39.664+00:00,2026-09-28T15:25:39.710+00:00,701.265,absent,3842.0,"{""state"":""absent"",""devices"":[]}",absent,absent,24.1,21.2,List of devices attached,
2026-09-28T15:25:40.665+00:00,2026-09-28T15:25:40.710+00:00,702.265,absent,3715.8,"{""state"":""absent"",""devices"":[]}",absent,absent,23.5,21.8,List of devices attached,
2026-09-28T15:25:41.665+00:00,2026-09-28T15:25:41.710+00:00,703.265,absent,3715.8,"{""state"":""absent"",""devices"":[]}",absent,absent,23.9,21.5,List of devices attached,
2026-09-28T15:25:42.665+00:00,2026-09-28T15:25:42.711+00:00,704.266,absent,3715.8,"{""state"":""absent"",""devices"":[]}",absent,absent,24.0,21.6,List of devices attached,
2026-09-28T15:25:43.665+00:00,2026-09-28T15:25:43.711+00:00,705.266,absent,3715.8,"{""state"":""absent"",""devices"":[]}",absent,absent,24.8,21.1,List of devices attached,
2026-09-28T15:25:44.666+00:00,2026-09-28T15:25:44.710+00:00,706.265,absent,3703.5,"{""state"":""absent"",""devices"":[]}",absent,absent,23.7,20.9,List of devices attached,
2026-09-28T15:25:45.666+00:00,2026-09-28T15:25:45.712+00:00,707.267,absent,3703.5,"{""state"":""absent"",""devices"":[]}",absent,absent,23.2,22.4,List of devices attached,
2026-09-28T15:25:46.666+00:00,2026-09-28T15:25:46.712+00:00,708.267,absent,3703.5,"{""state"":""absent"",""devices"":[]}",absent,absent,24.9,20.5,List of devices attached,
2026-09-28T15:25:47.667+00:00,2026-09-28T15:25:47.713+00:00,709.268,absent,3703.5,"{""state"":""absent"",""devices"":[]}",absent,absent,24.8,22.0,List of devices attached,
2026-09-28T15:25:48.667+00:00,2026-09-28T15:25:48.713+00:00,710.268,absent,3739.9,"{""state"":""absent"",""devices"":[]}",absent,absent,25.1,21.1,List of devices attached,
2026-09-28T15:25:49.668+00:00,2026-09-28T15:25:49.715+00:00,711.270,absent,3739.9,"{""state"":""absent"",""devices"":[]}",absent,absent,25.1,22.0,List of devices attached,
2026-09-28T15:25:50.668+00:00,2026-09-28T15:25:50.713+00:00,712.268,absent,3739.9,"{""state"":""absent"",""devices"":[]}",absent,absent,24.3,20.5,List of devices attached,
2026-09-28T15:25:51.668+00:00,2026-09-28T15:25:51.714+00:00,713.269,absent,3739.9,"{""state"":""absent"",""devices"":[]}",absent,absent,23.9,22.1,List of devices attached,
2026-09-28T15:25:52.669+00:00,2026-09-28T15:25:52.716+00:00,714.271,absent,3758.2,"{""state"":""absent"",""devices"":[]}",absent,absent,24.6,22.2,List of devices attached,
2026-09-28T15:25:53.669+00:00,2026-09-28T15:25:53.715+00:00,715.270,absent,3758.2,"{""state"":""absent"",""devices"":[]}",absent,absent,23.9,21.8,List of devices attached,
2026-09-28T15:25:54.669+00:00,2026-09-28T15:25:54.715+00:00,716.270,absent,3758.2,"{""state"":""absent"",""devices"":[]}",absent,absent,24.0,21.6,List of devices attached,
2026-09-28T15:25:55.670+00:00,2026-09-28T15:25:55.717+00:00,717.272,absent,3758.2,"{""state"":""absent"",""devices"":[]}",absent,absent,24.9,22.5,List of devices attached,
2026-09-28T15:25:56.670+00:00,2026-09-28T15:25:56.717+00:00,718.272,absent,3717.4,"{""state"":""absent"",""devices"":[]}",absent,absent,24.1,22.6,List of devices attached,
2026-09-28T15:25:57.670+00:00,2026-09-28T15:25:57.717+00:00,719.272,absent,3717.4,"{""state"":""absent"",""devices"":[]}",absent,absent,24.3,22.0,List of devices attached,
2026-09-28T15:25:58.671+00:00,2026-09-28T15:25:58.716+00:00,720.271,absent,3717.4,"{""state"":""absent"",""devices"":[]}",absent,absent,24.5,21.0,List of devices attached,
2026-09-28T15:25:59.671+00:00,2026-09-28T15:25:59.718+00:00,721.273,absent,3717.4,"{""state"":""absent"",""devices"":[]}",absent,absent,24.7,22.1,List of devices attached,
2026-09-28T15:26:00.671+00:00,2026-09-28T15:26:00.715+00:00,722.270,absent,3720.7,"{""state"":""absent"",""devices"":[]}",absent,absent,22.9,20.7,List of devices attached,
2026-09-28T15:26:01.671+00:00,2026-09-28T15:26:01.717+00:00,723.272,absent,3720.7,"{""state"":""absent"",""devices"":[]}",absent,absent,24.3,21.0,List of devices attached,
2026-09-28T15:26:02.672+00:00,2026-09-28T15:26:02.717+00:00,724.273,absent,3720.7,"{""state"":""absent"",""devices"":[]}",absent,absent,24.7,20.9,List of devices attached,
2026-09-28T15:26:03.672+00:00,2026-09-28T15:26:03.719+00:00,725.275,absent,3720.7,"{""state"":""absent"",""devices"":[]}",absent,absent,25.1,22.0,List of devices attached,
2026-09-28T15:26:04.672+00:00,2026-09-28T15:26:04.719+00:00,726.274,absent,3752.4,"{""state"":""absent"",""devices"":[]}",absent,absent,23.9,22.4,List of devices attached,
2026-09-28T15:26:05.673+00:00,2026-09-28T15:26:05.718+00:00,727.273,absent,3752.4,"{""state"":""absent"",""devices"":[]}",absent,absent,24.4,21.0,List of devices attached,
2026-09-28T15:26:06.673+00:00,2026-09-28T15:26:06.718+00:00,728.273,absent,3752.4,"{""state"":""absent"",""devices"":[]}",absent,absent,24.4,20.9,List of devices attached,
2026-09-28T15:26:07.673+00:00,2026-09-28T15:26:07.721+00:00,729.276,absent,3752.4,"{""state"":""absent"",""devices"":[]}",absent,absent,25.5,22.3,List of devices attached,
2026-09-28T15:26:08.673+00:00,2026-09-28T15:26:08.718+00:00,730.273,absent,3723.3,"{""state"":""absent"",""devices"":[]}",absent,absent,23.8,20.7,List of devices attached,
2026-09-28T15:26:09.673+00:00,2026-09-28T15:26:09.720+00:00,731.275,absent,3723.3,"{""state"":""absent"",""devices"":[]}",absent,absent,24.5,22.2,List of devices attached,
2026-09-28T15:26:10.674+00:00,2026-09-28T15:26:10.720+00:00,732.275,absent,3723.3,"{""state"":""absent"",""devices"":[]}",absent,absent,24.9,21.4,List of devices attached,
2026-09-28T15:26:11.674+00:00,2026-09-28T15:26:11.721+00:00,733.276,absent,3723.3,"{""state"":""absent"",""devices"":[]}",absent,absent,25.2,21.9,List of devices attached,
2026-09-28T15:26:12.674+00:00,2026-09-28T15:26:12.720+00:00,734.275,absent,3749.4,"{""state"":""absent"",""devices"":[]}",absent,absent,24.5,21.2,List of devices attached,
2026-09-28T15:26:13.674+00:00,2026-09-28T15:26:13.721+00:00,735.276,absent,3749.4,"{""state"":""absent"",""devices"":[]}",absent,absent,25.9,20.8,List of devices attached,
2026-09-28T15:26:14.674+00:00,2026-09-28T15:26:14.720+00:00,736.275,absent,3749.4,"{""state"":""absent"",""devices"":[]}",absent,absent,24.8,21.4,List of devices attached,
2026-09-28T15:26:15.674+00:00,2026-09-28T15:26:15.722+00:00,737.277,absent,3749.4,"{""state"":""absent"",""devices"":[]}",absent,absent,26.1,21.2,List of devices attached,
2026-09-28T15:26:16.675+00:00,2026-09-28T15:26:16.720+00:00,738.275,absent,3740.7,"{""state"":""absent"",""devices"":[]}",absent,absent,24.3,20.9,List of devices attached,
2026-09-28T15:26:17.675+00:00,2026-09-28T15:26:17.721+00:00,739.276,absent,3740.7,"{""state"":""absent"",""devices"":[]}",absent,absent,24.6,21.2,List of devices attached,
2026-09-28T15:26:18.675+00:00,2026-09-28T15:26:18.721+00:00,740.276,absent,3740.7,"{""state"":""absent"",""devices"":[]}",absent,absent,24.8,20.5,List of devices attached,
2026-09-28T15:26:19.676+00:00,2026-09-28T15:26:19.724+00:00,741.279,absent,3740.7,"{""state"":""absent"",""devices"":[]}",absent,absent,25.3,22.6,List of devices attached,
2026-09-28T15:26:20.676+00:00,2026-09-28T15:26:20.721+00:00,742.276,absent,3746.8,"{""state"":""absent"",""devices"":[]}",absent,absent,23.8,20.8,List of devices attached,
2026-09-28T15:26:21.676+00:00,2026-09-28T15:26:21.722+00:00,743.277,absent,3746.8,"{""state"":""absent"",""devices"":[]}",absent,absent,24.5,20.6,List of devices attached,
2026-09-28T15:26:22.677+00:00,2026-09-28T15:26:22.724+00:00,744.279,absent,3746.8,"{""state"":""absent"",""devices"":[]}",absent,absent,25.8,21.0,List of devices attached,
2026-09-28T15:26:23.677+00:00,2026-09-28T15:26:23.721+00:00,745.276,absent,3746.8,"{""state"":""absent"",""devices"":[]}",absent,absent,22.9,20.7,List of devices attached,
2026-09-28T15:26:24.678+00:00,2026-09-28T15:26:24.724+00:00,746.279,absent,3783.1,"{""state"":""absent"",""devices"":[]}",absent,absent,25.2,21.4,List of devices attached,
2026-09-28T15:26:25.678+00:00,2026-09-28T15:26:25.723+00:00,747.278,absent,3783.1,"{""state"":""absent"",""devices"":[]}",absent,absent,23.4,21.4,List of devices attached,
2026-09-28T15:26:26.678+00:00,2026-09-28T15:26:26.725+00:00,748.280,absent,3783.1,"{""state"":""absent"",""devices"":[]}",absent,absent,25.6,21.3,List of devices attached,
2026-09-28T15:26:27.679+00:00,2026-09-28T15:26:27.726+00:00,749.281,absent,3783.1,"{""state"":""absent"",""devices"":[]}",absent,absent,25.8,21.3,List of devices attached,
2026-09-28T15:26:28.679+00:00,2026-09-28T15:26:28.724+00:00,750.279,absent,3686.5,"{""state"":""absent"",""devices"":[]}",absent,absent,23.9,21.4,List of devices attached,
2026-09-28T15:26:29.679+00:00,2026-09-28T15:26:29.726+00:00,751.281,absent,3686.5,"{""state"":""absent"",""devices"":[]}",absent,absent,25.5,20.7,List of devices attached,
2026-09-28T15:26:30.679+00:00,2026-09-28T15:26:30.725+00:00,752.280,absent,3686.5,"{""state"":""absent"",""devices"":[]}",absent,absent,25.2,20.4,List of devices attached,
2026-09-28T15:26:31.680+00:00,2026-09-28T15:26:31.725+00:00,753.280,absent,3686.5,"{""state"":""absent"",""devices"":[]}",absent,absent,24.1,21.5,List of devices attached,
2026-09-28T15:26:32.680+00:00,2026-09-28T15:26:32.726+00:00,754.281,absent,3738.8,"{""state"":""absent"",""devices"":[]}",absent,absent,25.4,20.3,List of devices attached,
2026-09-28T15:26:33.680+00:00,2026-09-28T15:26:33.728+00:00,755.283,absent,3738.8,"{""state"":""absent"",""devices"":[]}",absent,absent,25.9,22.1,List of devices attached,
2026-09-28T15:26:34.681+00:00,2026-09-28T15:26:34.727+00:00,756.282,absent,3738.8,"{""state"":""absent"",""devices"":[]}",absent,absent,24.6,21.8,List of devices attached,
2026-09-28T15:26:35.681+00:00,2026-09-28T15:26:35.729+00:00,757.284,absent,3738.8,"{""state"":""absent"",""devices"":[]}",absent,absent,25.4,23.0,List of devices attached,
2026-09-28T15:26:36.681+00:00,2026-09-28T15:26:36.727+00:00,758.282,absent,3744.1,"{""state"":""absent"",""devices"":[]}",absent,absent,24.0,21.8,List of devices attached,
2026-09-28T15:26:37.681+00:00,2026-09-28T15:26:37.727+00:00,759.282,absent,3744.1,"{""state"":""absent"",""devices"":[]}",absent,absent,24.1,21.0,List of devices attached,
2026-09-28T15:26:38.682+00:00,2026-09-28T15:26:38.727+00:00,760.282,absent,3744.1,"{""state"":""absent"",""devices"":[]}",absent,absent,24.5,20.9,List of devices attached,
2026-09-28T15:26:39.682+00:00,2026-09-28T15:26:39.726+00:00,761.281,absent,3744.1,"{""state"":""absent"",""devices"":[]}",absent,absent,24.7,19.9,List of devices attached,
2026-09-28T15:26:40.682+00:00,2026-09-28T15:26:40.729+00:00,762.284,absent,3794.2,"{""state"":""absent"",""devices"":[]}",absent,absent,24.8,21.9,List of devices attached,
2026-09-28T15:26:41.682+00:00,2026-09-28T15:26:41.729+00:00,763.284,absent,3794.2,"{""state"":""absent"",""devices"":[]}",absent,absent,24.7,21.6,List of devices attached,
2026-09-28T15:26:42.683+00:00,2026-09-28T15:26:42.727+00:00,764.282,absent,3794.2,"{""state"":""absent"",""devices"":[]}",absent,absent,23.6,20.5,List of devices attached,
2026-09-28T15:26:43.683+00:00,2026-09-28T15:26:43.727+00:00,765.282,absent,3794.2,"{""state"":""absent"",""devices"":[]}",absent,absent,23.5,20.1,List of devices attached,
2026-09-28T15:26:44.683+00:00,2026-09-28T15:26:44.729+00:00,766.284,absent,3778.7,"{""state"":""absent"",""devices"":[]}",absent,absent,24.0,21.8,List of devices attached,
2026-09-28T15:26:45.684+00:00,2026-09-28T15:26:45.737+00:00,767.292,absent,3778.7,"{""state"":""absent"",""devices"":[]}",absent,absent,27.5,25.4,List of devices attached,
2026-09-28T15:26:46.684+00:00,2026-09-28T15:26:46.732+00:00,768.287,absent,3778.7,"{""state"":""absent"",""devices"":[]}",absent,absent,25.9,22.4,List of devices attached,
2026-09-28T15:26:47.684+00:00,2026-09-28T15:26:47.731+00:00,769.286,absent,3778.7,"{""state"":""absent"",""devices"":[]}",absent,absent,25.2,21.4,List of devices attached,
2026-09-28T15:26:48.684+00:00,2026-09-28T15:26:48.732+00:00,770.287,absent,3766.2,"{""state"":""absent"",""devices"":[]}",absent,absent,26.2,21.5,List of devices attached,
2026-09-28T15:26:49.685+00:00,2026-09-28T15:26:49.732+00:00,771.287,absent,3766.2,"{""state"":""absent"",""devices"":[]}",absent,absent,24.2,22.7,List of devices attached,
2026-09-28T15:26:50.685+00:00,2026-09-28T15:26:50.733+00:00,772.288,absent,3766.2,"{""state"":""absent"",""devices"":[]}",absent,absent,26.3,20.9,List of devices attached,
2026-09-28T15:26:51.686+00:00,2026-09-28T15:26:51.733+00:00,773.288,absent,3766.2,"{""state"":""absent"",""devices"":[]}",absent,absent,25.9,21.0,List of devices attached,
2026-09-28T15:26:52.686+00:00,2026-09-28T15:26:52.732+00:00,774.287,absent,3719.9,"{""state"":""absent"",""devices"":[]}",absent,absent,25.1,20.8,List of devices attached,
2026-09-28T15:26:53.686+00:00,2026-09-28T15:26:53.730+00:00,775.285,absent,3719.9,"{""state"":""absent"",""devices"":[]}",absent,absent,23.8,20.4,List of devices attached,
2026-09-28T15:26:54.687+00:00,2026-09-28T15:26:54.735+00:00,776.290,absent,3719.9,"{""state"":""absent"",""devices"":[]}",absent,absent,25.4,22.7,List of devices attached,
2026-09-28T15:26:55.687+00:00,2026-09-28T15:26:55.734+00:00,777.289,absent,3719.9,"{""state"":""absent"",""devices"":[]}",absent,absent,25.6,21.5,List of devices attached,
2026-09-28T15:26:56.687+00:00,2026-09-28T15:26:56.734+00:00,778.290,absent,3735.1,"{""state"":""absent"",""devices"":[]}",absent,absent,24.8,22.1,List of devices attached,
2026-09-28T15:26:57.688+00:00,2026-09-28T15:26:57.734+00:00,779.289,absent,3735.1,"{""state"":""absent"",""devices"":[]}",absent,absent,24.4,22.5,List of devices attached,
2026-09-28T15:26:58.688+00:00,2026-09-28T15:26:58.734+00:00,780.289,absent,3735.1,"{""state"":""absent"",""devices"":[]}",absent,absent,24.3,22.0,List of devices attached,
2026-09-28T15:26:59.688+00:00,2026-09-28T15:26:59.736+00:00,781.291,absent,3735.1,"{""state"":""absent"",""devices"":[]}",absent,absent,26.0,22.0,List of devices attached,
2026-09-28T15:27:00.689+00:00,2026-09-28T15:27:00.737+00:00,782.292,absent,3644.7,"{""state"":""absent"",""devices"":[]}",absent,absent,25.5,22.4,List of devices attached,
2026-09-28T15:27:01.689+00:00,2026-09-28T15:27:01.735+00:00,783.290,absent,3644.7,"{""state"":""absent"",""devices"":[]}",absent,absent,24.9,20.6,List of devices attached,
2026-09-28T15:27:02.689+00:00,2026-09-28T15:27:02.740+00:00,784.295,absent,3644.7,"{""state"":""absent"",""devices"":[]}",absent,absent,26.7,23.5,List of devices attached,
2026-09-28T15:27:03.690+00:00,2026-09-28T15:27:03.752+00:00,785.307,absent,3644.7,"{""state"":""absent"",""devices"":[]}",absent,absent,38.5,23.7,List of devices attached,
2026-09-28T15:27:04.690+00:00,2026-09-28T15:27:04.739+00:00,786.294,absent,3524.4,"{""state"":""absent"",""devices"":[]}",absent,absent,25.2,23.6,List of devices attached,
2026-09-28T15:27:05.690+00:00,2026-09-28T15:27:05.736+00:00,787.291,absent,3524.4,"{""state"":""absent"",""devices"":[]}",absent,absent,23.9,22.0,List of devices attached,
2026-09-28T15:27:06.691+00:00,2026-09-28T15:27:06.739+00:00,788.294,absent,3524.4,"{""state"":""absent"",""devices"":[]}",absent,absent,26.2,22.0,List of devices attached,
2026-09-28T15:27:07.691+00:00,2026-09-28T15:27:07.737+00:00,789.292,absent,3524.4,"{""state"":""absent"",""devices"":[]}",absent,absent,24.0,21.8,List of devices attached,
2026-09-28T15:27:08.692+00:00,2026-09-28T15:27:08.738+00:00,790.293,absent,3715.0,"{""state"":""absent"",""devices"":[]}",absent,absent,24.7,21.7,List of devices attached,
2026-09-28T15:27:09.692+00:00,2026-09-28T15:27:09.742+00:00,791.297,absent,3715.0,"{""state"":""absent"",""devices"":[]}",absent,absent,26.5,23.2,List of devices attached,
2026-09-28T15:27:10.692+00:00,2026-09-28T15:27:10.741+00:00,792.296,absent,3715.0,"{""state"":""absent"",""devices"":[]}",absent,absent,25.7,22.5,List of devices attached,
2026-09-28T15:27:11.692+00:00,2026-09-28T15:27:11.743+00:00,793.298,absent,3715.0,"{""state"":""absent"",""devices"":[]}",absent,absent,27.2,23.4,List of devices attached,
2026-09-28T15:27:12.693+00:00,2026-09-28T15:27:12.739+00:00,794.294,absent,3734.1,"{""state"":""absent"",""devices"":[]}",absent,absent,24.6,21.8,List of devices attached,
2026-09-28T15:27:13.693+00:00,2026-09-28T15:27:13.741+00:00,795.296,absent,3734.1,"{""state"":""absent"",""devices"":[]}",absent,absent,25.3,22.7,List of devices attached,
2026-09-28T15:27:14.693+00:00,2026-09-28T15:27:14.742+00:00,796.297,absent,3734.1,"{""state"":""absent"",""devices"":[]}",absent,absent,25.9,23.0,List of devices attached,
2026-09-28T15:27:15.693+00:00,2026-09-28T15:27:15.741+00:00,797.296,absent,3734.1,"{""state"":""absent"",""devices"":[]}",absent,absent,24.5,23.1,List of devices attached,
2026-09-28T15:27:16.693+00:00,2026-09-28T15:27:16.741+00:00,798.296,absent,3775.0,"{""state"":""absent"",""devices"":[]}",absent,absent,25.7,21.3,List of devices attached,
2026-09-28T15:27:17.694+00:00,2026-09-28T15:27:17.741+00:00,799.296,absent,3775.0,"{""state"":""absent"",""devices"":[]}",absent,absent,24.7,22.4,List of devices attached,
2026-09-28T15:27:18.694+00:00,2026-09-28T15:27:18.743+00:00,800.298,absent,3775.0,"{""state"":""absent"",""devices"":[]}",absent,absent,27.5,21.8,List of devices attached,
2026-09-28T15:27:19.694+00:00,2026-09-28T15:27:19.738+00:00,801.294,absent,3775.0,"{""state"":""absent"",""devices"":[]}",absent,absent,23.8,20.4,List of devices attached,
2026-09-28T15:27:20.694+00:00,2026-09-28T15:27:20.742+00:00,802.297,absent,3845.7,"{""state"":""absent"",""devices"":[]}",absent,absent,25.5,21.7,List of devices attached,
2026-09-28T15:27:21.695+00:00,2026-09-28T15:27:21.747+00:00,803.302,absent,3845.7,"{""state"":""absent"",""devices"":[]}",absent,absent,27.5,24.4,List of devices attached,
2026-09-28T15:27:22.695+00:00,2026-09-28T15:27:22.741+00:00,804.296,absent,3845.7,"{""state"":""absent"",""devices"":[]}",absent,absent,24.1,22.3,List of devices attached,
2026-09-28T15:27:23.695+00:00,2026-09-28T15:27:23.743+00:00,805.298,absent,3845.7,"{""state"":""absent"",""devices"":[]}",absent,absent,24.7,22.8,List of devices attached,
2026-09-28T15:27:24.696+00:00,2026-09-28T15:27:24.746+00:00,806.301,absent,3742.6,"{""state"":""absent"",""devices"":[]}",absent,absent,27.4,23.0,List of devices attached,
2026-09-28T15:27:25.696+00:00,2026-09-28T15:27:25.745+00:00,807.300,absent,3742.6,"{""state"":""absent"",""devices"":[]}",absent,absent,23.1,25.9,List of devices attached,
2026-09-28T15:27:26.696+00:00,2026-09-28T15:27:26.757+00:00,808.313,absent,3742.6,"{""state"":""absent"",""devices"":[]}",absent,absent,27.2,34.0,List of devices attached,
2026-09-28T15:27:27.697+00:00,2026-09-28T15:27:27.746+00:00,809.301,absent,3742.6,"{""state"":""absent"",""devices"":[]}",absent,absent,26.2,22.7,List of devices attached,
2026-09-28T15:27:28.697+00:00,2026-09-28T15:27:28.742+00:00,810.297,absent,3789.3,"{""state"":""absent"",""devices"":[]}",absent,absent,23.6,21.8,List of devices attached,
2026-09-28T15:27:29.697+00:00,2026-09-28T15:27:29.745+00:00,811.301,absent,3789.3,"{""state"":""absent"",""devices"":[]}",absent,absent,26.2,22.0,List of devices attached,
2026-09-28T15:27:30.697+00:00,2026-09-28T15:27:30.745+00:00,812.301,absent,3789.3,"{""state"":""absent"",""devices"":[]}",absent,absent,25.4,22.7,List of devices attached,
2026-09-28T15:27:31.697+00:00,2026-09-28T15:27:31.744+00:00,813.299,absent,3789.3,"{""state"":""absent"",""devices"":[]}",absent,absent,25.4,21.4,List of devices attached,
2026-09-28T15:27:32.698+00:00,2026-09-28T15:27:32.746+00:00,814.301,absent,3736.6,"{""state"":""absent"",""devices"":[]}",absent,absent,26.2,22.2,List of devices attached,
2026-09-28T15:27:33.698+00:00,2026-09-28T15:27:33.745+00:00,815.300,absent,3736.6,"{""state"":""absent"",""devices"":[]}",absent,absent,25.5,21.4,List of devices attached,
2026-09-28T15:27:34.699+00:00,2026-09-28T15:27:34.746+00:00,816.301,absent,3736.6,"{""state"":""absent"",""devices"":[]}",absent,absent,25.3,22.3,List of devices attached,
2026-09-28T15:27:35.699+00:00,2026-09-28T15:27:35.747+00:00,817.302,absent,3736.6,"{""state"":""absent"",""devices"":[]}",absent,absent,25.6,22.5,List of devices attached,
2026-09-28T15:27:36.699+00:00,2026-09-28T15:27:36.747+00:00,818.302,absent,3872.0,"{""state"":""absent"",""devices"":[]}",absent,absent,24.9,22.6,List of devices attached,
2026-09-28T15:27:37.699+00:00,2026-09-28T15:27:37.746+00:00,819.302,absent,3872.0,"{""state"":""absent"",""devices"":[]}",absent,absent,25.1,22.1,List of devices attached,
2026-09-28T15:27:38.699+00:00,2026-09-28T15:27:38.746+00:00,820.301,absent,3872.0,"{""state"":""absent"",""devices"":[]}",absent,absent,24.5,21.5,List of devices attached,
2026-09-28T15:27:39.700+00:00,2026-09-28T15:27:39.747+00:00,821.302,absent,3872.0,"{""state"":""absent"",""devices"":[]}",absent,absent,26.0,21.2,List of devices attached,
2026-09-28T15:27:40.700+00:00,2026-09-28T15:27:40.748+00:00,822.303,absent,3764.8,"{""state"":""absent"",""devices"":[]}",absent,absent,26.2,21.6,List of devices attached,
2026-09-28T15:27:41.701+00:00,2026-09-28T15:27:41.747+00:00,823.302,absent,3764.8,"{""state"":""absent"",""devices"":[]}",absent,absent,24.7,21.3,List of devices attached,
2026-09-28T15:27:42.701+00:00,2026-09-28T15:27:42.750+00:00,824.305,absent,3764.8,"{""state"":""absent"",""devices"":[]}",absent,absent,26.2,22.3,List of devices attached,
2026-09-28T15:27:43.701+00:00,2026-09-28T15:27:43.747+00:00,825.302,absent,3764.8,"{""state"":""absent"",""devices"":[]}",absent,absent,23.3,21.7,List of devices attached,
2026-09-28T15:27:44.702+00:00,2026-09-28T15:27:44.748+00:00,826.303,absent,3763.7,"{""state"":""absent"",""devices"":[]}",absent,absent,25.4,21.0,List of devices attached,
2026-09-28T15:27:45.702+00:00,2026-09-28T15:27:45.752+00:00,827.308,absent,3763.7,"{""state"":""absent"",""devices"":[]}",absent,absent,25.8,24.5,List of devices attached,
2026-09-28T15:27:46.702+00:00,2026-09-28T15:27:46.748+00:00,828.303,absent,3763.7,"{""state"":""absent"",""devices"":[]}",absent,absent,24.1,21.4,List of devices attached,
2026-09-28T15:27:47.702+00:00,2026-09-28T15:27:47.747+00:00,829.302,absent,3763.7,"{""state"":""absent"",""devices"":[]}",absent,absent,23.0,22.0,List of devices attached,
2026-09-28T15:27:48.703+00:00,2026-09-28T15:27:48.758+00:00,830.313,absent,3765.5,"{""state"":""absent"",""devices"":[]}",absent,absent,31.4,23.5,List of devices attached,
2026-09-28T15:27:49.703+00:00,2026-09-28T15:27:49.752+00:00,831.307,absent,3765.5,"{""state"":""absent"",""devices"":[]}",absent,absent,26.2,22.9,List of devices attached,
2026-09-28T15:27:50.703+00:00,2026-09-28T15:27:50.750+00:00,832.305,absent,3765.5,"{""state"":""absent"",""devices"":[]}",absent,absent,24.9,21.5,List of devices attached,
2026-09-28T15:27:51.703+00:00,2026-09-28T15:27:51.750+00:00,833.305,absent,3765.5,"{""state"":""absent"",""devices"":[]}",absent,absent,24.6,22.1,List of devices attached,
2026-09-28T15:27:52.704+00:00,2026-09-28T15:27:52.750+00:00,834.305,absent,3544.0,"{""state"":""absent"",""devices"":[]}",absent,absent,25.0,21.0,List of devices attached,
2026-09-28T15:27:53.704+00:00,2026-09-28T15:27:53.752+00:00,835.307,absent,3544.0,"{""state"":""absent"",""devices"":[]}",absent,absent,26.1,21.8,List of devices attached,
2026-09-28T15:27:54.704+00:00,2026-09-28T15:27:54.752+00:00,836.307,absent,3544.0,"{""state"":""absent"",""devices"":[]}",absent,absent,25.6,22.4,List of devices attached,
2026-09-28T15:27:55.704+00:00,2026-09-28T15:27:55.750+00:00,837.305,absent,3544.0,"{""state"":""absent"",""devices"":[]}",absent,absent,24.0,21.3,List of devices attached,
2026-09-28T15:27:56.705+00:00,2026-09-28T15:27:56.755+00:00,838.310,absent,3589.8,"{""state"":""absent"",""devices"":[]}",absent,absent,25.7,24.7,List of devices attached,
2026-09-28T15:27:57.705+00:00,2026-09-28T15:27:57.754+00:00,839.309,absent,3589.8,"{""state"":""absent"",""devices"":[]}",absent,absent,25.6,23.0,List of devices attached,
2026-09-28T15:27:58.705+00:00,2026-09-28T15:27:58.752+00:00,840.307,absent,3589.8,"{""state"":""absent"",""devices"":[]}",absent,absent,25.1,21.9,List of devices attached,
2026-09-28T15:27:59.705+00:00,2026-09-28T15:27:59.756+00:00,841.311,absent,3589.8,"{""state"":""absent"",""devices"":[]}",absent,absent,27.0,23.6,List of devices attached,
2026-09-28T15:28:00.706+00:00,2026-09-28T15:28:00.754+00:00,842.309,absent,3583.3,"{""state"":""absent"",""devices"":[]}",absent,absent,25.3,23.2,List of devices attached,
2026-09-28T15:28:01.706+00:00,2026-09-28T15:28:01.753+00:00,843.308,absent,3583.3,"{""state"":""absent"",""devices"":[]}",absent,absent,25.1,21.7,List of devices attached,
2026-09-28T15:28:02.706+00:00,2026-09-28T15:28:02.757+00:00,844.312,absent,3583.3,"{""state"":""absent"",""devices"":[]}",absent,absent,26.9,23.7,List of devices attached,
2026-09-28T15:28:03.706+00:00,2026-09-28T15:28:03.752+00:00,845.307,absent,3583.3,"{""state"":""absent"",""devices"":[]}",absent,absent,24.6,21.6,List of devices attached,
2026-09-28T15:28:04.706+00:00,2026-09-28T15:28:04.753+00:00,846.309,absent,3563.8,"{""state"":""absent"",""devices"":[]}",absent,absent,24.7,22.2,List of devices attached,
2026-09-28T15:28:05.707+00:00,2026-09-28T15:28:05.757+00:00,847.312,absent,3563.8,"{""state"":""absent"",""devices"":[]}",absent,absent,26.1,24.3,List of devices attached,
2026-09-28T15:28:06.707+00:00,2026-09-28T15:28:06.754+00:00,848.309,absent,3563.8,"{""state"":""absent"",""devices"":[]}",absent,absent,25.2,21.3,List of devices attached,
2026-09-28T15:28:07.708+00:00,2026-09-28T15:28:07.754+00:00,849.309,absent,3563.8,"{""state"":""absent"",""devices"":[]}",absent,absent,24.1,22.5,List of devices attached,
2026-09-28T15:28:08.708+00:00,2026-09-28T15:28:08.757+00:00,850.312,absent,3567.3,"{""state"":""absent"",""devices"":[]}",absent,absent,26.2,22.5,List of devices attached,
2026-09-28T15:28:09.708+00:00,2026-09-28T15:28:09.755+00:00,851.310,absent,3567.3,"{""state"":""absent"",""devices"":[]}",absent,absent,25.3,21.9,List of devices attached,
2026-09-28T15:28:10.708+00:00,2026-09-28T15:28:10.754+00:00,852.309,absent,3567.3,"{""state"":""absent"",""devices"":[]}",absent,absent,24.2,21.9,List of devices attached,
2026-09-28T15:28:11.708+00:00,2026-09-28T15:28:11.757+00:00,853.312,absent,3567.3,"{""state"":""absent"",""devices"":[]}",absent,absent,26.3,22.6,List of devices attached,
2026-09-28T15:28:12.709+00:00,2026-09-28T15:28:12.755+00:00,854.310,absent,3606.3,"{""state"":""absent"",""devices"":[]}",absent,absent,23.9,21.8,List of devices attached,
2026-09-28T15:28:13.710+00:00,2026-09-28T15:28:13.762+00:00,855.317,absent,3606.3,"{""state"":""absent"",""devices"":[]}",absent,absent,30.7,21.7,List of devices attached,
2026-09-28T15:28:14.710+00:00,2026-09-28T15:28:14.772+00:00,856.327,absent,3606.3,"{""state"":""absent"",""devices"":[]}",absent,absent,40.7,21.2,List of devices attached,
2026-09-28T15:28:15.710+00:00,2026-09-28T15:28:15.760+00:00,857.315,absent,3606.3,"{""state"":""absent"",""devices"":[]}",absent,absent,25.7,24.0,List of devices attached,
2026-09-28T15:28:16.710+00:00,2026-09-28T15:28:16.771+00:00,858.326,absent,3633.5,"{""state"":""absent"",""devices"":[]}",absent,absent,24.2,36.0,List of devices attached,
2026-09-28T15:28:17.711+00:00,2026-09-28T15:28:17.758+00:00,859.313,absent,3633.5,"{""state"":""absent"",""devices"":[]}",absent,absent,25.0,21.9,List of devices attached,
2026-09-28T15:28:18.711+00:00,2026-09-28T15:28:18.760+00:00,860.315,absent,3633.5,"{""state"":""absent"",""devices"":[]}",absent,absent,25.2,23.5,List of devices attached,
2026-09-28T15:28:19.711+00:00,2026-09-28T15:28:19.756+00:00,861.311,absent,3633.5,"{""state"":""absent"",""devices"":[]}",absent,absent,24.0,20.7,List of devices attached,
2026-09-28T15:28:20.711+00:00,2026-09-28T15:28:20.760+00:00,862.315,absent,3692.2,"{""state"":""absent"",""devices"":[]}",absent,absent,25.1,23.3,List of devices attached,
2026-09-28T15:28:21.712+00:00,2026-09-28T15:28:21.760+00:00,863.315,absent,3692.2,"{""state"":""absent"",""devices"":[]}",absent,absent,26.6,21.4,List of devices attached,
2026-09-28T15:28:22.712+00:00,2026-09-28T15:28:22.761+00:00,864.316,absent,3692.2,"{""state"":""absent"",""devices"":[]}",absent,absent,25.0,23.5,List of devices attached,
2026-09-28T15:28:23.713+00:00,2026-09-28T15:28:23.761+00:00,865.316,absent,3692.2,"{""state"":""absent"",""devices"":[]}",absent,absent,26.1,22.5,List of devices attached,
2026-09-28T15:28:24.713+00:00,2026-09-28T15:28:24.759+00:00,866.314,absent,3701.2,"{""state"":""absent"",""devices"":[]}",absent,absent,24.9,20.7,List of devices attached,
2026-09-28T15:28:25.713+00:00,2026-09-28T15:28:25.758+00:00,867.313,absent,3701.2,"{""state"":""absent"",""devices"":[]}",absent,absent,24.2,20.6,List of devices attached,
2026-09-28T15:28:26.714+00:00,2026-09-28T15:28:26.759+00:00,868.315,absent,3701.2,"{""state"":""absent"",""devices"":[]}",absent,absent,24.3,21.5,List of devices attached,
2026-09-28T15:28:27.714+00:00,2026-09-28T15:28:27.761+00:00,869.316,absent,3701.2,"{""state"":""absent"",""devices"":[]}",absent,absent,24.0,22.5,List of devices attached,
2026-09-28T15:28:28.714+00:00,2026-09-28T15:28:28.758+00:00,870.313,absent,3773.9,"{""state"":""absent"",""devices"":[]}",absent,absent,23.4,20.5,List of devices attached,
2026-09-28T15:28:29.714+00:00,2026-09-28T15:28:29.759+00:00,871.314,absent,3773.9,"{""state"":""absent"",""devices"":[]}",absent,absent,24.1,20.7,List of devices attached,
2026-09-28T15:28:30.715+00:00,2026-09-28T15:28:30.762+00:00,872.317,absent,3773.9,"{""state"":""absent"",""devices"":[]}",absent,absent,25.5,21.9,List of devices attached,
2026-09-28T15:28:31.715+00:00,2026-09-28T15:28:31.762+00:00,873.317,absent,3773.9,"{""state"":""absent"",""devices"":[]}",absent,absent,25.3,21.9,List of devices attached,
2026-09-28T15:28:32.715+00:00,2026-09-28T15:28:32.763+00:00,874.318,absent,3690.8,"{""state"":""absent"",""devices"":[]}",absent,absent,26.2,20.8,List of devices attached,
2026-09-28T15:28:33.716+00:00,2026-09-28T15:28:33.760+00:00,875.315,absent,3690.8,"{""state"":""absent"",""devices"":[]}",absent,absent,23.6,20.4,List of devices attached,
2026-09-28T15:28:34.716+00:00,2026-09-28T15:28:34.762+00:00,876.317,absent,3690.8,"{""state"":""absent"",""devices"":[]}",absent,absent,25.1,20.8,List of devices attached,
2026-09-28T15:28:35.717+00:00,2026-09-28T15:28:35.764+00:00,877.319,absent,3690.8,"{""state"":""absent"",""devices"":[]}",absent,absent,25.6,21.6,List of devices attached,
2026-09-28T15:28:36.717+00:00,2026-09-28T15:28:36.764+00:00,878.319,absent,3763.0,"{""state"":""absent"",""devices"":[]}",absent,absent,24.2,22.4,List of devices attached,
2026-09-28T15:28:37.717+00:00,2026-09-28T15:28:37.761+00:00,879.316,absent,3763.0,"{""state"":""absent"",""devices"":[]}",absent,absent,23.6,20.1,List of devices attached,
2026-09-28T15:28:38.717+00:00,2026-09-28T15:28:38.762+00:00,880.317,absent,3763.0,"{""state"":""absent"",""devices"":[]}",absent,absent,24.0,20.0,List of devices attached,
2026-09-28T15:28:39.718+00:00,2026-09-28T15:28:39.766+00:00,881.321,absent,3763.0,"{""state"":""absent"",""devices"":[]}",absent,absent,26.1,21.5,List of devices attached,
2026-09-28T15:28:40.718+00:00,2026-09-28T15:28:40.766+00:00,882.321,absent,3751.7,"{""state"":""absent"",""devices"":[]}",absent,absent,25.4,22.3,List of devices attached,
2026-09-28T15:28:41.719+00:00,2026-09-28T15:28:41.765+00:00,883.320,absent,3751.7,"{""state"":""absent"",""devices"":[]}",absent,absent,24.6,21.7,List of devices attached,
2026-09-28T15:28:42.719+00:00,2026-09-28T15:28:42.774+00:00,884.329,absent,3751.7,"{""state"":""absent"",""devices"":[]}",absent,absent,26.2,28.6,List of devices attached,
2026-09-28T15:28:43.719+00:00,2026-09-28T15:28:43.765+00:00,885.320,absent,3751.7,"{""state"":""absent"",""devices"":[]}",absent,absent,24.2,21.7,List of devices attached,
2026-09-28T15:28:44.719+00:00,2026-09-28T15:28:44.765+00:00,886.320,absent,3680.8,"{""state"":""absent"",""devices"":[]}",absent,absent,25.0,20.7,List of devices attached,
2026-09-28T15:28:45.719+00:00,2026-09-28T15:28:45.766+00:00,887.321,absent,3680.8,"{""state"":""absent"",""devices"":[]}",absent,absent,25.0,21.9,List of devices attached,
2026-09-28T15:28:46.719+00:00,2026-09-28T15:28:46.765+00:00,888.320,absent,3680.8,"{""state"":""absent"",""devices"":[]}",absent,absent,25.1,20.8,List of devices attached,
2026-09-28T15:28:47.720+00:00,2026-09-28T15:28:47.767+00:00,889.323,absent,3680.8,"{""state"":""absent"",""devices"":[]}",absent,absent,25.8,21.9,List of devices attached,
2026-09-28T15:28:48.720+00:00,2026-09-28T15:28:48.767+00:00,890.322,absent,3710.9,"{""state"":""absent"",""devices"":[]}",absent,absent,25.1,21.2,List of devices attached,
2026-09-28T15:28:49.720+00:00,2026-09-28T15:28:49.767+00:00,891.322,absent,3710.9,"{""state"":""absent"",""devices"":[]}",absent,absent,24.3,22.3,List of devices attached,
2026-09-28T15:28:50.721+00:00,2026-09-28T15:28:50.770+00:00,892.325,absent,3710.9,"{""state"":""absent"",""devices"":[]}",absent,fastboot,25.1,24.1,List of devices attached,[REDACTED_DEVICE_SERIAL]               fastboot
2026-09-28T15:28:51.721+00:00,2026-09-28T15:28:51.771+00:00,893.326,absent,3710.9,"{""state"":""absent"",""devices"":[]}",absent,fastboot,25.7,23.9,List of devices attached,[REDACTED_DEVICE_SERIAL]               fastboot
2026-09-28T15:28:52.721+00:00,2026-09-28T15:28:52.769+00:00,894.324,absent,3723.2,"{""state"":""absent"",""devices"":[]}",absent,fastboot,25.4,21.7,List of devices attached,[REDACTED_DEVICE_SERIAL]               fastboot
2026-09-28T15:28:53.722+00:00,2026-09-28T15:28:53.769+00:00,895.324,absent,3723.2,"{""state"":""absent"",""devices"":[]}",absent,fastboot,24.1,23.0,List of devices attached,[REDACTED_DEVICE_SERIAL]               fastboot
2026-09-28T15:28:54.722+00:00,2026-09-28T15:28:54.773+00:00,896.328,absent,3723.2,"{""state"":""absent"",""devices"":[]}",absent,fastboot,26.0,24.9,List of devices attached,[REDACTED_DEVICE_SERIAL]               fastboot
2026-09-28T15:28:55.723+00:00,2026-09-28T15:28:55.771+00:00,897.326,absent,3723.2,"{""state"":""absent"",""devices"":[]}",absent,fastboot,24.0,23.8,List of devices attached,[REDACTED_DEVICE_SERIAL]               fastboot
2026-09-28T15:28:56.723+00:00,2026-09-28T15:28:56.770+00:00,898.326,present,3666.7,"{""state"":""present"",""devices"":[{""Status"":""OK"",""Class"":""AndroidUsbDeviceClass"",""FriendlyName"":""Android Bootloader Interface"",""InstanceId"":""USB\\VID_18D1&PID_D00D\\[REDACTED_DEVICE_SERIAL]""}]}",absent,fastboot,25.3,22.3,List of devices attached,[REDACTED_DEVICE_SERIAL]               fastboot
2026-09-28T15:28:57.723+00:00,2026-09-28T15:28:57.773+00:00,899.328,present,3666.7,"{""state"":""present"",""devices"":[{""Status"":""OK"",""Class"":""AndroidUsbDeviceClass"",""FriendlyName"":""Android Bootloader Interface"",""InstanceId"":""USB\\VID_18D1&PID_D00D\\[REDACTED_DEVICE_SERIAL]""}]}",absent,fastboot,24.6,24.5,List of devices attached,[REDACTED_DEVICE_SERIAL]               fastboot
