sample_started_utc,sample_finished_utc,elapsed_seconds,usb_pnp_state,usb_query_ms,usb_pnp_output,adb_state,fastboot_state,adb_query_ms,fastboot_query_ms,adb_output,fastboot_output
2026-09-28T11:25:02.867+00:00,2026-09-28T11:25:05.147+00:00,2.283,query_pending,,initial PnP query pending,absent,fastboot,2251.9,27.4,List of devices attached |  | * daemon not running; starting now at tcp:5037 | * daemon started successfully,1384e684               fastboot
2026-09-28T11:25:05.150+00:00,2026-09-28T11:25:05.209+00:00,2.345,query_pending,,initial PnP query pending,absent,fastboot,36.1,22.8,List of devices attached,1384e684               fastboot
2026-09-28T11:25:06.151+00:00,2026-09-28T11:25:06.200+00:00,3.335,query_pending,,initial PnP query pending,absent,fastboot,25.4,23.5,List of devices attached,1384e684               fastboot
2026-09-28T11:25:07.151+00:00,2026-09-28T11:25:07.198+00:00,4.334,query_pending,,initial PnP query pending,absent,fastboot,25.6,21.6,List of devices attached,1384e684               fastboot
2026-09-28T11:25:08.151+00:00,2026-09-28T11:25:08.199+00:00,5.334,present,4288.7,"{""state"":""present"",""devices"":[{""Status"":""OK"",""Class"":""AndroidUsbDeviceClass"",""FriendlyName"":""Android Bootloader Interface"",""InstanceId"":""USB\\VID_18D1&PID_D00D\\1384E684""}]}",absent,fastboot,25.7,21.5,List of devices attached,1384e684               fastboot
2026-09-28T11:25:09.152+00:00,2026-09-28T11:25:09.198+00:00,6.333,present,4288.7,"{""state"":""present"",""devices"":[{""Status"":""OK"",""Class"":""AndroidUsbDeviceClass"",""FriendlyName"":""Android Bootloader Interface"",""InstanceId"":""USB\\VID_18D1&PID_D00D\\1384E684""}]}",absent,fastboot,23.9,22.5,List of devices attached,1384e684               fastboot
2026-09-28T11:25:10.152+00:00,2026-09-28T11:25:10.208+00:00,7.344,present,4288.7,"{""state"":""present"",""devices"":[{""Status"":""OK"",""Class"":""AndroidUsbDeviceClass"",""FriendlyName"":""Android Bootloader Interface"",""InstanceId"":""USB\\VID_18D1&PID_D00D\\1384E684""}]}",absent,fastboot,34.4,22.0,List of devices attached,1384e684               fastboot
2026-09-28T11:25:11.152+00:00,2026-09-28T11:25:11.198+00:00,8.334,present,4288.7,"{""state"":""present"",""devices"":[{""Status"":""OK"",""Class"":""AndroidUsbDeviceClass"",""FriendlyName"":""Android Bootloader Interface"",""InstanceId"":""USB\\VID_18D1&PID_D00D\\1384E684""}]}",absent,fastboot,24.9,20.9,List of devices attached,1384e684               fastboot
2026-09-28T11:25:12.153+00:00,2026-09-28T11:25:12.200+00:00,9.335,present,3109.6,"{""state"":""present"",""devices"":[{""Status"":""OK"",""Class"":""AndroidUsbDeviceClass"",""FriendlyName"":""Android Bootloader Interface"",""InstanceId"":""USB\\VID_18D1&PID_D00D\\1384E684""}]}",absent,fastboot,25.3,21.6,List of devices attached,1384e684               fastboot
2026-09-28T11:25:13.153+00:00,2026-09-28T11:25:13.198+00:00,10.334,present,3109.6,"{""state"":""present"",""devices"":[{""Status"":""OK"",""Class"":""AndroidUsbDeviceClass"",""FriendlyName"":""Android Bootloader Interface"",""InstanceId"":""USB\\VID_18D1&PID_D00D\\1384E684""}]}",absent,fastboot,25.1,20.2,List of devices attached,1384e684               fastboot
2026-09-28T11:25:14.154+00:00,2026-09-28T11:25:14.199+00:00,11.334,present,3109.6,"{""state"":""present"",""devices"":[{""Status"":""OK"",""Class"":""AndroidUsbDeviceClass"",""FriendlyName"":""Android Bootloader Interface"",""InstanceId"":""USB\\VID_18D1&PID_D00D\\1384E684""}]}",absent,fastboot,24.6,20.2,List of devices attached,1384e684               fastboot
2026-09-28T11:25:15.154+00:00,2026-09-28T11:25:15.198+00:00,12.334,present,3109.6,"{""state"":""present"",""devices"":[{""Status"":""OK"",""Class"":""AndroidUsbDeviceClass"",""FriendlyName"":""Android Bootloader Interface"",""InstanceId"":""USB\\VID_18D1&PID_D00D\\1384E684""}]}",absent,fastboot,23.9,20.6,List of devices attached,1384e684               fastboot
2026-09-28T11:25:16.154+00:00,2026-09-28T11:25:16.201+00:00,13.336,present,3010.4,"{""state"":""present"",""devices"":[{""Status"":""OK"",""Class"":""AndroidUsbDeviceClass"",""FriendlyName"":""Android Bootloader Interface"",""InstanceId"":""USB\\VID_18D1&PID_D00D\\1384E684""}]}",absent,fastboot,24.1,22.9,List of devices attached,1384e684               fastboot
2026-09-28T11:25:17.154+00:00,2026-09-28T11:25:17.201+00:00,14.336,present,3010.4,"{""state"":""present"",""devices"":[{""Status"":""OK"",""Class"":""AndroidUsbDeviceClass"",""FriendlyName"":""Android Bootloader Interface"",""InstanceId"":""USB\\VID_18D1&PID_D00D\\1384E684""}]}",absent,fastboot,25.7,21.2,List of devices attached,1384e684               fastboot
2026-09-28T11:25:18.154+00:00,2026-09-28T11:25:18.201+00:00,15.337,present,3010.4,"{""state"":""present"",""devices"":[{""Status"":""OK"",""Class"":""AndroidUsbDeviceClass"",""FriendlyName"":""Android Bootloader Interface"",""InstanceId"":""USB\\VID_18D1&PID_D00D\\1384E684""}]}",absent,fastboot,25.2,21.7,List of devices attached,1384e684               fastboot
2026-09-28T11:25:19.155+00:00,2026-09-28T11:25:19.200+00:00,16.335,present,3010.4,"{""state"":""present"",""devices"":[{""Status"":""OK"",""Class"":""AndroidUsbDeviceClass"",""FriendlyName"":""Android Bootloader Interface"",""InstanceId"":""USB\\VID_18D1&PID_D00D\\1384E684""}]}",absent,fastboot,24.0,21.2,List of devices attached,1384e684               fastboot
2026-09-28T11:25:20.155+00:00,2026-09-28T11:25:20.201+00:00,17.336,present,3141.6,"{""state"":""present"",""devices"":[{""Status"":""OK"",""Class"":""AndroidUsbDeviceClass"",""FriendlyName"":""Android Bootloader Interface"",""InstanceId"":""USB\\VID_18D1&PID_D00D\\1384E684""}]}",absent,fastboot,25.1,21.2,List of devices attached,1384e684               fastboot
2026-09-28T11:25:21.155+00:00,2026-09-28T11:25:21.201+00:00,18.336,present,3141.6,"{""state"":""present"",""devices"":[{""Status"":""OK"",""Class"":""AndroidUsbDeviceClass"",""FriendlyName"":""Android Bootloader Interface"",""InstanceId"":""USB\\VID_18D1&PID_D00D\\1384E684""}]}",absent,fastboot,24.0,21.6,List of devices attached,1384e684               fastboot
2026-09-28T11:25:22.155+00:00,2026-09-28T11:25:22.200+00:00,19.336,present,3141.6,"{""state"":""present"",""devices"":[{""Status"":""OK"",""Class"":""AndroidUsbDeviceClass"",""FriendlyName"":""Android Bootloader Interface"",""InstanceId"":""USB\\VID_18D1&PID_D00D\\1384E684""}]}",absent,fastboot,24.5,20.4,List of devices attached,1384e684               fastboot
2026-09-28T11:25:23.155+00:00,2026-09-28T11:25:23.204+00:00,20.339,present,3141.6,"{""state"":""present"",""devices"":[{""Status"":""OK"",""Class"":""AndroidUsbDeviceClass"",""FriendlyName"":""Android Bootloader Interface"",""InstanceId"":""USB\\VID_18D1&PID_D00D\\1384E684""}]}",absent,fastboot,26.4,22.2,List of devices attached,1384e684               fastboot
2026-09-28T11:25:24.155+00:00,2026-09-28T11:25:24.202+00:00,21.338,present,3115.7,"{""state"":""present"",""devices"":[{""Status"":""OK"",""Class"":""AndroidUsbDeviceClass"",""FriendlyName"":""Android Bootloader Interface"",""InstanceId"":""USB\\VID_18D1&PID_D00D\\1384E684""}]}",absent,fastboot,25.1,21.7,List of devices attached,1384e684               fastboot
2026-09-28T11:25:25.156+00:00,2026-09-28T11:25:25.205+00:00,22.340,present,3115.7,"{""state"":""present"",""devices"":[{""Status"":""OK"",""Class"":""AndroidUsbDeviceClass"",""FriendlyName"":""Android Bootloader Interface"",""InstanceId"":""USB\\VID_18D1&PID_D00D\\1384E684""}]}",absent,fastboot,25.8,23.2,List of devices attached,1384e684               fastboot
2026-09-28T11:25:26.156+00:00,2026-09-28T11:25:26.206+00:00,23.341,present,3115.7,"{""state"":""present"",""devices"":[{""Status"":""OK"",""Class"":""AndroidUsbDeviceClass"",""FriendlyName"":""Android Bootloader Interface"",""InstanceId"":""USB\\VID_18D1&PID_D00D\\1384E684""}]}",absent,fastboot,27.8,21.7,List of devices attached,1384e684               fastboot
2026-09-28T11:25:27.157+00:00,2026-09-28T11:25:27.205+00:00,24.340,present,3115.7,"{""state"":""present"",""devices"":[{""Status"":""OK"",""Class"":""AndroidUsbDeviceClass"",""FriendlyName"":""Android Bootloader Interface"",""InstanceId"":""USB\\VID_18D1&PID_D00D\\1384E684""}]}",absent,fastboot,26.2,22.0,List of devices attached,1384e684               fastboot
2026-09-28T11:25:28.157+00:00,2026-09-28T11:25:28.204+00:00,25.339,present,3165.4,"{""state"":""present"",""devices"":[{""Status"":""OK"",""Class"":""AndroidUsbDeviceClass"",""FriendlyName"":""Android Bootloader Interface"",""InstanceId"":""USB\\VID_18D1&PID_D00D\\1384E684""}]}",absent,fastboot,24.3,22.4,List of devices attached,1384e684               fastboot
2026-09-28T11:25:29.157+00:00,2026-09-28T11:25:29.204+00:00,26.339,present,3165.4,"{""state"":""present"",""devices"":[{""Status"":""OK"",""Class"":""AndroidUsbDeviceClass"",""FriendlyName"":""Android Bootloader Interface"",""InstanceId"":""USB\\VID_18D1&PID_D00D\\1384E684""}]}",absent,fastboot,24.3,21.9,List of devices attached,1384e684               fastboot
2026-09-28T11:25:30.158+00:00,2026-09-28T11:25:30.209+00:00,27.345,present,3165.4,"{""state"":""present"",""devices"":[{""Status"":""OK"",""Class"":""AndroidUsbDeviceClass"",""FriendlyName"":""Android Bootloader Interface"",""InstanceId"":""USB\\VID_18D1&PID_D00D\\1384E684""}]}",absent,fastboot,28.8,22.6,List of devices attached,1384e684               fastboot
2026-09-28T11:25:31.158+00:00,2026-09-28T11:25:31.205+00:00,28.340,present,3165.4,"{""state"":""present"",""devices"":[{""Status"":""OK"",""Class"":""AndroidUsbDeviceClass"",""FriendlyName"":""Android Bootloader Interface"",""InstanceId"":""USB\\VID_18D1&PID_D00D\\1384E684""}]}",absent,fastboot,23.8,23.2,List of devices attached,1384e684               fastboot
2026-09-28T11:25:32.158+00:00,2026-09-28T11:25:32.206+00:00,29.341,present,3062.9,"{""state"":""present"",""devices"":[{""Status"":""OK"",""Class"":""AndroidUsbDeviceClass"",""FriendlyName"":""Android Bootloader Interface"",""InstanceId"":""USB\\VID_18D1&PID_D00D\\1384E684""}]}",absent,fastboot,24.6,22.8,List of devices attached,1384e684               fastboot
2026-09-28T11:25:33.159+00:00,2026-09-28T11:25:33.224+00:00,30.359,present,3062.9,"{""state"":""present"",""devices"":[{""Status"":""OK"",""Class"":""AndroidUsbDeviceClass"",""FriendlyName"":""Android Bootloader Interface"",""InstanceId"":""USB\\VID_18D1&PID_D00D\\1384E684""}]}",absent,fastboot,42.4,22.4,List of devices attached,1384e684               fastboot
2026-09-28T11:25:34.159+00:00,2026-09-28T11:25:34.205+00:00,31.340,present,3062.9,"{""state"":""present"",""devices"":[{""Status"":""OK"",""Class"":""AndroidUsbDeviceClass"",""FriendlyName"":""Android Bootloader Interface"",""InstanceId"":""USB\\VID_18D1&PID_D00D\\1384E684""}]}",absent,fastboot,24.2,21.3,List of devices attached,1384e684               fastboot
2026-09-28T11:25:35.160+00:00,2026-09-28T11:25:35.206+00:00,32.341,present,3062.9,"{""state"":""present"",""devices"":[{""Status"":""OK"",""Class"":""AndroidUsbDeviceClass"",""FriendlyName"":""Android Bootloader Interface"",""InstanceId"":""USB\\VID_18D1&PID_D00D\\1384E684""}]}",absent,fastboot,24.5,21.4,List of devices attached,1384e684               fastboot
2026-09-28T11:25:36.160+00:00,2026-09-28T11:25:36.207+00:00,33.342,present,3024.9,"{""state"":""present"",""devices"":[{""Status"":""OK"",""Class"":""AndroidUsbDeviceClass"",""FriendlyName"":""Android Bootloader Interface"",""InstanceId"":""USB\\VID_18D1&PID_D00D\\1384E684""}]}",absent,fastboot,24.2,22.5,List of devices attached,1384e684               fastboot
2026-09-28T11:25:37.160+00:00,2026-09-28T11:25:37.206+00:00,34.342,present,3024.9,"{""state"":""present"",""devices"":[{""Status"":""OK"",""Class"":""AndroidUsbDeviceClass"",""FriendlyName"":""Android Bootloader Interface"",""InstanceId"":""USB\\VID_18D1&PID_D00D\\1384E684""}]}",absent,fastboot,23.7,22.1,List of devices attached,1384e684               fastboot
2026-09-28T11:25:38.160+00:00,2026-09-28T11:25:38.210+00:00,35.345,present,3024.9,"{""state"":""present"",""devices"":[{""Status"":""OK"",""Class"":""AndroidUsbDeviceClass"",""FriendlyName"":""Android Bootloader Interface"",""InstanceId"":""USB\\VID_18D1&PID_D00D\\1384E684""}]}",absent,fastboot,27.3,22.0,List of devices attached | emulator-5568          offline transport_id:3,1384e684               fastboot
2026-09-28T11:25:39.161+00:00,2026-09-28T11:25:39.236+00:00,36.372,present,3024.9,"{""state"":""present"",""devices"":[{""Status"":""OK"",""Class"":""AndroidUsbDeviceClass"",""FriendlyName"":""Android Bootloader Interface"",""InstanceId"":""USB\\VID_18D1&PID_D00D\\1384E684""}]}",absent,fastboot,25.8,49.9,List of devices attached,1384e684               fastboot
2026-09-28T11:25:40.161+00:00,2026-09-28T11:25:40.210+00:00,37.345,present,3023.7,"{""state"":""present"",""devices"":[{""Status"":""OK"",""Class"":""AndroidUsbDeviceClass"",""FriendlyName"":""Android Bootloader Interface"",""InstanceId"":""USB\\VID_18D1&PID_D00D\\1384E684""}]}",absent,fastboot,25.3,23.2,List of devices attached,1384e684               fastboot
2026-09-28T11:25:41.161+00:00,2026-09-28T11:25:41.210+00:00,38.345,present,3023.7,"{""state"":""present"",""devices"":[{""Status"":""OK"",""Class"":""AndroidUsbDeviceClass"",""FriendlyName"":""Android Bootloader Interface"",""InstanceId"":""USB\\VID_18D1&PID_D00D\\1384E684""}]}",absent,fastboot,25.1,23.2,List of devices attached,1384e684               fastboot
2026-09-28T11:25:42.162+00:00,2026-09-28T11:25:42.208+00:00,39.344,present,3023.7,"{""state"":""present"",""devices"":[{""Status"":""OK"",""Class"":""AndroidUsbDeviceClass"",""FriendlyName"":""Android Bootloader Interface"",""InstanceId"":""USB\\VID_18D1&PID_D00D\\1384E684""}]}",absent,fastboot,25.1,21.8,List of devices attached,1384e684               fastboot
2026-09-28T11:25:43.162+00:00,2026-09-28T11:25:43.211+00:00,40.347,present,3023.7,"{""state"":""present"",""devices"":[{""Status"":""OK"",""Class"":""AndroidUsbDeviceClass"",""FriendlyName"":""Android Bootloader Interface"",""InstanceId"":""USB\\VID_18D1&PID_D00D\\1384E684""}]}",absent,fastboot,25.9,23.3,List of devices attached | emulator-5568          offline transport_id:7,1384e684               fastboot
2026-09-28T11:25:44.162+00:00,2026-09-28T11:25:44.209+00:00,41.345,present,3023.1,"{""state"":""present"",""devices"":[{""Status"":""OK"",""Class"":""AndroidUsbDeviceClass"",""FriendlyName"":""Android Bootloader Interface"",""InstanceId"":""USB\\VID_18D1&PID_D00D\\1384E684""}]}",absent,fastboot,24.7,22.3,List of devices attached,1384e684               fastboot
2026-09-28T11:25:45.163+00:00,2026-09-28T11:25:45.220+00:00,42.355,present,3023.1,"{""state"":""present"",""devices"":[{""Status"":""OK"",""Class"":""AndroidUsbDeviceClass"",""FriendlyName"":""Android Bootloader Interface"",""InstanceId"":""USB\\VID_18D1&PID_D00D\\1384E684""}]}",absent,fastboot,24.5,32.4,List of devices attached,1384e684               fastboot
2026-09-28T11:25:46.163+00:00,2026-09-28T11:25:46.211+00:00,43.347,present,3023.1,"{""state"":""present"",""devices"":[{""Status"":""OK"",""Class"":""AndroidUsbDeviceClass"",""FriendlyName"":""Android Bootloader Interface"",""InstanceId"":""USB\\VID_18D1&PID_D00D\\1384E684""}]}",absent,fastboot,25.4,22.9,List of devices attached,1384e684               fastboot
2026-09-28T11:25:47.163+00:00,2026-09-28T11:25:47.214+00:00,44.350,present,3023.1,"{""state"":""present"",""devices"":[{""Status"":""OK"",""Class"":""AndroidUsbDeviceClass"",""FriendlyName"":""Android Bootloader Interface"",""InstanceId"":""USB\\VID_18D1&PID_D00D\\1384E684""}]}",absent,fastboot,25.4,25.5,List of devices attached | emulator-5568          offline transport_id:10,1384e684               fastboot
2026-09-28T11:25:48.164+00:00,2026-09-28T11:25:48.214+00:00,45.349,present,3076.1,"{""state"":""present"",""devices"":[{""Status"":""OK"",""Class"":""AndroidUsbDeviceClass"",""FriendlyName"":""Android Bootloader Interface"",""InstanceId"":""USB\\VID_18D1&PID_D00D\\1384E684""}]}",absent,fastboot,26.9,23.1,List of devices attached,1384e684               fastboot
2026-09-28T11:25:49.164+00:00,2026-09-28T11:25:49.225+00:00,46.360,present,3076.1,"{""state"":""present"",""devices"":[{""Status"":""OK"",""Class"":""AndroidUsbDeviceClass"",""FriendlyName"":""Android Bootloader Interface"",""InstanceId"":""USB\\VID_18D1&PID_D00D\\1384E684""}]}",absent,fastboot,38.2,22.3,List of devices attached,1384e684               fastboot
2026-09-28T11:25:50.165+00:00,2026-09-28T11:25:50.236+00:00,47.371,present,3076.1,"{""state"":""present"",""devices"":[{""Status"":""OK"",""Class"":""AndroidUsbDeviceClass"",""FriendlyName"":""Android Bootloader Interface"",""InstanceId"":""USB\\VID_18D1&PID_D00D\\1384E684""}]}",absent,fastboot,24.5,46.7,List of devices attached,1384e684               fastboot
2026-09-28T11:25:51.165+00:00,2026-09-28T11:25:51.213+00:00,48.349,present,3076.1,"{""state"":""present"",""devices"":[{""Status"":""OK"",""Class"":""AndroidUsbDeviceClass"",""FriendlyName"":""Android Bootloader Interface"",""InstanceId"":""USB\\VID_18D1&PID_D00D\\1384E684""}]}",absent,fastboot,25.6,22.8,List of devices attached,1384e684               fastboot
2026-09-28T11:25:52.165+00:00,2026-09-28T11:25:52.214+00:00,49.349,present,3108.4,"{""state"":""present"",""devices"":[{""Status"":""OK"",""Class"":""AndroidUsbDeviceClass"",""FriendlyName"":""Android Bootloader Interface"",""InstanceId"":""USB\\VID_18D1&PID_D00D\\1384E684""}]}",absent,fastboot,24.7,23.7,List of devices attached | emulator-5568          offline transport_id:14,1384e684               fastboot
2026-09-28T11:25:53.165+00:00,2026-09-28T11:25:53.213+00:00,50.348,present,3108.4,"{""state"":""present"",""devices"":[{""Status"":""OK"",""Class"":""AndroidUsbDeviceClass"",""FriendlyName"":""Android Bootloader Interface"",""InstanceId"":""USB\\VID_18D1&PID_D00D\\1384E684""}]}",absent,fastboot,24.7,22.5,List of devices attached,1384e684               fastboot
2026-09-28T11:25:54.166+00:00,2026-09-28T11:25:54.213+00:00,51.349,present,3108.4,"{""state"":""present"",""devices"":[{""Status"":""OK"",""Class"":""AndroidUsbDeviceClass"",""FriendlyName"":""Android Bootloader Interface"",""InstanceId"":""USB\\VID_18D1&PID_D00D\\1384E684""}]}",absent,fastboot,25.3,22.0,List of devices attached,1384e684               fastboot
2026-09-28T11:25:55.166+00:00,2026-09-28T11:25:55.215+00:00,52.350,present,3108.4,"{""state"":""present"",""devices"":[{""Status"":""OK"",""Class"":""AndroidUsbDeviceClass"",""FriendlyName"":""Android Bootloader Interface"",""InstanceId"":""USB\\VID_18D1&PID_D00D\\1384E684""}]}",absent,fastboot,25.3,23.4,List of devices attached,1384e684               fastboot
2026-09-28T11:25:56.166+00:00,2026-09-28T11:25:56.220+00:00,53.355,present,3319.1,"{""state"":""present"",""devices"":[{""Status"":""OK"",""Class"":""AndroidUsbDeviceClass"",""FriendlyName"":""Android Bootloader Interface"",""InstanceId"":""USB\\VID_18D1&PID_D00D\\1384E684""}]}",absent,fastboot,24.6,29.0,List of devices attached,1384e684               fastboot
2026-09-28T11:25:57.167+00:00,2026-09-28T11:25:57.215+00:00,54.350,present,3319.1,"{""state"":""present"",""devices"":[{""Status"":""OK"",""Class"":""AndroidUsbDeviceClass"",""FriendlyName"":""Android Bootloader Interface"",""InstanceId"":""USB\\VID_18D1&PID_D00D\\1384E684""}]}",absent,fastboot,25.5,22.5,List of devices attached | emulator-5568          offline transport_id:18,1384e684               fastboot
2026-09-28T11:25:58.167+00:00,2026-09-28T11:25:58.218+00:00,55.354,present,3319.1,"{""state"":""present"",""devices"":[{""Status"":""OK"",""Class"":""AndroidUsbDeviceClass"",""FriendlyName"":""Android Bootloader Interface"",""InstanceId"":""USB\\VID_18D1&PID_D00D\\1384E684""}]}",absent,fastboot,28.1,23.3,List of devices attached,1384e684               fastboot
2026-09-28T11:25:59.167+00:00,2026-09-28T11:25:59.220+00:00,56.356,present,3319.1,"{""state"":""present"",""devices"":[{""Status"":""OK"",""Class"":""AndroidUsbDeviceClass"",""FriendlyName"":""Android Bootloader Interface"",""InstanceId"":""USB\\VID_18D1&PID_D00D\\1384E684""}]}",absent,fastboot,27.2,25.6,List of devices attached,1384e684               fastboot
2026-09-28T11:26:00.168+00:00,2026-09-28T11:26:00.216+00:00,57.352,present,3150.3,"{""state"":""present"",""devices"":[{""Status"":""OK"",""Class"":""AndroidUsbDeviceClass"",""FriendlyName"":""Android Bootloader Interface"",""InstanceId"":""USB\\VID_18D1&PID_D00D\\1384E684""}]}",absent,fastboot,25.8,22.8,List of devices attached,1384e684               fastboot
2026-09-28T11:26:01.168+00:00,2026-09-28T11:26:01.226+00:00,58.362,present,3150.3,"{""state"":""present"",""devices"":[{""Status"":""OK"",""Class"":""AndroidUsbDeviceClass"",""FriendlyName"":""Android Bootloader Interface"",""InstanceId"":""USB\\VID_18D1&PID_D00D\\1384E684""}]}",absent,fastboot,26.1,32.0,List of devices attached | emulator-5568          offline transport_id:21,1384e684               fastboot
2026-09-28T11:26:02.168+00:00,2026-09-28T11:26:02.213+00:00,59.348,present,3150.3,"{""state"":""present"",""devices"":[{""Status"":""OK"",""Class"":""AndroidUsbDeviceClass"",""FriendlyName"":""Android Bootloader Interface"",""InstanceId"":""USB\\VID_18D1&PID_D00D\\1384E684""}]}",absent,fastboot,24.0,20.6,List of devices attached,1384e684               fastboot
2026-09-28T11:26:03.169+00:00,2026-09-28T11:26:03.214+00:00,60.350,present,3150.3,"{""state"":""present"",""devices"":[{""Status"":""OK"",""Class"":""AndroidUsbDeviceClass"",""FriendlyName"":""Android Bootloader Interface"",""InstanceId"":""USB\\VID_18D1&PID_D00D\\1384E684""}]}",absent,fastboot,24.1,21.4,List of devices attached,1384e684               fastboot
2026-09-28T11:26:04.169+00:00,2026-09-28T11:26:04.220+00:00,61.356,present,3113.2,"{""state"":""present"",""devices"":[{""Status"":""OK"",""Class"":""AndroidUsbDeviceClass"",""FriendlyName"":""Android Bootloader Interface"",""InstanceId"":""USB\\VID_18D1&PID_D00D\\1384E684""}]}",absent,fastboot,23.3,27.9,List of devices attached,1384e684               fastboot
2026-09-28T11:26:05.169+00:00,2026-09-28T11:26:05.215+00:00,62.350,present,3113.2,"{""state"":""present"",""devices"":[{""Status"":""OK"",""Class"":""AndroidUsbDeviceClass"",""FriendlyName"":""Android Bootloader Interface"",""InstanceId"":""USB\\VID_18D1&PID_D00D\\1384E684""}]}",absent,fastboot,24.6,21.3,List of devices attached,1384e684               fastboot
2026-09-28T11:26:06.169+00:00,2026-09-28T11:26:06.213+00:00,63.348,present,3113.2,"{""state"":""present"",""devices"":[{""Status"":""OK"",""Class"":""AndroidUsbDeviceClass"",""FriendlyName"":""Android Bootloader Interface"",""InstanceId"":""USB\\VID_18D1&PID_D00D\\1384E684""}]}",absent,fastboot,23.0,20.6,List of devices attached | emulator-5568          offline transport_id:25,1384e684               fastboot
2026-09-28T11:26:07.170+00:00,2026-09-28T11:26:07.223+00:00,64.359,present,3113.2,"{""state"":""present"",""devices"":[{""Status"":""OK"",""Class"":""AndroidUsbDeviceClass"",""FriendlyName"":""Android Bootloader Interface"",""InstanceId"":""USB\\VID_18D1&PID_D00D\\1384E684""}]}",absent,fastboot,23.5,29.9,List of devices attached,1384e684               fastboot
2026-09-28T11:26:08.170+00:00,2026-09-28T11:26:08.232+00:00,65.368,present,3022.4,"{""state"":""present"",""devices"":[{""Status"":""OK"",""Class"":""AndroidUsbDeviceClass"",""FriendlyName"":""Android Bootloader Interface"",""InstanceId"":""USB\\VID_18D1&PID_D00D\\1384E684""}]}",absent,fastboot,23.9,38.2,List of devices attached,1384e684               fastboot
2026-09-28T11:26:09.170+00:00,2026-09-28T11:26:09.220+00:00,66.355,present,3022.4,"{""state"":""present"",""devices"":[{""Status"":""OK"",""Class"":""AndroidUsbDeviceClass"",""FriendlyName"":""Android Bootloader Interface"",""InstanceId"":""USB\\VID_18D1&PID_D00D\\1384E684""}]}",absent,fastboot,23.3,25.8,List of devices attached,1384e684               fastboot
2026-09-28T11:26:10.171+00:00,2026-09-28T11:26:10.220+00:00,67.356,present,3022.4,"{""state"":""present"",""devices"":[{""Status"":""OK"",""Class"":""AndroidUsbDeviceClass"",""FriendlyName"":""Android Bootloader Interface"",""InstanceId"":""USB\\VID_18D1&PID_D00D\\1384E684""}]}",absent,fastboot,23.0,26.5,List of devices attached,1384e684               fastboot
2026-09-28T11:26:11.171+00:00,2026-09-28T11:26:11.216+00:00,68.352,present,3022.4,"{""state"":""present"",""devices"":[{""Status"":""OK"",""Class"":""AndroidUsbDeviceClass"",""FriendlyName"":""Android Bootloader Interface"",""InstanceId"":""USB\\VID_18D1&PID_D00D\\1384E684""}]}",absent,fastboot,23.6,21.6,List of devices attached | emulator-5568          offline transport_id:29,1384e684               fastboot
2026-09-28T11:26:12.171+00:00,2026-09-28T11:26:12.218+00:00,69.353,present,3101.2,"{""state"":""present"",""devices"":[{""Status"":""OK"",""Class"":""AndroidUsbDeviceClass"",""FriendlyName"":""Android Bootloader Interface"",""InstanceId"":""USB\\VID_18D1&PID_D00D\\1384E684""}]}",absent,fastboot,23.5,22.8,List of devices attached,1384e684               fastboot
2026-09-28T11:26:13.172+00:00,2026-09-28T11:26:13.217+00:00,70.353,present,3101.2,"{""state"":""present"",""devices"":[{""Status"":""OK"",""Class"":""AndroidUsbDeviceClass"",""FriendlyName"":""Android Bootloader Interface"",""InstanceId"":""USB\\VID_18D1&PID_D00D\\1384E684""}]}",absent,fastboot,23.6,21.9,List of devices attached,1384e684               fastboot
2026-09-28T11:26:14.172+00:00,2026-09-28T11:26:14.219+00:00,71.355,present,3101.2,"{""state"":""present"",""devices"":[{""Status"":""OK"",""Class"":""AndroidUsbDeviceClass"",""FriendlyName"":""Android Bootloader Interface"",""InstanceId"":""USB\\VID_18D1&PID_D00D\\1384E684""}]}",absent,fastboot,23.2,23.6,List of devices attached,1384e684               fastboot
2026-09-28T11:26:15.172+00:00,2026-09-28T11:26:15.217+00:00,72.352,present,3101.2,"{""state"":""present"",""devices"":[{""Status"":""OK"",""Class"":""AndroidUsbDeviceClass"",""FriendlyName"":""Android Bootloader Interface"",""InstanceId"":""USB\\VID_18D1&PID_D00D\\1384E684""}]}",absent,fastboot,22.5,21.7,List of devices attached | emulator-5568          offline transport_id:32,1384e684               fastboot
2026-09-28T11:26:16.173+00:00,2026-09-28T11:26:16.236+00:00,73.371,present,3133.7,"{""state"":""present"",""devices"":[{""Status"":""OK"",""Class"":""AndroidUsbDeviceClass"",""FriendlyName"":""Android Bootloader Interface"",""InstanceId"":""USB\\VID_18D1&PID_D00D\\1384E684""}]}",absent,fastboot,23.5,39.9,List of devices attached,1384e684               fastboot
2026-09-28T11:26:17.173+00:00,2026-09-28T11:26:17.219+00:00,74.354,present,3133.7,"{""state"":""present"",""devices"":[{""Status"":""OK"",""Class"":""AndroidUsbDeviceClass"",""FriendlyName"":""Android Bootloader Interface"",""InstanceId"":""USB\\VID_18D1&PID_D00D\\1384E684""}]}",absent,fastboot,23.5,22.5,List of devices attached,1384e684               fastboot
2026-09-28T11:26:18.173+00:00,2026-09-28T11:26:18.219+00:00,75.354,present,3133.7,"{""state"":""present"",""devices"":[{""Status"":""OK"",""Class"":""AndroidUsbDeviceClass"",""FriendlyName"":""Android Bootloader Interface"",""InstanceId"":""USB\\VID_18D1&PID_D00D\\1384E684""}]}",absent,fastboot,23.7,21.6,List of devices attached,1384e684               fastboot
2026-09-28T11:26:19.174+00:00,2026-09-28T11:26:19.221+00:00,76.356,present,3133.7,"{""state"":""present"",""devices"":[{""Status"":""OK"",""Class"":""AndroidUsbDeviceClass"",""FriendlyName"":""Android Bootloader Interface"",""InstanceId"":""USB\\VID_18D1&PID_D00D\\1384E684""}]}",absent,fastboot,24.8,22.6,List of devices attached,1384e684               fastboot
2026-09-28T11:26:20.174+00:00,2026-09-28T11:26:20.224+00:00,77.359,present,3067.1,"{""state"":""present"",""devices"":[{""Status"":""OK"",""Class"":""AndroidUsbDeviceClass"",""FriendlyName"":""Android Bootloader Interface"",""InstanceId"":""USB\\VID_18D1&PID_D00D\\1384E684""}]}",absent,fastboot,23.1,26.8,List of devices attached | emulator-5568          offline transport_id:36,1384e684               fastboot
2026-09-28T11:26:21.174+00:00,2026-09-28T11:26:21.220+00:00,78.355,present,3067.1,"{""state"":""present"",""devices"":[{""Status"":""OK"",""Class"":""AndroidUsbDeviceClass"",""FriendlyName"":""Android Bootloader Interface"",""InstanceId"":""USB\\VID_18D1&PID_D00D\\1384E684""}]}",absent,fastboot,24.1,22.0,List of devices attached,1384e684               fastboot
2026-09-28T11:26:22.174+00:00,2026-09-28T11:26:22.221+00:00,79.356,present,3067.1,"{""state"":""present"",""devices"":[{""Status"":""OK"",""Class"":""AndroidUsbDeviceClass"",""FriendlyName"":""Android Bootloader Interface"",""InstanceId"":""USB\\VID_18D1&PID_D00D\\1384E684""}]}",absent,fastboot,23.5,22.8,List of devices attached,1384e684               fastboot
2026-09-28T11:26:23.174+00:00,2026-09-28T11:26:23.235+00:00,80.370,present,3067.1,"{""state"":""present"",""devices"":[{""Status"":""OK"",""Class"":""AndroidUsbDeviceClass"",""FriendlyName"":""Android Bootloader Interface"",""InstanceId"":""USB\\VID_18D1&PID_D00D\\1384E684""}]}",absent,fastboot,24.2,36.4,List of devices attached,1384e684               fastboot
2026-09-28T11:26:24.175+00:00,2026-09-28T11:26:24.224+00:00,81.360,present,3116.1,"{""state"":""present"",""devices"":[{""Status"":""OK"",""Class"":""AndroidUsbDeviceClass"",""FriendlyName"":""Android Bootloader Interface"",""InstanceId"":""USB\\VID_18D1&PID_D00D\\1384E684""}]}",absent,fastboot,26.0,23.3,List of devices attached,1384e684               fastboot
2026-09-28T11:26:25.175+00:00,2026-09-28T11:26:25.229+00:00,82.365,present,3116.1,"{""state"":""present"",""devices"":[{""Status"":""OK"",""Class"":""AndroidUsbDeviceClass"",""FriendlyName"":""Android Bootloader Interface"",""InstanceId"":""USB\\VID_18D1&PID_D00D\\1384E684""}]}",absent,fastboot,23.1,30.9,List of devices attached | emulator-5568          offline transport_id:40,1384e684               fastboot
2026-09-28T11:26:26.175+00:00,2026-09-28T11:26:26.222+00:00,83.358,present,3116.1,"{""state"":""present"",""devices"":[{""Status"":""OK"",""Class"":""AndroidUsbDeviceClass"",""FriendlyName"":""Android Bootloader Interface"",""InstanceId"":""USB\\VID_18D1&PID_D00D\\1384E684""}]}",absent,fastboot,24.0,22.8,List of devices attached,1384e684               fastboot
2026-09-28T11:26:27.176+00:00,2026-09-28T11:26:27.222+00:00,84.357,present,3116.1,"{""state"":""present"",""devices"":[{""Status"":""OK"",""Class"":""AndroidUsbDeviceClass"",""FriendlyName"":""Android Bootloader Interface"",""InstanceId"":""USB\\VID_18D1&PID_D00D\\1384E684""}]}",absent,fastboot,23.9,22.2,List of devices attached,1384e684               fastboot
2026-09-28T11:26:28.176+00:00,2026-09-28T11:26:28.224+00:00,85.359,present,3162.4,"{""state"":""present"",""devices"":[{""Status"":""OK"",""Class"":""AndroidUsbDeviceClass"",""FriendlyName"":""Android Bootloader Interface"",""InstanceId"":""USB\\VID_18D1&PID_D00D\\1384E684""}]}",absent,fastboot,25.1,22.1,List of devices attached,1384e684               fastboot
2026-09-28T11:26:29.177+00:00,2026-09-28T11:26:29.223+00:00,86.359,present,3162.4,"{""state"":""present"",""devices"":[{""Status"":""OK"",""Class"":""AndroidUsbDeviceClass"",""FriendlyName"":""Android Bootloader Interface"",""InstanceId"":""USB\\VID_18D1&PID_D00D\\1384E684""}]}",absent,fastboot,23.0,23.2,List of devices attached | emulator-5568          offline transport_id:43,1384e684               fastboot
2026-09-28T11:26:30.177+00:00,2026-09-28T11:26:30.222+00:00,87.357,present,3162.4,"{""state"":""present"",""devices"":[{""Status"":""OK"",""Class"":""AndroidUsbDeviceClass"",""FriendlyName"":""Android Bootloader Interface"",""InstanceId"":""USB\\VID_18D1&PID_D00D\\1384E684""}]}",absent,fastboot,22.6,22.1,List of devices attached,1384e684               fastboot
2026-09-28T11:26:31.178+00:00,2026-09-28T11:26:31.224+00:00,88.360,present,3162.4,"{""state"":""present"",""devices"":[{""Status"":""OK"",""Class"":""AndroidUsbDeviceClass"",""FriendlyName"":""Android Bootloader Interface"",""InstanceId"":""USB\\VID_18D1&PID_D00D\\1384E684""}]}",absent,fastboot,24.8,21.7,List of devices attached,1384e684               fastboot
2026-09-28T11:26:32.178+00:00,2026-09-28T11:26:32.225+00:00,89.360,present,3136.9,"{""state"":""present"",""devices"":[{""Status"":""OK"",""Class"":""AndroidUsbDeviceClass"",""FriendlyName"":""Android Bootloader Interface"",""InstanceId"":""USB\\VID_18D1&PID_D00D\\1384E684""}]}",absent,fastboot,23.9,22.5,List of devices attached,1384e684               fastboot
2026-09-28T11:26:33.179+00:00,2026-09-28T11:26:33.227+00:00,90.362,present,3136.9,"{""state"":""present"",""devices"":[{""Status"":""OK"",""Class"":""AndroidUsbDeviceClass"",""FriendlyName"":""Android Bootloader Interface"",""InstanceId"":""USB\\VID_18D1&PID_D00D\\1384E684""}]}",absent,fastboot,25.6,22.5,List of devices attached,1384e684               fastboot
2026-09-28T11:26:34.179+00:00,2026-09-28T11:26:34.226+00:00,91.362,present,3136.9,"{""state"":""present"",""devices"":[{""Status"":""OK"",""Class"":""AndroidUsbDeviceClass"",""FriendlyName"":""Android Bootloader Interface"",""InstanceId"":""USB\\VID_18D1&PID_D00D\\1384E684""}]}",absent,fastboot,25.2,21.9,List of devices attached | emulator-5568          offline transport_id:47,1384e684               fastboot
2026-09-28T11:26:35.180+00:00,2026-09-28T11:26:35.226+00:00,92.362,present,2995.8,"{""state"":""present"",""devices"":[{""Status"":""OK"",""Class"":""AndroidUsbDeviceClass"",""FriendlyName"":""Android Bootloader Interface"",""InstanceId"":""USB\\VID_18D1&PID_D00D\\1384E684""}]}",absent,fastboot,24.4,22.3,List of devices attached,1384e684               fastboot
2026-09-28T11:26:36.180+00:00,2026-09-28T11:26:36.227+00:00,93.362,present,2995.8,"{""state"":""present"",""devices"":[{""Status"":""OK"",""Class"":""AndroidUsbDeviceClass"",""FriendlyName"":""Android Bootloader Interface"",""InstanceId"":""USB\\VID_18D1&PID_D00D\\1384E684""}]}",absent,fastboot,25.2,22.0,List of devices attached,1384e684               fastboot
2026-09-28T11:26:37.180+00:00,2026-09-28T11:26:37.235+00:00,94.370,present,2995.8,"{""state"":""present"",""devices"":[{""Status"":""OK"",""Class"":""AndroidUsbDeviceClass"",""FriendlyName"":""Android Bootloader Interface"",""InstanceId"":""USB\\VID_18D1&PID_D00D\\1384E684""}]}",absent,fastboot,23.7,31.1,List of devices attached,1384e684               fastboot
2026-09-28T11:26:38.181+00:00,2026-09-28T11:26:38.227+00:00,95.363,present,2995.8,"{""state"":""present"",""devices"":[{""Status"":""OK"",""Class"":""AndroidUsbDeviceClass"",""FriendlyName"":""Android Bootloader Interface"",""InstanceId"":""USB\\VID_18D1&PID_D00D\\1384E684""}]}",absent,fastboot,25.4,21.3,List of devices attached,1384e684               fastboot
2026-09-28T11:26:39.181+00:00,2026-09-28T11:26:39.227+00:00,96.363,present,3040.5,"{""state"":""present"",""devices"":[{""Status"":""OK"",""Class"":""AndroidUsbDeviceClass"",""FriendlyName"":""Android Bootloader Interface"",""InstanceId"":""USB\\VID_18D1&PID_D00D\\1384E684""}]}",absent,fastboot,24.4,22.0,List of devices attached | emulator-5568          offline transport_id:51,1384e684               fastboot
2026-09-28T11:26:40.182+00:00,2026-09-28T11:26:40.228+00:00,97.363,present,3040.5,"{""state"":""present"",""devices"":[{""Status"":""OK"",""Class"":""AndroidUsbDeviceClass"",""FriendlyName"":""Android Bootloader Interface"",""InstanceId"":""USB\\VID_18D1&PID_D00D\\1384E684""}]}",absent,fastboot,24.7,21.7,List of devices attached,1384e684               fastboot
2026-09-28T11:26:41.182+00:00,2026-09-28T11:26:41.229+00:00,98.364,present,3040.5,"{""state"":""present"",""devices"":[{""Status"":""OK"",""Class"":""AndroidUsbDeviceClass"",""FriendlyName"":""Android Bootloader Interface"",""InstanceId"":""USB\\VID_18D1&PID_D00D\\1384E684""}]}",absent,fastboot,25.7,21.2,List of devices attached,1384e684               fastboot
2026-09-28T11:26:42.182+00:00,2026-09-28T11:26:42.227+00:00,99.363,present,3040.5,"{""state"":""present"",""devices"":[{""Status"":""OK"",""Class"":""AndroidUsbDeviceClass"",""FriendlyName"":""Android Bootloader Interface"",""InstanceId"":""USB\\VID_18D1&PID_D00D\\1384E684""}]}",absent,fastboot,23.8,21.3,List of devices attached,1384e684               fastboot
2026-09-28T11:26:43.182+00:00,2026-09-28T11:26:43.232+00:00,100.367,present,3034.3,"{""state"":""present"",""devices"":[{""Status"":""OK"",""Class"":""AndroidUsbDeviceClass"",""FriendlyName"":""Android Bootloader Interface"",""InstanceId"":""USB\\VID_18D1&PID_D00D\\1384E684""}]}",absent,fastboot,24.1,25.1,List of devices attached | emulator-5568          offline transport_id:54,1384e684               fastboot
2026-09-28T11:26:44.183+00:00,2026-09-28T11:26:44.229+00:00,101.364,present,3034.3,"{""state"":""present"",""devices"":[{""Status"":""OK"",""Class"":""AndroidUsbDeviceClass"",""FriendlyName"":""Android Bootloader Interface"",""InstanceId"":""USB\\VID_18D1&PID_D00D\\1384E684""}]}",absent,fastboot,24.5,21.3,List of devices attached,1384e684               fastboot
2026-09-28T11:26:45.183+00:00,2026-09-28T11:26:45.228+00:00,102.363,present,3034.3,"{""state"":""present"",""devices"":[{""Status"":""OK"",""Class"":""AndroidUsbDeviceClass"",""FriendlyName"":""Android Bootloader Interface"",""InstanceId"":""USB\\VID_18D1&PID_D00D\\1384E684""}]}",absent,fastboot,23.4,20.8,List of devices attached,1384e684               fastboot
2026-09-28T11:26:46.184+00:00,2026-09-28T11:26:46.229+00:00,103.364,present,3034.3,"{""state"":""present"",""devices"":[{""Status"":""OK"",""Class"":""AndroidUsbDeviceClass"",""FriendlyName"":""Android Bootloader Interface"",""InstanceId"":""USB\\VID_18D1&PID_D00D\\1384E684""}]}",absent,fastboot,23.7,21.3,List of devices attached,1384e684               fastboot
2026-09-28T11:26:47.184+00:00,2026-09-28T11:26:47.230+00:00,104.365,present,3060.3,"{""state"":""present"",""devices"":[{""Status"":""OK"",""Class"":""AndroidUsbDeviceClass"",""FriendlyName"":""Android Bootloader Interface"",""InstanceId"":""USB\\VID_18D1&PID_D00D\\1384E684""}]}",absent,fastboot,24.0,21.5,List of devices attached,1384e684               fastboot
2026-09-28T11:26:48.185+00:00,2026-09-28T11:26:48.246+00:00,105.381,present,3060.3,"{""state"":""present"",""devices"":[{""Status"":""OK"",""Class"":""AndroidUsbDeviceClass"",""FriendlyName"":""Android Bootloader Interface"",""InstanceId"":""USB\\VID_18D1&PID_D00D\\1384E684""}]}",absent,fastboot,39.0,22.3,List of devices attached | emulator-5568          offline transport_id:58,1384e684               fastboot
2026-09-28T11:26:49.185+00:00,2026-09-28T11:26:49.232+00:00,106.367,present,3060.3,"{""state"":""present"",""devices"":[{""Status"":""OK"",""Class"":""AndroidUsbDeviceClass"",""FriendlyName"":""Android Bootloader Interface"",""InstanceId"":""USB\\VID_18D1&PID_D00D\\1384E684""}]}",absent,fastboot,25.7,21.3,List of devices attached,1384e684               fastboot
2026-09-28T11:26:50.185+00:00,2026-09-28T11:26:50.259+00:00,107.394,present,3060.3,"{""state"":""present"",""devices"":[{""Status"":""OK"",""Class"":""AndroidUsbDeviceClass"",""FriendlyName"":""Android Bootloader Interface"",""InstanceId"":""USB\\VID_18D1&PID_D00D\\1384E684""}]}",absent,fastboot,50.2,23.2,List of devices attached,1384e684               fastboot
2026-09-28T11:26:51.185+00:00,2026-09-28T11:26:51.235+00:00,108.371,present,3135.2,"{""state"":""present"",""devices"":[{""Status"":""OK"",""Class"":""AndroidUsbDeviceClass"",""FriendlyName"":""Android Bootloader Interface"",""InstanceId"":""USB\\VID_18D1&PID_D00D\\1384E684""}]}",absent,fastboot,23.9,25.9,List of devices attached,1384e684               fastboot
2026-09-28T11:26:52.185+00:00,2026-09-28T11:26:52.231+00:00,109.366,present,3135.2,"{""state"":""present"",""devices"":[{""Status"":""OK"",""Class"":""AndroidUsbDeviceClass"",""FriendlyName"":""Android Bootloader Interface"",""InstanceId"":""USB\\VID_18D1&PID_D00D\\1384E684""}]}",absent,fastboot,24.1,21.0,List of devices attached,1384e684               fastboot
2026-09-28T11:26:53.186+00:00,2026-09-28T11:26:53.233+00:00,110.368,present,3135.2,"{""state"":""present"",""devices"":[{""Status"":""OK"",""Class"":""AndroidUsbDeviceClass"",""FriendlyName"":""Android Bootloader Interface"",""InstanceId"":""USB\\VID_18D1&PID_D00D\\1384E684""}]}",absent,fastboot,25.1,22.0,List of devices attached | emulator-5568          offline transport_id:62,1384e684               fastboot
2026-09-28T11:26:54.186+00:00,2026-09-28T11:26:54.229+00:00,111.365,present,3135.2,"{""state"":""present"",""devices"":[{""Status"":""OK"",""Class"":""AndroidUsbDeviceClass"",""FriendlyName"":""Android Bootloader Interface"",""InstanceId"":""USB\\VID_18D1&PID_D00D\\1384E684""}]}",absent,fastboot,23.4,20.0,List of devices attached,1384e684               fastboot
2026-09-28T11:26:55.186+00:00,2026-09-28T11:26:55.245+00:00,112.380,present,3033.7,"{""state"":""present"",""devices"":[{""Status"":""OK"",""Class"":""AndroidUsbDeviceClass"",""FriendlyName"":""Android Bootloader Interface"",""InstanceId"":""USB\\VID_18D1&PID_D00D\\1384E684""}]}",absent,fastboot,34.8,23.9,List of devices attached,1384e684               fastboot
2026-09-28T11:26:56.186+00:00,2026-09-28T11:26:56.234+00:00,113.369,present,3033.7,"{""state"":""present"",""devices"":[{""Status"":""OK"",""Class"":""AndroidUsbDeviceClass"",""FriendlyName"":""Android Bootloader Interface"",""InstanceId"":""USB\\VID_18D1&PID_D00D\\1384E684""}]}",absent,fastboot,25.4,21.7,List of devices attached,1384e684               fastboot
2026-09-28T11:26:57.187+00:00,2026-09-28T11:26:57.248+00:00,114.383,present,3033.7,"{""state"":""present"",""devices"":[{""Status"":""OK"",""Class"":""AndroidUsbDeviceClass"",""FriendlyName"":""Android Bootloader Interface"",""InstanceId"":""USB\\VID_18D1&PID_D00D\\1384E684""}]}",absent,fastboot,39.2,22.2,List of devices attached | emulator-5568          offline transport_id:65,1384e684               fastboot
2026-09-28T11:26:58.187+00:00,2026-09-28T11:26:58.232+00:00,115.367,present,3033.7,"{""state"":""present"",""devices"":[{""Status"":""OK"",""Class"":""AndroidUsbDeviceClass"",""FriendlyName"":""Android Bootloader Interface"",""InstanceId"":""USB\\VID_18D1&PID_D00D\\1384E684""}]}",absent,fastboot,24.7,20.4,List of devices attached,1384e684               fastboot
2026-09-28T11:26:59.187+00:00,2026-09-28T11:26:59.233+00:00,116.369,present,3158.1,"{""state"":""present"",""devices"":[{""Status"":""OK"",""Class"":""AndroidUsbDeviceClass"",""FriendlyName"":""Android Bootloader Interface"",""InstanceId"":""USB\\VID_18D1&PID_D00D\\1384E684""}]}",absent,fastboot,23.9,22.1,List of devices attached,1384e684               fastboot
2026-09-28T11:27:00.188+00:00,2026-09-28T11:27:00.250+00:00,117.386,present,3158.1,"{""state"":""present"",""devices"":[{""Status"":""OK"",""Class"":""AndroidUsbDeviceClass"",""FriendlyName"":""Android Bootloader Interface"",""InstanceId"":""USB\\VID_18D1&PID_D00D\\1384E684""}]}",absent,fastboot,40.3,22.1,List of devices attached,1384e684               fastboot
2026-09-28T11:27:01.188+00:00,2026-09-28T11:27:01.242+00:00,118.377,present,3158.1,"{""state"":""present"",""devices"":[{""Status"":""OK"",""Class"":""AndroidUsbDeviceClass"",""FriendlyName"":""Android Bootloader Interface"",""InstanceId"":""USB\\VID_18D1&PID_D00D\\1384E684""}]}",absent,fastboot,31.0,22.4,List of devices attached,1384e684               fastboot
2026-09-28T11:27:02.188+00:00,2026-09-28T11:27:02.232+00:00,119.368,present,3158.1,"{""state"":""present"",""devices"":[{""Status"":""OK"",""Class"":""AndroidUsbDeviceClass"",""FriendlyName"":""Android Bootloader Interface"",""InstanceId"":""USB\\VID_18D1&PID_D00D\\1384E684""}]}",absent,fastboot,23.7,20.2,List of devices attached | emulator-5568          offline transport_id:69,1384e684               fastboot
2026-09-28T11:27:03.189+00:00,2026-09-28T11:27:03.236+00:00,120.371,present,3009.1,"{""state"":""present"",""devices"":[{""Status"":""OK"",""Class"":""AndroidUsbDeviceClass"",""FriendlyName"":""Android Bootloader Interface"",""InstanceId"":""USB\\VID_18D1&PID_D00D\\1384E684""}]}",absent,fastboot,24.1,23.0,List of devices attached,1384e684               fastboot
2026-09-28T11:27:04.189+00:00,2026-09-28T11:27:04.235+00:00,121.371,present,3009.1,"{""state"":""present"",""devices"":[{""Status"":""OK"",""Class"":""AndroidUsbDeviceClass"",""FriendlyName"":""Android Bootloader Interface"",""InstanceId"":""USB\\VID_18D1&PID_D00D\\1384E684""}]}",absent,fastboot,24.5,21.7,List of devices attached,1384e684               fastboot
2026-09-28T11:27:05.189+00:00,2026-09-28T11:27:05.235+00:00,122.370,present,3009.1,"{""state"":""present"",""devices"":[{""Status"":""OK"",""Class"":""AndroidUsbDeviceClass"",""FriendlyName"":""Android Bootloader Interface"",""InstanceId"":""USB\\VID_18D1&PID_D00D\\1384E684""}]}",absent,fastboot,24.1,21.4,List of devices attached,1384e684               fastboot
2026-09-28T11:27:06.190+00:00,2026-09-28T11:27:06.237+00:00,123.372,present,3009.1,"{""state"":""present"",""devices"":[{""Status"":""OK"",""Class"":""AndroidUsbDeviceClass"",""FriendlyName"":""Android Bootloader Interface"",""InstanceId"":""USB\\VID_18D1&PID_D00D\\1384E684""}]}",absent,fastboot,24.6,22.5,List of devices attached,1384e684               fastboot
2026-09-28T11:27:07.190+00:00,2026-09-28T11:27:07.248+00:00,124.383,present,3071.7,"{""state"":""present"",""devices"":[{""Status"":""OK"",""Class"":""AndroidUsbDeviceClass"",""FriendlyName"":""Android Bootloader Interface"",""InstanceId"":""USB\\VID_18D1&PID_D00D\\1384E684""}]}",absent,fastboot,34.2,23.4,List of devices attached | emulator-5568          offline transport_id:73,1384e684               fastboot
2026-09-28T11:27:08.190+00:00,2026-09-28T11:27:08.240+00:00,125.375,present,3071.7,"{""state"":""present"",""devices"":[{""Status"":""OK"",""Class"":""AndroidUsbDeviceClass"",""FriendlyName"":""Android Bootloader Interface"",""InstanceId"":""USB\\VID_18D1&PID_D00D\\1384E684""}]}",absent,fastboot,27.1,22.3,List of devices attached,1384e684               fastboot
2026-09-28T11:27:09.190+00:00,2026-09-28T11:27:09.240+00:00,126.375,present,3071.7,"{""state"":""present"",""devices"":[{""Status"":""OK"",""Class"":""AndroidUsbDeviceClass"",""FriendlyName"":""Android Bootloader Interface"",""InstanceId"":""USB\\VID_18D1&PID_D00D\\1384E684""}]}",absent,fastboot,27.3,22.3,List of devices attached,1384e684               fastboot
2026-09-28T11:27:10.191+00:00,2026-09-28T11:27:10.254+00:00,127.389,present,3071.7,"{""state"":""present"",""devices"":[{""Status"":""OK"",""Class"":""AndroidUsbDeviceClass"",""FriendlyName"":""Android Bootloader Interface"",""InstanceId"":""USB\\VID_18D1&PID_D00D\\1384E684""}]}",absent,fastboot,39.9,23.2,List of devices attached,1384e684               fastboot
2026-09-28T11:27:11.191+00:00,2026-09-28T11:27:11.242+00:00,128.377,present,3027.6,"{""state"":""present"",""devices"":[{""Status"":""OK"",""Class"":""AndroidUsbDeviceClass"",""FriendlyName"":""Android Bootloader Interface"",""InstanceId"":""USB\\VID_18D1&PID_D00D\\1384E684""}]}",absent,fastboot,28.7,22.1,List of devices attached | emulator-5568          offline transport_id:76,1384e684               fastboot
2026-09-28T11:27:12.191+00:00,2026-09-28T11:27:12.248+00:00,129.384,present,3027.6,"{""state"":""present"",""devices"":[{""Status"":""OK"",""Class"":""AndroidUsbDeviceClass"",""FriendlyName"":""Android Bootloader Interface"",""InstanceId"":""USB\\VID_18D1&PID_D00D\\1384E684""}]}",absent,fastboot,34.6,22.5,List of devices attached,1384e684               fastboot
2026-09-28T11:27:13.192+00:00,2026-09-28T11:27:13.238+00:00,130.373,present,3027.6,"{""state"":""present"",""devices"":[{""Status"":""OK"",""Class"":""AndroidUsbDeviceClass"",""FriendlyName"":""Android Bootloader Interface"",""InstanceId"":""USB\\VID_18D1&PID_D00D\\1384E684""}]}",absent,fastboot,24.4,21.9,List of devices attached,1384e684               fastboot
2026-09-28T11:27:14.192+00:00,2026-09-28T11:27:14.238+00:00,131.374,present,3027.6,"{""state"":""present"",""devices"":[{""Status"":""OK"",""Class"":""AndroidUsbDeviceClass"",""FriendlyName"":""Android Bootloader Interface"",""InstanceId"":""USB\\VID_18D1&PID_D00D\\1384E684""}]}",absent,fastboot,24.6,21.9,List of devices attached,1384e684               fastboot
2026-09-28T11:27:15.192+00:00,2026-09-28T11:27:15.268+00:00,132.403,present,3039.1,"{""state"":""present"",""devices"":[{""Status"":""OK"",""Class"":""AndroidUsbDeviceClass"",""FriendlyName"":""Android Bootloader Interface"",""InstanceId"":""USB\\VID_18D1&PID_D00D\\1384E684""}]}",absent,fastboot,25.0,51.0,List of devices attached,1384e684               fastboot
2026-09-28T11:27:16.192+00:00,2026-09-28T11:27:16.239+00:00,133.374,present,3039.1,"{""state"":""present"",""devices"":[{""Status"":""OK"",""Class"":""AndroidUsbDeviceClass"",""FriendlyName"":""Android Bootloader Interface"",""InstanceId"":""USB\\VID_18D1&PID_D00D\\1384E684""}]}",absent,fastboot,24.3,22.2,List of devices attached | emulator-5568          offline transport_id:80,1384e684               fastboot
2026-09-28T11:27:17.193+00:00,2026-09-28T11:27:17.256+00:00,134.392,present,3039.1,"{""state"":""present"",""devices"":[{""Status"":""OK"",""Class"":""AndroidUsbDeviceClass"",""FriendlyName"":""Android Bootloader Interface"",""InstanceId"":""USB\\VID_18D1&PID_D00D\\1384E684""}]}",absent,fastboot,40.9,22.6,List of devices attached,1384e684               fastboot
2026-09-28T11:27:18.193+00:00,2026-09-28T11:27:18.239+00:00,135.374,present,3039.1,"{""state"":""present"",""devices"":[{""Status"":""OK"",""Class"":""AndroidUsbDeviceClass"",""FriendlyName"":""Android Bootloader Interface"",""InstanceId"":""USB\\VID_18D1&PID_D00D\\1384E684""}]}",absent,fastboot,24.7,20.9,List of devices attached,1384e684               fastboot
2026-09-28T11:27:19.193+00:00,2026-09-28T11:27:19.241+00:00,136.376,present,3116.6,"{""state"":""present"",""devices"":[{""Status"":""OK"",""Class"":""AndroidUsbDeviceClass"",""FriendlyName"":""Android Bootloader Interface"",""InstanceId"":""USB\\VID_18D1&PID_D00D\\1384E684""}]}",absent,fastboot,24.7,23.0,List of devices attached,1384e684               fastboot
2026-09-28T11:27:20.194+00:00,2026-09-28T11:27:20.268+00:00,137.404,present,3116.6,"{""state"":""present"",""devices"":[{""Status"":""OK"",""Class"":""AndroidUsbDeviceClass"",""FriendlyName"":""Android Bootloader Interface"",""InstanceId"":""USB\\VID_18D1&PID_D00D\\1384E684""}]}",absent,fastboot,25.8,48.9,List of devices attached,1384e684               fastboot
2026-09-28T11:27:21.194+00:00,2026-09-28T11:27:21.239+00:00,138.374,present,3116.6,"{""state"":""present"",""devices"":[{""Status"":""OK"",""Class"":""AndroidUsbDeviceClass"",""FriendlyName"":""Android Bootloader Interface"",""InstanceId"":""USB\\VID_18D1&PID_D00D\\1384E684""}]}",absent,fastboot,24.3,20.5,List of devices attached,1384e684               fastboot
2026-09-28T11:27:22.194+00:00,2026-09-28T11:27:22.241+00:00,139.377,present,3116.6,"{""state"":""present"",""devices"":[{""Status"":""OK"",""Class"":""AndroidUsbDeviceClass"",""FriendlyName"":""Android Bootloader Interface"",""InstanceId"":""USB\\VID_18D1&PID_D00D\\1384E684""}]}",absent,fastboot,25.4,22.0,List of devices attached,1384e684               fastboot
2026-09-28T11:27:23.194+00:00,2026-09-28T11:27:23.241+00:00,140.376,present,3032.8,"{""state"":""present"",""devices"":[{""Status"":""OK"",""Class"":""AndroidUsbDeviceClass"",""FriendlyName"":""Android Bootloader Interface"",""InstanceId"":""USB\\VID_18D1&PID_D00D\\1384E684""}]}",absent,fastboot,24.2,22.3,List of devices attached,1384e684               fastboot
2026-09-28T11:27:24.195+00:00,2026-09-28T11:27:24.241+00:00,141.376,present,3032.8,"{""state"":""present"",""devices"":[{""Status"":""OK"",""Class"":""AndroidUsbDeviceClass"",""FriendlyName"":""Android Bootloader Interface"",""InstanceId"":""USB\\VID_18D1&PID_D00D\\1384E684""}]}",absent,fastboot,23.8,22.4,List of devices attached,1384e684               fastboot
2026-09-28T11:27:25.195+00:00,2026-09-28T11:27:25.254+00:00,142.389,present,3032.8,"{""state"":""present"",""devices"":[{""Status"":""OK"",""Class"":""AndroidUsbDeviceClass"",""FriendlyName"":""Android Bootloader Interface"",""InstanceId"":""USB\\VID_18D1&PID_D00D\\1384E684""}]}",absent,fastboot,24.0,34.4,List of devices attached | emulator-5568          offline transport_id:87,1384e684               fastboot
2026-09-28T11:27:26.195+00:00,2026-09-28T11:27:26.252+00:00,143.387,present,3032.8,"{""state"":""present"",""devices"":[{""Status"":""OK"",""Class"":""AndroidUsbDeviceClass"",""FriendlyName"":""Android Bootloader Interface"",""InstanceId"":""USB\\VID_18D1&PID_D00D\\1384E684""}]}",absent,fastboot,26.1,30.1,List of devices attached,1384e684               fastboot
2026-09-28T11:27:27.195+00:00,2026-09-28T11:27:27.243+00:00,144.378,present,3108.0,"{""state"":""present"",""devices"":[{""Status"":""OK"",""Class"":""AndroidUsbDeviceClass"",""FriendlyName"":""Android Bootloader Interface"",""InstanceId"":""USB\\VID_18D1&PID_D00D\\1384E684""}]}",absent,fastboot,24.1,22.9,List of devices attached,1384e684               fastboot
2026-09-28T11:27:28.196+00:00,2026-09-28T11:27:28.244+00:00,145.380,present,3108.0,"{""state"":""present"",""devices"":[{""Status"":""OK"",""Class"":""AndroidUsbDeviceClass"",""FriendlyName"":""Android Bootloader Interface"",""InstanceId"":""USB\\VID_18D1&PID_D00D\\1384E684""}]}",absent,fastboot,25.6,22.7,List of devices attached,1384e684               fastboot
2026-09-28T11:27:29.196+00:00,2026-09-28T11:27:29.244+00:00,146.379,present,3108.0,"{""state"":""present"",""devices"":[{""Status"":""OK"",""Class"":""AndroidUsbDeviceClass"",""FriendlyName"":""Android Bootloader Interface"",""InstanceId"":""USB\\VID_18D1&PID_D00D\\1384E684""}]}",absent,fastboot,24.6,22.8,List of devices attached,1384e684               fastboot
2026-09-28T11:27:30.197+00:00,2026-09-28T11:27:30.241+00:00,147.377,present,3108.0,"{""state"":""present"",""devices"":[{""Status"":""OK"",""Class"":""AndroidUsbDeviceClass"",""FriendlyName"":""Android Bootloader Interface"",""InstanceId"":""USB\\VID_18D1&PID_D00D\\1384E684""}]}",absent,fastboot,22.7,22.1,List of devices attached | emulator-5568          offline transport_id:91,1384e684               fastboot
2026-09-28T11:27:31.197+00:00,2026-09-28T11:27:31.243+00:00,148.379,present,3044.2,"{""state"":""present"",""devices"":[{""Status"":""OK"",""Class"":""AndroidUsbDeviceClass"",""FriendlyName"":""Android Bootloader Interface"",""InstanceId"":""USB\\VID_18D1&PID_D00D\\1384E684""}]}",absent,fastboot,23.5,22.5,List of devices attached,1384e684               fastboot
2026-09-28T11:27:32.198+00:00,2026-09-28T11:27:32.245+00:00,149.380,present,3044.2,"{""state"":""present"",""devices"":[{""Status"":""OK"",""Class"":""AndroidUsbDeviceClass"",""FriendlyName"":""Android Bootloader Interface"",""InstanceId"":""USB\\VID_18D1&PID_D00D\\1384E684""}]}",absent,fastboot,25.1,22.1,List of devices attached,1384e684               fastboot
2026-09-28T11:27:33.198+00:00,2026-09-28T11:27:33.257+00:00,150.393,present,3044.2,"{""state"":""present"",""devices"":[{""Status"":""OK"",""Class"":""AndroidUsbDeviceClass"",""FriendlyName"":""Android Bootloader Interface"",""InstanceId"":""USB\\VID_18D1&PID_D00D\\1384E684""}]}",absent,fastboot,24.6,35.2,List of devices attached,1384e684               fastboot
2026-09-28T11:27:34.198+00:00,2026-09-28T11:27:34.246+00:00,151.381,present,3044.2,"{""state"":""present"",""devices"":[{""Status"":""OK"",""Class"":""AndroidUsbDeviceClass"",""FriendlyName"":""Android Bootloader Interface"",""InstanceId"":""USB\\VID_18D1&PID_D00D\\1384E684""}]}",absent,fastboot,25.1,22.8,List of devices attached,1384e684               fastboot
2026-09-28T11:27:35.198+00:00,2026-09-28T11:27:35.260+00:00,152.395,present,3060.0,"{""state"":""present"",""devices"":[{""Status"":""OK"",""Class"":""AndroidUsbDeviceClass"",""FriendlyName"":""Android Bootloader Interface"",""InstanceId"":""USB\\VID_18D1&PID_D00D\\1384E684""}]}",absent,fastboot,24.6,36.7,List of devices attached | emulator-5568          offline transport_id:95,1384e684               fastboot
2026-09-28T11:27:36.198+00:00,2026-09-28T11:27:36.248+00:00,153.384,present,3060.0,"{""state"":""present"",""devices"":[{""Status"":""OK"",""Class"":""AndroidUsbDeviceClass"",""FriendlyName"":""Android Bootloader Interface"",""InstanceId"":""USB\\VID_18D1&PID_D00D\\1384E684""}]}",absent,fastboot,26.3,23.5,List of devices attached,1384e684               fastboot
2026-09-28T11:27:37.199+00:00,2026-09-28T11:27:37.244+00:00,154.380,present,3060.0,"{""state"":""present"",""devices"":[{""Status"":""OK"",""Class"":""AndroidUsbDeviceClass"",""FriendlyName"":""Android Bootloader Interface"",""InstanceId"":""USB\\VID_18D1&PID_D00D\\1384E684""}]}",absent,fastboot,23.8,21.6,List of devices attached,1384e684               fastboot
2026-09-28T11:27:38.199+00:00,2026-09-28T11:27:38.247+00:00,155.383,present,3060.0,"{""state"":""present"",""devices"":[{""Status"":""OK"",""Class"":""AndroidUsbDeviceClass"",""FriendlyName"":""Android Bootloader Interface"",""InstanceId"":""USB\\VID_18D1&PID_D00D\\1384E684""}]}",absent,fastboot,26.3,21.9,List of devices attached,1384e684               fastboot
2026-09-28T11:27:39.199+00:00,2026-09-28T11:27:39.246+00:00,156.381,present,3098.9,"{""state"":""present"",""devices"":[{""Status"":""OK"",""Class"":""AndroidUsbDeviceClass"",""FriendlyName"":""Android Bootloader Interface"",""InstanceId"":""USB\\VID_18D1&PID_D00D\\1384E684""}]}",absent,fastboot,24.4,22.1,List of devices attached | emulator-5568          offline transport_id:98,1384e684               fastboot
2026-09-28T11:27:40.199+00:00,2026-09-28T11:27:40.255+00:00,157.390,present,3098.9,"{""state"":""present"",""devices"":[{""Status"":""OK"",""Class"":""AndroidUsbDeviceClass"",""FriendlyName"":""Android Bootloader Interface"",""InstanceId"":""USB\\VID_18D1&PID_D00D\\1384E684""}]}",absent,fastboot,24.9,30.2,List of devices attached,1384e684               fastboot
2026-09-28T11:27:41.200+00:00,2026-09-28T11:27:41.246+00:00,158.382,present,3098.9,"{""state"":""present"",""devices"":[{""Status"":""OK"",""Class"":""AndroidUsbDeviceClass"",""FriendlyName"":""Android Bootloader Interface"",""InstanceId"":""USB\\VID_18D1&PID_D00D\\1384E684""}]}",absent,fastboot,24.0,22.6,List of devices attached,1384e684               fastboot
2026-09-28T11:27:42.201+00:00,2026-09-28T11:27:42.256+00:00,159.391,present,3098.9,"{""state"":""present"",""devices"":[{""Status"":""OK"",""Class"":""AndroidUsbDeviceClass"",""FriendlyName"":""Android Bootloader Interface"",""InstanceId"":""USB\\VID_18D1&PID_D00D\\1384E684""}]}",absent,fastboot,24.7,30.3,List of devices attached,1384e684               fastboot
2026-09-28T11:27:43.201+00:00,2026-09-28T11:27:43.261+00:00,160.396,present,3089.0,"{""state"":""present"",""devices"":[{""Status"":""OK"",""Class"":""AndroidUsbDeviceClass"",""FriendlyName"":""Android Bootloader Interface"",""InstanceId"":""USB\\VID_18D1&PID_D00D\\1384E684""}]}",absent,fastboot,23.9,35.4,List of devices attached,1384e684               fastboot
2026-09-28T11:27:44.201+00:00,2026-09-28T11:27:44.247+00:00,161.382,present,3089.0,"{""state"":""present"",""devices"":[{""Status"":""OK"",""Class"":""AndroidUsbDeviceClass"",""FriendlyName"":""Android Bootloader Interface"",""InstanceId"":""USB\\VID_18D1&PID_D00D\\1384E684""}]}",absent,fastboot,23.9,21.9,List of devices attached | emulator-5568          offline transport_id:102,1384e684               fastboot
2026-09-28T11:27:45.202+00:00,2026-09-28T11:27:45.252+00:00,162.387,present,3089.0,"{""state"":""present"",""devices"":[{""Status"":""OK"",""Class"":""AndroidUsbDeviceClass"",""FriendlyName"":""Android Bootloader Interface"",""InstanceId"":""USB\\VID_18D1&PID_D00D\\1384E684""}]}",absent,fastboot,23.3,26.6,List of devices attached,1384e684               fastboot
2026-09-28T11:27:46.202+00:00,2026-09-28T11:27:46.248+00:00,163.383,present,3089.0,"{""state"":""present"",""devices"":[{""Status"":""OK"",""Class"":""AndroidUsbDeviceClass"",""FriendlyName"":""Android Bootloader Interface"",""InstanceId"":""USB\\VID_18D1&PID_D00D\\1384E684""}]}",absent,fastboot,23.4,22.2,List of devices attached,1384e684               fastboot
2026-09-28T11:27:47.203+00:00,2026-09-28T11:27:47.250+00:00,164.385,present,3053.9,"{""state"":""present"",""devices"":[{""Status"":""OK"",""Class"":""AndroidUsbDeviceClass"",""FriendlyName"":""Android Bootloader Interface"",""InstanceId"":""USB\\VID_18D1&PID_D00D\\1384E684""}]}",absent,fastboot,23.7,23.0,List of devices attached,1384e684               fastboot
2026-09-28T11:27:48.203+00:00,2026-09-28T11:27:48.267+00:00,165.403,present,3053.9,"{""state"":""present"",""devices"":[{""Status"":""OK"",""Class"":""AndroidUsbDeviceClass"",""FriendlyName"":""Android Bootloader Interface"",""InstanceId"":""USB\\VID_18D1&PID_D00D\\1384E684""}]}",absent,fastboot,24.7,39.3,List of devices attached | emulator-5568          offline transport_id:105,1384e684               fastboot
2026-09-28T11:27:49.204+00:00,2026-09-28T11:27:49.257+00:00,166.392,present,3053.9,"{""state"":""present"",""devices"":[{""Status"":""OK"",""Class"":""AndroidUsbDeviceClass"",""FriendlyName"":""Android Bootloader Interface"",""InstanceId"":""USB\\VID_18D1&PID_D00D\\1384E684""}]}",absent,fastboot,30.7,22.6,List of devices attached,1384e684               fastboot
2026-09-28T11:27:50.204+00:00,2026-09-28T11:27:50.251+00:00,167.386,present,3053.9,"{""state"":""present"",""devices"":[{""Status"":""OK"",""Class"":""AndroidUsbDeviceClass"",""FriendlyName"":""Android Bootloader Interface"",""InstanceId"":""USB\\VID_18D1&PID_D00D\\1384E684""}]}",absent,fastboot,24.2,22.3,List of devices attached,1384e684               fastboot
2026-09-28T11:27:51.204+00:00,2026-09-28T11:27:51.250+00:00,168.385,present,3156.4,"{""state"":""present"",""devices"":[{""Status"":""OK"",""Class"":""AndroidUsbDeviceClass"",""FriendlyName"":""Android Bootloader Interface"",""InstanceId"":""USB\\VID_18D1&PID_D00D\\1384E684""}]}",absent,fastboot,23.3,22.1,List of devices attached,1384e684               fastboot
2026-09-28T11:27:52.205+00:00,2026-09-28T11:27:52.253+00:00,169.389,present,3156.4,"{""state"":""present"",""devices"":[{""Status"":""OK"",""Class"":""AndroidUsbDeviceClass"",""FriendlyName"":""Android Bootloader Interface"",""InstanceId"":""USB\\VID_18D1&PID_D00D\\1384E684""}]}",absent,fastboot,24.7,23.6,List of devices attached,1384e684               fastboot
2026-09-28T11:27:53.206+00:00,2026-09-28T11:27:53.254+00:00,170.389,present,3156.4,"{""state"":""present"",""devices"":[{""Status"":""OK"",""Class"":""AndroidUsbDeviceClass"",""FriendlyName"":""Android Bootloader Interface"",""InstanceId"":""USB\\VID_18D1&PID_D00D\\1384E684""}]}",absent,fastboot,24.8,23.3,List of devices attached | emulator-5568          offline transport_id:109,1384e684               fastboot
2026-09-28T11:27:54.206+00:00,2026-09-28T11:27:54.253+00:00,171.388,present,3156.4,"{""state"":""present"",""devices"":[{""Status"":""OK"",""Class"":""AndroidUsbDeviceClass"",""FriendlyName"":""Android Bootloader Interface"",""InstanceId"":""USB\\VID_18D1&PID_D00D\\1384E684""}]}",absent,fastboot,24.6,22.5,List of devices attached,1384e684               fastboot
2026-09-28T11:27:55.206+00:00,2026-09-28T11:27:55.253+00:00,172.388,present,3143.9,"{""state"":""present"",""devices"":[{""Status"":""OK"",""Class"":""AndroidUsbDeviceClass"",""FriendlyName"":""Android Bootloader Interface"",""InstanceId"":""USB\\VID_18D1&PID_D00D\\1384E684""}]}",absent,fastboot,23.6,23.1,List of devices attached,1384e684               fastboot
2026-09-28T11:27:56.206+00:00,2026-09-28T11:27:56.255+00:00,173.390,present,3143.9,"{""state"":""present"",""devices"":[{""Status"":""OK"",""Class"":""AndroidUsbDeviceClass"",""FriendlyName"":""Android Bootloader Interface"",""InstanceId"":""USB\\VID_18D1&PID_D00D\\1384E684""}]}",absent,fastboot,25.3,22.9,List of devices attached,1384e684               fastboot
2026-09-28T11:27:57.207+00:00,2026-09-28T11:27:57.252+00:00,174.387,present,3143.9,"{""state"":""present"",""devices"":[{""Status"":""OK"",""Class"":""AndroidUsbDeviceClass"",""FriendlyName"":""Android Bootloader Interface"",""InstanceId"":""USB\\VID_18D1&PID_D00D\\1384E684""}]}",absent,fastboot,22.8,22.2,List of devices attached,1384e684               fastboot
2026-09-28T11:27:58.207+00:00,2026-09-28T11:27:58.254+00:00,175.390,present,3143.9,"{""state"":""present"",""devices"":[{""Status"":""OK"",""Class"":""AndroidUsbDeviceClass"",""FriendlyName"":""Android Bootloader Interface"",""InstanceId"":""USB\\VID_18D1&PID_D00D\\1384E684""}]}",absent,fastboot,24.9,22.2,List of devices attached | emulator-5568          offline transport_id:113,1384e684               fastboot
2026-09-28T11:27:59.208+00:00,2026-09-28T11:27:59.259+00:00,176.395,present,3086.5,"{""state"":""present"",""devices"":[{""Status"":""OK"",""Class"":""AndroidUsbDeviceClass"",""FriendlyName"":""Android Bootloader Interface"",""InstanceId"":""USB\\VID_18D1&PID_D00D\\1384E684""}]}",absent,fastboot,23.7,27.4,List of devices attached,1384e684               fastboot
2026-09-28T11:28:00.208+00:00,2026-09-28T11:28:00.255+00:00,177.391,present,3086.5,"{""state"":""present"",""devices"":[{""Status"":""OK"",""Class"":""AndroidUsbDeviceClass"",""FriendlyName"":""Android Bootloader Interface"",""InstanceId"":""USB\\VID_18D1&PID_D00D\\1384E684""}]}",absent,fastboot,24.5,22.8,List of devices attached,1384e684               fastboot
2026-09-28T11:28:01.209+00:00,2026-09-28T11:28:01.254+00:00,178.390,present,3086.5,"{""state"":""present"",""devices"":[{""Status"":""OK"",""Class"":""AndroidUsbDeviceClass"",""FriendlyName"":""Android Bootloader Interface"",""InstanceId"":""USB\\VID_18D1&PID_D00D\\1384E684""}]}",absent,fastboot,23.0,22.6,List of devices attached,1384e684               fastboot
2026-09-28T11:28:02.209+00:00,2026-09-28T11:28:02.254+00:00,179.390,present,3086.5,"{""state"":""present"",""devices"":[{""Status"":""OK"",""Class"":""AndroidUsbDeviceClass"",""FriendlyName"":""Android Bootloader Interface"",""InstanceId"":""USB\\VID_18D1&PID_D00D\\1384E684""}]}",absent,fastboot,23.4,22.1,List of devices attached | emulator-5568          offline transport_id:116,1384e684               fastboot
2026-09-28T11:28:03.209+00:00,2026-09-28T11:28:03.261+00:00,180.396,present,3091.6,"{""state"":""present"",""devices"":[{""Status"":""OK"",""Class"":""AndroidUsbDeviceClass"",""FriendlyName"":""Android Bootloader Interface"",""InstanceId"":""USB\\VID_18D1&PID_D00D\\1384E684""}]}",absent,fastboot,25.5,26.2,List of devices attached,1384e684               fastboot
2026-09-28T11:28:04.209+00:00,2026-09-28T11:28:04.254+00:00,181.390,present,3091.6,"{""state"":""present"",""devices"":[{""Status"":""OK"",""Class"":""AndroidUsbDeviceClass"",""FriendlyName"":""Android Bootloader Interface"",""InstanceId"":""USB\\VID_18D1&PID_D00D\\1384E684""}]}",absent,fastboot,23.5,21.6,List of devices attached,1384e684               fastboot
2026-09-28T11:28:05.209+00:00,2026-09-28T11:28:05.256+00:00,182.392,present,3091.6,"{""state"":""present"",""devices"":[{""Status"":""OK"",""Class"":""AndroidUsbDeviceClass"",""FriendlyName"":""Android Bootloader Interface"",""InstanceId"":""USB\\VID_18D1&PID_D00D\\1384E684""}]}",absent,fastboot,24.2,22.7,List of devices attached,1384e684               fastboot
2026-09-28T11:28:06.210+00:00,2026-09-28T11:28:06.257+00:00,183.392,present,3091.6,"{""state"":""present"",""devices"":[{""Status"":""OK"",""Class"":""AndroidUsbDeviceClass"",""FriendlyName"":""Android Bootloader Interface"",""InstanceId"":""USB\\VID_18D1&PID_D00D\\1384E684""}]}",absent,fastboot,23.5,23.5,List of devices attached,1384e684               fastboot
2026-09-28T11:28:07.210+00:00,2026-09-28T11:28:07.258+00:00,184.393,present,3022.2,"{""state"":""present"",""devices"":[{""Status"":""OK"",""Class"":""AndroidUsbDeviceClass"",""FriendlyName"":""Android Bootloader Interface"",""InstanceId"":""USB\\VID_18D1&PID_D00D\\1384E684""}]}",absent,fastboot,24.5,23.2,List of devices attached | emulator-5568          offline transport_id:120,1384e684               fastboot
2026-09-28T11:28:08.211+00:00,2026-09-28T11:28:08.261+00:00,185.396,present,3022.2,"{""state"":""present"",""devices"":[{""Status"":""OK"",""Class"":""AndroidUsbDeviceClass"",""FriendlyName"":""Android Bootloader Interface"",""InstanceId"":""USB\\VID_18D1&PID_D00D\\1384E684""}]}",absent,fastboot,28.5,21.6,List of devices attached,1384e684               fastboot
2026-09-28T11:28:09.211+00:00,2026-09-28T11:28:09.258+00:00,186.393,present,3022.2,"{""state"":""present"",""devices"":[{""Status"":""OK"",""Class"":""AndroidUsbDeviceClass"",""FriendlyName"":""Android Bootloader Interface"",""InstanceId"":""USB\\VID_18D1&PID_D00D\\1384E684""}]}",absent,fastboot,24.0,22.4,List of devices attached,1384e684               fastboot
2026-09-28T11:28:10.211+00:00,2026-09-28T11:28:10.259+00:00,187.395,present,3022.2,"{""state"":""present"",""devices"":[{""Status"":""OK"",""Class"":""AndroidUsbDeviceClass"",""FriendlyName"":""Android Bootloader Interface"",""InstanceId"":""USB\\VID_18D1&PID_D00D\\1384E684""}]}",absent,fastboot,24.3,23.8,List of devices attached,1384e684               fastboot
2026-09-28T11:28:11.212+00:00,2026-09-28T11:28:11.258+00:00,188.394,present,3051.9,"{""state"":""present"",""devices"":[{""Status"":""OK"",""Class"":""AndroidUsbDeviceClass"",""FriendlyName"":""Android Bootloader Interface"",""InstanceId"":""USB\\VID_18D1&PID_D00D\\1384E684""}]}",absent,fastboot,24.1,22.5,List of devices attached,1384e684               fastboot
2026-09-28T11:28:12.212+00:00,2026-09-28T11:28:12.259+00:00,189.394,present,3051.9,"{""state"":""present"",""devices"":[{""Status"":""OK"",""Class"":""AndroidUsbDeviceClass"",""FriendlyName"":""Android Bootloader Interface"",""InstanceId"":""USB\\VID_18D1&PID_D00D\\1384E684""}]}",absent,fastboot,25.1,21.4,List of devices attached | emulator-5568          offline transport_id:124,1384e684               fastboot
2026-09-28T11:28:13.212+00:00,2026-09-28T11:28:13.258+00:00,190.394,present,3051.9,"{""state"":""present"",""devices"":[{""Status"":""OK"",""Class"":""AndroidUsbDeviceClass"",""FriendlyName"":""Android Bootloader Interface"",""InstanceId"":""USB\\VID_18D1&PID_D00D\\1384E684""}]}",absent,fastboot,24.7,21.3,List of devices attached,1384e684               fastboot
2026-09-28T11:28:14.213+00:00,2026-09-28T11:28:14.260+00:00,191.396,present,3051.9,"{""state"":""present"",""devices"":[{""Status"":""OK"",""Class"":""AndroidUsbDeviceClass"",""FriendlyName"":""Android Bootloader Interface"",""InstanceId"":""USB\\VID_18D1&PID_D00D\\1384E684""}]}",absent,fastboot,25.5,21.7,List of devices attached,1384e684               fastboot
2026-09-28T11:28:15.213+00:00,2026-09-28T11:28:15.276+00:00,192.411,present,3102.2,"{""state"":""present"",""devices"":[{""Status"":""OK"",""Class"":""AndroidUsbDeviceClass"",""FriendlyName"":""Android Bootloader Interface"",""InstanceId"":""USB\\VID_18D1&PID_D00D\\1384E684""}]}",absent,fastboot,39.8,22.7,List of devices attached,1384e684               fastboot
2026-09-28T11:28:16.214+00:00,2026-09-28T11:28:16.261+00:00,193.396,present,3102.2,"{""state"":""present"",""devices"":[{""Status"":""OK"",""Class"":""AndroidUsbDeviceClass"",""FriendlyName"":""Android Bootloader Interface"",""InstanceId"":""USB\\VID_18D1&PID_D00D\\1384E684""}]}",absent,fastboot,24.9,22.0,List of devices attached | emulator-5568          offline transport_id:127,1384e684               fastboot
2026-09-28T11:28:17.214+00:00,2026-09-28T11:28:17.289+00:00,194.425,present,3102.2,"{""state"":""present"",""devices"":[{""Status"":""OK"",""Class"":""AndroidUsbDeviceClass"",""FriendlyName"":""Android Bootloader Interface"",""InstanceId"":""USB\\VID_18D1&PID_D00D\\1384E684""}]}",absent,fastboot,53.7,21.6,List of devices attached,1384e684               fastboot
2026-09-28T11:28:18.215+00:00,2026-09-28T11:28:18.267+00:00,195.403,present,3102.2,"{""state"":""present"",""devices"":[{""Status"":""OK"",""Class"":""AndroidUsbDeviceClass"",""FriendlyName"":""Android Bootloader Interface"",""InstanceId"":""USB\\VID_18D1&PID_D00D\\1384E684""}]}",absent,fastboot,24.7,27.8,List of devices attached,1384e684               fastboot
2026-09-28T11:28:19.215+00:00,2026-09-28T11:28:19.262+00:00,196.397,present,3064.6,"{""state"":""present"",""devices"":[{""Status"":""OK"",""Class"":""AndroidUsbDeviceClass"",""FriendlyName"":""Android Bootloader Interface"",""InstanceId"":""USB\\VID_18D1&PID_D00D\\1384E684""}]}",absent,fastboot,24.5,22.1,List of devices attached,1384e684               fastboot
2026-09-28T11:28:20.215+00:00,2026-09-28T11:28:20.261+00:00,197.396,present,3064.6,"{""state"":""present"",""devices"":[{""Status"":""OK"",""Class"":""AndroidUsbDeviceClass"",""FriendlyName"":""Android Bootloader Interface"",""InstanceId"":""USB\\VID_18D1&PID_D00D\\1384E684""}]}",absent,fastboot,24.3,21.3,List of devices attached,1384e684               fastboot
2026-09-28T11:28:21.215+00:00,2026-09-28T11:28:21.262+00:00,198.398,present,3064.6,"{""state"":""present"",""devices"":[{""Status"":""OK"",""Class"":""AndroidUsbDeviceClass"",""FriendlyName"":""Android Bootloader Interface"",""InstanceId"":""USB\\VID_18D1&PID_D00D\\1384E684""}]}",absent,fastboot,25.4,21.8,List of devices attached | emulator-5568          offline transport_id:131,1384e684               fastboot
2026-09-28T11:28:22.215+00:00,2026-09-28T11:28:22.261+00:00,199.397,present,3064.6,"{""state"":""present"",""devices"":[{""Status"":""OK"",""Class"":""AndroidUsbDeviceClass"",""FriendlyName"":""Android Bootloader Interface"",""InstanceId"":""USB\\VID_18D1&PID_D00D\\1384E684""}]}",absent,fastboot,24.2,21.9,List of devices attached,1384e684               fastboot
2026-09-28T11:28:23.216+00:00,2026-09-28T11:28:23.264+00:00,200.400,present,3064.4,"{""state"":""present"",""devices"":[{""Status"":""OK"",""Class"":""AndroidUsbDeviceClass"",""FriendlyName"":""Android Bootloader Interface"",""InstanceId"":""USB\\VID_18D1&PID_D00D\\1384E684""}]}",absent,fastboot,26.4,22.1,List of devices attached,1384e684               fastboot
2026-09-28T11:28:24.216+00:00,2026-09-28T11:28:24.265+00:00,201.400,present,3064.4,"{""state"":""present"",""devices"":[{""Status"":""OK"",""Class"":""AndroidUsbDeviceClass"",""FriendlyName"":""Android Bootloader Interface"",""InstanceId"":""USB\\VID_18D1&PID_D00D\\1384E684""}]}",absent,fastboot,24.5,24.3,List of devices attached,1384e684               fastboot
2026-09-28T11:28:25.216+00:00,2026-09-28T11:28:25.275+00:00,202.410,present,3064.4,"{""state"":""present"",""devices"":[{""Status"":""OK"",""Class"":""AndroidUsbDeviceClass"",""FriendlyName"":""Android Bootloader Interface"",""InstanceId"":""USB\\VID_18D1&PID_D00D\\1384E684""}]}",absent,fastboot,35.8,22.7,List of devices attached,1384e684               fastboot
2026-09-28T11:28:26.216+00:00,2026-09-28T11:28:26.275+00:00,203.410,present,3064.4,"{""state"":""present"",""devices"":[{""Status"":""OK"",""Class"":""AndroidUsbDeviceClass"",""FriendlyName"":""Android Bootloader Interface"",""InstanceId"":""USB\\VID_18D1&PID_D00D\\1384E684""}]}",absent,fastboot,35.6,22.8,List of devices attached | emulator-5568          offline transport_id:135,1384e684               fastboot
2026-09-28T11:28:27.217+00:00,2026-09-28T11:28:27.264+00:00,204.399,present,3079.8,"{""state"":""present"",""devices"":[{""Status"":""OK"",""Class"":""AndroidUsbDeviceClass"",""FriendlyName"":""Android Bootloader Interface"",""InstanceId"":""USB\\VID_18D1&PID_D00D\\1384E684""}]}",absent,fastboot,25.1,21.9,List of devices attached,1384e684               fastboot
2026-09-28T11:28:28.217+00:00,2026-09-28T11:28:28.263+00:00,205.399,present,3079.8,"{""state"":""present"",""devices"":[{""Status"":""OK"",""Class"":""AndroidUsbDeviceClass"",""FriendlyName"":""Android Bootloader Interface"",""InstanceId"":""USB\\VID_18D1&PID_D00D\\1384E684""}]}",absent,fastboot,25.6,20.9,List of devices attached,1384e684               fastboot
2026-09-28T11:28:29.217+00:00,2026-09-28T11:28:29.268+00:00,206.403,present,3079.8,"{""state"":""present"",""devices"":[{""Status"":""OK"",""Class"":""AndroidUsbDeviceClass"",""FriendlyName"":""Android Bootloader Interface"",""InstanceId"":""USB\\VID_18D1&PID_D00D\\1384E684""}]}",absent,fastboot,27.2,24.0,List of devices attached,1384e684               fastboot
2026-09-28T11:28:30.217+00:00,2026-09-28T11:28:30.264+00:00,207.399,present,3079.8,"{""state"":""present"",""devices"":[{""Status"":""OK"",""Class"":""AndroidUsbDeviceClass"",""FriendlyName"":""Android Bootloader Interface"",""InstanceId"":""USB\\VID_18D1&PID_D00D\\1384E684""}]}",absent,fastboot,24.1,22.3,List of devices attached | emulator-5568          offline transport_id:138,1384e684               fastboot
2026-09-28T11:28:31.218+00:00,2026-09-28T11:28:31.265+00:00,208.401,present,3140.0,"{""state"":""present"",""devices"":[{""Status"":""OK"",""Class"":""AndroidUsbDeviceClass"",""FriendlyName"":""Android Bootloader Interface"",""InstanceId"":""USB\\VID_18D1&PID_D00D\\1384E684""}]}",absent,fastboot,25.1,22.3,List of devices attached,1384e684               fastboot
2026-09-28T11:28:32.218+00:00,2026-09-28T11:28:32.264+00:00,209.399,present,3140.0,"{""state"":""present"",""devices"":[{""Status"":""OK"",""Class"":""AndroidUsbDeviceClass"",""FriendlyName"":""Android Bootloader Interface"",""InstanceId"":""USB\\VID_18D1&PID_D00D\\1384E684""}]}",absent,fastboot,25.1,20.9,List of devices attached,1384e684               fastboot
2026-09-28T11:28:33.218+00:00,2026-09-28T11:28:33.264+00:00,210.399,present,3140.0,"{""state"":""present"",""devices"":[{""Status"":""OK"",""Class"":""AndroidUsbDeviceClass"",""FriendlyName"":""Android Bootloader Interface"",""InstanceId"":""USB\\VID_18D1&PID_D00D\\1384E684""}]}",absent,fastboot,24.4,21.1,List of devices attached,1384e684               fastboot
2026-09-28T11:28:34.219+00:00,2026-09-28T11:28:34.274+00:00,211.410,present,3140.0,"{""state"":""present"",""devices"":[{""Status"":""OK"",""Class"":""AndroidUsbDeviceClass"",""FriendlyName"":""Android Bootloader Interface"",""InstanceId"":""USB\\VID_18D1&PID_D00D\\1384E684""}]}",absent,fastboot,32.9,22.6,List of devices attached,1384e684               fastboot
2026-09-28T11:28:35.219+00:00,2026-09-28T11:28:35.275+00:00,212.411,present,3070.0,"{""state"":""present"",""devices"":[{""Status"":""OK"",""Class"":""AndroidUsbDeviceClass"",""FriendlyName"":""Android Bootloader Interface"",""InstanceId"":""USB\\VID_18D1&PID_D00D\\1384E684""}]}",absent,fastboot,33.4,23.1,List of devices attached | emulator-5568          offline transport_id:142,1384e684               fastboot
2026-09-28T11:28:36.219+00:00,2026-09-28T11:28:36.265+00:00,213.401,present,3070.0,"{""state"":""present"",""devices"":[{""Status"":""OK"",""Class"":""AndroidUsbDeviceClass"",""FriendlyName"":""Android Bootloader Interface"",""InstanceId"":""USB\\VID_18D1&PID_D00D\\1384E684""}]}",absent,fastboot,24.0,22.1,List of devices attached,1384e684               fastboot
2026-09-28T11:28:37.219+00:00,2026-09-28T11:28:37.265+00:00,214.400,present,3070.0,"{""state"":""present"",""devices"":[{""Status"":""OK"",""Class"":""AndroidUsbDeviceClass"",""FriendlyName"":""Android Bootloader Interface"",""InstanceId"":""USB\\VID_18D1&PID_D00D\\1384E684""}]}",absent,fastboot,23.9,21.7,List of devices attached,1384e684               fastboot
2026-09-28T11:28:38.220+00:00,2026-09-28T11:28:38.275+00:00,215.411,present,3070.0,"{""state"":""present"",""devices"":[{""Status"":""OK"",""Class"":""AndroidUsbDeviceClass"",""FriendlyName"":""Android Bootloader Interface"",""InstanceId"":""USB\\VID_18D1&PID_D00D\\1384E684""}]}",absent,fastboot,32.3,23.2,List of devices attached,1384e684               fastboot
2026-09-28T11:28:39.220+00:00,2026-09-28T11:28:39.276+00:00,216.411,present,3055.8,"{""state"":""present"",""devices"":[{""Status"":""OK"",""Class"":""AndroidUsbDeviceClass"",""FriendlyName"":""Android Bootloader Interface"",""InstanceId"":""USB\\VID_18D1&PID_D00D\\1384E684""}]}",absent,fastboot,32.3,23.5,List of devices attached,1384e684               fastboot
2026-09-28T11:28:40.220+00:00,2026-09-28T11:28:40.267+00:00,217.402,present,3055.8,"{""state"":""present"",""devices"":[{""Status"":""OK"",""Class"":""AndroidUsbDeviceClass"",""FriendlyName"":""Android Bootloader Interface"",""InstanceId"":""USB\\VID_18D1&PID_D00D\\1384E684""}]}",absent,fastboot,23.9,22.5,List of devices attached | emulator-5568          offline transport_id:146,1384e684               fastboot
2026-09-28T11:28:41.220+00:00,2026-09-28T11:28:41.291+00:00,218.426,present,3055.8,"{""state"":""present"",""devices"":[{""Status"":""OK"",""Class"":""AndroidUsbDeviceClass"",""FriendlyName"":""Android Bootloader Interface"",""InstanceId"":""USB\\VID_18D1&PID_D00D\\1384E684""}]}",absent,fastboot,48.1,22.2,List of devices attached,1384e684               fastboot
2026-09-28T11:28:42.221+00:00,2026-09-28T11:28:42.266+00:00,219.401,present,3055.8,"{""state"":""present"",""devices"":[{""Status"":""OK"",""Class"":""AndroidUsbDeviceClass"",""FriendlyName"":""Android Bootloader Interface"",""InstanceId"":""USB\\VID_18D1&PID_D00D\\1384E684""}]}",absent,fastboot,23.8,20.9,List of devices attached,1384e684               fastboot
2026-09-28T11:28:43.221+00:00,2026-09-28T11:28:43.291+00:00,220.427,present,3040.3,"{""state"":""present"",""devices"":[{""Status"":""OK"",""Class"":""AndroidUsbDeviceClass"",""FriendlyName"":""Android Bootloader Interface"",""InstanceId"":""USB\\VID_18D1&PID_D00D\\1384E684""}]}",absent,fastboot,46.6,23.4,List of devices attached,1384e684               fastboot
2026-09-28T11:28:44.222+00:00,2026-09-28T11:28:44.269+00:00,221.404,present,3040.3,"{""state"":""present"",""devices"":[{""Status"":""OK"",""Class"":""AndroidUsbDeviceClass"",""FriendlyName"":""Android Bootloader Interface"",""InstanceId"":""USB\\VID_18D1&PID_D00D\\1384E684""}]}",absent,fastboot,24.3,23.2,List of devices attached | emulator-5568          offline transport_id:149,1384e684               fastboot
2026-09-28T11:28:45.222+00:00,2026-09-28T11:28:45.290+00:00,222.425,present,3040.3,"{""state"":""present"",""devices"":[{""Status"":""OK"",""Class"":""AndroidUsbDeviceClass"",""FriendlyName"":""Android Bootloader Interface"",""InstanceId"":""USB\\VID_18D1&PID_D00D\\1384E684""}]}",absent,fastboot,44.8,23.0,List of devices attached,1384e684               fastboot
2026-09-28T11:28:46.222+00:00,2026-09-28T11:28:46.290+00:00,223.425,present,3040.3,"{""state"":""present"",""devices"":[{""Status"":""OK"",""Class"":""AndroidUsbDeviceClass"",""FriendlyName"":""Android Bootloader Interface"",""InstanceId"":""USB\\VID_18D1&PID_D00D\\1384E684""}]}",absent,fastboot,45.5,22.2,List of devices attached,1384e684               fastboot
2026-09-28T11:28:47.222+00:00,2026-09-28T11:28:47.269+00:00,224.405,present,3070.0,"{""state"":""present"",""devices"":[{""Status"":""OK"",""Class"":""AndroidUsbDeviceClass"",""FriendlyName"":""Android Bootloader Interface"",""InstanceId"":""USB\\VID_18D1&PID_D00D\\1384E684""}]}",absent,fastboot,24.9,22.4,List of devices attached,1384e684               fastboot
2026-09-28T11:28:48.223+00:00,2026-09-28T11:28:48.274+00:00,225.409,present,3070.0,"{""state"":""present"",""devices"":[{""Status"":""OK"",""Class"":""AndroidUsbDeviceClass"",""FriendlyName"":""Android Bootloader Interface"",""InstanceId"":""USB\\VID_18D1&PID_D00D\\1384E684""}]}",absent,fastboot,28.8,22.1,List of devices attached,1384e684               fastboot
2026-09-28T11:28:49.223+00:00,2026-09-28T11:28:49.268+00:00,226.403,present,3070.0,"{""state"":""present"",""devices"":[{""Status"":""OK"",""Class"":""AndroidUsbDeviceClass"",""FriendlyName"":""Android Bootloader Interface"",""InstanceId"":""USB\\VID_18D1&PID_D00D\\1384E684""}]}",absent,fastboot,23.9,21.1,List of devices attached | emulator-5568          offline transport_id:153,1384e684               fastboot
2026-09-28T11:28:50.223+00:00,2026-09-28T11:28:50.269+00:00,227.405,present,3070.0,"{""state"":""present"",""devices"":[{""Status"":""OK"",""Class"":""AndroidUsbDeviceClass"",""FriendlyName"":""Android Bootloader Interface"",""InstanceId"":""USB\\VID_18D1&PID_D00D\\1384E684""}]}",absent,fastboot,24.3,22.0,List of devices attached,1384e684               fastboot
2026-09-28T11:28:51.224+00:00,2026-09-28T11:28:51.286+00:00,228.421,present,3069.1,"{""state"":""present"",""devices"":[{""Status"":""OK"",""Class"":""AndroidUsbDeviceClass"",""FriendlyName"":""Android Bootloader Interface"",""InstanceId"":""USB\\VID_18D1&PID_D00D\\1384E684""}]}",absent,fastboot,24.4,37.7,List of devices attached,1384e684               fastboot
2026-09-28T11:28:52.224+00:00,2026-09-28T11:28:52.272+00:00,229.407,present,3069.1,"{""state"":""present"",""devices"":[{""Status"":""OK"",""Class"":""AndroidUsbDeviceClass"",""FriendlyName"":""Android Bootloader Interface"",""InstanceId"":""USB\\VID_18D1&PID_D00D\\1384E684""}]}",absent,fastboot,24.7,23.3,List of devices attached,1384e684               fastboot
2026-09-28T11:28:53.224+00:00,2026-09-28T11:28:53.286+00:00,230.421,present,3069.1,"{""state"":""present"",""devices"":[{""Status"":""OK"",""Class"":""AndroidUsbDeviceClass"",""FriendlyName"":""Android Bootloader Interface"",""InstanceId"":""USB\\VID_18D1&PID_D00D\\1384E684""}]}",absent,fastboot,25.8,36.0,List of devices attached,1384e684               fastboot
2026-09-28T11:28:54.225+00:00,2026-09-28T11:28:54.275+00:00,231.410,present,3069.1,"{""state"":""present"",""devices"":[{""Status"":""OK"",""Class"":""AndroidUsbDeviceClass"",""FriendlyName"":""Android Bootloader Interface"",""InstanceId"":""USB\\VID_18D1&PID_D00D\\1384E684""}]}",absent,fastboot,27.5,22.9,List of devices attached | emulator-5568          offline transport_id:157,1384e684               fastboot
2026-09-28T11:28:55.225+00:00,2026-09-28T11:28:55.273+00:00,232.408,present,3053.5,"{""state"":""present"",""devices"":[{""Status"":""OK"",""Class"":""AndroidUsbDeviceClass"",""FriendlyName"":""Android Bootloader Interface"",""InstanceId"":""USB\\VID_18D1&PID_D00D\\1384E684""}]}",absent,fastboot,25.1,22.7,List of devices attached,1384e684               fastboot
2026-09-28T11:28:56.225+00:00,2026-09-28T11:28:56.276+00:00,233.411,present,3053.5,"{""state"":""present"",""devices"":[{""Status"":""OK"",""Class"":""AndroidUsbDeviceClass"",""FriendlyName"":""Android Bootloader Interface"",""InstanceId"":""USB\\VID_18D1&PID_D00D\\1384E684""}]}",absent,fastboot,26.4,24.2,List of devices attached,1384e684               fastboot
2026-09-28T11:28:57.226+00:00,2026-09-28T11:28:57.276+00:00,234.412,present,3053.5,"{""state"":""present"",""devices"":[{""Status"":""OK"",""Class"":""AndroidUsbDeviceClass"",""FriendlyName"":""Android Bootloader Interface"",""InstanceId"":""USB\\VID_18D1&PID_D00D\\1384E684""}]}",absent,fastboot,27.2,23.6,List of devices attached,1384e684               fastboot
2026-09-28T11:28:58.226+00:00,2026-09-28T11:28:58.286+00:00,235.421,present,3053.5,"{""state"":""present"",""devices"":[{""Status"":""OK"",""Class"":""AndroidUsbDeviceClass"",""FriendlyName"":""Android Bootloader Interface"",""InstanceId"":""USB\\VID_18D1&PID_D00D\\1384E684""}]}",absent,fastboot,35.3,24.9,List of devices attached | emulator-5568          offline transport_id:160,1384e684               fastboot
2026-09-28T11:28:59.226+00:00,2026-09-28T11:28:59.273+00:00,236.409,present,3080.7,"{""state"":""present"",""devices"":[{""Status"":""OK"",""Class"":""AndroidUsbDeviceClass"",""FriendlyName"":""Android Bootloader Interface"",""InstanceId"":""USB\\VID_18D1&PID_D00D\\1384E684""}]}",absent,fastboot,24.6,22.5,List of devices attached,1384e684               fastboot
2026-09-28T11:29:00.226+00:00,2026-09-28T11:29:00.273+00:00,237.409,present,3080.7,"{""state"":""present"",""devices"":[{""Status"":""OK"",""Class"":""AndroidUsbDeviceClass"",""FriendlyName"":""Android Bootloader Interface"",""InstanceId"":""USB\\VID_18D1&PID_D00D\\1384E684""}]}",absent,fastboot,25.6,21.4,List of devices attached,1384e684               fastboot
2026-09-28T11:29:01.227+00:00,2026-09-28T11:29:01.274+00:00,238.409,present,3080.7,"{""state"":""present"",""devices"":[{""Status"":""OK"",""Class"":""AndroidUsbDeviceClass"",""FriendlyName"":""Android Bootloader Interface"",""InstanceId"":""USB\\VID_18D1&PID_D00D\\1384E684""}]}",absent,fastboot,23.8,23.3,List of devices attached,1384e684               fastboot
2026-09-28T11:29:02.227+00:00,2026-09-28T11:29:02.290+00:00,239.426,present,3080.7,"{""state"":""present"",""devices"":[{""Status"":""OK"",""Class"":""AndroidUsbDeviceClass"",""FriendlyName"":""Android Bootloader Interface"",""InstanceId"":""USB\\VID_18D1&PID_D00D\\1384E684""}]}",absent,fastboot,40.6,22.4,List of devices attached,1384e684               fastboot
2026-09-28T11:29:03.227+00:00,2026-09-28T11:29:03.278+00:00,240.414,present,3119.1,"{""state"":""present"",""devices"":[{""Status"":""OK"",""Class"":""AndroidUsbDeviceClass"",""FriendlyName"":""Android Bootloader Interface"",""InstanceId"":""USB\\VID_18D1&PID_D00D\\1384E684""}]}",absent,fastboot,27.2,24.0,List of devices attached | emulator-5568          offline transport_id:164,1384e684               fastboot
2026-09-28T11:29:04.228+00:00,2026-09-28T11:29:04.278+00:00,241.414,present,3119.1,"{""state"":""present"",""devices"":[{""Status"":""OK"",""Class"":""AndroidUsbDeviceClass"",""FriendlyName"":""Android Bootloader Interface"",""InstanceId"":""USB\\VID_18D1&PID_D00D\\1384E684""}]}",absent,fastboot,26.6,23.9,List of devices attached,1384e684               fastboot
2026-09-28T11:29:05.228+00:00,2026-09-28T11:29:05.282+00:00,242.417,present,3119.1,"{""state"":""present"",""devices"":[{""Status"":""OK"",""Class"":""AndroidUsbDeviceClass"",""FriendlyName"":""Android Bootloader Interface"",""InstanceId"":""USB\\VID_18D1&PID_D00D\\1384E684""}]}",absent,fastboot,30.8,22.9,List of devices attached,1384e684               fastboot
2026-09-28T11:29:06.228+00:00,2026-09-28T11:29:06.278+00:00,243.413,present,3119.1,"{""state"":""present"",""devices"":[{""Status"":""OK"",""Class"":""AndroidUsbDeviceClass"",""FriendlyName"":""Android Bootloader Interface"",""InstanceId"":""USB\\VID_18D1&PID_D00D\\1384E684""}]}",absent,fastboot,26.1,22.9,List of devices attached,1384e684               fastboot
2026-09-28T11:29:07.229+00:00,2026-09-28T11:29:07.286+00:00,244.421,present,3146.4,"{""state"":""present"",""devices"":[{""Status"":""OK"",""Class"":""AndroidUsbDeviceClass"",""FriendlyName"":""Android Bootloader Interface"",""InstanceId"":""USB\\VID_18D1&PID_D00D\\1384E684""}]}",absent,fastboot,25.2,31.9,List of devices attached,1384e684               fastboot
2026-09-28T11:29:08.229+00:00,2026-09-28T11:29:08.277+00:00,245.412,present,3146.4,"{""state"":""present"",""devices"":[{""Status"":""OK"",""Class"":""AndroidUsbDeviceClass"",""FriendlyName"":""Android Bootloader Interface"",""InstanceId"":""USB\\VID_18D1&PID_D00D\\1384E684""}]}",absent,fastboot,25.2,22.2,List of devices attached | emulator-5568          offline transport_id:168,1384e684               fastboot
2026-09-28T11:29:09.229+00:00,2026-09-28T11:29:09.283+00:00,246.418,present,3146.4,"{""state"":""present"",""devices"":[{""Status"":""OK"",""Class"":""AndroidUsbDeviceClass"",""FriendlyName"":""Android Bootloader Interface"",""InstanceId"":""USB\\VID_18D1&PID_D00D\\1384E684""}]}",absent,fastboot,29.5,23.7,List of devices attached,1384e684               fastboot
2026-09-28T11:29:10.230+00:00,2026-09-28T11:29:10.275+00:00,247.410,present,3146.4,"{""state"":""present"",""devices"":[{""Status"":""OK"",""Class"":""AndroidUsbDeviceClass"",""FriendlyName"":""Android Bootloader Interface"",""InstanceId"":""USB\\VID_18D1&PID_D00D\\1384E684""}]}",absent,fastboot,23.7,21.4,List of devices attached,1384e684               fastboot
2026-09-28T11:29:11.230+00:00,2026-09-28T11:29:11.277+00:00,248.412,present,3017.6,"{""state"":""present"",""devices"":[{""Status"":""OK"",""Class"":""AndroidUsbDeviceClass"",""FriendlyName"":""Android Bootloader Interface"",""InstanceId"":""USB\\VID_18D1&PID_D00D\\1384E684""}]}",absent,fastboot,24.5,22.3,List of devices attached,1384e684               fastboot
2026-09-28T11:29:12.230+00:00,2026-09-28T11:29:12.289+00:00,249.425,present,3017.6,"{""state"":""present"",""devices"":[{""Status"":""OK"",""Class"":""AndroidUsbDeviceClass"",""FriendlyName"":""Android Bootloader Interface"",""InstanceId"":""USB\\VID_18D1&PID_D00D\\1384E684""}]}",absent,fastboot,36.5,22.4,List of devices attached | emulator-5568          offline transport_id:171,1384e684               fastboot
2026-09-28T11:29:13.231+00:00,2026-09-28T11:29:13.282+00:00,250.417,present,3017.6,"{""state"":""present"",""devices"":[{""Status"":""OK"",""Class"":""AndroidUsbDeviceClass"",""FriendlyName"":""Android Bootloader Interface"",""InstanceId"":""USB\\VID_18D1&PID_D00D\\1384E684""}]}",absent,fastboot,28.9,22.1,List of devices attached,1384e684               fastboot
2026-09-28T11:29:14.231+00:00,2026-09-28T11:29:14.300+00:00,251.436,present,3017.6,"{""state"":""present"",""devices"":[{""Status"":""OK"",""Class"":""AndroidUsbDeviceClass"",""FriendlyName"":""Android Bootloader Interface"",""InstanceId"":""USB\\VID_18D1&PID_D00D\\1384E684""}]}",absent,fastboot,23.3,45.7,List of devices attached,1384e684               fastboot
2026-09-28T11:29:15.231+00:00,2026-09-28T11:29:15.277+00:00,252.413,present,3036.0,"{""state"":""present"",""devices"":[{""Status"":""OK"",""Class"":""AndroidUsbDeviceClass"",""FriendlyName"":""Android Bootloader Interface"",""InstanceId"":""USB\\VID_18D1&PID_D00D\\1384E684""}]}",absent,fastboot,23.7,22.3,List of devices attached,1384e684               fastboot
2026-09-28T11:29:16.232+00:00,2026-09-28T11:29:16.285+00:00,253.420,present,3036.0,"{""state"":""present"",""devices"":[{""Status"":""OK"",""Class"":""AndroidUsbDeviceClass"",""FriendlyName"":""Android Bootloader Interface"",""InstanceId"":""USB\\VID_18D1&PID_D00D\\1384E684""}]}",absent,fastboot,24.0,29.4,List of devices attached,1384e684               fastboot
2026-09-28T11:29:17.232+00:00,2026-09-28T11:29:17.280+00:00,254.415,present,3036.0,"{""state"":""present"",""devices"":[{""Status"":""OK"",""Class"":""AndroidUsbDeviceClass"",""FriendlyName"":""Android Bootloader Interface"",""InstanceId"":""USB\\VID_18D1&PID_D00D\\1384E684""}]}",absent,fastboot,26.2,21.7,List of devices attached | emulator-5568          offline transport_id:175,1384e684               fastboot
2026-09-28T11:29:18.232+00:00,2026-09-28T11:29:18.279+00:00,255.414,present,3036.0,"{""state"":""present"",""devices"":[{""Status"":""OK"",""Class"":""AndroidUsbDeviceClass"",""FriendlyName"":""Android Bootloader Interface"",""InstanceId"":""USB\\VID_18D1&PID_D00D\\1384E684""}]}",absent,fastboot,24.7,21.8,List of devices attached,1384e684               fastboot
2026-09-28T11:29:19.233+00:00,2026-09-28T11:29:19.280+00:00,256.415,present,3080.6,"{""state"":""present"",""devices"":[{""Status"":""OK"",""Class"":""AndroidUsbDeviceClass"",""FriendlyName"":""Android Bootloader Interface"",""InstanceId"":""USB\\VID_18D1&PID_D00D\\1384E684""}]}",absent,fastboot,24.4,22.6,List of devices attached,1384e684               fastboot
2026-09-28T11:29:20.233+00:00,2026-09-28T11:29:20.281+00:00,257.416,present,3080.6,"{""state"":""present"",""devices"":[{""Status"":""OK"",""Class"":""AndroidUsbDeviceClass"",""FriendlyName"":""Android Bootloader Interface"",""InstanceId"":""USB\\VID_18D1&PID_D00D\\1384E684""}]}",absent,fastboot,25.3,22.4,List of devices attached,1384e684               fastboot
2026-09-28T11:29:21.233+00:00,2026-09-28T11:29:21.279+00:00,258.415,present,3080.6,"{""state"":""present"",""devices"":[{""Status"":""OK"",""Class"":""AndroidUsbDeviceClass"",""FriendlyName"":""Android Bootloader Interface"",""InstanceId"":""USB\\VID_18D1&PID_D00D\\1384E684""}]}",absent,fastboot,22.9,23.3,List of devices attached,1384e684               fastboot
2026-09-28T11:29:22.233+00:00,2026-09-28T11:29:22.280+00:00,259.415,present,3080.6,"{""state"":""present"",""devices"":[{""Status"":""OK"",""Class"":""AndroidUsbDeviceClass"",""FriendlyName"":""Android Bootloader Interface"",""InstanceId"":""USB\\VID_18D1&PID_D00D\\1384E684""}]}",absent,fastboot,23.9,22.5,List of devices attached | emulator-5568          offline transport_id:179,1384e684               fastboot
2026-09-28T11:29:23.234+00:00,2026-09-28T11:29:23.281+00:00,260.416,present,3041.8,"{""state"":""present"",""devices"":[{""Status"":""OK"",""Class"":""AndroidUsbDeviceClass"",""FriendlyName"":""Android Bootloader Interface"",""InstanceId"":""USB\\VID_18D1&PID_D00D\\1384E684""}]}",absent,fastboot,24.2,22.6,List of devices attached,1384e684               fastboot
2026-09-28T11:29:24.234+00:00,2026-09-28T11:29:24.289+00:00,261.424,present,3041.8,"{""state"":""present"",""devices"":[{""Status"":""OK"",""Class"":""AndroidUsbDeviceClass"",""FriendlyName"":""Android Bootloader Interface"",""InstanceId"":""USB\\VID_18D1&PID_D00D\\1384E684""}]}",absent,fastboot,24.0,30.3,List of devices attached,1384e684               fastboot
2026-09-28T11:29:25.235+00:00,2026-09-28T11:29:25.281+00:00,262.417,present,3041.8,"{""state"":""present"",""devices"":[{""Status"":""OK"",""Class"":""AndroidUsbDeviceClass"",""FriendlyName"":""Android Bootloader Interface"",""InstanceId"":""USB\\VID_18D1&PID_D00D\\1384E684""}]}",absent,fastboot,23.8,22.6,List of devices attached,1384e684               fastboot
2026-09-28T11:29:26.235+00:00,2026-09-28T11:29:26.280+00:00,263.415,present,3041.8,"{""state"":""present"",""devices"":[{""Status"":""OK"",""Class"":""AndroidUsbDeviceClass"",""FriendlyName"":""Android Bootloader Interface"",""InstanceId"":""USB\\VID_18D1&PID_D00D\\1384E684""}]}",absent,fastboot,22.7,21.6,List of devices attached,1384e684               fastboot
2026-09-28T11:29:27.235+00:00,2026-09-28T11:29:27.282+00:00,264.417,present,3108.1,"{""state"":""present"",""devices"":[{""Status"":""OK"",""Class"":""AndroidUsbDeviceClass"",""FriendlyName"":""Android Bootloader Interface"",""InstanceId"":""USB\\VID_18D1&PID_D00D\\1384E684""}]}",absent,fastboot,23.7,22.9,List of devices attached,1384e684               fastboot
2026-09-28T11:29:28.236+00:00,2026-09-28T11:29:28.281+00:00,265.416,present,3108.1,"{""state"":""present"",""devices"":[{""Status"":""OK"",""Class"":""AndroidUsbDeviceClass"",""FriendlyName"":""Android Bootloader Interface"",""InstanceId"":""USB\\VID_18D1&PID_D00D\\1384E684""}]}",absent,fastboot,23.8,21.4,List of devices attached,1384e684               fastboot
2026-09-28T11:29:29.236+00:00,2026-09-28T11:29:29.282+00:00,266.417,present,3108.1,"{""state"":""present"",""devices"":[{""Status"":""OK"",""Class"":""AndroidUsbDeviceClass"",""FriendlyName"":""Android Bootloader Interface"",""InstanceId"":""USB\\VID_18D1&PID_D00D\\1384E684""}]}",absent,fastboot,24.3,21.0,List of devices attached,1384e684               fastboot
2026-09-28T11:29:30.236+00:00,2026-09-28T11:29:30.284+00:00,267.420,present,3108.1,"{""state"":""present"",""devices"":[{""Status"":""OK"",""Class"":""AndroidUsbDeviceClass"",""FriendlyName"":""Android Bootloader Interface"",""InstanceId"":""USB\\VID_18D1&PID_D00D\\1384E684""}]}",absent,fastboot,24.6,23.3,List of devices attached,1384e684               fastboot
2026-09-28T11:29:31.236+00:00,2026-09-28T11:29:31.297+00:00,268.432,present,3138.3,"{""state"":""present"",""devices"":[{""Status"":""OK"",""Class"":""AndroidUsbDeviceClass"",""FriendlyName"":""Android Bootloader Interface"",""InstanceId"":""USB\\VID_18D1&PID_D00D\\1384E684""}]}",absent,fastboot,37.6,22.6,List of devices attached | emulator-5568          offline transport_id:186,1384e684               fastboot
2026-09-28T11:29:32.237+00:00,2026-09-28T11:29:32.290+00:00,269.425,present,3138.3,"{""state"":""present"",""devices"":[{""Status"":""OK"",""Class"":""AndroidUsbDeviceClass"",""FriendlyName"":""Android Bootloader Interface"",""InstanceId"":""USB\\VID_18D1&PID_D00D\\1384E684""}]}",absent,fastboot,25.2,27.4,List of devices attached,1384e684               fastboot
2026-09-28T11:29:33.237+00:00,2026-09-28T11:29:33.283+00:00,270.418,present,3138.3,"{""state"":""present"",""devices"":[{""Status"":""OK"",""Class"":""AndroidUsbDeviceClass"",""FriendlyName"":""Android Bootloader Interface"",""InstanceId"":""USB\\VID_18D1&PID_D00D\\1384E684""}]}",absent,fastboot,23.8,21.3,List of devices attached,1384e684               fastboot
2026-09-28T11:29:34.238+00:00,2026-09-28T11:29:34.284+00:00,271.419,present,3138.3,"{""state"":""present"",""devices"":[{""Status"":""OK"",""Class"":""AndroidUsbDeviceClass"",""FriendlyName"":""Android Bootloader Interface"",""InstanceId"":""USB\\VID_18D1&PID_D00D\\1384E684""}]}",absent,fastboot,23.4,22.7,List of devices attached,1384e684               fastboot
2026-09-28T11:29:35.238+00:00,2026-09-28T11:29:35.284+00:00,272.420,present,3087.2,"{""state"":""present"",""devices"":[{""Status"":""OK"",""Class"":""AndroidUsbDeviceClass"",""FriendlyName"":""Android Bootloader Interface"",""InstanceId"":""USB\\VID_18D1&PID_D00D\\1384E684""}]}",absent,fastboot,23.3,23.0,List of devices attached,1384e684               fastboot
2026-09-28T11:29:36.238+00:00,2026-09-28T11:29:36.284+00:00,273.420,present,3087.2,"{""state"":""present"",""devices"":[{""Status"":""OK"",""Class"":""AndroidUsbDeviceClass"",""FriendlyName"":""Android Bootloader Interface"",""InstanceId"":""USB\\VID_18D1&PID_D00D\\1384E684""}]}",absent,fastboot,23.5,22.4,List of devices attached | emulator-5568          offline transport_id:190,1384e684               fastboot
2026-09-28T11:29:37.239+00:00,2026-09-28T11:29:37.284+00:00,274.419,present,3087.2,"{""state"":""present"",""devices"":[{""Status"":""OK"",""Class"":""AndroidUsbDeviceClass"",""FriendlyName"":""Android Bootloader Interface"",""InstanceId"":""USB\\VID_18D1&PID_D00D\\1384E684""}]}",absent,fastboot,23.2,21.7,List of devices attached,1384e684               fastboot
2026-09-28T11:29:38.239+00:00,2026-09-28T11:29:38.284+00:00,275.420,present,3087.2,"{""state"":""present"",""devices"":[{""Status"":""OK"",""Class"":""AndroidUsbDeviceClass"",""FriendlyName"":""Android Bootloader Interface"",""InstanceId"":""USB\\VID_18D1&PID_D00D\\1384E684""}]}",absent,fastboot,23.7,21.3,List of devices attached,1384e684               fastboot
2026-09-28T11:29:39.240+00:00,2026-09-28T11:29:39.288+00:00,276.424,present,3055.7,"{""state"":""present"",""devices"":[{""Status"":""OK"",""Class"":""AndroidUsbDeviceClass"",""FriendlyName"":""Android Bootloader Interface"",""InstanceId"":""USB\\VID_18D1&PID_D00D\\1384E684""}]}",absent,fastboot,23.5,24.7,List of devices attached,1384e684               fastboot
2026-09-28T11:29:40.240+00:00,2026-09-28T11:29:40.288+00:00,277.423,present,3055.7,"{""state"":""present"",""devices"":[{""Status"":""OK"",""Class"":""AndroidUsbDeviceClass"",""FriendlyName"":""Android Bootloader Interface"",""InstanceId"":""USB\\VID_18D1&PID_D00D\\1384E684""}]}",absent,fastboot,25.7,21.7,List of devices attached | emulator-5568          offline transport_id:193,1384e684               fastboot
2026-09-28T11:29:41.240+00:00,2026-09-28T11:29:41.284+00:00,278.420,present,3055.7,"{""state"":""present"",""devices"":[{""Status"":""OK"",""Class"":""AndroidUsbDeviceClass"",""FriendlyName"":""Android Bootloader Interface"",""InstanceId"":""USB\\VID_18D1&PID_D00D\\1384E684""}]}",absent,fastboot,22.7,21.2,List of devices attached,1384e684               fastboot
2026-09-28T11:29:42.241+00:00,2026-09-28T11:29:42.296+00:00,279.432,present,3055.7,"{""state"":""present"",""devices"":[{""Status"":""OK"",""Class"":""AndroidUsbDeviceClass"",""FriendlyName"":""Android Bootloader Interface"",""InstanceId"":""USB\\VID_18D1&PID_D00D\\1384E684""}]}",absent,fastboot,33.7,22.0,List of devices attached,1384e684               fastboot
2026-09-28T11:29:43.241+00:00,2026-09-28T11:29:43.286+00:00,280.422,present,3049.2,"{""state"":""present"",""devices"":[{""Status"":""OK"",""Class"":""AndroidUsbDeviceClass"",""FriendlyName"":""Android Bootloader Interface"",""InstanceId"":""USB\\VID_18D1&PID_D00D\\1384E684""}]}",absent,fastboot,23.5,21.8,List of devices attached,1384e684               fastboot
2026-09-28T11:29:44.241+00:00,2026-09-28T11:29:44.285+00:00,281.421,present,3049.2,"{""state"":""present"",""devices"":[{""Status"":""OK"",""Class"":""AndroidUsbDeviceClass"",""FriendlyName"":""Android Bootloader Interface"",""InstanceId"":""USB\\VID_18D1&PID_D00D\\1384E684""}]}",absent,fastboot,22.6,21.4,List of devices attached,1384e684               fastboot
2026-09-28T11:29:45.242+00:00,2026-09-28T11:29:45.300+00:00,282.435,present,3049.2,"{""state"":""present"",""devices"":[{""Status"":""OK"",""Class"":""AndroidUsbDeviceClass"",""FriendlyName"":""Android Bootloader Interface"",""InstanceId"":""USB\\VID_18D1&PID_D00D\\1384E684""}]}",absent,fastboot,22.3,35.9,List of devices attached | emulator-5568          offline transport_id:197,1384e684               fastboot
2026-09-28T11:29:46.242+00:00,2026-09-28T11:29:46.299+00:00,283.435,present,3049.2,"{""state"":""present"",""devices"":[{""Status"":""OK"",""Class"":""AndroidUsbDeviceClass"",""FriendlyName"":""Android Bootloader Interface"",""InstanceId"":""USB\\VID_18D1&PID_D00D\\1384E684""}]}",absent,fastboot,22.8,34.7,List of devices attached,1384e684               fastboot
2026-09-28T11:29:47.242+00:00,2026-09-28T11:29:47.289+00:00,284.424,present,3109.9,"{""state"":""present"",""devices"":[{""Status"":""OK"",""Class"":""AndroidUsbDeviceClass"",""FriendlyName"":""Android Bootloader Interface"",""InstanceId"":""USB\\VID_18D1&PID_D00D\\1384E684""}]}",absent,fastboot,23.5,22.8,List of devices attached,1384e684               fastboot
2026-09-28T11:29:48.243+00:00,2026-09-28T11:29:48.291+00:00,285.426,present,3109.9,"{""state"":""present"",""devices"":[{""Status"":""OK"",""Class"":""AndroidUsbDeviceClass"",""FriendlyName"":""Android Bootloader Interface"",""InstanceId"":""USB\\VID_18D1&PID_D00D\\1384E684""}]}",absent,fastboot,26.0,22.1,List of devices attached,1384e684               fastboot
2026-09-28T11:29:49.243+00:00,2026-09-28T11:29:49.288+00:00,286.424,present,3109.9,"{""state"":""present"",""devices"":[{""Status"":""OK"",""Class"":""AndroidUsbDeviceClass"",""FriendlyName"":""Android Bootloader Interface"",""InstanceId"":""USB\\VID_18D1&PID_D00D\\1384E684""}]}",absent,fastboot,23.8,21.5,List of devices attached,1384e684               fastboot
2026-09-28T11:29:50.243+00:00,2026-09-28T11:29:50.293+00:00,287.429,present,3109.9,"{""state"":""present"",""devices"":[{""Status"":""OK"",""Class"":""AndroidUsbDeviceClass"",""FriendlyName"":""Android Bootloader Interface"",""InstanceId"":""USB\\VID_18D1&PID_D00D\\1384E684""}]}",absent,fastboot,25.7,24.0,List of devices attached | emulator-5568          offline transport_id:201,1384e684               fastboot
2026-09-28T11:29:51.244+00:00,2026-09-28T11:29:51.290+00:00,288.425,present,3044.5,"{""state"":""present"",""devices"":[{""Status"":""OK"",""Class"":""AndroidUsbDeviceClass"",""FriendlyName"":""Android Bootloader Interface"",""InstanceId"":""USB\\VID_18D1&PID_D00D\\1384E684""}]}",absent,fastboot,24.1,22.2,List of devices attached,1384e684               fastboot
2026-09-28T11:29:52.244+00:00,2026-09-28T11:29:52.288+00:00,289.424,present,3044.5,"{""state"":""present"",""devices"":[{""Status"":""OK"",""Class"":""AndroidUsbDeviceClass"",""FriendlyName"":""Android Bootloader Interface"",""InstanceId"":""USB\\VID_18D1&PID_D00D\\1384E684""}]}",absent,fastboot,23.0,21.2,List of devices attached,1384e684               fastboot
2026-09-28T11:29:53.244+00:00,2026-09-28T11:29:53.307+00:00,290.442,present,3044.5,"{""state"":""present"",""devices"":[{""Status"":""OK"",""Class"":""AndroidUsbDeviceClass"",""FriendlyName"":""Android Bootloader Interface"",""InstanceId"":""USB\\VID_18D1&PID_D00D\\1384E684""}]}",absent,fastboot,40.4,22.5,List of devices attached,1384e684               fastboot
2026-09-28T11:29:54.244+00:00,2026-09-28T11:29:54.300+00:00,291.435,present,3044.5,"{""state"":""present"",""devices"":[{""Status"":""OK"",""Class"":""AndroidUsbDeviceClass"",""FriendlyName"":""Android Bootloader Interface"",""InstanceId"":""USB\\VID_18D1&PID_D00D\\1384E684""}]}",absent,fastboot,22.7,32.9,List of devices attached | emulator-5568          offline transport_id:204,1384e684               fastboot
2026-09-28T11:29:55.245+00:00,2026-09-28T11:29:55.290+00:00,292.426,present,3106.9,"{""state"":""present"",""devices"":[{""Status"":""OK"",""Class"":""AndroidUsbDeviceClass"",""FriendlyName"":""Android Bootloader Interface"",""InstanceId"":""USB\\VID_18D1&PID_D00D\\1384E684""}]}",absent,fastboot,23.7,22.0,List of devices attached,1384e684               fastboot
2026-09-28T11:29:56.245+00:00,2026-09-28T11:29:56.291+00:00,293.426,present,3106.9,"{""state"":""present"",""devices"":[{""Status"":""OK"",""Class"":""AndroidUsbDeviceClass"",""FriendlyName"":""Android Bootloader Interface"",""InstanceId"":""USB\\VID_18D1&PID_D00D\\1384E684""}]}",absent,fastboot,24.0,22.1,List of devices attached,1384e684               fastboot
2026-09-28T11:29:57.245+00:00,2026-09-28T11:29:57.291+00:00,294.426,present,3106.9,"{""state"":""present"",""devices"":[{""Status"":""OK"",""Class"":""AndroidUsbDeviceClass"",""FriendlyName"":""Android Bootloader Interface"",""InstanceId"":""USB\\VID_18D1&PID_D00D\\1384E684""}]}",absent,fastboot,24.7,20.7,List of devices attached,1384e684               fastboot
2026-09-28T11:29:58.246+00:00,2026-09-28T11:29:58.290+00:00,295.426,present,3106.9,"{""state"":""present"",""devices"":[{""Status"":""OK"",""Class"":""AndroidUsbDeviceClass"",""FriendlyName"":""Android Bootloader Interface"",""InstanceId"":""USB\\VID_18D1&PID_D00D\\1384E684""}]}",absent,fastboot,23.4,21.3,List of devices attached,1384e684               fastboot
2026-09-28T11:29:59.246+00:00,2026-09-28T11:29:59.308+00:00,296.444,present,3148.9,"{""state"":""present"",""devices"":[{""Status"":""OK"",""Class"":""AndroidUsbDeviceClass"",""FriendlyName"":""Android Bootloader Interface"",""InstanceId"":""USB\\VID_18D1&PID_D00D\\1384E684""}]}",absent,fastboot,38.3,24.2,List of devices attached | emulator-5568          offline transport_id:208,1384e684               fastboot
2026-09-28T11:30:00.246+00:00,2026-09-28T11:30:00.291+00:00,297.427,present,3148.9,"{""state"":""present"",""devices"":[{""Status"":""OK"",""Class"":""AndroidUsbDeviceClass"",""FriendlyName"":""Android Bootloader Interface"",""InstanceId"":""USB\\VID_18D1&PID_D00D\\1384E684""}]}",absent,fastboot,24.2,21.2,List of devices attached,1384e684               fastboot
2026-09-28T11:30:01.246+00:00,2026-09-28T11:30:01.291+00:00,298.426,present,3148.9,"{""state"":""present"",""devices"":[{""Status"":""OK"",""Class"":""AndroidUsbDeviceClass"",""FriendlyName"":""Android Bootloader Interface"",""InstanceId"":""USB\\VID_18D1&PID_D00D\\1384E684""}]}",absent,fastboot,23.3,21.3,List of devices attached,1384e684               fastboot
2026-09-28T11:30:02.247+00:00,2026-09-28T11:30:02.292+00:00,299.427,present,3148.9,"{""state"":""present"",""devices"":[{""Status"":""OK"",""Class"":""AndroidUsbDeviceClass"",""FriendlyName"":""Android Bootloader Interface"",""InstanceId"":""USB\\VID_18D1&PID_D00D\\1384E684""}]}",absent,fastboot,24.0,21.0,List of devices attached,1384e684               fastboot
2026-09-28T11:30:03.247+00:00,2026-09-28T11:30:03.293+00:00,300.429,present,3133.1,"{""state"":""present"",""devices"":[{""Status"":""OK"",""Class"":""AndroidUsbDeviceClass"",""FriendlyName"":""Android Bootloader Interface"",""InstanceId"":""USB\\VID_18D1&PID_D00D\\1384E684""}]}",absent,fastboot,24.4,21.8,List of devices attached,1384e684               fastboot
2026-09-28T11:30:04.247+00:00,2026-09-28T11:30:04.294+00:00,301.429,present,3133.1,"{""state"":""present"",""devices"":[{""Status"":""OK"",""Class"":""AndroidUsbDeviceClass"",""FriendlyName"":""Android Bootloader Interface"",""InstanceId"":""USB\\VID_18D1&PID_D00D\\1384E684""}]}",absent,fastboot,24.7,21.7,List of devices attached | emulator-5568          offline transport_id:212,1384e684               fastboot
2026-09-28T11:30:05.247+00:00,2026-09-28T11:30:05.308+00:00,302.444,present,3133.1,"{""state"":""present"",""devices"":[{""Status"":""OK"",""Class"":""AndroidUsbDeviceClass"",""FriendlyName"":""Android Bootloader Interface"",""InstanceId"":""USB\\VID_18D1&PID_D00D\\1384E684""}]}",absent,fastboot,37.5,23.5,List of devices attached,1384e684               fastboot
2026-09-28T11:30:06.248+00:00,2026-09-28T11:30:06.308+00:00,303.443,present,3133.1,"{""state"":""present"",""devices"":[{""Status"":""OK"",""Class"":""AndroidUsbDeviceClass"",""FriendlyName"":""Android Bootloader Interface"",""InstanceId"":""USB\\VID_18D1&PID_D00D\\1384E684""}]}",absent,fastboot,37.6,22.7,List of devices attached,1384e684               fastboot
2026-09-28T11:30:07.248+00:00,2026-09-28T11:30:07.295+00:00,304.430,present,3139.5,"{""state"":""present"",""devices"":[{""Status"":""OK"",""Class"":""AndroidUsbDeviceClass"",""FriendlyName"":""Android Bootloader Interface"",""InstanceId"":""USB\\VID_18D1&PID_D00D\\1384E684""}]}",absent,fastboot,24.9,21.3,List of devices attached,1384e684               fastboot
2026-09-28T11:30:08.248+00:00,2026-09-28T11:30:08.295+00:00,305.431,present,3139.5,"{""state"":""present"",""devices"":[{""Status"":""OK"",""Class"":""AndroidUsbDeviceClass"",""FriendlyName"":""Android Bootloader Interface"",""InstanceId"":""USB\\VID_18D1&PID_D00D\\1384E684""}]}",absent,fastboot,25.5,21.5,List of devices attached,1384e684               fastboot
2026-09-28T11:30:09.249+00:00,2026-09-28T11:30:09.294+00:00,306.430,present,3139.5,"{""state"":""present"",""devices"":[{""Status"":""OK"",""Class"":""AndroidUsbDeviceClass"",""FriendlyName"":""Android Bootloader Interface"",""InstanceId"":""USB\\VID_18D1&PID_D00D\\1384E684""}]}",absent,fastboot,23.5,21.8,List of devices attached,1384e684               fastboot
2026-09-28T11:30:10.249+00:00,2026-09-28T11:30:10.295+00:00,307.430,present,3139.5,"{""state"":""present"",""devices"":[{""Status"":""OK"",""Class"":""AndroidUsbDeviceClass"",""FriendlyName"":""Android Bootloader Interface"",""InstanceId"":""USB\\VID_18D1&PID_D00D\\1384E684""}]}",absent,fastboot,24.3,21.6,List of devices attached,1384e684               fastboot
2026-09-28T11:30:11.249+00:00,2026-09-28T11:30:11.297+00:00,308.433,present,3021.6,"{""state"":""present"",""devices"":[{""Status"":""OK"",""Class"":""AndroidUsbDeviceClass"",""FriendlyName"":""Android Bootloader Interface"",""InstanceId"":""USB\\VID_18D1&PID_D00D\\1384E684""}]}",absent,fastboot,25.7,22.1,List of devices attached,1384e684               fastboot
2026-09-28T11:30:12.250+00:00,2026-09-28T11:30:12.310+00:00,309.445,present,3021.6,"{""state"":""present"",""devices"":[{""Status"":""OK"",""Class"":""AndroidUsbDeviceClass"",""FriendlyName"":""Android Bootloader Interface"",""InstanceId"":""USB\\VID_18D1&PID_D00D\\1384E684""}]}",absent,fastboot,37.1,23.0,List of devices attached,1384e684               fastboot
2026-09-28T11:30:13.250+00:00,2026-09-28T11:30:13.306+00:00,310.442,present,3021.6,"{""state"":""present"",""devices"":[{""Status"":""OK"",""Class"":""AndroidUsbDeviceClass"",""FriendlyName"":""Android Bootloader Interface"",""InstanceId"":""USB\\VID_18D1&PID_D00D\\1384E684""}]}",absent,fastboot,34.2,22.0,List of devices attached | emulator-5568          offline transport_id:219,1384e684               fastboot
2026-09-28T11:30:14.251+00:00,2026-09-28T11:30:14.296+00:00,311.431,present,3021.6,"{""state"":""present"",""devices"":[{""Status"":""OK"",""Class"":""AndroidUsbDeviceClass"",""FriendlyName"":""Android Bootloader Interface"",""InstanceId"":""USB\\VID_18D1&PID_D00D\\1384E684""}]}",absent,fastboot,24.1,21.1,List of devices attached,1384e684               fastboot
2026-09-28T11:30:15.251+00:00,2026-09-28T11:30:15.297+00:00,312.432,present,3042.6,"{""state"":""present"",""devices"":[{""Status"":""OK"",""Class"":""AndroidUsbDeviceClass"",""FriendlyName"":""Android Bootloader Interface"",""InstanceId"":""USB\\VID_18D1&PID_D00D\\1384E684""}]}",absent,fastboot,24.1,21.6,List of devices attached,1384e684               fastboot
2026-09-28T11:30:16.251+00:00,2026-09-28T11:30:16.313+00:00,313.449,present,3042.6,"{""state"":""present"",""devices"":[{""Status"":""OK"",""Class"":""AndroidUsbDeviceClass"",""FriendlyName"":""Android Bootloader Interface"",""InstanceId"":""USB\\VID_18D1&PID_D00D\\1384E684""}]}",absent,fastboot,38.8,23.2,List of devices attached,1384e684               fastboot
2026-09-28T11:30:17.252+00:00,2026-09-28T11:30:17.297+00:00,314.433,present,3042.6,"{""state"":""present"",""devices"":[{""Status"":""OK"",""Class"":""AndroidUsbDeviceClass"",""FriendlyName"":""Android Bootloader Interface"",""InstanceId"":""USB\\VID_18D1&PID_D00D\\1384E684""}]}",absent,fastboot,24.3,21.1,List of devices attached,1384e684               fastboot
2026-09-28T11:30:18.252+00:00,2026-09-28T11:30:18.296+00:00,315.431,present,3042.6,"{""state"":""present"",""devices"":[{""Status"":""OK"",""Class"":""AndroidUsbDeviceClass"",""FriendlyName"":""Android Bootloader Interface"",""InstanceId"":""USB\\VID_18D1&PID_D00D\\1384E684""}]}",absent,fastboot,23.4,20.3,List of devices attached | emulator-5568          offline transport_id:223,1384e684               fastboot
2026-09-28T11:30:19.252+00:00,2026-09-28T11:30:19.298+00:00,316.433,present,3009.7,"{""state"":""present"",""devices"":[{""Status"":""OK"",""Class"":""AndroidUsbDeviceClass"",""FriendlyName"":""Android Bootloader Interface"",""InstanceId"":""USB\\VID_18D1&PID_D00D\\1384E684""}]}",absent,fastboot,23.8,22.0,List of devices attached,1384e684               fastboot
2026-09-28T11:30:20.252+00:00,2026-09-28T11:30:20.300+00:00,317.435,present,3009.7,"{""state"":""present"",""devices"":[{""Status"":""OK"",""Class"":""AndroidUsbDeviceClass"",""FriendlyName"":""Android Bootloader Interface"",""InstanceId"":""USB\\VID_18D1&PID_D00D\\1384E684""}]}",absent,fastboot,25.2,22.1,List of devices attached,1384e684               fastboot
2026-09-28T11:30:21.253+00:00,2026-09-28T11:30:21.310+00:00,318.445,present,3009.7,"{""state"":""present"",""devices"":[{""Status"":""OK"",""Class"":""AndroidUsbDeviceClass"",""FriendlyName"":""Android Bootloader Interface"",""InstanceId"":""USB\\VID_18D1&PID_D00D\\1384E684""}]}",absent,fastboot,34.6,22.5,List of devices attached,1384e684               fastboot
2026-09-28T11:30:22.253+00:00,2026-09-28T11:30:22.297+00:00,319.432,present,3009.7,"{""state"":""present"",""devices"":[{""Status"":""OK"",""Class"":""AndroidUsbDeviceClass"",""FriendlyName"":""Android Bootloader Interface"",""InstanceId"":""USB\\VID_18D1&PID_D00D\\1384E684""}]}",absent,fastboot,23.5,20.7,List of devices attached | emulator-5568          offline transport_id:226,1384e684               fastboot
2026-09-28T11:30:23.253+00:00,2026-09-28T11:30:23.298+00:00,320.434,present,3147.5,"{""state"":""present"",""devices"":[{""Status"":""OK"",""Class"":""AndroidUsbDeviceClass"",""FriendlyName"":""Android Bootloader Interface"",""InstanceId"":""USB\\VID_18D1&PID_D00D\\1384E684""}]}",absent,fastboot,24.6,20.8,List of devices attached,1384e684               fastboot
2026-09-28T11:30:24.253+00:00,2026-09-28T11:30:24.299+00:00,321.434,present,3147.5,"{""state"":""present"",""devices"":[{""Status"":""OK"",""Class"":""AndroidUsbDeviceClass"",""FriendlyName"":""Android Bootloader Interface"",""InstanceId"":""USB\\VID_18D1&PID_D00D\\1384E684""}]}",absent,fastboot,24.7,20.7,List of devices attached,1384e684               fastboot
2026-09-28T11:30:25.253+00:00,2026-09-28T11:30:25.305+00:00,322.440,present,3147.5,"{""state"":""present"",""devices"":[{""Status"":""OK"",""Class"":""AndroidUsbDeviceClass"",""FriendlyName"":""Android Bootloader Interface"",""InstanceId"":""USB\\VID_18D1&PID_D00D\\1384E684""}]}",absent,fastboot,30.2,21.3,List of devices attached,1384e684               fastboot
2026-09-28T11:30:26.254+00:00,2026-09-28T11:30:26.305+00:00,323.440,present,3147.5,"{""state"":""present"",""devices"":[{""Status"":""OK"",""Class"":""AndroidUsbDeviceClass"",""FriendlyName"":""Android Bootloader Interface"",""InstanceId"":""USB\\VID_18D1&PID_D00D\\1384E684""}]}",absent,fastboot,29.4,21.8,List of devices attached,1384e684               fastboot
2026-09-28T11:30:27.254+00:00,2026-09-28T11:30:27.302+00:00,324.438,present,3105.7,"{""state"":""present"",""devices"":[{""Status"":""OK"",""Class"":""AndroidUsbDeviceClass"",""FriendlyName"":""Android Bootloader Interface"",""InstanceId"":""USB\\VID_18D1&PID_D00D\\1384E684""}]}",absent,fastboot,24.6,23.1,List of devices attached | emulator-5568          offline transport_id:230,1384e684               fastboot
2026-09-28T11:30:28.255+00:00,2026-09-28T11:30:28.310+00:00,325.445,present,3105.7,"{""state"":""present"",""devices"":[{""Status"":""OK"",""Class"":""AndroidUsbDeviceClass"",""FriendlyName"":""Android Bootloader Interface"",""InstanceId"":""USB\\VID_18D1&PID_D00D\\1384E684""}]}",absent,fastboot,31.6,23.7,List of devices attached,1384e684               fastboot
2026-09-28T11:30:29.255+00:00,2026-09-28T11:30:29.304+00:00,326.439,present,3105.7,"{""state"":""present"",""devices"":[{""Status"":""OK"",""Class"":""AndroidUsbDeviceClass"",""FriendlyName"":""Android Bootloader Interface"",""InstanceId"":""USB\\VID_18D1&PID_D00D\\1384E684""}]}",absent,fastboot,25.7,22.9,List of devices attached,1384e684               fastboot
2026-09-28T11:30:30.255+00:00,2026-09-28T11:30:30.309+00:00,327.444,present,3105.7,"{""state"":""present"",""devices"":[{""Status"":""OK"",""Class"":""AndroidUsbDeviceClass"",""FriendlyName"":""Android Bootloader Interface"",""InstanceId"":""USB\\VID_18D1&PID_D00D\\1384E684""}]}",absent,fastboot,30.6,23.1,List of devices attached,1384e684               fastboot
2026-09-28T11:30:31.255+00:00,2026-09-28T11:30:31.302+00:00,328.437,present,3056.6,"{""state"":""present"",""devices"":[{""Status"":""OK"",""Class"":""AndroidUsbDeviceClass"",""FriendlyName"":""Android Bootloader Interface"",""InstanceId"":""USB\\VID_18D1&PID_D00D\\1384E684""}]}",absent,fastboot,24.3,22.3,List of devices attached,1384e684               fastboot
2026-09-28T11:30:32.256+00:00,2026-09-28T11:30:32.318+00:00,329.453,present,3056.6,"{""state"":""present"",""devices"":[{""Status"":""OK"",""Class"":""AndroidUsbDeviceClass"",""FriendlyName"":""Android Bootloader Interface"",""InstanceId"":""USB\\VID_18D1&PID_D00D\\1384E684""}]}",absent,fastboot,38.5,23.8,List of devices attached | emulator-5568          offline transport_id:234,1384e684               fastboot
2026-09-28T11:30:33.256+00:00,2026-09-28T11:30:33.301+00:00,330.436,present,3056.6,"{""state"":""present"",""devices"":[{""Status"":""OK"",""Class"":""AndroidUsbDeviceClass"",""FriendlyName"":""Android Bootloader Interface"",""InstanceId"":""USB\\VID_18D1&PID_D00D\\1384E684""}]}",absent,fastboot,23.9,21.1,List of devices attached,1384e684               fastboot
2026-09-28T11:30:34.256+00:00,2026-09-28T11:30:34.301+00:00,331.437,present,3056.6,"{""state"":""present"",""devices"":[{""Status"":""OK"",""Class"":""AndroidUsbDeviceClass"",""FriendlyName"":""Android Bootloader Interface"",""InstanceId"":""USB\\VID_18D1&PID_D00D\\1384E684""}]}",absent,fastboot,23.6,21.5,List of devices attached,1384e684               fastboot
2026-09-28T11:30:35.256+00:00,2026-09-28T11:30:35.306+00:00,332.441,present,3032.0,"{""state"":""present"",""devices"":[{""Status"":""OK"",""Class"":""AndroidUsbDeviceClass"",""FriendlyName"":""Android Bootloader Interface"",""InstanceId"":""USB\\VID_18D1&PID_D00D\\1384E684""}]}",absent,fastboot,25.4,23.9,List of devices attached,1384e684               fastboot
2026-09-28T11:30:36.257+00:00,2026-09-28T11:30:36.308+00:00,333.443,present,3032.0,"{""state"":""present"",""devices"":[{""Status"":""OK"",""Class"":""AndroidUsbDeviceClass"",""FriendlyName"":""Android Bootloader Interface"",""InstanceId"":""USB\\VID_18D1&PID_D00D\\1384E684""}]}",absent,fastboot,26.7,24.0,List of devices attached | emulator-5568          offline transport_id:237,1384e684               fastboot
2026-09-28T11:30:37.257+00:00,2026-09-28T11:30:37.301+00:00,334.436,present,3032.0,"{""state"":""present"",""devices"":[{""Status"":""OK"",""Class"":""AndroidUsbDeviceClass"",""FriendlyName"":""Android Bootloader Interface"",""InstanceId"":""USB\\VID_18D1&PID_D00D\\1384E684""}]}",absent,fastboot,23.1,20.6,List of devices attached,1384e684               fastboot
2026-09-28T11:30:38.258+00:00,2026-09-28T11:30:38.305+00:00,335.441,present,3032.0,"{""state"":""present"",""devices"":[{""Status"":""OK"",""Class"":""AndroidUsbDeviceClass"",""FriendlyName"":""Android Bootloader Interface"",""InstanceId"":""USB\\VID_18D1&PID_D00D\\1384E684""}]}",absent,fastboot,25.2,22.5,List of devices attached,1384e684               fastboot
2026-09-28T11:30:39.258+00:00,2026-09-28T11:30:39.315+00:00,336.450,present,3074.2,"{""state"":""present"",""devices"":[{""Status"":""OK"",""Class"":""AndroidUsbDeviceClass"",""FriendlyName"":""Android Bootloader Interface"",""InstanceId"":""USB\\VID_18D1&PID_D00D\\1384E684""}]}",absent,fastboot,32.9,23.6,List of devices attached,1384e684               fastboot
2026-09-28T11:30:40.258+00:00,2026-09-28T11:30:40.304+00:00,337.439,present,3074.2,"{""state"":""present"",""devices"":[{""Status"":""OK"",""Class"":""AndroidUsbDeviceClass"",""FriendlyName"":""Android Bootloader Interface"",""InstanceId"":""USB\\VID_18D1&PID_D00D\\1384E684""}]}",absent,fastboot,23.3,22.1,List of devices attached,1384e684               fastboot
2026-09-28T11:30:41.258+00:00,2026-09-28T11:30:41.304+00:00,338.439,present,3074.2,"{""state"":""present"",""devices"":[{""Status"":""OK"",""Class"":""AndroidUsbDeviceClass"",""FriendlyName"":""Android Bootloader Interface"",""InstanceId"":""USB\\VID_18D1&PID_D00D\\1384E684""}]}",absent,fastboot,24.0,21.4,List of devices attached | emulator-5568          offline transport_id:241,1384e684               fastboot
2026-09-28T11:30:42.259+00:00,2026-09-28T11:30:42.305+00:00,339.441,present,3074.2,"{""state"":""present"",""devices"":[{""Status"":""OK"",""Class"":""AndroidUsbDeviceClass"",""FriendlyName"":""Android Bootloader Interface"",""InstanceId"":""USB\\VID_18D1&PID_D00D\\1384E684""}]}",absent,fastboot,24.6,21.7,List of devices attached,1384e684               fastboot
2026-09-28T11:30:43.259+00:00,2026-09-28T11:30:43.305+00:00,340.441,present,3080.5,"{""state"":""present"",""devices"":[{""Status"":""OK"",""Class"":""AndroidUsbDeviceClass"",""FriendlyName"":""Android Bootloader Interface"",""InstanceId"":""USB\\VID_18D1&PID_D00D\\1384E684""}]}",absent,fastboot,23.4,22.6,List of devices attached,1384e684               fastboot
2026-09-28T11:30:44.260+00:00,2026-09-28T11:30:44.310+00:00,341.446,present,3080.5,"{""state"":""present"",""devices"":[{""Status"":""OK"",""Class"":""AndroidUsbDeviceClass"",""FriendlyName"":""Android Bootloader Interface"",""InstanceId"":""USB\\VID_18D1&PID_D00D\\1384E684""}]}",absent,fastboot,25.0,25.8,List of devices attached,1384e684               fastboot
2026-09-28T11:30:45.260+00:00,2026-09-28T11:30:45.309+00:00,342.444,present,3080.5,"{""state"":""present"",""devices"":[{""Status"":""OK"",""Class"":""AndroidUsbDeviceClass"",""FriendlyName"":""Android Bootloader Interface"",""InstanceId"":""USB\\VID_18D1&PID_D00D\\1384E684""}]}",absent,fastboot,28.0,21.0,List of devices attached,1384e684               fastboot
2026-09-28T11:30:46.260+00:00,2026-09-28T11:30:46.306+00:00,343.442,present,3080.5,"{""state"":""present"",""devices"":[{""Status"":""OK"",""Class"":""AndroidUsbDeviceClass"",""FriendlyName"":""Android Bootloader Interface"",""InstanceId"":""USB\\VID_18D1&PID_D00D\\1384E684""}]}",absent,fastboot,24.0,22.2,List of devices attached | emulator-5568          offline transport_id:245,1384e684               fastboot
2026-09-28T11:30:47.260+00:00,2026-09-28T11:30:47.308+00:00,344.444,present,3102.0,"{""state"":""present"",""devices"":[{""Status"":""OK"",""Class"":""AndroidUsbDeviceClass"",""FriendlyName"":""Android Bootloader Interface"",""InstanceId"":""USB\\VID_18D1&PID_D00D\\1384E684""}]}",absent,fastboot,25.7,22.3,List of devices attached,1384e684               fastboot
2026-09-28T11:30:48.260+00:00,2026-09-28T11:30:48.306+00:00,345.442,present,3102.0,"{""state"":""present"",""devices"":[{""Status"":""OK"",""Class"":""AndroidUsbDeviceClass"",""FriendlyName"":""Android Bootloader Interface"",""InstanceId"":""USB\\VID_18D1&PID_D00D\\1384E684""}]}",absent,fastboot,24.8,21.3,List of devices attached,1384e684               fastboot
2026-09-28T11:30:49.261+00:00,2026-09-28T11:30:49.317+00:00,346.453,present,3102.0,"{""state"":""present"",""devices"":[{""Status"":""OK"",""Class"":""AndroidUsbDeviceClass"",""FriendlyName"":""Android Bootloader Interface"",""InstanceId"":""USB\\VID_18D1&PID_D00D\\1384E684""}]}",absent,fastboot,23.1,33.7,List of devices attached,1384e684               fastboot
2026-09-28T11:30:50.261+00:00,2026-09-28T11:30:50.308+00:00,347.443,present,3102.0,"{""state"":""present"",""devices"":[{""Status"":""OK"",""Class"":""AndroidUsbDeviceClass"",""FriendlyName"":""Android Bootloader Interface"",""InstanceId"":""USB\\VID_18D1&PID_D00D\\1384E684""}]}",absent,fastboot,24.4,22.4,List of devices attached | emulator-5568          offline transport_id:248,1384e684               fastboot
2026-09-28T11:30:51.261+00:00,2026-09-28T11:30:51.316+00:00,348.452,present,3039.6,"{""state"":""present"",""devices"":[{""Status"":""OK"",""Class"":""AndroidUsbDeviceClass"",""FriendlyName"":""Android Bootloader Interface"",""InstanceId"":""USB\\VID_18D1&PID_D00D\\1384E684""}]}",absent,fastboot,32.9,22.0,List of devices attached,1384e684               fastboot
2026-09-28T11:30:52.262+00:00,2026-09-28T11:30:52.318+00:00,349.453,present,3039.6,"{""state"":""present"",""devices"":[{""Status"":""OK"",""Class"":""AndroidUsbDeviceClass"",""FriendlyName"":""Android Bootloader Interface"",""InstanceId"":""USB\\VID_18D1&PID_D00D\\1384E684""}]}",absent,fastboot,24.8,31.3,List of devices attached,1384e684               fastboot
2026-09-28T11:30:53.262+00:00,2026-09-28T11:30:53.308+00:00,350.443,present,3039.6,"{""state"":""present"",""devices"":[{""Status"":""OK"",""Class"":""AndroidUsbDeviceClass"",""FriendlyName"":""Android Bootloader Interface"",""InstanceId"":""USB\\VID_18D1&PID_D00D\\1384E684""}]}",absent,fastboot,24.7,20.7,List of devices attached,1384e684               fastboot
2026-09-28T11:30:54.262+00:00,2026-09-28T11:30:54.333+00:00,351.468,present,3039.6,"{""state"":""present"",""devices"":[{""Status"":""OK"",""Class"":""AndroidUsbDeviceClass"",""FriendlyName"":""Android Bootloader Interface"",""InstanceId"":""USB\\VID_18D1&PID_D00D\\1384E684""}]}",absent,fastboot,23.9,46.4,List of devices attached,1384e684               fastboot
2026-09-28T11:30:55.263+00:00,2026-09-28T11:30:55.308+00:00,352.444,present,3145.9,"{""state"":""present"",""devices"":[{""Status"":""OK"",""Class"":""AndroidUsbDeviceClass"",""FriendlyName"":""Android Bootloader Interface"",""InstanceId"":""USB\\VID_18D1&PID_D00D\\1384E684""}]}",absent,fastboot,23.9,21.7,List of devices attached | emulator-5568          offline transport_id:252,1384e684               fastboot
2026-09-28T11:30:56.263+00:00,2026-09-28T11:30:56.309+00:00,353.444,present,3145.9,"{""state"":""present"",""devices"":[{""Status"":""OK"",""Class"":""AndroidUsbDeviceClass"",""FriendlyName"":""Android Bootloader Interface"",""InstanceId"":""USB\\VID_18D1&PID_D00D\\1384E684""}]}",absent,fastboot,22.4,23.4,List of devices attached,1384e684               fastboot
2026-09-28T11:30:57.263+00:00,2026-09-28T11:30:57.310+00:00,354.445,present,3145.9,"{""state"":""present"",""devices"":[{""Status"":""OK"",""Class"":""AndroidUsbDeviceClass"",""FriendlyName"":""Android Bootloader Interface"",""InstanceId"":""USB\\VID_18D1&PID_D00D\\1384E684""}]}",absent,fastboot,24.2,22.5,List of devices attached,1384e684               fastboot
2026-09-28T11:30:58.263+00:00,2026-09-28T11:30:58.323+00:00,355.459,present,3145.9,"{""state"":""present"",""devices"":[{""Status"":""OK"",""Class"":""AndroidUsbDeviceClass"",""FriendlyName"":""Android Bootloader Interface"",""InstanceId"":""USB\\VID_18D1&PID_D00D\\1384E684""}]}",absent,fastboot,24.5,35.5,List of devices attached,1384e684               fastboot
2026-09-28T11:30:59.264+00:00,2026-09-28T11:30:59.322+00:00,356.458,present,3072.7,"{""state"":""present"",""devices"":[{""Status"":""OK"",""Class"":""AndroidUsbDeviceClass"",""FriendlyName"":""Android Bootloader Interface"",""InstanceId"":""USB\\VID_18D1&PID_D00D\\1384E684""}]}",absent,fastboot,22.8,35.6,List of devices attached,1384e684               fastboot
2026-09-28T11:31:00.264+00:00,2026-09-28T11:31:00.310+00:00,357.446,present,3072.7,"{""state"":""present"",""devices"":[{""Status"":""OK"",""Class"":""AndroidUsbDeviceClass"",""FriendlyName"":""Android Bootloader Interface"",""InstanceId"":""USB\\VID_18D1&PID_D00D\\1384E684""}]}",absent,fastboot,23.7,22.3,List of devices attached | emulator-5568          offline transport_id:256,1384e684               fastboot
2026-09-28T11:31:01.265+00:00,2026-09-28T11:31:01.309+00:00,358.444,present,3072.7,"{""state"":""present"",""devices"":[{""Status"":""OK"",""Class"":""AndroidUsbDeviceClass"",""FriendlyName"":""Android Bootloader Interface"",""InstanceId"":""USB\\VID_18D1&PID_D00D\\1384E684""}]}",absent,fastboot,22.5,21.8,List of devices attached,1384e684               fastboot
2026-09-28T11:31:02.265+00:00,2026-09-28T11:31:02.316+00:00,359.452,present,3072.7,"{""state"":""present"",""devices"":[{""Status"":""OK"",""Class"":""AndroidUsbDeviceClass"",""FriendlyName"":""Android Bootloader Interface"",""InstanceId"":""USB\\VID_18D1&PID_D00D\\1384E684""}]}",absent,fastboot,29.3,22.1,List of devices attached,1384e684               fastboot
2026-09-28T11:31:03.265+00:00,2026-09-28T11:31:03.313+00:00,360.449,present,3041.9,"{""state"":""present"",""devices"":[{""Status"":""OK"",""Class"":""AndroidUsbDeviceClass"",""FriendlyName"":""Android Bootloader Interface"",""InstanceId"":""USB\\VID_18D1&PID_D00D\\1384E684""}]}",absent,fastboot,24.9,22.9,List of devices attached,1384e684               fastboot
2026-09-28T11:31:04.266+00:00,2026-09-28T11:31:04.323+00:00,361.458,present,3041.9,"{""state"":""present"",""devices"":[{""Status"":""OK"",""Class"":""AndroidUsbDeviceClass"",""FriendlyName"":""Android Bootloader Interface"",""InstanceId"":""USB\\VID_18D1&PID_D00D\\1384E684""}]}",absent,fastboot,24.4,32.7,List of devices attached | emulator-5568          offline transport_id:259,1384e684               fastboot
2026-09-28T11:31:05.266+00:00,2026-09-28T11:31:05.312+00:00,362.448,present,3041.9,"{""state"":""present"",""devices"":[{""Status"":""OK"",""Class"":""AndroidUsbDeviceClass"",""FriendlyName"":""Android Bootloader Interface"",""InstanceId"":""USB\\VID_18D1&PID_D00D\\1384E684""}]}",absent,fastboot,24.7,21.5,List of devices attached,1384e684               fastboot
2026-09-28T11:31:06.267+00:00,2026-09-28T11:31:06.314+00:00,363.450,present,3041.9,"{""state"":""present"",""devices"":[{""Status"":""OK"",""Class"":""AndroidUsbDeviceClass"",""FriendlyName"":""Android Bootloader Interface"",""InstanceId"":""USB\\VID_18D1&PID_D00D\\1384E684""}]}",absent,fastboot,25.6,22.1,List of devices attached,1384e684               fastboot
2026-09-28T11:31:07.267+00:00,2026-09-28T11:31:07.314+00:00,364.449,present,3112.7,"{""state"":""present"",""devices"":[{""Status"":""OK"",""Class"":""AndroidUsbDeviceClass"",""FriendlyName"":""Android Bootloader Interface"",""InstanceId"":""USB\\VID_18D1&PID_D00D\\1384E684""}]}",absent,fastboot,24.9,22.1,List of devices attached,1384e684               fastboot
2026-09-28T11:31:08.267+00:00,2026-09-28T11:31:08.315+00:00,365.451,present,3112.7,"{""state"":""present"",""devices"":[{""Status"":""OK"",""Class"":""AndroidUsbDeviceClass"",""FriendlyName"":""Android Bootloader Interface"",""InstanceId"":""USB\\VID_18D1&PID_D00D\\1384E684""}]}",absent,fastboot,24.5,23.6,List of devices attached,1384e684               fastboot
2026-09-28T11:31:09.267+00:00,2026-09-28T11:31:09.315+00:00,366.450,present,3112.7,"{""state"":""present"",""devices"":[{""Status"":""OK"",""Class"":""AndroidUsbDeviceClass"",""FriendlyName"":""Android Bootloader Interface"",""InstanceId"":""USB\\VID_18D1&PID_D00D\\1384E684""}]}",absent,fastboot,23.2,24.1,List of devices attached | emulator-5568          offline transport_id:263,1384e684               fastboot
2026-09-28T11:31:10.267+00:00,2026-09-28T11:31:10.333+00:00,367.468,present,3112.7,"{""state"":""present"",""devices"":[{""Status"":""OK"",""Class"":""AndroidUsbDeviceClass"",""FriendlyName"":""Android Bootloader Interface"",""InstanceId"":""USB\\VID_18D1&PID_D00D\\1384E684""}]}",absent,fastboot,24.7,40.5,List of devices attached,1384e684               fastboot
2026-09-28T11:31:11.268+00:00,2026-09-28T11:31:11.313+00:00,368.449,present,3033.7,"{""state"":""present"",""devices"":[{""Status"":""OK"",""Class"":""AndroidUsbDeviceClass"",""FriendlyName"":""Android Bootloader Interface"",""InstanceId"":""USB\\VID_18D1&PID_D00D\\1384E684""}]}",absent,fastboot,23.6,22.0,List of devices attached,1384e684               fastboot
2026-09-28T11:31:12.268+00:00,2026-09-28T11:31:12.333+00:00,369.468,present,3033.7,"{""state"":""present"",""devices"":[{""Status"":""OK"",""Class"":""AndroidUsbDeviceClass"",""FriendlyName"":""Android Bootloader Interface"",""InstanceId"":""USB\\VID_18D1&PID_D00D\\1384E684""}]}",absent,fastboot,23.7,41.0,List of devices attached,1384e684               fastboot
2026-09-28T11:31:13.269+00:00,2026-09-28T11:31:13.316+00:00,370.451,present,3033.7,"{""state"":""present"",""devices"":[{""Status"":""OK"",""Class"":""AndroidUsbDeviceClass"",""FriendlyName"":""Android Bootloader Interface"",""InstanceId"":""USB\\VID_18D1&PID_D00D\\1384E684""}]}",absent,fastboot,24.1,23.0,List of devices attached,1384e684               fastboot
2026-09-28T11:31:14.269+00:00,2026-09-28T11:31:14.315+00:00,371.450,present,2983.5,"{""state"":""present"",""devices"":[{""Status"":""OK"",""Class"":""AndroidUsbDeviceClass"",""FriendlyName"":""Android Bootloader Interface"",""InstanceId"":""USB\\VID_18D1&PID_D00D\\1384E684""}]}",absent,fastboot,22.9,22.7,List of devices attached | emulator-5568          offline transport_id:267,1384e684               fastboot
2026-09-28T11:31:15.269+00:00,2026-09-28T11:31:15.315+00:00,372.450,present,2983.5,"{""state"":""present"",""devices"":[{""Status"":""OK"",""Class"":""AndroidUsbDeviceClass"",""FriendlyName"":""Android Bootloader Interface"",""InstanceId"":""USB\\VID_18D1&PID_D00D\\1384E684""}]}",absent,fastboot,23.7,22.0,List of devices attached,1384e684               fastboot
2026-09-28T11:31:16.270+00:00,2026-09-28T11:31:16.324+00:00,373.459,present,2983.5,"{""state"":""present"",""devices"":[{""Status"":""OK"",""Class"":""AndroidUsbDeviceClass"",""FriendlyName"":""Android Bootloader Interface"",""InstanceId"":""USB\\VID_18D1&PID_D00D\\1384E684""}]}",absent,fastboot,25.0,28.7,List of devices attached,1384e684               fastboot
2026-09-28T11:31:17.270+00:00,2026-09-28T11:31:17.317+00:00,374.452,present,2983.5,"{""state"":""present"",""devices"":[{""Status"":""OK"",""Class"":""AndroidUsbDeviceClass"",""FriendlyName"":""Android Bootloader Interface"",""InstanceId"":""USB\\VID_18D1&PID_D00D\\1384E684""}]}",absent,fastboot,23.7,22.4,List of devices attached,1384e684               fastboot
2026-09-28T11:31:18.271+00:00,2026-09-28T11:31:18.318+00:00,375.453,present,3044.3,"{""state"":""present"",""devices"":[{""Status"":""OK"",""Class"":""AndroidUsbDeviceClass"",""FriendlyName"":""Android Bootloader Interface"",""InstanceId"":""USB\\VID_18D1&PID_D00D\\1384E684""}]}",absent,fastboot,24.1,22.9,List of devices attached | emulator-5568          offline transport_id:270,1384e684               fastboot
2026-09-28T11:31:19.271+00:00,2026-09-28T11:31:19.317+00:00,376.453,present,3044.3,"{""state"":""present"",""devices"":[{""Status"":""OK"",""Class"":""AndroidUsbDeviceClass"",""FriendlyName"":""Android Bootloader Interface"",""InstanceId"":""USB\\VID_18D1&PID_D00D\\1384E684""}]}",absent,fastboot,24.3,22.0,List of devices attached,1384e684               fastboot
2026-09-28T11:31:20.271+00:00,2026-09-28T11:31:20.321+00:00,377.457,present,3044.3,"{""state"":""present"",""devices"":[{""Status"":""OK"",""Class"":""AndroidUsbDeviceClass"",""FriendlyName"":""Android Bootloader Interface"",""InstanceId"":""USB\\VID_18D1&PID_D00D\\1384E684""}]}",absent,fastboot,27.7,22.3,List of devices attached,1384e684               fastboot
2026-09-28T11:31:21.272+00:00,2026-09-28T11:31:21.316+00:00,378.452,present,3044.3,"{""state"":""present"",""devices"":[{""Status"":""OK"",""Class"":""AndroidUsbDeviceClass"",""FriendlyName"":""Android Bootloader Interface"",""InstanceId"":""USB\\VID_18D1&PID_D00D\\1384E684""}]}",absent,fastboot,22.6,22.1,List of devices attached,1384e684               fastboot
2026-09-28T11:31:22.272+00:00,2026-09-28T11:31:22.323+00:00,379.458,present,3052.3,"{""state"":""present"",""devices"":[{""Status"":""OK"",""Class"":""AndroidUsbDeviceClass"",""FriendlyName"":""Android Bootloader Interface"",""InstanceId"":""USB\\VID_18D1&PID_D00D\\1384E684""}]}",absent,fastboot,22.8,28.1,List of devices attached,1384e684               fastboot
2026-09-28T11:31:23.272+00:00,2026-09-28T11:31:23.319+00:00,380.455,present,3052.3,"{""state"":""present"",""devices"":[{""Status"":""OK"",""Class"":""AndroidUsbDeviceClass"",""FriendlyName"":""Android Bootloader Interface"",""InstanceId"":""USB\\VID_18D1&PID_D00D\\1384E684""}]}",absent,fastboot,24.5,22.4,List of devices attached | emulator-5568          offline transport_id:274,1384e684               fastboot
2026-09-28T11:31:24.273+00:00,2026-09-28T11:31:24.318+00:00,381.453,present,3052.3,"{""state"":""present"",""devices"":[{""Status"":""OK"",""Class"":""AndroidUsbDeviceClass"",""FriendlyName"":""Android Bootloader Interface"",""InstanceId"":""USB\\VID_18D1&PID_D00D\\1384E684""}]}",absent,fastboot,22.2,23.1,List of devices attached,1384e684               fastboot
2026-09-28T11:31:25.273+00:00,2026-09-28T11:31:25.319+00:00,382.454,present,3052.3,"{""state"":""present"",""devices"":[{""Status"":""OK"",""Class"":""AndroidUsbDeviceClass"",""FriendlyName"":""Android Bootloader Interface"",""InstanceId"":""USB\\VID_18D1&PID_D00D\\1384E684""}]}",absent,fastboot,24.2,21.7,List of devices attached,1384e684               fastboot
2026-09-28T11:31:26.273+00:00,2026-09-28T11:31:26.322+00:00,383.458,present,3041.1,"{""state"":""present"",""devices"":[{""Status"":""OK"",""Class"":""AndroidUsbDeviceClass"",""FriendlyName"":""Android Bootloader Interface"",""InstanceId"":""USB\\VID_18D1&PID_D00D\\1384E684""}]}",absent,fastboot,23.2,25.8,List of devices attached,1384e684               fastboot
2026-09-28T11:31:27.274+00:00,2026-09-28T11:31:27.319+00:00,384.454,present,3041.1,"{""state"":""present"",""devices"":[{""Status"":""OK"",""Class"":""AndroidUsbDeviceClass"",""FriendlyName"":""Android Bootloader Interface"",""InstanceId"":""USB\\VID_18D1&PID_D00D\\1384E684""}]}",absent,fastboot,23.5,21.3,List of devices attached,1384e684               fastboot
2026-09-28T11:31:28.274+00:00,2026-09-28T11:31:28.319+00:00,385.454,present,3041.1,"{""state"":""present"",""devices"":[{""Status"":""OK"",""Class"":""AndroidUsbDeviceClass"",""FriendlyName"":""Android Bootloader Interface"",""InstanceId"":""USB\\VID_18D1&PID_D00D\\1384E684""}]}",absent,fastboot,22.8,22.0,List of devices attached | emulator-5568          offline transport_id:278,1384e684               fastboot
2026-09-28T11:31:29.274+00:00,2026-09-28T11:31:29.324+00:00,386.460,present,3041.1,"{""state"":""present"",""devices"":[{""Status"":""OK"",""Class"":""AndroidUsbDeviceClass"",""FriendlyName"":""Android Bootloader Interface"",""InstanceId"":""USB\\VID_18D1&PID_D00D\\1384E684""}]}",absent,fastboot,26.6,23.1,List of devices attached,1384e684               fastboot
2026-09-28T11:31:30.275+00:00,2026-09-28T11:31:30.320+00:00,387.455,present,3035.0,"{""state"":""present"",""devices"":[{""Status"":""OK"",""Class"":""AndroidUsbDeviceClass"",""FriendlyName"":""Android Bootloader Interface"",""InstanceId"":""USB\\VID_18D1&PID_D00D\\1384E684""}]}",absent,fastboot,23.0,21.9,List of devices attached,1384e684               fastboot
2026-09-28T11:31:31.275+00:00,2026-09-28T11:31:31.320+00:00,388.455,present,3035.0,"{""state"":""present"",""devices"":[{""Status"":""OK"",""Class"":""AndroidUsbDeviceClass"",""FriendlyName"":""Android Bootloader Interface"",""InstanceId"":""USB\\VID_18D1&PID_D00D\\1384E684""}]}",absent,fastboot,23.5,21.8,List of devices attached,1384e684               fastboot
2026-09-28T11:31:32.275+00:00,2026-09-28T11:31:32.322+00:00,389.457,present,3035.0,"{""state"":""present"",""devices"":[{""Status"":""OK"",""Class"":""AndroidUsbDeviceClass"",""FriendlyName"":""Android Bootloader Interface"",""InstanceId"":""USB\\VID_18D1&PID_D00D\\1384E684""}]}",absent,fastboot,23.9,22.8,List of devices attached | emulator-5568          offline transport_id:281,1384e684               fastboot
2026-09-28T11:31:33.275+00:00,2026-09-28T11:31:33.322+00:00,390.457,present,3035.0,"{""state"":""present"",""devices"":[{""Status"":""OK"",""Class"":""AndroidUsbDeviceClass"",""FriendlyName"":""Android Bootloader Interface"",""InstanceId"":""USB\\VID_18D1&PID_D00D\\1384E684""}]}",absent,fastboot,24.0,22.4,List of devices attached,1384e684               fastboot
2026-09-28T11:31:34.275+00:00,2026-09-28T11:31:34.326+00:00,391.462,present,3097.8,"{""state"":""present"",""devices"":[{""Status"":""OK"",""Class"":""AndroidUsbDeviceClass"",""FriendlyName"":""Android Bootloader Interface"",""InstanceId"":""USB\\VID_18D1&PID_D00D\\1384E684""}]}",absent,fastboot,28.8,21.8,List of devices attached,1384e684               fastboot
2026-09-28T11:31:35.276+00:00,2026-09-28T11:31:35.326+00:00,392.461,present,3097.8,"{""state"":""present"",""devices"":[{""Status"":""OK"",""Class"":""AndroidUsbDeviceClass"",""FriendlyName"":""Android Bootloader Interface"",""InstanceId"":""USB\\VID_18D1&PID_D00D\\1384E684""}]}",absent,fastboot,24.4,25.8,List of devices attached,1384e684               fastboot
2026-09-28T11:31:36.276+00:00,2026-09-28T11:31:36.332+00:00,393.468,present,3097.8,"{""state"":""present"",""devices"":[{""Status"":""OK"",""Class"":""AndroidUsbDeviceClass"",""FriendlyName"":""Android Bootloader Interface"",""InstanceId"":""USB\\VID_18D1&PID_D00D\\1384E684""}]}",absent,fastboot,24.6,31.3,List of devices attached,1384e684               fastboot
2026-09-28T11:31:37.277+00:00,2026-09-28T11:31:37.322+00:00,394.458,present,3097.8,"{""state"":""present"",""devices"":[{""Status"":""OK"",""Class"":""AndroidUsbDeviceClass"",""FriendlyName"":""Android Bootloader Interface"",""InstanceId"":""USB\\VID_18D1&PID_D00D\\1384E684""}]}",absent,fastboot,23.9,21.6,List of devices attached | emulator-5568          offline transport_id:285,1384e684               fastboot
2026-09-28T11:31:38.277+00:00,2026-09-28T11:31:38.324+00:00,395.459,present,3074.7,"{""state"":""present"",""devices"":[{""Status"":""OK"",""Class"":""AndroidUsbDeviceClass"",""FriendlyName"":""Android Bootloader Interface"",""InstanceId"":""USB\\VID_18D1&PID_D00D\\1384E684""}]}",absent,fastboot,24.6,22.2,List of devices attached,1384e684               fastboot
2026-09-28T11:31:39.277+00:00,2026-09-28T11:31:39.332+00:00,396.468,present,3074.7,"{""state"":""present"",""devices"":[{""Status"":""OK"",""Class"":""AndroidUsbDeviceClass"",""FriendlyName"":""Android Bootloader Interface"",""InstanceId"":""USB\\VID_18D1&PID_D00D\\1384E684""}]}",absent,fastboot,24.1,30.9,List of devices attached,1384e684               fastboot
2026-09-28T11:31:40.277+00:00,2026-09-28T11:31:40.322+00:00,397.457,present,3074.7,"{""state"":""present"",""devices"":[{""Status"":""OK"",""Class"":""AndroidUsbDeviceClass"",""FriendlyName"":""Android Bootloader Interface"",""InstanceId"":""USB\\VID_18D1&PID_D00D\\1384E684""}]}",absent,fastboot,23.8,20.6,List of devices attached,1384e684               fastboot
2026-09-28T11:31:41.278+00:00,2026-09-28T11:31:41.323+00:00,398.458,present,3074.7,"{""state"":""present"",""devices"":[{""Status"":""OK"",""Class"":""AndroidUsbDeviceClass"",""FriendlyName"":""Android Bootloader Interface"",""InstanceId"":""USB\\VID_18D1&PID_D00D\\1384E684""}]}",absent,fastboot,24.2,21.2,List of devices attached,1384e684               fastboot
2026-09-28T11:31:42.278+00:00,2026-09-28T11:31:42.324+00:00,399.459,present,3100.5,"{""state"":""present"",""devices"":[{""Status"":""OK"",""Class"":""AndroidUsbDeviceClass"",""FriendlyName"":""Android Bootloader Interface"",""InstanceId"":""USB\\VID_18D1&PID_D00D\\1384E684""}]}",absent,fastboot,23.4,22.5,List of devices attached,1384e684               fastboot
2026-09-28T11:31:43.278+00:00,2026-09-28T11:31:43.325+00:00,400.460,present,3100.5,"{""state"":""present"",""devices"":[{""Status"":""OK"",""Class"":""AndroidUsbDeviceClass"",""FriendlyName"":""Android Bootloader Interface"",""InstanceId"":""USB\\VID_18D1&PID_D00D\\1384E684""}]}",absent,fastboot,24.4,22.2,List of devices attached,1384e684               fastboot
2026-09-28T11:31:44.279+00:00,2026-09-28T11:31:44.324+00:00,401.460,present,3100.5,"{""state"":""present"",""devices"":[{""Status"":""OK"",""Class"":""AndroidUsbDeviceClass"",""FriendlyName"":""Android Bootloader Interface"",""InstanceId"":""USB\\VID_18D1&PID_D00D\\1384E684""}]}",absent,fastboot,24.5,21.1,List of devices attached,1384e684               fastboot
2026-09-28T11:31:45.279+00:00,2026-09-28T11:31:45.326+00:00,402.461,present,3100.5,"{""state"":""present"",""devices"":[{""Status"":""OK"",""Class"":""AndroidUsbDeviceClass"",""FriendlyName"":""Android Bootloader Interface"",""InstanceId"":""USB\\VID_18D1&PID_D00D\\1384E684""}]}",absent,fastboot,24.6,22.0,List of devices attached,1384e684               fastboot
2026-09-28T11:31:46.279+00:00,2026-09-28T11:31:46.325+00:00,403.461,present,3040.2,"{""state"":""present"",""devices"":[{""Status"":""OK"",""Class"":""AndroidUsbDeviceClass"",""FriendlyName"":""Android Bootloader Interface"",""InstanceId"":""USB\\VID_18D1&PID_D00D\\1384E684""}]}",absent,fastboot,24.8,21.2,List of devices attached | emulator-5568          offline transport_id:292,1384e684               fastboot
2026-09-28T11:31:47.279+00:00,2026-09-28T11:31:47.325+00:00,404.460,present,3040.2,"{""state"":""present"",""devices"":[{""Status"":""OK"",""Class"":""AndroidUsbDeviceClass"",""FriendlyName"":""Android Bootloader Interface"",""InstanceId"":""USB\\VID_18D1&PID_D00D\\1384E684""}]}",absent,fastboot,23.7,21.8,List of devices attached,1384e684               fastboot
2026-09-28T11:31:48.280+00:00,2026-09-28T11:31:48.327+00:00,405.462,present,3040.2,"{""state"":""present"",""devices"":[{""Status"":""OK"",""Class"":""AndroidUsbDeviceClass"",""FriendlyName"":""Android Bootloader Interface"",""InstanceId"":""USB\\VID_18D1&PID_D00D\\1384E684""}]}",absent,fastboot,24.9,22.3,List of devices attached,1384e684               fastboot
2026-09-28T11:31:49.280+00:00,2026-09-28T11:31:49.326+00:00,406.462,present,3040.2,"{""state"":""present"",""devices"":[{""Status"":""OK"",""Class"":""AndroidUsbDeviceClass"",""FriendlyName"":""Android Bootloader Interface"",""InstanceId"":""USB\\VID_18D1&PID_D00D\\1384E684""}]}",absent,fastboot,24.4,21.6,List of devices attached,1384e684               fastboot
2026-09-28T11:31:50.280+00:00,2026-09-28T11:31:50.343+00:00,407.478,present,3045.9,"{""state"":""present"",""devices"":[{""Status"":""OK"",""Class"":""AndroidUsbDeviceClass"",""FriendlyName"":""Android Bootloader Interface"",""InstanceId"":""USB\\VID_18D1&PID_D00D\\1384E684""}]}",absent,fastboot,38.7,24.0,List of devices attached,1384e684               fastboot
2026-09-28T11:31:51.281+00:00,2026-09-28T11:31:51.327+00:00,408.462,present,3045.9,"{""state"":""present"",""devices"":[{""Status"":""OK"",""Class"":""AndroidUsbDeviceClass"",""FriendlyName"":""Android Bootloader Interface"",""InstanceId"":""USB\\VID_18D1&PID_D00D\\1384E684""}]}",absent,fastboot,24.4,21.5,List of devices attached | emulator-5568          offline transport_id:296,1384e684               fastboot
2026-09-28T11:31:52.281+00:00,2026-09-28T11:31:52.326+00:00,409.461,present,3045.9,"{""state"":""present"",""devices"":[{""Status"":""OK"",""Class"":""AndroidUsbDeviceClass"",""FriendlyName"":""Android Bootloader Interface"",""InstanceId"":""USB\\VID_18D1&PID_D00D\\1384E684""}]}",absent,fastboot,23.6,20.7,List of devices attached,1384e684               fastboot
2026-09-28T11:31:53.281+00:00,2026-09-28T11:31:53.327+00:00,410.463,present,3045.9,"{""state"":""present"",""devices"":[{""Status"":""OK"",""Class"":""AndroidUsbDeviceClass"",""FriendlyName"":""Android Bootloader Interface"",""InstanceId"":""USB\\VID_18D1&PID_D00D\\1384E684""}]}",absent,fastboot,24.4,21.5,List of devices attached,1384e684               fastboot
2026-09-28T11:31:54.282+00:00,2026-09-28T11:31:54.341+00:00,411.476,present,3073.0,"{""state"":""present"",""devices"":[{""Status"":""OK"",""Class"":""AndroidUsbDeviceClass"",""FriendlyName"":""Android Bootloader Interface"",""InstanceId"":""USB\\VID_18D1&PID_D00D\\1384E684""}]}",absent,fastboot,34.8,24.2,List of devices attached,1384e684               fastboot
2026-09-28T11:31:55.282+00:00,2026-09-28T11:31:55.327+00:00,412.463,present,3073.0,"{""state"":""present"",""devices"":[{""Status"":""OK"",""Class"":""AndroidUsbDeviceClass"",""FriendlyName"":""Android Bootloader Interface"",""InstanceId"":""USB\\VID_18D1&PID_D00D\\1384E684""}]}",absent,fastboot,23.9,21.4,List of devices attached | emulator-5568          offline transport_id:299,1384e684               fastboot
2026-09-28T11:31:56.282+00:00,2026-09-28T11:31:56.328+00:00,413.464,present,3073.0,"{""state"":""present"",""devices"":[{""Status"":""OK"",""Class"":""AndroidUsbDeviceClass"",""FriendlyName"":""Android Bootloader Interface"",""InstanceId"":""USB\\VID_18D1&PID_D00D\\1384E684""}]}",absent,fastboot,25.0,21.0,List of devices attached,1384e684               fastboot
2026-09-28T11:31:57.283+00:00,2026-09-28T11:31:57.342+00:00,414.477,present,3073.0,"{""state"":""present"",""devices"":[{""Status"":""OK"",""Class"":""AndroidUsbDeviceClass"",""FriendlyName"":""Android Bootloader Interface"",""InstanceId"":""USB\\VID_18D1&PID_D00D\\1384E684""}]}",absent,fastboot,36.0,23.2,List of devices attached,1384e684               fastboot
2026-09-28T11:31:58.283+00:00,2026-09-28T11:31:58.329+00:00,415.465,present,3126.4,"{""state"":""present"",""devices"":[{""Status"":""OK"",""Class"":""AndroidUsbDeviceClass"",""FriendlyName"":""Android Bootloader Interface"",""InstanceId"":""USB\\VID_18D1&PID_D00D\\1384E684""}]}",absent,fastboot,24.7,21.3,List of devices attached,1384e684               fastboot
2026-09-28T11:31:59.283+00:00,2026-09-28T11:31:59.329+00:00,416.465,present,3126.4,"{""state"":""present"",""devices"":[{""Status"":""OK"",""Class"":""AndroidUsbDeviceClass"",""FriendlyName"":""Android Bootloader Interface"",""InstanceId"":""USB\\VID_18D1&PID_D00D\\1384E684""}]}",absent,fastboot,24.4,21.6,List of devices attached,1384e684               fastboot
2026-09-28T11:32:00.283+00:00,2026-09-28T11:32:00.330+00:00,417.465,present,3126.4,"{""state"":""present"",""devices"":[{""Status"":""OK"",""Class"":""AndroidUsbDeviceClass"",""FriendlyName"":""Android Bootloader Interface"",""InstanceId"":""USB\\VID_18D1&PID_D00D\\1384E684""}]}",absent,fastboot,24.8,21.4,List of devices attached | emulator-5568          offline transport_id:303,1384e684               fastboot
2026-09-28T11:32:01.283+00:00,2026-09-28T11:32:01.329+00:00,418.465,present,3126.4,"{""state"":""present"",""devices"":[{""Status"":""OK"",""Class"":""AndroidUsbDeviceClass"",""FriendlyName"":""Android Bootloader Interface"",""InstanceId"":""USB\\VID_18D1&PID_D00D\\1384E684""}]}",absent,fastboot,24.9,20.7,List of devices attached,1384e684               fastboot
2026-09-28T11:32:02.284+00:00,2026-09-28T11:32:02.339+00:00,419.474,present,3077.5,"{""state"":""present"",""devices"":[{""Status"":""OK"",""Class"":""AndroidUsbDeviceClass"",""FriendlyName"":""Android Bootloader Interface"",""InstanceId"":""USB\\VID_18D1&PID_D00D\\1384E684""}]}",absent,fastboot,32.4,22.2,List of devices attached,1384e684               fastboot
2026-09-28T11:32:03.284+00:00,2026-09-28T11:32:03.332+00:00,420.468,present,3077.5,"{""state"":""present"",""devices"":[{""Status"":""OK"",""Class"":""AndroidUsbDeviceClass"",""FriendlyName"":""Android Bootloader Interface"",""InstanceId"":""USB\\VID_18D1&PID_D00D\\1384E684""}]}",absent,fastboot,26.3,21.9,List of devices attached,1384e684               fastboot
2026-09-28T11:32:04.284+00:00,2026-09-28T11:32:04.338+00:00,421.474,present,3077.5,"{""state"":""present"",""devices"":[{""Status"":""OK"",""Class"":""AndroidUsbDeviceClass"",""FriendlyName"":""Android Bootloader Interface"",""InstanceId"":""USB\\VID_18D1&PID_D00D\\1384E684""}]}",absent,fastboot,32.5,21.8,List of devices attached,1384e684               fastboot
2026-09-28T11:32:05.285+00:00,2026-09-28T11:32:05.332+00:00,422.467,present,3077.5,"{""state"":""present"",""devices"":[{""Status"":""OK"",""Class"":""AndroidUsbDeviceClass"",""FriendlyName"":""Android Bootloader Interface"",""InstanceId"":""USB\\VID_18D1&PID_D00D\\1384E684""}]}",absent,fastboot,23.5,23.7,List of devices attached | emulator-5568          offline transport_id:307,1384e684               fastboot
2026-09-28T11:32:06.285+00:00,2026-09-28T11:32:06.332+00:00,423.467,present,3002.8,"{""state"":""present"",""devices"":[{""Status"":""OK"",""Class"":""AndroidUsbDeviceClass"",""FriendlyName"":""Android Bootloader Interface"",""InstanceId"":""USB\\VID_18D1&PID_D00D\\1384E684""}]}",absent,fastboot,25.6,20.8,List of devices attached,1384e684               fastboot
2026-09-28T11:32:07.286+00:00,2026-09-28T11:32:07.331+00:00,424.466,present,3002.8,"{""state"":""present"",""devices"":[{""Status"":""OK"",""Class"":""AndroidUsbDeviceClass"",""FriendlyName"":""Android Bootloader Interface"",""InstanceId"":""USB\\VID_18D1&PID_D00D\\1384E684""}]}",absent,fastboot,23.6,21.6,List of devices attached,1384e684               fastboot
2026-09-28T11:32:08.286+00:00,2026-09-28T11:32:08.355+00:00,425.490,present,3002.8,"{""state"":""present"",""devices"":[{""Status"":""OK"",""Class"":""AndroidUsbDeviceClass"",""FriendlyName"":""Android Bootloader Interface"",""InstanceId"":""USB\\VID_18D1&PID_D00D\\1384E684""}]}",absent,fastboot,46.6,22.3,List of devices attached,1384e684               fastboot
2026-09-28T11:32:09.286+00:00,2026-09-28T11:32:09.331+00:00,426.466,present,3002.8,"{""state"":""present"",""devices"":[{""Status"":""OK"",""Class"":""AndroidUsbDeviceClass"",""FriendlyName"":""Android Bootloader Interface"",""InstanceId"":""USB\\VID_18D1&PID_D00D\\1384E684""}]}",absent,fastboot,23.8,20.9,List of devices attached | emulator-5568          offline transport_id:310,1384e684               fastboot
2026-09-28T11:32:10.286+00:00,2026-09-28T11:32:10.332+00:00,427.468,present,3034.0,"{""state"":""present"",""devices"":[{""Status"":""OK"",""Class"":""AndroidUsbDeviceClass"",""FriendlyName"":""Android Bootloader Interface"",""InstanceId"":""USB\\VID_18D1&PID_D00D\\1384E684""}]}",absent,fastboot,23.8,22.1,List of devices attached,1384e684               fastboot
2026-09-28T11:32:11.287+00:00,2026-09-28T11:32:11.339+00:00,428.474,present,3034.0,"{""state"":""present"",""devices"":[{""Status"":""OK"",""Class"":""AndroidUsbDeviceClass"",""FriendlyName"":""Android Bootloader Interface"",""InstanceId"":""USB\\VID_18D1&PID_D00D\\1384E684""}]}",absent,fastboot,30.3,21.8,List of devices attached,1384e684               fastboot
2026-09-28T11:32:12.287+00:00,2026-09-28T11:32:12.335+00:00,429.470,present,3034.0,"{""state"":""present"",""devices"":[{""Status"":""OK"",""Class"":""AndroidUsbDeviceClass"",""FriendlyName"":""Android Bootloader Interface"",""InstanceId"":""USB\\VID_18D1&PID_D00D\\1384E684""}]}",absent,fastboot,24.4,23.2,List of devices attached,1384e684               fastboot
2026-09-28T11:32:13.287+00:00,2026-09-28T11:32:13.332+00:00,430.467,present,3034.0,"{""state"":""present"",""devices"":[{""Status"":""OK"",""Class"":""AndroidUsbDeviceClass"",""FriendlyName"":""Android Bootloader Interface"",""InstanceId"":""USB\\VID_18D1&PID_D00D\\1384E684""}]}",absent,fastboot,23.7,20.5,List of devices attached,1384e684               fastboot
2026-09-28T11:32:14.288+00:00,2026-09-28T11:32:14.353+00:00,431.489,present,3008.0,"{""state"":""present"",""devices"":[{""Status"":""OK"",""Class"":""AndroidUsbDeviceClass"",""FriendlyName"":""Android Bootloader Interface"",""InstanceId"":""USB\\VID_18D1&PID_D00D\\1384E684""}]}",absent,fastboot,40.2,25.2,List of devices attached | emulator-5568          offline transport_id:314,1384e684               fastboot
2026-09-28T11:32:15.288+00:00,2026-09-28T11:32:15.336+00:00,432.471,present,3008.0,"{""state"":""present"",""devices"":[{""Status"":""OK"",""Class"":""AndroidUsbDeviceClass"",""FriendlyName"":""Android Bootloader Interface"",""InstanceId"":""USB\\VID_18D1&PID_D00D\\1384E684""}]}",absent,fastboot,25.0,22.9,List of devices attached,1384e684               fastboot
2026-09-28T11:32:16.288+00:00,2026-09-28T11:32:16.346+00:00,433.482,present,3008.0,"{""state"":""present"",""devices"":[{""Status"":""OK"",""Class"":""AndroidUsbDeviceClass"",""FriendlyName"":""Android Bootloader Interface"",""InstanceId"":""USB\\VID_18D1&PID_D00D\\1384E684""}]}",absent,fastboot,35.5,22.5,List of devices attached,1384e684               fastboot
2026-09-28T11:32:17.288+00:00,2026-09-28T11:32:17.334+00:00,434.469,present,3008.0,"{""state"":""present"",""devices"":[{""Status"":""OK"",""Class"":""AndroidUsbDeviceClass"",""FriendlyName"":""Android Bootloader Interface"",""InstanceId"":""USB\\VID_18D1&PID_D00D\\1384E684""}]}",absent,fastboot,24.3,21.2,List of devices attached,1384e684               fastboot
2026-09-28T11:32:18.289+00:00,2026-09-28T11:32:18.355+00:00,435.490,present,3005.7,"{""state"":""present"",""devices"":[{""Status"":""OK"",""Class"":""AndroidUsbDeviceClass"",""FriendlyName"":""Android Bootloader Interface"",""InstanceId"":""USB\\VID_18D1&PID_D00D\\1384E684""}]}",absent,fastboot,43.1,22.7,List of devices attached,1384e684               fastboot
2026-09-28T11:32:19.289+00:00,2026-09-28T11:32:19.336+00:00,436.471,present,3005.7,"{""state"":""present"",""devices"":[{""Status"":""OK"",""Class"":""AndroidUsbDeviceClass"",""FriendlyName"":""Android Bootloader Interface"",""InstanceId"":""USB\\VID_18D1&PID_D00D\\1384E684""}]}",absent,fastboot,24.3,22.4,List of devices attached | emulator-5568          offline transport_id:318,1384e684               fastboot
2026-09-28T11:32:20.290+00:00,2026-09-28T11:32:20.338+00:00,437.474,present,3005.7,"{""state"":""present"",""devices"":[{""Status"":""OK"",""Class"":""AndroidUsbDeviceClass"",""FriendlyName"":""Android Bootloader Interface"",""InstanceId"":""USB\\VID_18D1&PID_D00D\\1384E684""}]}",absent,fastboot,24.8,23.9,List of devices attached,1384e684               fastboot
2026-09-28T11:32:21.290+00:00,2026-09-28T11:32:21.340+00:00,438.475,present,3005.7,"{""state"":""present"",""devices"":[{""Status"":""OK"",""Class"":""AndroidUsbDeviceClass"",""FriendlyName"":""Android Bootloader Interface"",""InstanceId"":""USB\\VID_18D1&PID_D00D\\1384E684""}]}",absent,fastboot,27.9,21.9,List of devices attached,1384e684               fastboot
2026-09-28T11:32:22.290+00:00,2026-09-28T11:32:22.336+00:00,439.471,present,3040.3,"{""state"":""present"",""devices"":[{""Status"":""OK"",""Class"":""AndroidUsbDeviceClass"",""FriendlyName"":""Android Bootloader Interface"",""InstanceId"":""USB\\VID_18D1&PID_D00D\\1384E684""}]}",absent,fastboot,23.7,22.2,List of devices attached,1384e684               fastboot
2026-09-28T11:32:23.290+00:00,2026-09-28T11:32:23.355+00:00,440.490,present,3040.3,"{""state"":""present"",""devices"":[{""Status"":""OK"",""Class"":""AndroidUsbDeviceClass"",""FriendlyName"":""Android Bootloader Interface"",""InstanceId"":""USB\\VID_18D1&PID_D00D\\1384E684""}]}",absent,fastboot,41.8,22.5,List of devices attached | emulator-5568          offline transport_id:321,1384e684               fastboot
2026-09-28T11:32:24.290+00:00,2026-09-28T11:32:24.336+00:00,441.472,present,3040.3,"{""state"":""present"",""devices"":[{""Status"":""OK"",""Class"":""AndroidUsbDeviceClass"",""FriendlyName"":""Android Bootloader Interface"",""InstanceId"":""USB\\VID_18D1&PID_D00D\\1384E684""}]}",absent,fastboot,23.0,22.9,List of devices attached,1384e684               fastboot
2026-09-28T11:32:25.291+00:00,2026-09-28T11:32:25.364+00:00,442.499,present,3040.3,"{""state"":""present"",""devices"":[{""Status"":""OK"",""Class"":""AndroidUsbDeviceClass"",""FriendlyName"":""Android Bootloader Interface"",""InstanceId"":""USB\\VID_18D1&PID_D00D\\1384E684""}]}",absent,fastboot,23.8,49.4,List of devices attached,1384e684               fastboot
2026-09-28T11:32:26.291+00:00,2026-09-28T11:32:26.337+00:00,443.472,present,3086.9,"{""state"":""present"",""devices"":[{""Status"":""OK"",""Class"":""AndroidUsbDeviceClass"",""FriendlyName"":""Android Bootloader Interface"",""InstanceId"":""USB\\VID_18D1&PID_D00D\\1384E684""}]}",absent,fastboot,23.9,22.0,List of devices attached,1384e684               fastboot
2026-09-28T11:32:27.292+00:00,2026-09-28T11:32:27.339+00:00,444.474,present,3086.9,"{""state"":""present"",""devices"":[{""Status"":""OK"",""Class"":""AndroidUsbDeviceClass"",""FriendlyName"":""Android Bootloader Interface"",""InstanceId"":""USB\\VID_18D1&PID_D00D\\1384E684""}]}",absent,fastboot,23.9,22.9,List of devices attached,1384e684               fastboot
2026-09-28T11:32:28.292+00:00,2026-09-28T11:32:28.349+00:00,445.484,present,3086.9,"{""state"":""present"",""devices"":[{""Status"":""OK"",""Class"":""AndroidUsbDeviceClass"",""FriendlyName"":""Android Bootloader Interface"",""InstanceId"":""USB\\VID_18D1&PID_D00D\\1384E684""}]}",absent,fastboot,23.7,33.5,List of devices attached | emulator-5568          offline transport_id:325,1384e684               fastboot
2026-09-28T11:32:29.292+00:00,2026-09-28T11:32:29.339+00:00,446.474,present,3086.9,"{""state"":""present"",""devices"":[{""Status"":""OK"",""Class"":""AndroidUsbDeviceClass"",""FriendlyName"":""Android Bootloader Interface"",""InstanceId"":""USB\\VID_18D1&PID_D00D\\1384E684""}]}",absent,fastboot,24.5,21.7,List of devices attached,1384e684               fastboot
2026-09-28T11:32:30.293+00:00,2026-09-28T11:32:30.342+00:00,447.477,present,3076.3,"{""state"":""present"",""devices"":[{""Status"":""OK"",""Class"":""AndroidUsbDeviceClass"",""FriendlyName"":""Android Bootloader Interface"",""InstanceId"":""USB\\VID_18D1&PID_D00D\\1384E684""}]}",absent,fastboot,25.1,23.6,List of devices attached,1384e684               fastboot
2026-09-28T11:32:31.293+00:00,2026-09-28T11:32:31.340+00:00,448.475,present,3076.3,"{""state"":""present"",""devices"":[{""Status"":""OK"",""Class"":""AndroidUsbDeviceClass"",""FriendlyName"":""Android Bootloader Interface"",""InstanceId"":""USB\\VID_18D1&PID_D00D\\1384E684""}]}",absent,fastboot,24.5,22.2,List of devices attached,1384e684               fastboot
2026-09-28T11:32:32.293+00:00,2026-09-28T11:32:32.341+00:00,449.476,present,3076.3,"{""state"":""present"",""devices"":[{""Status"":""OK"",""Class"":""AndroidUsbDeviceClass"",""FriendlyName"":""Android Bootloader Interface"",""InstanceId"":""USB\\VID_18D1&PID_D00D\\1384E684""}]}",absent,fastboot,24.4,23.0,List of devices attached,1384e684               fastboot
2026-09-28T11:32:33.294+00:00,2026-09-28T11:32:33.340+00:00,450.475,present,3076.3,"{""state"":""present"",""devices"":[{""Status"":""OK"",""Class"":""AndroidUsbDeviceClass"",""FriendlyName"":""Android Bootloader Interface"",""InstanceId"":""USB\\VID_18D1&PID_D00D\\1384E684""}]}",absent,fastboot,24.9,21.1,List of devices attached | emulator-5568          offline transport_id:329,1384e684               fastboot
2026-09-28T11:32:34.294+00:00,2026-09-28T11:32:34.352+00:00,451.487,present,3022.8,"{""state"":""present"",""devices"":[{""Status"":""OK"",""Class"":""AndroidUsbDeviceClass"",""FriendlyName"":""Android Bootloader Interface"",""InstanceId"":""USB\\VID_18D1&PID_D00D\\1384E684""}]}",absent,fastboot,24.2,33.5,List of devices attached,1384e684               fastboot
2026-09-28T11:32:35.294+00:00,2026-09-28T11:32:35.341+00:00,452.476,present,3022.8,"{""state"":""present"",""devices"":[{""Status"":""OK"",""Class"":""AndroidUsbDeviceClass"",""FriendlyName"":""Android Bootloader Interface"",""InstanceId"":""USB\\VID_18D1&PID_D00D\\1384E684""}]}",absent,fastboot,23.7,22.7,List of devices attached,1384e684               fastboot
2026-09-28T11:32:36.294+00:00,2026-09-28T11:32:36.356+00:00,453.492,present,3022.8,"{""state"":""present"",""devices"":[{""Status"":""OK"",""Class"":""AndroidUsbDeviceClass"",""FriendlyName"":""Android Bootloader Interface"",""InstanceId"":""USB\\VID_18D1&PID_D00D\\1384E684""}]}",absent,fastboot,39.4,22.4,List of devices attached,1384e684               fastboot
2026-09-28T11:32:37.295+00:00,2026-09-28T11:32:37.339+00:00,454.475,present,2998.4,"{""state"":""present"",""devices"":[{""Status"":""OK"",""Class"":""AndroidUsbDeviceClass"",""FriendlyName"":""Android Bootloader Interface"",""InstanceId"":""USB\\VID_18D1&PID_D00D\\1384E684""}]}",absent,fastboot,22.7,22.0,List of devices attached | emulator-5568          offline transport_id:332,1384e684               fastboot
2026-09-28T11:32:38.295+00:00,2026-09-28T11:32:38.355+00:00,455.490,present,2998.4,"{""state"":""present"",""devices"":[{""Status"":""OK"",""Class"":""AndroidUsbDeviceClass"",""FriendlyName"":""Android Bootloader Interface"",""InstanceId"":""USB\\VID_18D1&PID_D00D\\1384E684""}]}",absent,fastboot,36.7,22.6,List of devices attached,1384e684               fastboot
2026-09-28T11:32:39.296+00:00,2026-09-28T11:32:39.343+00:00,456.479,present,2998.4,"{""state"":""present"",""devices"":[{""Status"":""OK"",""Class"":""AndroidUsbDeviceClass"",""FriendlyName"":""Android Bootloader Interface"",""InstanceId"":""USB\\VID_18D1&PID_D00D\\1384E684""}]}",absent,fastboot,25.6,22.1,List of devices attached,1384e684               fastboot
2026-09-28T11:32:40.296+00:00,2026-09-28T11:32:40.342+00:00,457.477,present,2998.4,"{""state"":""present"",""devices"":[{""Status"":""OK"",""Class"":""AndroidUsbDeviceClass"",""FriendlyName"":""Android Bootloader Interface"",""InstanceId"":""USB\\VID_18D1&PID_D00D\\1384E684""}]}",absent,fastboot,23.8,21.8,List of devices attached,1384e684               fastboot
2026-09-28T11:32:41.296+00:00,2026-09-28T11:32:41.343+00:00,458.478,present,3009.3,"{""state"":""present"",""devices"":[{""Status"":""OK"",""Class"":""AndroidUsbDeviceClass"",""FriendlyName"":""Android Bootloader Interface"",""InstanceId"":""USB\\VID_18D1&PID_D00D\\1384E684""}]}",absent,fastboot,24.8,21.8,List of devices attached,1384e684               fastboot
2026-09-28T11:32:42.297+00:00,2026-09-28T11:32:42.344+00:00,459.479,present,3009.3,"{""state"":""present"",""devices"":[{""Status"":""OK"",""Class"":""AndroidUsbDeviceClass"",""FriendlyName"":""Android Bootloader Interface"",""InstanceId"":""USB\\VID_18D1&PID_D00D\\1384E684""}]}",absent,fastboot,24.8,22.0,List of devices attached | emulator-5568          offline transport_id:336,1384e684               fastboot
2026-09-28T11:32:43.298+00:00,2026-09-28T11:32:43.346+00:00,460.481,present,3009.3,"{""state"":""present"",""devices"":[{""Status"":""OK"",""Class"":""AndroidUsbDeviceClass"",""FriendlyName"":""Android Bootloader Interface"",""InstanceId"":""USB\\VID_18D1&PID_D00D\\1384E684""}]}",absent,fastboot,26.8,21.5,List of devices attached,1384e684               fastboot
2026-09-28T11:32:44.298+00:00,2026-09-28T11:32:44.351+00:00,461.486,present,3009.3,"{""state"":""present"",""devices"":[{""Status"":""OK"",""Class"":""AndroidUsbDeviceClass"",""FriendlyName"":""Android Bootloader Interface"",""InstanceId"":""USB\\VID_18D1&PID_D00D\\1384E684""}]}",absent,fastboot,24.8,28.3,List of devices attached,1384e684               fastboot
2026-09-28T11:32:45.298+00:00,2026-09-28T11:32:45.351+00:00,462.486,present,3020.9,"{""state"":""present"",""devices"":[{""Status"":""OK"",""Class"":""AndroidUsbDeviceClass"",""FriendlyName"":""Android Bootloader Interface"",""InstanceId"":""USB\\VID_18D1&PID_D00D\\1384E684""}]}",absent,fastboot,25.3,27.3,List of devices attached,1384e684               fastboot
2026-09-28T11:32:46.299+00:00,2026-09-28T11:32:46.345+00:00,463.481,present,3020.9,"{""state"":""present"",""devices"":[{""Status"":""OK"",""Class"":""AndroidUsbDeviceClass"",""FriendlyName"":""Android Bootloader Interface"",""InstanceId"":""USB\\VID_18D1&PID_D00D\\1384E684""}]}",absent,fastboot,23.9,22.7,List of devices attached,1384e684               fastboot
2026-09-28T11:32:47.299+00:00,2026-09-28T11:32:47.349+00:00,464.485,present,3020.9,"{""state"":""present"",""devices"":[{""Status"":""OK"",""Class"":""AndroidUsbDeviceClass"",""FriendlyName"":""Android Bootloader Interface"",""InstanceId"":""USB\\VID_18D1&PID_D00D\\1384E684""}]}",absent,fastboot,24.0,25.9,List of devices attached | emulator-5568          offline transport_id:340,1384e684               fastboot
2026-09-28T11:32:48.300+00:00,2026-09-28T11:32:48.347+00:00,465.483,present,3020.9,"{""state"":""present"",""devices"":[{""Status"":""OK"",""Class"":""AndroidUsbDeviceClass"",""FriendlyName"":""Android Bootloader Interface"",""InstanceId"":""USB\\VID_18D1&PID_D00D\\1384E684""}]}",absent,fastboot,24.9,22.8,List of devices attached,1384e684               fastboot
2026-09-28T11:32:49.300+00:00,2026-09-28T11:32:49.365+00:00,466.501,present,3170.7,"{""state"":""present"",""devices"":[{""Status"":""OK"",""Class"":""AndroidUsbDeviceClass"",""FriendlyName"":""Android Bootloader Interface"",""InstanceId"":""USB\\VID_18D1&PID_D00D\\1384E684""}]}",absent,fastboot,22.7,42.4,List of devices attached,1384e684               fastboot
2026-09-28T11:32:50.300+00:00,2026-09-28T11:32:50.349+00:00,467.484,present,3170.7,"{""state"":""present"",""devices"":[{""Status"":""OK"",""Class"":""AndroidUsbDeviceClass"",""FriendlyName"":""Android Bootloader Interface"",""InstanceId"":""USB\\VID_18D1&PID_D00D\\1384E684""}]}",absent,fastboot,24.4,24.2,List of devices attached,1384e684               fastboot
2026-09-28T11:32:51.301+00:00,2026-09-28T11:32:51.346+00:00,468.482,present,3170.7,"{""state"":""present"",""devices"":[{""Status"":""OK"",""Class"":""AndroidUsbDeviceClass"",""FriendlyName"":""Android Bootloader Interface"",""InstanceId"":""USB\\VID_18D1&PID_D00D\\1384E684""}]}",absent,fastboot,23.6,21.8,List of devices attached | emulator-5568          offline transport_id:343,1384e684               fastboot
2026-09-28T11:32:52.301+00:00,2026-09-28T11:32:52.349+00:00,469.484,present,3170.7,"{""state"":""present"",""devices"":[{""Status"":""OK"",""Class"":""AndroidUsbDeviceClass"",""FriendlyName"":""Android Bootloader Interface"",""InstanceId"":""USB\\VID_18D1&PID_D00D\\1384E684""}]}",absent,fastboot,24.6,23.0,List of devices attached,1384e684               fastboot
2026-09-28T11:32:53.301+00:00,2026-09-28T11:32:53.349+00:00,470.484,present,3050.1,"{""state"":""present"",""devices"":[{""Status"":""OK"",""Class"":""AndroidUsbDeviceClass"",""FriendlyName"":""Android Bootloader Interface"",""InstanceId"":""USB\\VID_18D1&PID_D00D\\1384E684""}]}",absent,fastboot,24.0,23.3,List of devices attached,1384e684               fastboot
2026-09-28T11:32:54.302+00:00,2026-09-28T11:32:54.365+00:00,471.501,present,3050.1,"{""state"":""present"",""devices"":[{""Status"":""OK"",""Class"":""AndroidUsbDeviceClass"",""FriendlyName"":""Android Bootloader Interface"",""InstanceId"":""USB\\VID_18D1&PID_D00D\\1384E684""}]}",absent,fastboot,23.0,40.6,List of devices attached,1384e684               fastboot
2026-09-28T11:32:55.302+00:00,2026-09-28T11:32:55.351+00:00,472.486,present,3050.1,"{""state"":""present"",""devices"":[{""Status"":""OK"",""Class"":""AndroidUsbDeviceClass"",""FriendlyName"":""Android Bootloader Interface"",""InstanceId"":""USB\\VID_18D1&PID_D00D\\1384E684""}]}",absent,fastboot,23.8,24.9,List of devices attached,1384e684               fastboot
2026-09-28T11:32:56.303+00:00,2026-09-28T11:32:56.349+00:00,473.485,present,3050.1,"{""state"":""present"",""devices"":[{""Status"":""OK"",""Class"":""AndroidUsbDeviceClass"",""FriendlyName"":""Android Bootloader Interface"",""InstanceId"":""USB\\VID_18D1&PID_D00D\\1384E684""}]}",absent,fastboot,23.2,23.6,List of devices attached | emulator-5568          offline transport_id:347,1384e684               fastboot
2026-09-28T11:32:57.303+00:00,2026-09-28T11:32:57.350+00:00,474.486,present,3071.6,"{""state"":""present"",""devices"":[{""Status"":""OK"",""Class"":""AndroidUsbDeviceClass"",""FriendlyName"":""Android Bootloader Interface"",""InstanceId"":""USB\\VID_18D1&PID_D00D\\1384E684""}]}",absent,fastboot,23.8,23.6,List of devices attached,1384e684               fastboot
2026-09-28T11:32:58.303+00:00,2026-09-28T11:32:58.349+00:00,475.484,present,3071.6,"{""state"":""present"",""devices"":[{""Status"":""OK"",""Class"":""AndroidUsbDeviceClass"",""FriendlyName"":""Android Bootloader Interface"",""InstanceId"":""USB\\VID_18D1&PID_D00D\\1384E684""}]}",absent,fastboot,23.3,22.3,List of devices attached,1384e684               fastboot
2026-09-28T11:32:59.303+00:00,2026-09-28T11:32:59.355+00:00,476.490,present,3071.6,"{""state"":""present"",""devices"":[{""Status"":""OK"",""Class"":""AndroidUsbDeviceClass"",""FriendlyName"":""Android Bootloader Interface"",""InstanceId"":""USB\\VID_18D1&PID_D00D\\1384E684""}]}",absent,fastboot,23.9,27.3,List of devices attached,1384e684               fastboot
2026-09-28T11:33:00.304+00:00,2026-09-28T11:33:00.350+00:00,477.485,present,3071.6,"{""state"":""present"",""devices"":[{""Status"":""OK"",""Class"":""AndroidUsbDeviceClass"",""FriendlyName"":""Android Bootloader Interface"",""InstanceId"":""USB\\VID_18D1&PID_D00D\\1384E684""}]}",absent,fastboot,23.1,23.0,List of devices attached,1384e684               fastboot
2026-09-28T11:33:01.304+00:00,2026-09-28T11:33:01.354+00:00,478.490,present,3038.8,"{""state"":""present"",""devices"":[{""Status"":""OK"",""Class"":""AndroidUsbDeviceClass"",""FriendlyName"":""Android Bootloader Interface"",""InstanceId"":""USB\\VID_18D1&PID_D00D\\1384E684""}]}",absent,fastboot,23.6,26.4,List of devices attached | emulator-5568          offline transport_id:351,1384e684               fastboot
2026-09-28T11:33:02.305+00:00,2026-09-28T11:33:02.351+00:00,479.486,present,3038.8,"{""state"":""present"",""devices"":[{""Status"":""OK"",""Class"":""AndroidUsbDeviceClass"",""FriendlyName"":""Android Bootloader Interface"",""InstanceId"":""USB\\VID_18D1&PID_D00D\\1384E684""}]}",absent,fastboot,24.4,21.9,List of devices attached,1384e684               fastboot
2026-09-28T11:33:03.305+00:00,2026-09-28T11:33:03.350+00:00,480.485,present,3038.8,"{""state"":""present"",""devices"":[{""Status"":""OK"",""Class"":""AndroidUsbDeviceClass"",""FriendlyName"":""Android Bootloader Interface"",""InstanceId"":""USB\\VID_18D1&PID_D00D\\1384E684""}]}",absent,fastboot,23.5,21.5,List of devices attached,1384e684               fastboot
2026-09-28T11:33:04.305+00:00,2026-09-28T11:33:04.365+00:00,481.500,present,3038.8,"{""state"":""present"",""devices"":[{""Status"":""OK"",""Class"":""AndroidUsbDeviceClass"",""FriendlyName"":""Android Bootloader Interface"",""InstanceId"":""USB\\VID_18D1&PID_D00D\\1384E684""}]}",absent,fastboot,23.1,36.4,List of devices attached,1384e684               fastboot
2026-09-28T11:33:05.306+00:00,2026-09-28T11:33:05.353+00:00,482.488,present,3073.1,"{""state"":""present"",""devices"":[{""Status"":""OK"",""Class"":""AndroidUsbDeviceClass"",""FriendlyName"":""Android Bootloader Interface"",""InstanceId"":""USB\\VID_18D1&PID_D00D\\1384E684""}]}",absent,fastboot,23.7,23.3,List of devices attached | emulator-5568          offline transport_id:354,1384e684               fastboot
2026-09-28T11:33:06.306+00:00,2026-09-28T11:33:06.352+00:00,483.488,present,3073.1,"{""state"":""present"",""devices"":[{""Status"":""OK"",""Class"":""AndroidUsbDeviceClass"",""FriendlyName"":""Android Bootloader Interface"",""InstanceId"":""USB\\VID_18D1&PID_D00D\\1384E684""}]}",absent,fastboot,23.6,22.7,List of devices attached,1384e684               fastboot
2026-09-28T11:33:07.306+00:00,2026-09-28T11:33:07.350+00:00,484.486,present,3073.1,"{""state"":""present"",""devices"":[{""Status"":""OK"",""Class"":""AndroidUsbDeviceClass"",""FriendlyName"":""Android Bootloader Interface"",""InstanceId"":""USB\\VID_18D1&PID_D00D\\1384E684""}]}",absent,fastboot,22.7,21.6,List of devices attached,1384e684               fastboot
2026-09-28T11:33:08.306+00:00,2026-09-28T11:33:08.355+00:00,485.490,present,3073.1,"{""state"":""present"",""devices"":[{""Status"":""OK"",""Class"":""AndroidUsbDeviceClass"",""FriendlyName"":""Android Bootloader Interface"",""InstanceId"":""USB\\VID_18D1&PID_D00D\\1384E684""}]}",absent,fastboot,25.9,22.4,List of devices attached,1384e684               fastboot
2026-09-28T11:33:09.307+00:00,2026-09-28T11:33:09.352+00:00,486.488,present,3206.9,"{""state"":""present"",""devices"":[{""Status"":""OK"",""Class"":""AndroidUsbDeviceClass"",""FriendlyName"":""Android Bootloader Interface"",""InstanceId"":""USB\\VID_18D1&PID_D00D\\1384E684""}]}",absent,fastboot,23.6,21.8,List of devices attached,1384e684               fastboot
2026-09-28T11:33:10.307+00:00,2026-09-28T11:33:10.353+00:00,487.488,present,3206.9,"{""state"":""present"",""devices"":[{""Status"":""OK"",""Class"":""AndroidUsbDeviceClass"",""FriendlyName"":""Android Bootloader Interface"",""InstanceId"":""USB\\VID_18D1&PID_D00D\\1384E684""}]}",absent,fastboot,23.2,22.4,List of devices attached | emulator-5568          offline transport_id:358,1384e684               fastboot
2026-09-28T11:33:11.307+00:00,2026-09-28T11:33:11.354+00:00,488.490,present,3206.9,"{""state"":""present"",""devices"":[{""Status"":""OK"",""Class"":""AndroidUsbDeviceClass"",""FriendlyName"":""Android Bootloader Interface"",""InstanceId"":""USB\\VID_18D1&PID_D00D\\1384E684""}]}",absent,fastboot,24.3,22.4,List of devices attached,1384e684               fastboot
2026-09-28T11:33:12.308+00:00,2026-09-28T11:33:12.353+00:00,489.489,present,3206.9,"{""state"":""present"",""devices"":[{""Status"":""OK"",""Class"":""AndroidUsbDeviceClass"",""FriendlyName"":""Android Bootloader Interface"",""InstanceId"":""USB\\VID_18D1&PID_D00D\\1384E684""}]}",absent,fastboot,23.5,22.1,List of devices attached,1384e684               fastboot
2026-09-28T11:33:13.308+00:00,2026-09-28T11:33:13.359+00:00,490.494,present,3035.0,"{""state"":""present"",""devices"":[{""Status"":""OK"",""Class"":""AndroidUsbDeviceClass"",""FriendlyName"":""Android Bootloader Interface"",""InstanceId"":""USB\\VID_18D1&PID_D00D\\1384E684""}]}",absent,fastboot,23.5,27.1,List of devices attached,1384e684               fastboot
2026-09-28T11:33:14.308+00:00,2026-09-28T11:33:14.354+00:00,491.489,present,3035.0,"{""state"":""present"",""devices"":[{""Status"":""OK"",""Class"":""AndroidUsbDeviceClass"",""FriendlyName"":""Android Bootloader Interface"",""InstanceId"":""USB\\VID_18D1&PID_D00D\\1384E684""}]}",absent,fastboot,24.3,21.4,List of devices attached,1384e684               fastboot
2026-09-28T11:33:15.308+00:00,2026-09-28T11:33:15.355+00:00,492.491,present,3035.0,"{""state"":""present"",""devices"":[{""Status"":""OK"",""Class"":""AndroidUsbDeviceClass"",""FriendlyName"":""Android Bootloader Interface"",""InstanceId"":""USB\\VID_18D1&PID_D00D\\1384E684""}]}",absent,fastboot,24.6,22.4,List of devices attached | emulator-5568          offline transport_id:362,1384e684               fastboot
2026-09-28T11:33:16.309+00:00,2026-09-28T11:33:16.354+00:00,493.489,present,3035.0,"{""state"":""present"",""devices"":[{""Status"":""OK"",""Class"":""AndroidUsbDeviceClass"",""FriendlyName"":""Android Bootloader Interface"",""InstanceId"":""USB\\VID_18D1&PID_D00D\\1384E684""}]}",absent,fastboot,24.0,21.2,List of devices attached,1384e684               fastboot
2026-09-28T11:33:17.309+00:00,2026-09-28T11:33:17.356+00:00,494.491,present,3129.9,"{""state"":""present"",""devices"":[{""Status"":""OK"",""Class"":""AndroidUsbDeviceClass"",""FriendlyName"":""Android Bootloader Interface"",""InstanceId"":""USB\\VID_18D1&PID_D00D\\1384E684""}]}",absent,fastboot,24.3,22.5,List of devices attached,1384e684               fastboot
2026-09-28T11:33:18.309+00:00,2026-09-28T11:33:18.357+00:00,495.493,present,3129.9,"{""state"":""present"",""devices"":[{""Status"":""OK"",""Class"":""AndroidUsbDeviceClass"",""FriendlyName"":""Android Bootloader Interface"",""InstanceId"":""USB\\VID_18D1&PID_D00D\\1384E684""}]}",absent,fastboot,25.7,22.7,List of devices attached,1384e684               fastboot
2026-09-28T11:33:19.310+00:00,2026-09-28T11:33:19.357+00:00,496.493,present,3129.9,"{""state"":""present"",""devices"":[{""Status"":""OK"",""Class"":""AndroidUsbDeviceClass"",""FriendlyName"":""Android Bootloader Interface"",""InstanceId"":""USB\\VID_18D1&PID_D00D\\1384E684""}]}",absent,fastboot,23.9,23.7,List of devices attached | emulator-5568          offline transport_id:365,1384e684               fastboot
2026-09-28T11:33:20.310+00:00,2026-09-28T11:33:20.365+00:00,497.500,present,3129.9,"{""state"":""present"",""devices"":[{""Status"":""OK"",""Class"":""AndroidUsbDeviceClass"",""FriendlyName"":""Android Bootloader Interface"",""InstanceId"":""USB\\VID_18D1&PID_D00D\\1384E684""}]}",absent,fastboot,24.2,30.5,List of devices attached,1384e684               fastboot
2026-09-28T11:33:21.310+00:00,2026-09-28T11:33:21.357+00:00,498.493,present,3067.8,"{""state"":""present"",""devices"":[{""Status"":""OK"",""Class"":""AndroidUsbDeviceClass"",""FriendlyName"":""Android Bootloader Interface"",""InstanceId"":""USB\\VID_18D1&PID_D00D\\1384E684""}]}",absent,fastboot,24.4,22.8,List of devices attached,1384e684               fastboot
2026-09-28T11:33:22.310+00:00,2026-09-28T11:33:22.356+00:00,499.492,present,3067.8,"{""state"":""present"",""devices"":[{""Status"":""OK"",""Class"":""AndroidUsbDeviceClass"",""FriendlyName"":""Android Bootloader Interface"",""InstanceId"":""USB\\VID_18D1&PID_D00D\\1384E684""}]}",absent,fastboot,23.8,22.2,List of devices attached,1384e684               fastboot
2026-09-28T11:33:23.311+00:00,2026-09-28T11:33:23.355+00:00,500.490,present,3067.8,"{""state"":""present"",""devices"":[{""Status"":""OK"",""Class"":""AndroidUsbDeviceClass"",""FriendlyName"":""Android Bootloader Interface"",""InstanceId"":""USB\\VID_18D1&PID_D00D\\1384E684""}]}",absent,fastboot,23.3,20.7,List of devices attached,1384e684               fastboot
2026-09-28T11:33:24.311+00:00,2026-09-28T11:33:24.356+00:00,501.492,present,3067.8,"{""state"":""present"",""devices"":[{""Status"":""OK"",""Class"":""AndroidUsbDeviceClass"",""FriendlyName"":""Android Bootloader Interface"",""InstanceId"":""USB\\VID_18D1&PID_D00D\\1384E684""}]}",absent,fastboot,23.7,21.7,List of devices attached | emulator-5568          offline transport_id:369,1384e684               fastboot
2026-09-28T11:33:25.311+00:00,2026-09-28T11:33:25.357+00:00,502.492,present,3054.4,"{""state"":""present"",""devices"":[{""Status"":""OK"",""Class"":""AndroidUsbDeviceClass"",""FriendlyName"":""Android Bootloader Interface"",""InstanceId"":""USB\\VID_18D1&PID_D00D\\1384E684""}]}",absent,fastboot,23.6,21.7,List of devices attached,1384e684               fastboot
2026-09-28T11:33:26.312+00:00,2026-09-28T11:33:26.372+00:00,503.507,present,3054.4,"{""state"":""present"",""devices"":[{""Status"":""OK"",""Class"":""AndroidUsbDeviceClass"",""FriendlyName"":""Android Bootloader Interface"",""InstanceId"":""USB\\VID_18D1&PID_D00D\\1384E684""}]}",absent,fastboot,36.8,23.0,List of devices attached,1384e684               fastboot
2026-09-28T11:33:27.312+00:00,2026-09-28T11:33:27.359+00:00,504.494,present,3054.4,"{""state"":""present"",""devices"":[{""Status"":""OK"",""Class"":""AndroidUsbDeviceClass"",""FriendlyName"":""Android Bootloader Interface"",""InstanceId"":""USB\\VID_18D1&PID_D00D\\1384E684""}]}",absent,fastboot,24.7,22.1,List of devices attached,1384e684               fastboot
2026-09-28T11:33:28.313+00:00,2026-09-28T11:33:28.359+00:00,505.494,present,3054.4,"{""state"":""present"",""devices"":[{""Status"":""OK"",""Class"":""AndroidUsbDeviceClass"",""FriendlyName"":""Android Bootloader Interface"",""InstanceId"":""USB\\VID_18D1&PID_D00D\\1384E684""}]}",absent,fastboot,24.6,21.7,List of devices attached,1384e684               fastboot
2026-09-28T11:33:29.313+00:00,2026-09-28T11:33:29.359+00:00,506.494,present,3014.0,"{""state"":""present"",""devices"":[{""Status"":""OK"",""Class"":""AndroidUsbDeviceClass"",""FriendlyName"":""Android Bootloader Interface"",""InstanceId"":""USB\\VID_18D1&PID_D00D\\1384E684""}]}",absent,fastboot,23.6,22.3,List of devices attached | emulator-5568          offline transport_id:373,1384e684               fastboot
2026-09-28T11:33:30.313+00:00,2026-09-28T11:33:30.361+00:00,507.496,present,3014.0,"{""state"":""present"",""devices"":[{""Status"":""OK"",""Class"":""AndroidUsbDeviceClass"",""FriendlyName"":""Android Bootloader Interface"",""InstanceId"":""USB\\VID_18D1&PID_D00D\\1384E684""}]}",absent,fastboot,24.6,23.3,List of devices attached,1384e684               fastboot
2026-09-28T11:33:31.313+00:00,2026-09-28T11:33:31.359+00:00,508.494,present,3014.0,"{""state"":""present"",""devices"":[{""Status"":""OK"",""Class"":""AndroidUsbDeviceClass"",""FriendlyName"":""Android Bootloader Interface"",""InstanceId"":""USB\\VID_18D1&PID_D00D\\1384E684""}]}",absent,fastboot,24.1,21.4,List of devices attached,1384e684               fastboot
2026-09-28T11:33:32.313+00:00,2026-09-28T11:33:32.373+00:00,509.508,present,3014.0,"{""state"":""present"",""devices"":[{""Status"":""OK"",""Class"":""AndroidUsbDeviceClass"",""FriendlyName"":""Android Bootloader Interface"",""InstanceId"":""USB\\VID_18D1&PID_D00D\\1384E684""}]}",absent,fastboot,36.1,23.2,List of devices attached,1384e684               fastboot
2026-09-28T11:33:33.314+00:00,2026-09-28T11:33:33.363+00:00,510.498,present,3120.0,"{""state"":""present"",""devices"":[{""Status"":""OK"",""Class"":""AndroidUsbDeviceClass"",""FriendlyName"":""Android Bootloader Interface"",""InstanceId"":""USB\\VID_18D1&PID_D00D\\1384E684""}]}",absent,fastboot,25.0,23.4,List of devices attached | emulator-5568          offline transport_id:376,1384e684               fastboot
2026-09-28T11:33:34.314+00:00,2026-09-28T11:33:34.372+00:00,511.507,present,3120.0,"{""state"":""present"",""devices"":[{""Status"":""OK"",""Class"":""AndroidUsbDeviceClass"",""FriendlyName"":""Android Bootloader Interface"",""InstanceId"":""USB\\VID_18D1&PID_D00D\\1384E684""}]}",absent,fastboot,34.8,22.7,List of devices attached,1384e684               fastboot
2026-09-28T11:33:35.314+00:00,2026-09-28T11:33:35.374+00:00,512.509,present,3120.0,"{""state"":""present"",""devices"":[{""Status"":""OK"",""Class"":""AndroidUsbDeviceClass"",""FriendlyName"":""Android Bootloader Interface"",""InstanceId"":""USB\\VID_18D1&PID_D00D\\1384E684""}]}",absent,fastboot,35.4,24.2,List of devices attached,1384e684               fastboot
2026-09-28T11:33:36.315+00:00,2026-09-28T11:33:36.361+00:00,513.496,present,3120.0,"{""state"":""present"",""devices"":[{""Status"":""OK"",""Class"":""AndroidUsbDeviceClass"",""FriendlyName"":""Android Bootloader Interface"",""InstanceId"":""USB\\VID_18D1&PID_D00D\\1384E684""}]}",absent,fastboot,24.5,21.3,List of devices attached,1384e684               fastboot
2026-09-28T11:33:37.315+00:00,2026-09-28T11:33:37.363+00:00,514.498,present,3047.4,"{""state"":""present"",""devices"":[{""Status"":""OK"",""Class"":""AndroidUsbDeviceClass"",""FriendlyName"":""Android Bootloader Interface"",""InstanceId"":""USB\\VID_18D1&PID_D00D\\1384E684""}]}",absent,fastboot,25.9,21.8,List of devices attached,1384e684               fastboot
2026-09-28T11:33:38.315+00:00,2026-09-28T11:33:38.363+00:00,515.498,present,3047.4,"{""state"":""present"",""devices"":[{""Status"":""OK"",""Class"":""AndroidUsbDeviceClass"",""FriendlyName"":""Android Bootloader Interface"",""InstanceId"":""USB\\VID_18D1&PID_D00D\\1384E684""}]}",absent,fastboot,26.0,21.7,List of devices attached | emulator-5568          offline transport_id:380,1384e684               fastboot
2026-09-28T11:33:39.315+00:00,2026-09-28T11:33:39.361+00:00,516.496,present,3047.4,"{""state"":""present"",""devices"":[{""Status"":""OK"",""Class"":""AndroidUsbDeviceClass"",""FriendlyName"":""Android Bootloader Interface"",""InstanceId"":""USB\\VID_18D1&PID_D00D\\1384E684""}]}",absent,fastboot,24.2,21.1,List of devices attached,1384e684               fastboot
2026-09-28T11:33:40.316+00:00,2026-09-28T11:33:40.371+00:00,517.507,present,3047.4,"{""state"":""present"",""devices"":[{""Status"":""OK"",""Class"":""AndroidUsbDeviceClass"",""FriendlyName"":""Android Bootloader Interface"",""InstanceId"":""USB\\VID_18D1&PID_D00D\\1384E684""}]}",absent,fastboot,34.1,21.5,List of devices attached,1384e684               fastboot
2026-09-28T11:33:41.316+00:00,2026-09-28T11:33:41.363+00:00,518.498,present,3031.5,"{""state"":""present"",""devices"":[{""Status"":""OK"",""Class"":""AndroidUsbDeviceClass"",""FriendlyName"":""Android Bootloader Interface"",""InstanceId"":""USB\\VID_18D1&PID_D00D\\1384E684""}]}",absent,fastboot,24.6,22.1,List of devices attached,1384e684               fastboot
2026-09-28T11:33:42.317+00:00,2026-09-28T11:33:42.375+00:00,519.510,present,3031.5,"{""state"":""present"",""devices"":[{""Status"":""OK"",""Class"":""AndroidUsbDeviceClass"",""FriendlyName"":""Android Bootloader Interface"",""InstanceId"":""USB\\VID_18D1&PID_D00D\\1384E684""}]}",absent,fastboot,35.7,22.4,List of devices attached,1384e684               fastboot
2026-09-28T11:33:43.317+00:00,2026-09-28T11:33:43.365+00:00,520.500,present,3031.5,"{""state"":""present"",""devices"":[{""Status"":""OK"",""Class"":""AndroidUsbDeviceClass"",""FriendlyName"":""Android Bootloader Interface"",""InstanceId"":""USB\\VID_18D1&PID_D00D\\1384E684""}]}",absent,fastboot,25.4,22.1,List of devices attached | emulator-5568          offline transport_id:384,1384e684               fastboot
2026-09-28T11:33:44.318+00:00,2026-09-28T11:33:44.365+00:00,521.500,present,3031.5,"{""state"":""present"",""devices"":[{""Status"":""OK"",""Class"":""AndroidUsbDeviceClass"",""FriendlyName"":""Android Bootloader Interface"",""InstanceId"":""USB\\VID_18D1&PID_D00D\\1384E684""}]}",absent,fastboot,24.9,22.3,List of devices attached,1384e684               fastboot
2026-09-28T11:33:45.318+00:00,2026-09-28T11:33:45.365+00:00,522.500,present,3124.3,"{""state"":""present"",""devices"":[{""Status"":""OK"",""Class"":""AndroidUsbDeviceClass"",""FriendlyName"":""Android Bootloader Interface"",""InstanceId"":""USB\\VID_18D1&PID_D00D\\1384E684""}]}",absent,fastboot,23.6,23.1,List of devices attached,1384e684               fastboot
2026-09-28T11:33:46.318+00:00,2026-09-28T11:33:46.366+00:00,523.501,present,3124.3,"{""state"":""present"",""devices"":[{""Status"":""OK"",""Class"":""AndroidUsbDeviceClass"",""FriendlyName"":""Android Bootloader Interface"",""InstanceId"":""USB\\VID_18D1&PID_D00D\\1384E684""}]}",absent,fastboot,24.8,22.9,List of devices attached,1384e684               fastboot
2026-09-28T11:33:47.319+00:00,2026-09-28T11:33:47.366+00:00,524.502,present,3124.3,"{""state"":""present"",""devices"":[{""Status"":""OK"",""Class"":""AndroidUsbDeviceClass"",""FriendlyName"":""Android Bootloader Interface"",""InstanceId"":""USB\\VID_18D1&PID_D00D\\1384E684""}]}",absent,fastboot,25.3,22.4,List of devices attached | emulator-5568          offline transport_id:387,1384e684               fastboot
2026-09-28T11:33:48.319+00:00,2026-09-28T11:33:48.366+00:00,525.501,present,3124.3,"{""state"":""present"",""devices"":[{""Status"":""OK"",""Class"":""AndroidUsbDeviceClass"",""FriendlyName"":""Android Bootloader Interface"",""InstanceId"":""USB\\VID_18D1&PID_D00D\\1384E684""}]}",absent,fastboot,24.8,21.8,List of devices attached,1384e684               fastboot
2026-09-28T11:33:49.319+00:00,2026-09-28T11:33:49.367+00:00,526.502,present,3008.3,"{""state"":""present"",""devices"":[{""Status"":""OK"",""Class"":""AndroidUsbDeviceClass"",""FriendlyName"":""Android Bootloader Interface"",""InstanceId"":""USB\\VID_18D1&PID_D00D\\1384E684""}]}",absent,fastboot,24.9,22.9,List of devices attached,1384e684               fastboot
2026-09-28T11:33:50.319+00:00,2026-09-28T11:33:50.367+00:00,527.503,present,3008.3,"{""state"":""present"",""devices"":[{""Status"":""OK"",""Class"":""AndroidUsbDeviceClass"",""FriendlyName"":""Android Bootloader Interface"",""InstanceId"":""USB\\VID_18D1&PID_D00D\\1384E684""}]}",absent,fastboot,25.5,22.7,List of devices attached,1384e684               fastboot
2026-09-28T11:33:51.320+00:00,2026-09-28T11:33:51.367+00:00,528.502,present,3008.3,"{""state"":""present"",""devices"":[{""Status"":""OK"",""Class"":""AndroidUsbDeviceClass"",""FriendlyName"":""Android Bootloader Interface"",""InstanceId"":""USB\\VID_18D1&PID_D00D\\1384E684""}]}",absent,fastboot,24.4,22.6,List of devices attached,1384e684               fastboot
2026-09-28T11:33:52.320+00:00,2026-09-28T11:33:52.367+00:00,529.503,present,3008.3,"{""state"":""present"",""devices"":[{""Status"":""OK"",""Class"":""AndroidUsbDeviceClass"",""FriendlyName"":""Android Bootloader Interface"",""InstanceId"":""USB\\VID_18D1&PID_D00D\\1384E684""}]}",absent,fastboot,24.9,22.1,List of devices attached | emulator-5568          offline transport_id:391,1384e684               fastboot
2026-09-28T11:33:53.321+00:00,2026-09-28T11:33:53.368+00:00,530.503,present,3052.3,"{""state"":""present"",""devices"":[{""Status"":""OK"",""Class"":""AndroidUsbDeviceClass"",""FriendlyName"":""Android Bootloader Interface"",""InstanceId"":""USB\\VID_18D1&PID_D00D\\1384E684""}]}",absent,fastboot,24.4,22.7,List of devices attached,1384e684               fastboot
2026-09-28T11:33:54.321+00:00,2026-09-28T11:33:54.373+00:00,531.509,present,3052.3,"{""state"":""present"",""devices"":[{""Status"":""OK"",""Class"":""AndroidUsbDeviceClass"",""FriendlyName"":""Android Bootloader Interface"",""InstanceId"":""USB\\VID_18D1&PID_D00D\\1384E684""}]}",absent,fastboot,29.3,22.9,List of devices attached,1384e684               fastboot
2026-09-28T11:33:55.321+00:00,2026-09-28T11:33:55.370+00:00,532.505,present,3052.3,"{""state"":""present"",""devices"":[{""Status"":""OK"",""Class"":""AndroidUsbDeviceClass"",""FriendlyName"":""Android Bootloader Interface"",""InstanceId"":""USB\\VID_18D1&PID_D00D\\1384E684""}]}",absent,fastboot,25.9,22.5,List of devices attached,1384e684               fastboot
2026-09-28T11:33:56.322+00:00,2026-09-28T11:33:56.383+00:00,533.518,present,3052.3,"{""state"":""present"",""devices"":[{""Status"":""OK"",""Class"":""AndroidUsbDeviceClass"",""FriendlyName"":""Android Bootloader Interface"",""InstanceId"":""USB\\VID_18D1&PID_D00D\\1384E684""}]}",absent,fastboot,38.4,22.6,List of devices attached,1384e684               fastboot
2026-09-28T11:33:57.322+00:00,2026-09-28T11:33:57.371+00:00,534.507,present,3114.8,"{""state"":""present"",""devices"":[{""Status"":""OK"",""Class"":""AndroidUsbDeviceClass"",""FriendlyName"":""Android Bootloader Interface"",""InstanceId"":""USB\\VID_18D1&PID_D00D\\1384E684""}]}",absent,fastboot,27.2,22.2,List of devices attached | emulator-5568          offline transport_id:395,1384e684               fastboot
2026-09-28T11:33:58.322+00:00,2026-09-28T11:33:58.371+00:00,535.506,present,3114.8,"{""state"":""present"",""devices"":[{""Status"":""OK"",""Class"":""AndroidUsbDeviceClass"",""FriendlyName"":""Android Bootloader Interface"",""InstanceId"":""USB\\VID_18D1&PID_D00D\\1384E684""}]}",absent,fastboot,26.0,22.2,List of devices attached,1384e684               fastboot
2026-09-28T11:33:59.322+00:00,2026-09-28T11:33:59.368+00:00,536.503,present,3114.8,"{""state"":""present"",""devices"":[{""Status"":""OK"",""Class"":""AndroidUsbDeviceClass"",""FriendlyName"":""Android Bootloader Interface"",""InstanceId"":""USB\\VID_18D1&PID_D00D\\1384E684""}]}",absent,fastboot,23.8,21.7,List of devices attached,1384e684               fastboot
2026-09-28T11:34:00.323+00:00,2026-09-28T11:34:00.379+00:00,537.514,present,3114.8,"{""state"":""present"",""devices"":[{""Status"":""OK"",""Class"":""AndroidUsbDeviceClass"",""FriendlyName"":""Android Bootloader Interface"",""InstanceId"":""USB\\VID_18D1&PID_D00D\\1384E684""}]}",absent,fastboot,34.2,21.6,List of devices attached,1384e684               fastboot
2026-09-28T11:34:01.323+00:00,2026-09-28T11:34:01.385+00:00,538.521,present,3045.4,"{""state"":""present"",""devices"":[{""Status"":""OK"",""Class"":""AndroidUsbDeviceClass"",""FriendlyName"":""Android Bootloader Interface"",""InstanceId"":""USB\\VID_18D1&PID_D00D\\1384E684""}]}",absent,fastboot,25.2,36.8,List of devices attached | emulator-5568          offline transport_id:398,1384e684               fastboot
2026-09-28T11:34:02.324+00:00,2026-09-28T11:34:02.371+00:00,539.506,present,3045.4,"{""state"":""present"",""devices"":[{""Status"":""OK"",""Class"":""AndroidUsbDeviceClass"",""FriendlyName"":""Android Bootloader Interface"",""InstanceId"":""USB\\VID_18D1&PID_D00D\\1384E684""}]}",absent,fastboot,24.4,22.5,List of devices attached,1384e684               fastboot
2026-09-28T11:34:03.324+00:00,2026-09-28T11:34:03.376+00:00,540.512,present,3045.4,"{""state"":""present"",""devices"":[{""Status"":""OK"",""Class"":""AndroidUsbDeviceClass"",""FriendlyName"":""Android Bootloader Interface"",""InstanceId"":""USB\\VID_18D1&PID_D00D\\1384E684""}]}",absent,fastboot,30.2,22.0,List of devices attached,1384e684               fastboot
2026-09-28T11:34:04.324+00:00,2026-09-28T11:34:04.383+00:00,541.518,present,3045.4,"{""state"":""present"",""devices"":[{""Status"":""OK"",""Class"":""AndroidUsbDeviceClass"",""FriendlyName"":""Android Bootloader Interface"",""InstanceId"":""USB\\VID_18D1&PID_D00D\\1384E684""}]}",absent,fastboot,23.3,35.2,List of devices attached,1384e684               fastboot
2026-09-28T11:34:05.325+00:00,2026-09-28T11:34:05.371+00:00,542.507,present,3070.3,"{""state"":""present"",""devices"":[{""Status"":""OK"",""Class"":""AndroidUsbDeviceClass"",""FriendlyName"":""Android Bootloader Interface"",""InstanceId"":""USB\\VID_18D1&PID_D00D\\1384E684""}]}",absent,fastboot,24.2,22.5,List of devices attached,1384e684               fastboot
2026-09-28T11:34:06.325+00:00,2026-09-28T11:34:06.372+00:00,543.507,present,3070.3,"{""state"":""present"",""devices"":[{""Status"":""OK"",""Class"":""AndroidUsbDeviceClass"",""FriendlyName"":""Android Bootloader Interface"",""InstanceId"":""USB\\VID_18D1&PID_D00D\\1384E684""}]}",absent,fastboot,25.1,21.8,List of devices attached | emulator-5568          offline transport_id:402,1384e684               fastboot
2026-09-28T11:34:07.325+00:00,2026-09-28T11:34:07.373+00:00,544.509,present,3070.3,"{""state"":""present"",""devices"":[{""Status"":""OK"",""Class"":""AndroidUsbDeviceClass"",""FriendlyName"":""Android Bootloader Interface"",""InstanceId"":""USB\\VID_18D1&PID_D00D\\1384E684""}]}",absent,fastboot,25.2,23.0,List of devices attached,1384e684               fastboot
2026-09-28T11:34:08.325+00:00,2026-09-28T11:34:08.371+00:00,545.506,present,3070.3,"{""state"":""present"",""devices"":[{""Status"":""OK"",""Class"":""AndroidUsbDeviceClass"",""FriendlyName"":""Android Bootloader Interface"",""InstanceId"":""USB\\VID_18D1&PID_D00D\\1384E684""}]}",absent,fastboot,23.4,22.1,List of devices attached,1384e684               fastboot
2026-09-28T11:34:09.326+00:00,2026-09-28T11:34:09.383+00:00,546.519,present,3064.7,"{""state"":""present"",""devices"":[{""Status"":""OK"",""Class"":""AndroidUsbDeviceClass"",""FriendlyName"":""Android Bootloader Interface"",""InstanceId"":""USB\\VID_18D1&PID_D00D\\1384E684""}]}",absent,fastboot,33.8,23.3,List of devices attached,1384e684               fastboot
2026-09-28T11:34:10.326+00:00,2026-09-28T11:34:10.373+00:00,547.509,present,3064.7,"{""state"":""present"",""devices"":[{""Status"":""OK"",""Class"":""AndroidUsbDeviceClass"",""FriendlyName"":""Android Bootloader Interface"",""InstanceId"":""USB\\VID_18D1&PID_D00D\\1384E684""}]}",absent,fastboot,24.0,23.3,List of devices attached,1384e684               fastboot
2026-09-28T11:34:11.327+00:00,2026-09-28T11:34:11.371+00:00,548.507,present,3064.7,"{""state"":""present"",""devices"":[{""Status"":""OK"",""Class"":""AndroidUsbDeviceClass"",""FriendlyName"":""Android Bootloader Interface"",""InstanceId"":""USB\\VID_18D1&PID_D00D\\1384E684""}]}",absent,fastboot,22.6,22.1,List of devices attached | emulator-5568          offline transport_id:406,1384e684               fastboot
2026-09-28T11:34:12.327+00:00,2026-09-28T11:34:12.375+00:00,549.510,present,3064.7,"{""state"":""present"",""devices"":[{""Status"":""OK"",""Class"":""AndroidUsbDeviceClass"",""FriendlyName"":""Android Bootloader Interface"",""InstanceId"":""USB\\VID_18D1&PID_D00D\\1384E684""}]}",absent,fastboot,24.0,23.5,List of devices attached,1384e684               fastboot
2026-09-28T11:34:13.327+00:00,2026-09-28T11:34:13.376+00:00,550.511,present,3072.5,"{""state"":""present"",""devices"":[{""Status"":""OK"",""Class"":""AndroidUsbDeviceClass"",""FriendlyName"":""Android Bootloader Interface"",""InstanceId"":""USB\\VID_18D1&PID_D00D\\1384E684""}]}",absent,fastboot,25.6,23.1,List of devices attached,1384e684               fastboot
2026-09-28T11:34:14.328+00:00,2026-09-28T11:34:14.377+00:00,551.512,present,3072.5,"{""state"":""present"",""devices"":[{""Status"":""OK"",""Class"":""AndroidUsbDeviceClass"",""FriendlyName"":""Android Bootloader Interface"",""InstanceId"":""USB\\VID_18D1&PID_D00D\\1384E684""}]}",absent,fastboot,26.0,23.4,List of devices attached,1384e684               fastboot
2026-09-28T11:34:15.328+00:00,2026-09-28T11:34:15.376+00:00,552.512,present,3072.5,"{""state"":""present"",""devices"":[{""Status"":""OK"",""Class"":""AndroidUsbDeviceClass"",""FriendlyName"":""Android Bootloader Interface"",""InstanceId"":""USB\\VID_18D1&PID_D00D\\1384E684""}]}",absent,fastboot,24.2,23.9,List of devices attached | emulator-5568          offline transport_id:409,1384e684               fastboot
2026-09-28T11:34:16.328+00:00,2026-09-28T11:34:16.374+00:00,553.509,present,3072.5,"{""state"":""present"",""devices"":[{""Status"":""OK"",""Class"":""AndroidUsbDeviceClass"",""FriendlyName"":""Android Bootloader Interface"",""InstanceId"":""USB\\VID_18D1&PID_D00D\\1384E684""}]}",absent,fastboot,23.2,22.3,List of devices attached,1384e684               fastboot
2026-09-28T11:34:17.329+00:00,2026-09-28T11:34:17.382+00:00,554.518,present,3020.9,"{""state"":""present"",""devices"":[{""Status"":""OK"",""Class"":""AndroidUsbDeviceClass"",""FriendlyName"":""Android Bootloader Interface"",""InstanceId"":""USB\\VID_18D1&PID_D00D\\1384E684""}]}",absent,fastboot,24.4,29.4,List of devices attached,1384e684               fastboot
2026-09-28T11:34:18.329+00:00,2026-09-28T11:34:18.377+00:00,555.512,present,3020.9,"{""state"":""present"",""devices"":[{""Status"":""OK"",""Class"":""AndroidUsbDeviceClass"",""FriendlyName"":""Android Bootloader Interface"",""InstanceId"":""USB\\VID_18D1&PID_D00D\\1384E684""}]}",absent,fastboot,25.8,21.8,List of devices attached,1384e684               fastboot
2026-09-28T11:34:19.330+00:00,2026-09-28T11:34:19.376+00:00,556.512,present,3020.9,"{""state"":""present"",""devices"":[{""Status"":""OK"",""Class"":""AndroidUsbDeviceClass"",""FriendlyName"":""Android Bootloader Interface"",""InstanceId"":""USB\\VID_18D1&PID_D00D\\1384E684""}]}",absent,fastboot,25.0,21.7,List of devices attached,1384e684               fastboot
2026-09-28T11:34:20.330+00:00,2026-09-28T11:34:20.382+00:00,557.517,present,3020.9,"{""state"":""present"",""devices"":[{""Status"":""OK"",""Class"":""AndroidUsbDeviceClass"",""FriendlyName"":""Android Bootloader Interface"",""InstanceId"":""USB\\VID_18D1&PID_D00D\\1384E684""}]}",absent,fastboot,24.9,26.7,List of devices attached | emulator-5568          offline transport_id:413,1384e684               fastboot
2026-09-28T11:34:21.330+00:00,2026-09-28T11:34:21.376+00:00,558.512,present,3085.8,"{""state"":""present"",""devices"":[{""Status"":""OK"",""Class"":""AndroidUsbDeviceClass"",""FriendlyName"":""Android Bootloader Interface"",""InstanceId"":""USB\\VID_18D1&PID_D00D\\1384E684""}]}",absent,fastboot,23.7,22.2,List of devices attached,1384e684               fastboot
2026-09-28T11:34:22.331+00:00,2026-09-28T11:34:22.378+00:00,559.513,present,3085.8,"{""state"":""present"",""devices"":[{""Status"":""OK"",""Class"":""AndroidUsbDeviceClass"",""FriendlyName"":""Android Bootloader Interface"",""InstanceId"":""USB\\VID_18D1&PID_D00D\\1384E684""}]}",absent,fastboot,24.0,23.0,List of devices attached,1384e684               fastboot
2026-09-28T11:34:23.331+00:00,2026-09-28T11:34:23.386+00:00,560.522,present,3085.8,"{""state"":""present"",""devices"":[{""Status"":""OK"",""Class"":""AndroidUsbDeviceClass"",""FriendlyName"":""Android Bootloader Interface"",""InstanceId"":""USB\\VID_18D1&PID_D00D\\1384E684""}]}",absent,fastboot,24.3,31.2,List of devices attached,1384e684               fastboot
2026-09-28T11:34:24.331+00:00,2026-09-28T11:34:24.382+00:00,561.517,present,3085.8,"{""state"":""present"",""devices"":[{""Status"":""OK"",""Class"":""AndroidUsbDeviceClass"",""FriendlyName"":""Android Bootloader Interface"",""InstanceId"":""USB\\VID_18D1&PID_D00D\\1384E684""}]}",absent,fastboot,23.3,26.8,List of devices attached,1384e684               fastboot
2026-09-28T11:34:25.332+00:00,2026-09-28T11:34:25.379+00:00,562.514,present,3063.2,"{""state"":""present"",""devices"":[{""Status"":""OK"",""Class"":""AndroidUsbDeviceClass"",""FriendlyName"":""Android Bootloader Interface"",""InstanceId"":""USB\\VID_18D1&PID_D00D\\1384E684""}]}",absent,fastboot,24.3,22.5,List of devices attached | emulator-5568          offline transport_id:417,1384e684               fastboot
2026-09-28T11:34:26.332+00:00,2026-09-28T11:34:26.379+00:00,563.514,present,3063.2,"{""state"":""present"",""devices"":[{""Status"":""OK"",""Class"":""AndroidUsbDeviceClass"",""FriendlyName"":""Android Bootloader Interface"",""InstanceId"":""USB\\VID_18D1&PID_D00D\\1384E684""}]}",absent,fastboot,23.7,23.3,List of devices attached,1384e684               fastboot
2026-09-28T11:34:27.332+00:00,2026-09-28T11:34:27.381+00:00,564.517,present,3063.2,"{""state"":""present"",""devices"":[{""Status"":""OK"",""Class"":""AndroidUsbDeviceClass"",""FriendlyName"":""Android Bootloader Interface"",""InstanceId"":""USB\\VID_18D1&PID_D00D\\1384E684""}]}",absent,fastboot,23.2,25.8,List of devices attached,1384e684               fastboot
2026-09-28T11:34:28.332+00:00,2026-09-28T11:34:28.379+00:00,565.515,present,3063.2,"{""state"":""present"",""devices"":[{""Status"":""OK"",""Class"":""AndroidUsbDeviceClass"",""FriendlyName"":""Android Bootloader Interface"",""InstanceId"":""USB\\VID_18D1&PID_D00D\\1384E684""}]}",absent,fastboot,23.7,22.9,List of devices attached,1384e684               fastboot
2026-09-28T11:34:29.333+00:00,2026-09-28T11:34:29.386+00:00,566.521,present,3066.8,"{""state"":""present"",""devices"":[{""Status"":""OK"",""Class"":""AndroidUsbDeviceClass"",""FriendlyName"":""Android Bootloader Interface"",""InstanceId"":""USB\\VID_18D1&PID_D00D\\1384E684""}]}",absent,fastboot,24.1,28.6,List of devices attached | emulator-5568          offline transport_id:420,1384e684               fastboot
2026-09-28T11:34:30.333+00:00,2026-09-28T11:34:30.388+00:00,567.523,present,3066.8,"{""state"":""present"",""devices"":[{""Status"":""OK"",""Class"":""AndroidUsbDeviceClass"",""FriendlyName"":""Android Bootloader Interface"",""InstanceId"":""USB\\VID_18D1&PID_D00D\\1384E684""}]}",absent,fastboot,31.2,23.4,List of devices attached,1384e684               fastboot
2026-09-28T11:34:31.333+00:00,2026-09-28T11:34:31.384+00:00,568.519,present,3066.8,"{""state"":""present"",""devices"":[{""Status"":""OK"",""Class"":""AndroidUsbDeviceClass"",""FriendlyName"":""Android Bootloader Interface"",""InstanceId"":""USB\\VID_18D1&PID_D00D\\1384E684""}]}",absent,fastboot,25.5,25.4,List of devices attached,1384e684               fastboot
2026-09-28T11:34:32.333+00:00,2026-09-28T11:34:32.382+00:00,569.517,present,3066.8,"{""state"":""present"",""devices"":[{""Status"":""OK"",""Class"":""AndroidUsbDeviceClass"",""FriendlyName"":""Android Bootloader Interface"",""InstanceId"":""USB\\VID_18D1&PID_D00D\\1384E684""}]}",absent,fastboot,25.1,23.7,List of devices attached,1384e684               fastboot
2026-09-28T11:34:33.333+00:00,2026-09-28T11:34:33.389+00:00,570.524,present,3177.5,"{""state"":""present"",""devices"":[{""Status"":""OK"",""Class"":""AndroidUsbDeviceClass"",""FriendlyName"":""Android Bootloader Interface"",""InstanceId"":""USB\\VID_18D1&PID_D00D\\1384E684""}]}",absent,fastboot,25.1,30.5,List of devices attached,1384e684               fastboot
2026-09-28T11:34:34.334+00:00,2026-09-28T11:34:34.380+00:00,571.516,present,3177.5,"{""state"":""present"",""devices"":[{""Status"":""OK"",""Class"":""AndroidUsbDeviceClass"",""FriendlyName"":""Android Bootloader Interface"",""InstanceId"":""USB\\VID_18D1&PID_D00D\\1384E684""}]}",absent,fastboot,23.6,23.0,List of devices attached | emulator-5568          offline transport_id:424,1384e684               fastboot
2026-09-28T11:34:35.334+00:00,2026-09-28T11:34:35.381+00:00,572.517,present,3177.5,"{""state"":""present"",""devices"":[{""Status"":""OK"",""Class"":""AndroidUsbDeviceClass"",""FriendlyName"":""Android Bootloader Interface"",""InstanceId"":""USB\\VID_18D1&PID_D00D\\1384E684""}]}",absent,fastboot,23.9,23.6,List of devices attached,1384e684               fastboot
2026-09-28T11:34:36.334+00:00,2026-09-28T11:34:36.380+00:00,573.516,present,3177.5,"{""state"":""present"",""devices"":[{""Status"":""OK"",""Class"":""AndroidUsbDeviceClass"",""FriendlyName"":""Android Bootloader Interface"",""InstanceId"":""USB\\VID_18D1&PID_D00D\\1384E684""}]}",absent,fastboot,23.7,22.4,List of devices attached,1384e684               fastboot
2026-09-28T11:34:37.334+00:00,2026-09-28T11:34:37.380+00:00,574.515,present,3054.5,"{""state"":""present"",""devices"":[{""Status"":""OK"",""Class"":""AndroidUsbDeviceClass"",""FriendlyName"":""Android Bootloader Interface"",""InstanceId"":""USB\\VID_18D1&PID_D00D\\1384E684""}]}",absent,fastboot,23.3,22.4,List of devices attached,1384e684               fastboot
2026-09-28T11:34:38.334+00:00,2026-09-28T11:34:38.379+00:00,575.514,present,3054.5,"{""state"":""present"",""devices"":[{""Status"":""OK"",""Class"":""AndroidUsbDeviceClass"",""FriendlyName"":""Android Bootloader Interface"",""InstanceId"":""USB\\VID_18D1&PID_D00D\\1384E684""}]}",absent,fastboot,23.2,21.2,List of devices attached,1384e684               fastboot
2026-09-28T11:34:39.335+00:00,2026-09-28T11:34:39.378+00:00,576.514,present,3054.5,"{""state"":""present"",""devices"":[{""Status"":""OK"",""Class"":""AndroidUsbDeviceClass"",""FriendlyName"":""Android Bootloader Interface"",""InstanceId"":""USB\\VID_18D1&PID_D00D\\1384E684""}]}",absent,fastboot,22.7,21.1,List of devices attached | emulator-5568          offline transport_id:428,1384e684               fastboot
2026-09-28T11:34:40.335+00:00,2026-09-28T11:34:40.389+00:00,577.524,present,3054.5,"{""state"":""present"",""devices"":[{""Status"":""OK"",""Class"":""AndroidUsbDeviceClass"",""FriendlyName"":""Android Bootloader Interface"",""InstanceId"":""USB\\VID_18D1&PID_D00D\\1384E684""}]}",absent,fastboot,31.9,22.4,List of devices attached,1384e684               fastboot
2026-09-28T11:34:41.335+00:00,2026-09-28T11:34:41.381+00:00,578.516,present,3046.1,"{""state"":""present"",""devices"":[{""Status"":""OK"",""Class"":""AndroidUsbDeviceClass"",""FriendlyName"":""Android Bootloader Interface"",""InstanceId"":""USB\\VID_18D1&PID_D00D\\1384E684""}]}",absent,fastboot,24.1,21.2,List of devices attached,1384e684               fastboot
2026-09-28T11:34:42.335+00:00,2026-09-28T11:34:42.380+00:00,579.515,present,3046.1,"{""state"":""present"",""devices"":[{""Status"":""OK"",""Class"":""AndroidUsbDeviceClass"",""FriendlyName"":""Android Bootloader Interface"",""InstanceId"":""USB\\VID_18D1&PID_D00D\\1384E684""}]}",absent,fastboot,23.5,21.1,List of devices attached,1384e684               fastboot
2026-09-28T11:34:43.335+00:00,2026-09-28T11:34:43.382+00:00,580.517,present,3046.1,"{""state"":""present"",""devices"":[{""Status"":""OK"",""Class"":""AndroidUsbDeviceClass"",""FriendlyName"":""Android Bootloader Interface"",""InstanceId"":""USB\\VID_18D1&PID_D00D\\1384E684""}]}",absent,fastboot,23.7,22.3,List of devices attached | emulator-5568          offline transport_id:431,1384e684               fastboot
2026-09-28T11:34:44.336+00:00,2026-09-28T11:34:44.381+00:00,581.517,present,3046.1,"{""state"":""present"",""devices"":[{""Status"":""OK"",""Class"":""AndroidUsbDeviceClass"",""FriendlyName"":""Android Bootloader Interface"",""InstanceId"":""USB\\VID_18D1&PID_D00D\\1384E684""}]}",absent,fastboot,23.7,21.8,List of devices attached,1384e684               fastboot
2026-09-28T11:34:45.336+00:00,2026-09-28T11:34:45.395+00:00,582.530,present,3029.8,"{""state"":""present"",""devices"":[{""Status"":""OK"",""Class"":""AndroidUsbDeviceClass"",""FriendlyName"":""Android Bootloader Interface"",""InstanceId"":""USB\\VID_18D1&PID_D00D\\1384E684""}]}",absent,fastboot,35.4,23.3,List of devices attached,1384e684               fastboot
2026-09-28T11:34:46.336+00:00,2026-09-28T11:34:46.381+00:00,583.517,present,3029.8,"{""state"":""present"",""devices"":[{""Status"":""OK"",""Class"":""AndroidUsbDeviceClass"",""FriendlyName"":""Android Bootloader Interface"",""InstanceId"":""USB\\VID_18D1&PID_D00D\\1384E684""}]}",absent,fastboot,22.8,21.9,List of devices attached,1384e684               fastboot
2026-09-28T11:34:47.337+00:00,2026-09-28T11:34:47.382+00:00,584.517,present,3029.8,"{""state"":""present"",""devices"":[{""Status"":""OK"",""Class"":""AndroidUsbDeviceClass"",""FriendlyName"":""Android Bootloader Interface"",""InstanceId"":""USB\\VID_18D1&PID_D00D\\1384E684""}]}",absent,fastboot,22.9,21.9,List of devices attached,1384e684               fastboot
2026-09-28T11:34:48.337+00:00,2026-09-28T11:34:48.383+00:00,585.518,present,3029.8,"{""state"":""present"",""devices"":[{""Status"":""OK"",""Class"":""AndroidUsbDeviceClass"",""FriendlyName"":""Android Bootloader Interface"",""InstanceId"":""USB\\VID_18D1&PID_D00D\\1384E684""}]}",absent,fastboot,23.4,22.2,List of devices attached | emulator-5568          offline transport_id:435,1384e684               fastboot
2026-09-28T11:34:49.337+00:00,2026-09-28T11:34:49.386+00:00,586.521,present,3037.3,"{""state"":""present"",""devices"":[{""Status"":""OK"",""Class"":""AndroidUsbDeviceClass"",""FriendlyName"":""Android Bootloader Interface"",""InstanceId"":""USB\\VID_18D1&PID_D00D\\1384E684""}]}",absent,fastboot,25.4,23.2,List of devices attached,1384e684               fastboot
2026-09-28T11:34:50.337+00:00,2026-09-28T11:34:50.384+00:00,587.519,present,3037.3,"{""state"":""present"",""devices"":[{""Status"":""OK"",""Class"":""AndroidUsbDeviceClass"",""FriendlyName"":""Android Bootloader Interface"",""InstanceId"":""USB\\VID_18D1&PID_D00D\\1384E684""}]}",absent,fastboot,23.3,22.9,List of devices attached,1384e684               fastboot
2026-09-28T11:34:51.338+00:00,2026-09-28T11:34:51.392+00:00,588.527,present,3037.3,"{""state"":""present"",""devices"":[{""Status"":""OK"",""Class"":""AndroidUsbDeviceClass"",""FriendlyName"":""Android Bootloader Interface"",""InstanceId"":""USB\\VID_18D1&PID_D00D\\1384E684""}]}",absent,fastboot,22.9,31.3,List of devices attached,1384e684               fastboot
2026-09-28T11:34:52.338+00:00,2026-09-28T11:34:52.384+00:00,589.519,present,3037.3,"{""state"":""present"",""devices"":[{""Status"":""OK"",""Class"":""AndroidUsbDeviceClass"",""FriendlyName"":""Android Bootloader Interface"",""InstanceId"":""USB\\VID_18D1&PID_D00D\\1384E684""}]}",absent,fastboot,23.2,22.7,List of devices attached,1384e684               fastboot
2026-09-28T11:34:53.339+00:00,2026-09-28T11:34:53.385+00:00,590.521,present,3085.5,"{""state"":""present"",""devices"":[{""Status"":""OK"",""Class"":""AndroidUsbDeviceClass"",""FriendlyName"":""Android Bootloader Interface"",""InstanceId"":""USB\\VID_18D1&PID_D00D\\1384E684""}]}",absent,fastboot,24.2,22.3,List of devices attached | emulator-5568          offline transport_id:439,1384e684               fastboot
2026-09-28T11:34:54.339+00:00,2026-09-28T11:34:54.388+00:00,591.523,present,3085.5,"{""state"":""present"",""devices"":[{""Status"":""OK"",""Class"":""AndroidUsbDeviceClass"",""FriendlyName"":""Android Bootloader Interface"",""InstanceId"":""USB\\VID_18D1&PID_D00D\\1384E684""}]}",absent,fastboot,22.9,26.1,List of devices attached,1384e684               fastboot
2026-09-28T11:34:55.339+00:00,2026-09-28T11:34:55.388+00:00,592.524,present,3085.5,"{""state"":""present"",""devices"":[{""Status"":""OK"",""Class"":""AndroidUsbDeviceClass"",""FriendlyName"":""Android Bootloader Interface"",""InstanceId"":""USB\\VID_18D1&PID_D00D\\1384E684""}]}",absent,fastboot,25.3,23.5,List of devices attached,1384e684               fastboot
2026-09-28T11:34:56.339+00:00,2026-09-28T11:34:56.388+00:00,593.523,present,3085.5,"{""state"":""present"",""devices"":[{""Status"":""OK"",""Class"":""AndroidUsbDeviceClass"",""FriendlyName"":""Android Bootloader Interface"",""InstanceId"":""USB\\VID_18D1&PID_D00D\\1384E684""}]}",absent,fastboot,25.4,23.0,List of devices attached,1384e684               fastboot
2026-09-28T11:34:57.340+00:00,2026-09-28T11:34:57.390+00:00,594.525,present,3182.3,"{""state"":""present"",""devices"":[{""Status"":""OK"",""Class"":""AndroidUsbDeviceClass"",""FriendlyName"":""Android Bootloader Interface"",""InstanceId"":""USB\\VID_18D1&PID_D00D\\1384E684""}]}",absent,fastboot,26.3,23.4,List of devices attached | emulator-5568          offline transport_id:442,1384e684               fastboot
2026-09-28T11:34:58.341+00:00,2026-09-28T11:34:58.388+00:00,595.523,present,3182.3,"{""state"":""present"",""devices"":[{""Status"":""OK"",""Class"":""AndroidUsbDeviceClass"",""FriendlyName"":""Android Bootloader Interface"",""InstanceId"":""USB\\VID_18D1&PID_D00D\\1384E684""}]}",absent,fastboot,25.8,21.5,List of devices attached,1384e684               fastboot
2026-09-28T11:34:59.341+00:00,2026-09-28T11:34:59.396+00:00,596.531,present,3182.3,"{""state"":""present"",""devices"":[{""Status"":""OK"",""Class"":""AndroidUsbDeviceClass"",""FriendlyName"":""Android Bootloader Interface"",""InstanceId"":""USB\\VID_18D1&PID_D00D\\1384E684""}]}",absent,fastboot,24.7,29.9,List of devices attached,1384e684               fastboot
2026-09-28T11:35:00.341+00:00,2026-09-28T11:35:00.390+00:00,597.525,present,3182.3,"{""state"":""present"",""devices"":[{""Status"":""OK"",""Class"":""AndroidUsbDeviceClass"",""FriendlyName"":""Android Bootloader Interface"",""InstanceId"":""USB\\VID_18D1&PID_D00D\\1384E684""}]}",absent,fastboot,25.3,23.1,List of devices attached,1384e684               fastboot
2026-09-28T11:35:01.341+00:00,2026-09-28T11:35:01.388+00:00,598.523,present,3052.2,"{""state"":""present"",""devices"":[{""Status"":""OK"",""Class"":""AndroidUsbDeviceClass"",""FriendlyName"":""Android Bootloader Interface"",""InstanceId"":""USB\\VID_18D1&PID_D00D\\1384E684""}]}",absent,fastboot,24.5,21.8,List of devices attached,1384e684               fastboot
2026-09-28T11:35:02.342+00:00,2026-09-28T11:35:02.387+00:00,599.522,present,3052.2,"{""state"":""present"",""devices"":[{""Status"":""OK"",""Class"":""AndroidUsbDeviceClass"",""FriendlyName"":""Android Bootloader Interface"",""InstanceId"":""USB\\VID_18D1&PID_D00D\\1384E684""}]}",absent,fastboot,23.5,21.5,List of devices attached | emulator-5568          offline transport_id:446,1384e684               fastboot
2026-09-28T11:35:03.342+00:00,2026-09-28T11:35:03.388+00:00,600.523,present,3052.2,"{""state"":""present"",""devices"":[{""Status"":""OK"",""Class"":""AndroidUsbDeviceClass"",""FriendlyName"":""Android Bootloader Interface"",""InstanceId"":""USB\\VID_18D1&PID_D00D\\1384E684""}]}",absent,fastboot,23.8,22.2,List of devices attached,1384e684               fastboot
2026-09-28T11:35:04.342+00:00,2026-09-28T11:35:04.389+00:00,601.524,present,3052.2,"{""state"":""present"",""devices"":[{""Status"":""OK"",""Class"":""AndroidUsbDeviceClass"",""FriendlyName"":""Android Bootloader Interface"",""InstanceId"":""USB\\VID_18D1&PID_D00D\\1384E684""}]}",absent,fastboot,25.3,21.8,List of devices attached,1384e684               fastboot
2026-09-28T11:35:05.342+00:00,2026-09-28T11:35:05.390+00:00,602.526,present,3085.2,"{""state"":""present"",""devices"":[{""Status"":""OK"",""Class"":""AndroidUsbDeviceClass"",""FriendlyName"":""Android Bootloader Interface"",""InstanceId"":""USB\\VID_18D1&PID_D00D\\1384E684""}]}",absent,fastboot,24.1,23.9,List of devices attached,1384e684               fastboot
2026-09-28T11:35:06.342+00:00,2026-09-28T11:35:06.389+00:00,603.524,present,3085.2,"{""state"":""present"",""devices"":[{""Status"":""OK"",""Class"":""AndroidUsbDeviceClass"",""FriendlyName"":""Android Bootloader Interface"",""InstanceId"":""USB\\VID_18D1&PID_D00D\\1384E684""}]}",absent,fastboot,24.3,22.3,List of devices attached,1384e684               fastboot
2026-09-28T11:35:07.343+00:00,2026-09-28T11:35:07.390+00:00,604.526,present,3085.2,"{""state"":""present"",""devices"":[{""Status"":""OK"",""Class"":""AndroidUsbDeviceClass"",""FriendlyName"":""Android Bootloader Interface"",""InstanceId"":""USB\\VID_18D1&PID_D00D\\1384E684""}]}",absent,fastboot,25.2,22.6,List of devices attached | emulator-5568          offline transport_id:450,1384e684               fastboot
2026-09-28T11:35:08.343+00:00,2026-09-28T11:35:08.390+00:00,605.526,present,3085.2,"{""state"":""present"",""devices"":[{""Status"":""OK"",""Class"":""AndroidUsbDeviceClass"",""FriendlyName"":""Android Bootloader Interface"",""InstanceId"":""USB\\VID_18D1&PID_D00D\\1384E684""}]}",absent,fastboot,25.2,22.3,List of devices attached,1384e684               fastboot
2026-09-28T11:35:09.343+00:00,2026-09-28T11:35:09.390+00:00,606.526,present,3049.3,"{""state"":""present"",""devices"":[{""Status"":""OK"",""Class"":""AndroidUsbDeviceClass"",""FriendlyName"":""Android Bootloader Interface"",""InstanceId"":""USB\\VID_18D1&PID_D00D\\1384E684""}]}",absent,fastboot,25.3,21.9,List of devices attached,1384e684               fastboot
2026-09-28T11:35:10.343+00:00,2026-09-28T11:35:10.389+00:00,607.525,present,3049.3,"{""state"":""present"",""devices"":[{""Status"":""OK"",""Class"":""AndroidUsbDeviceClass"",""FriendlyName"":""Android Bootloader Interface"",""InstanceId"":""USB\\VID_18D1&PID_D00D\\1384E684""}]}",absent,fastboot,24.3,21.6,List of devices attached,1384e684               fastboot
2026-09-28T11:35:11.344+00:00,2026-09-28T11:35:11.394+00:00,608.529,present,3049.3,"{""state"":""present"",""devices"":[{""Status"":""OK"",""Class"":""AndroidUsbDeviceClass"",""FriendlyName"":""Android Bootloader Interface"",""InstanceId"":""USB\\VID_18D1&PID_D00D\\1384E684""}]}",absent,fastboot,26.3,23.3,List of devices attached | emulator-5568          offline transport_id:453,1384e684               fastboot
2026-09-28T11:35:12.344+00:00,2026-09-28T11:35:12.392+00:00,609.527,present,3049.3,"{""state"":""present"",""devices"":[{""Status"":""OK"",""Class"":""AndroidUsbDeviceClass"",""FriendlyName"":""Android Bootloader Interface"",""InstanceId"":""USB\\VID_18D1&PID_D00D\\1384E684""}]}",absent,fastboot,24.8,22.5,List of devices attached,1384e684               fastboot
2026-09-28T11:35:13.345+00:00,2026-09-28T11:35:13.392+00:00,610.528,present,3133.1,"{""state"":""present"",""devices"":[{""Status"":""OK"",""Class"":""AndroidUsbDeviceClass"",""FriendlyName"":""Android Bootloader Interface"",""InstanceId"":""USB\\VID_18D1&PID_D00D\\1384E684""}]}",absent,fastboot,25.1,22.3,List of devices attached,1384e684               fastboot
2026-09-28T11:35:14.345+00:00,2026-09-28T11:35:14.392+00:00,611.527,present,3133.1,"{""state"":""present"",""devices"":[{""Status"":""OK"",""Class"":""AndroidUsbDeviceClass"",""FriendlyName"":""Android Bootloader Interface"",""InstanceId"":""USB\\VID_18D1&PID_D00D\\1384E684""}]}",absent,fastboot,24.5,21.8,List of devices attached,1384e684               fastboot
2026-09-28T11:35:15.346+00:00,2026-09-28T11:35:15.404+00:00,612.539,present,3133.1,"{""state"":""present"",""devices"":[{""Status"":""OK"",""Class"":""AndroidUsbDeviceClass"",""FriendlyName"":""Android Bootloader Interface"",""InstanceId"":""USB\\VID_18D1&PID_D00D\\1384E684""}]}",absent,fastboot,35.6,22.3,List of devices attached,1384e684               fastboot
2026-09-28T11:35:16.346+00:00,2026-09-28T11:35:16.395+00:00,613.530,present,3133.1,"{""state"":""present"",""devices"":[{""Status"":""OK"",""Class"":""AndroidUsbDeviceClass"",""FriendlyName"":""Android Bootloader Interface"",""InstanceId"":""USB\\VID_18D1&PID_D00D\\1384E684""}]}",absent,fastboot,25.5,23.0,List of devices attached | emulator-5568          offline transport_id:457,1384e684               fastboot
2026-09-28T11:35:17.346+00:00,2026-09-28T11:35:17.396+00:00,614.532,present,3075.6,"{""state"":""present"",""devices"":[{""Status"":""OK"",""Class"":""AndroidUsbDeviceClass"",""FriendlyName"":""Android Bootloader Interface"",""InstanceId"":""USB\\VID_18D1&PID_D00D\\1384E684""}]}",absent,fastboot,26.6,23.0,List of devices attached,1384e684               fastboot
2026-09-28T11:35:18.347+00:00,2026-09-28T11:35:18.393+00:00,615.528,present,3075.6,"{""state"":""present"",""devices"":[{""Status"":""OK"",""Class"":""AndroidUsbDeviceClass"",""FriendlyName"":""Android Bootloader Interface"",""InstanceId"":""USB\\VID_18D1&PID_D00D\\1384E684""}]}",absent,fastboot,24.6,21.3,List of devices attached,1384e684               fastboot
2026-09-28T11:35:19.347+00:00,2026-09-28T11:35:19.392+00:00,616.527,present,3075.6,"{""state"":""present"",""devices"":[{""Status"":""OK"",""Class"":""AndroidUsbDeviceClass"",""FriendlyName"":""Android Bootloader Interface"",""InstanceId"":""USB\\VID_18D1&PID_D00D\\1384E684""}]}",absent,fastboot,24.0,21.0,List of devices attached,1384e684               fastboot
2026-09-28T11:35:20.347+00:00,2026-09-28T11:35:20.399+00:00,617.534,present,3075.6,"{""state"":""present"",""devices"":[{""Status"":""OK"",""Class"":""AndroidUsbDeviceClass"",""FriendlyName"":""Android Bootloader Interface"",""InstanceId"":""USB\\VID_18D1&PID_D00D\\1384E684""}]}",absent,fastboot,23.8,28.1,List of devices attached | emulator-5568          offline transport_id:460,1384e684               fastboot
2026-09-28T11:35:21.348+00:00,2026-09-28T11:35:21.392+00:00,618.528,present,3064.7,"{""state"":""present"",""devices"":[{""Status"":""OK"",""Class"":""AndroidUsbDeviceClass"",""FriendlyName"":""Android Bootloader Interface"",""InstanceId"":""USB\\VID_18D1&PID_D00D\\1384E684""}]}",absent,fastboot,23.4,21.1,List of devices attached,1384e684               fastboot
2026-09-28T11:35:22.348+00:00,2026-09-28T11:35:22.394+00:00,619.529,present,3064.7,"{""state"":""present"",""devices"":[{""Status"":""OK"",""Class"":""AndroidUsbDeviceClass"",""FriendlyName"":""Android Bootloader Interface"",""InstanceId"":""USB\\VID_18D1&PID_D00D\\1384E684""}]}",absent,fastboot,23.1,22.4,List of devices attached,1384e684               fastboot
2026-09-28T11:35:23.349+00:00,2026-09-28T11:35:23.407+00:00,620.542,present,3064.7,"{""state"":""present"",""devices"":[{""Status"":""OK"",""Class"":""AndroidUsbDeviceClass"",""FriendlyName"":""Android Bootloader Interface"",""InstanceId"":""USB\\VID_18D1&PID_D00D\\1384E684""}]}",absent,fastboot,34.4,23.6,List of devices attached,1384e684               fastboot
2026-09-28T11:35:24.349+00:00,2026-09-28T11:35:24.395+00:00,621.530,present,3064.7,"{""state"":""present"",""devices"":[{""Status"":""OK"",""Class"":""AndroidUsbDeviceClass"",""FriendlyName"":""Android Bootloader Interface"",""InstanceId"":""USB\\VID_18D1&PID_D00D\\1384E684""}]}",absent,fastboot,25.1,20.7,List of devices attached,1384e684               fastboot
2026-09-28T11:35:25.349+00:00,2026-09-28T11:35:25.413+00:00,622.548,present,3022.8,"{""state"":""present"",""devices"":[{""Status"":""OK"",""Class"":""AndroidUsbDeviceClass"",""FriendlyName"":""Android Bootloader Interface"",""InstanceId"":""USB\\VID_18D1&PID_D00D\\1384E684""}]}",absent,fastboot,39.2,24.1,List of devices attached | emulator-5568          offline transport_id:464,1384e684               fastboot
2026-09-28T11:35:26.350+00:00,2026-09-28T11:35:26.397+00:00,623.532,present,3022.8,"{""state"":""present"",""devices"":[{""Status"":""OK"",""Class"":""AndroidUsbDeviceClass"",""FriendlyName"":""Android Bootloader Interface"",""InstanceId"":""USB\\VID_18D1&PID_D00D\\1384E684""}]}",absent,fastboot,25.8,21.0,List of devices attached,1384e684               fastboot
2026-09-28T11:35:27.350+00:00,2026-09-28T11:35:27.395+00:00,624.531,present,3022.8,"{""state"":""present"",""devices"":[{""Status"":""OK"",""Class"":""AndroidUsbDeviceClass"",""FriendlyName"":""Android Bootloader Interface"",""InstanceId"":""USB\\VID_18D1&PID_D00D\\1384E684""}]}",absent,fastboot,24.1,21.0,List of devices attached,1384e684               fastboot
2026-09-28T11:35:28.350+00:00,2026-09-28T11:35:28.398+00:00,625.533,present,3022.8,"{""state"":""present"",""devices"":[{""Status"":""OK"",""Class"":""AndroidUsbDeviceClass"",""FriendlyName"":""Android Bootloader Interface"",""InstanceId"":""USB\\VID_18D1&PID_D00D\\1384E684""}]}",absent,fastboot,25.6,21.4,List of devices attached,1384e684               fastboot
2026-09-28T11:35:29.351+00:00,2026-09-28T11:35:29.397+00:00,626.532,present,3060.5,"{""state"":""present"",""devices"":[{""Status"":""OK"",""Class"":""AndroidUsbDeviceClass"",""FriendlyName"":""Android Bootloader Interface"",""InstanceId"":""USB\\VID_18D1&PID_D00D\\1384E684""}]}",absent,fastboot,24.1,22.2,List of devices attached,1384e684               fastboot
2026-09-28T11:35:30.351+00:00,2026-09-28T11:35:30.417+00:00,627.553,present,3060.5,"{""state"":""present"",""devices"":[{""Status"":""OK"",""Class"":""AndroidUsbDeviceClass"",""FriendlyName"":""Android Bootloader Interface"",""InstanceId"":""USB\\VID_18D1&PID_D00D\\1384E684""}]}",absent,fastboot,45.6,20.8,List of devices attached | emulator-5568          offline transport_id:468,1384e684               fastboot
2026-09-28T11:35:31.351+00:00,2026-09-28T11:35:31.397+00:00,628.533,present,3060.5,"{""state"":""present"",""devices"":[{""Status"":""OK"",""Class"":""AndroidUsbDeviceClass"",""FriendlyName"":""Android Bootloader Interface"",""InstanceId"":""USB\\VID_18D1&PID_D00D\\1384E684""}]}",absent,fastboot,23.9,22.1,List of devices attached,1384e684               fastboot
2026-09-28T11:35:32.352+00:00,2026-09-28T11:35:32.403+00:00,629.538,present,3060.5,"{""state"":""present"",""devices"":[{""Status"":""OK"",""Class"":""AndroidUsbDeviceClass"",""FriendlyName"":""Android Bootloader Interface"",""InstanceId"":""USB\\VID_18D1&PID_D00D\\1384E684""}]}",absent,fastboot,28.9,21.8,List of devices attached,1384e684               fastboot
2026-09-28T11:35:33.352+00:00,2026-09-28T11:35:33.401+00:00,630.537,present,3102.5,"{""state"":""present"",""devices"":[{""Status"":""OK"",""Class"":""AndroidUsbDeviceClass"",""FriendlyName"":""Android Bootloader Interface"",""InstanceId"":""USB\\VID_18D1&PID_D00D\\1384E684""}]}",absent,fastboot,26.6,22.6,List of devices attached,1384e684               fastboot
2026-09-28T11:35:34.352+00:00,2026-09-28T11:35:34.401+00:00,631.536,present,3102.5,"{""state"":""present"",""devices"":[{""Status"":""OK"",""Class"":""AndroidUsbDeviceClass"",""FriendlyName"":""Android Bootloader Interface"",""InstanceId"":""USB\\VID_18D1&PID_D00D\\1384E684""}]}",absent,fastboot,25.9,22.6,List of devices attached | emulator-5568          offline transport_id:471,1384e684               fastboot
2026-09-28T11:35:35.353+00:00,2026-09-28T11:35:35.412+00:00,632.548,present,3102.5,"{""state"":""present"",""devices"":[{""Status"":""OK"",""Class"":""AndroidUsbDeviceClass"",""FriendlyName"":""Android Bootloader Interface"",""InstanceId"":""USB\\VID_18D1&PID_D00D\\1384E684""}]}",absent,fastboot,38.3,21.5,List of devices attached,1384e684               fastboot
2026-09-28T11:35:36.353+00:00,2026-09-28T11:35:36.399+00:00,633.535,present,3102.5,"{""state"":""present"",""devices"":[{""Status"":""OK"",""Class"":""AndroidUsbDeviceClass"",""FriendlyName"":""Android Bootloader Interface"",""InstanceId"":""USB\\VID_18D1&PID_D00D\\1384E684""}]}",absent,fastboot,24.1,22.3,List of devices attached,1384e684               fastboot
2026-09-28T11:35:37.353+00:00,2026-09-28T11:35:37.400+00:00,634.535,present,3131.1,"{""state"":""present"",""devices"":[{""Status"":""OK"",""Class"":""AndroidUsbDeviceClass"",""FriendlyName"":""Android Bootloader Interface"",""InstanceId"":""USB\\VID_18D1&PID_D00D\\1384E684""}]}",absent,fastboot,24.6,22.3,List of devices attached,1384e684               fastboot
2026-09-28T11:35:38.353+00:00,2026-09-28T11:35:38.400+00:00,635.536,present,3131.1,"{""state"":""present"",""devices"":[{""Status"":""OK"",""Class"":""AndroidUsbDeviceClass"",""FriendlyName"":""Android Bootloader Interface"",""InstanceId"":""USB\\VID_18D1&PID_D00D\\1384E684""}]}",absent,fastboot,25.0,22.0,List of devices attached,1384e684               fastboot
2026-09-28T11:35:39.354+00:00,2026-09-28T11:35:39.403+00:00,636.538,present,3131.1,"{""state"":""present"",""devices"":[{""Status"":""OK"",""Class"":""AndroidUsbDeviceClass"",""FriendlyName"":""Android Bootloader Interface"",""InstanceId"":""USB\\VID_18D1&PID_D00D\\1384E684""}]}",absent,fastboot,26.5,22.5,List of devices attached | emulator-5568          offline transport_id:475,1384e684               fastboot
2026-09-28T11:35:40.354+00:00,2026-09-28T11:35:40.400+00:00,637.536,present,3131.1,"{""state"":""present"",""devices"":[{""Status"":""OK"",""Class"":""AndroidUsbDeviceClass"",""FriendlyName"":""Android Bootloader Interface"",""InstanceId"":""USB\\VID_18D1&PID_D00D\\1384E684""}]}",absent,fastboot,23.7,22.9,List of devices attached,1384e684               fastboot
2026-09-28T11:35:41.354+00:00,2026-09-28T11:35:41.400+00:00,638.535,present,3109.2,"{""state"":""present"",""devices"":[{""Status"":""OK"",""Class"":""AndroidUsbDeviceClass"",""FriendlyName"":""Android Bootloader Interface"",""InstanceId"":""USB\\VID_18D1&PID_D00D\\1384E684""}]}",absent,fastboot,23.9,21.8,List of devices attached,1384e684               fastboot
2026-09-28T11:35:42.354+00:00,2026-09-28T11:35:42.400+00:00,639.535,present,3109.2,"{""state"":""present"",""devices"":[{""Status"":""OK"",""Class"":""AndroidUsbDeviceClass"",""FriendlyName"":""Android Bootloader Interface"",""InstanceId"":""USB\\VID_18D1&PID_D00D\\1384E684""}]}",absent,fastboot,23.8,22.0,List of devices attached,1384e684               fastboot
2026-09-28T11:35:43.355+00:00,2026-09-28T11:35:43.401+00:00,640.536,present,3109.2,"{""state"":""present"",""devices"":[{""Status"":""OK"",""Class"":""AndroidUsbDeviceClass"",""FriendlyName"":""Android Bootloader Interface"",""InstanceId"":""USB\\VID_18D1&PID_D00D\\1384E684""}]}",absent,fastboot,24.3,22.1,List of devices attached,1384e684               fastboot
2026-09-28T11:35:44.355+00:00,2026-09-28T11:35:44.401+00:00,641.537,present,3109.2,"{""state"":""present"",""devices"":[{""Status"":""OK"",""Class"":""AndroidUsbDeviceClass"",""FriendlyName"":""Android Bootloader Interface"",""InstanceId"":""USB\\VID_18D1&PID_D00D\\1384E684""}]}",absent,fastboot,24.4,22.1,List of devices attached | emulator-5568          offline transport_id:479,1384e684               fastboot
2026-09-28T11:35:45.355+00:00,2026-09-28T11:35:45.402+00:00,642.538,present,3019.1,"{""state"":""present"",""devices"":[{""Status"":""OK"",""Class"":""AndroidUsbDeviceClass"",""FriendlyName"":""Android Bootloader Interface"",""InstanceId"":""USB\\VID_18D1&PID_D00D\\1384E684""}]}",absent,fastboot,25.0,22.3,List of devices attached,1384e684               fastboot
2026-09-28T11:35:46.355+00:00,2026-09-28T11:35:46.403+00:00,643.539,present,3019.1,"{""state"":""present"",""devices"":[{""Status"":""OK"",""Class"":""AndroidUsbDeviceClass"",""FriendlyName"":""Android Bootloader Interface"",""InstanceId"":""USB\\VID_18D1&PID_D00D\\1384E684""}]}",absent,fastboot,25.5,22.6,List of devices attached,1384e684               fastboot
2026-09-28T11:35:47.355+00:00,2026-09-28T11:35:47.403+00:00,644.538,present,3019.1,"{""state"":""present"",""devices"":[{""Status"":""OK"",""Class"":""AndroidUsbDeviceClass"",""FriendlyName"":""Android Bootloader Interface"",""InstanceId"":""USB\\VID_18D1&PID_D00D\\1384E684""}]}",absent,fastboot,25.0,21.9,List of devices attached,1384e684               fastboot
2026-09-28T11:35:48.356+00:00,2026-09-28T11:35:48.402+00:00,645.537,present,3019.1,"{""state"":""present"",""devices"":[{""Status"":""OK"",""Class"":""AndroidUsbDeviceClass"",""FriendlyName"":""Android Bootloader Interface"",""InstanceId"":""USB\\VID_18D1&PID_D00D\\1384E684""}]}",absent,fastboot,24.5,21.7,List of devices attached | emulator-5568          offline transport_id:482,1384e684               fastboot
2026-09-28T11:35:49.356+00:00,2026-09-28T11:35:49.412+00:00,646.547,present,3004.2,"{""state"":""present"",""devices"":[{""Status"":""OK"",""Class"":""AndroidUsbDeviceClass"",""FriendlyName"":""Android Bootloader Interface"",""InstanceId"":""USB\\VID_18D1&PID_D00D\\1384E684""}]}",absent,fastboot,32.9,23.0,List of devices attached,1384e684               fastboot
2026-09-28T11:35:50.356+00:00,2026-09-28T11:35:50.404+00:00,647.539,present,3004.2,"{""state"":""present"",""devices"":[{""Status"":""OK"",""Class"":""AndroidUsbDeviceClass"",""FriendlyName"":""Android Bootloader Interface"",""InstanceId"":""USB\\VID_18D1&PID_D00D\\1384E684""}]}",absent,fastboot,24.3,23.2,List of devices attached,1384e684               fastboot
2026-09-28T11:35:51.357+00:00,2026-09-28T11:35:51.412+00:00,648.547,present,3004.2,"{""state"":""present"",""devices"":[{""Status"":""OK"",""Class"":""AndroidUsbDeviceClass"",""FriendlyName"":""Android Bootloader Interface"",""InstanceId"":""USB\\VID_18D1&PID_D00D\\1384E684""}]}",absent,fastboot,32.8,22.2,List of devices attached,1384e684               fastboot
2026-09-28T11:35:52.357+00:00,2026-09-28T11:35:52.418+00:00,649.553,present,3004.2,"{""state"":""present"",""devices"":[{""Status"":""OK"",""Class"":""AndroidUsbDeviceClass"",""FriendlyName"":""Android Bootloader Interface"",""InstanceId"":""USB\\VID_18D1&PID_D00D\\1384E684""}]}",absent,fastboot,26.0,34.9,List of devices attached,1384e684               fastboot
2026-09-28T11:35:53.357+00:00,2026-09-28T11:35:53.419+00:00,650.554,present,3094.9,"{""state"":""present"",""devices"":[{""Status"":""OK"",""Class"":""AndroidUsbDeviceClass"",""FriendlyName"":""Android Bootloader Interface"",""InstanceId"":""USB\\VID_18D1&PID_D00D\\1384E684""}]}",absent,fastboot,25.3,36.2,List of devices attached | emulator-5568          offline transport_id:486,1384e684               fastboot
2026-09-28T11:35:54.357+00:00,2026-09-28T11:35:54.407+00:00,651.543,present,3094.9,"{""state"":""present"",""devices"":[{""Status"":""OK"",""Class"":""AndroidUsbDeviceClass"",""FriendlyName"":""Android Bootloader Interface"",""InstanceId"":""USB\\VID_18D1&PID_D00D\\1384E684""}]}",absent,fastboot,25.8,24.0,List of devices attached,1384e684               fastboot
2026-09-28T11:35:55.358+00:00,2026-09-28T11:35:55.406+00:00,652.541,present,3094.9,"{""state"":""present"",""devices"":[{""Status"":""OK"",""Class"":""AndroidUsbDeviceClass"",""FriendlyName"":""Android Bootloader Interface"",""InstanceId"":""USB\\VID_18D1&PID_D00D\\1384E684""}]}",absent,fastboot,25.6,22.7,List of devices attached,1384e684               fastboot
2026-09-28T11:35:56.358+00:00,2026-09-28T11:35:56.419+00:00,653.555,present,3094.9,"{""state"":""present"",""devices"":[{""Status"":""OK"",""Class"":""AndroidUsbDeviceClass"",""FriendlyName"":""Android Bootloader Interface"",""InstanceId"":""USB\\VID_18D1&PID_D00D\\1384E684""}]}",absent,fastboot,37.2,24.0,List of devices attached,1384e684               fastboot
2026-09-28T11:35:57.358+00:00,2026-09-28T11:35:57.419+00:00,654.555,present,3254.2,"{""state"":""present"",""devices"":[{""Status"":""OK"",""Class"":""AndroidUsbDeviceClass"",""FriendlyName"":""Android Bootloader Interface"",""InstanceId"":""USB\\VID_18D1&PID_D00D\\1384E684""}]}",absent,fastboot,25.4,35.6,List of devices attached,1384e684               fastboot
2026-09-28T11:35:58.359+00:00,2026-09-28T11:35:58.418+00:00,655.554,present,3254.2,"{""state"":""present"",""devices"":[{""Status"":""OK"",""Class"":""AndroidUsbDeviceClass"",""FriendlyName"":""Android Bootloader Interface"",""InstanceId"":""USB\\VID_18D1&PID_D00D\\1384E684""}]}",absent,fastboot,37.6,21.8,List of devices attached | emulator-5568          offline transport_id:490,1384e684               fastboot
2026-09-28T11:35:59.359+00:00,2026-09-28T11:35:59.406+00:00,656.542,present,3254.2,"{""state"":""present"",""devices"":[{""Status"":""OK"",""Class"":""AndroidUsbDeviceClass"",""FriendlyName"":""Android Bootloader Interface"",""InstanceId"":""USB\\VID_18D1&PID_D00D\\1384E684""}]}",absent,fastboot,25.5,22.0,List of devices attached,1384e684               fastboot
2026-09-28T11:36:00.359+00:00,2026-09-28T11:36:00.420+00:00,657.555,present,3254.2,"{""state"":""present"",""devices"":[{""Status"":""OK"",""Class"":""AndroidUsbDeviceClass"",""FriendlyName"":""Android Bootloader Interface"",""InstanceId"":""USB\\VID_18D1&PID_D00D\\1384E684""}]}",absent,fastboot,38.0,22.4,List of devices attached,1384e684               fastboot
2026-09-28T11:36:01.359+00:00,2026-09-28T11:36:01.415+00:00,658.550,present,3081.4,"{""state"":""present"",""devices"":[{""Status"":""OK"",""Class"":""AndroidUsbDeviceClass"",""FriendlyName"":""Android Bootloader Interface"",""InstanceId"":""USB\\VID_18D1&PID_D00D\\1384E684""}]}",absent,fastboot,24.4,30.9,List of devices attached,1384e684               fastboot
2026-09-28T11:36:02.360+00:00,2026-09-28T11:36:02.407+00:00,659.542,present,3081.4,"{""state"":""present"",""devices"":[{""Status"":""OK"",""Class"":""AndroidUsbDeviceClass"",""FriendlyName"":""Android Bootloader Interface"",""InstanceId"":""USB\\VID_18D1&PID_D00D\\1384E684""}]}",absent,fastboot,24.4,22.3,List of devices attached | emulator-5568          offline transport_id:493,1384e684               fastboot
2026-09-28T11:36:03.360+00:00,2026-09-28T11:36:03.408+00:00,660.543,present,3081.4,"{""state"":""present"",""devices"":[{""Status"":""OK"",""Class"":""AndroidUsbDeviceClass"",""FriendlyName"":""Android Bootloader Interface"",""InstanceId"":""USB\\VID_18D1&PID_D00D\\1384E684""}]}",absent,fastboot,25.3,22.0,List of devices attached,1384e684               fastboot
2026-09-28T11:36:04.360+00:00,2026-09-28T11:36:04.408+00:00,661.544,present,3081.4,"{""state"":""present"",""devices"":[{""Status"":""OK"",""Class"":""AndroidUsbDeviceClass"",""FriendlyName"":""Android Bootloader Interface"",""InstanceId"":""USB\\VID_18D1&PID_D00D\\1384E684""}]}",absent,fastboot,25.4,22.6,List of devices attached,1384e684               fastboot
2026-09-28T11:36:05.360+00:00,2026-09-28T11:36:05.408+00:00,662.543,present,3063.3,"{""state"":""present"",""devices"":[{""Status"":""OK"",""Class"":""AndroidUsbDeviceClass"",""FriendlyName"":""Android Bootloader Interface"",""InstanceId"":""USB\\VID_18D1&PID_D00D\\1384E684""}]}",absent,fastboot,25.3,22.2,List of devices attached,1384e684               fastboot
2026-09-28T11:36:06.361+00:00,2026-09-28T11:36:06.415+00:00,663.550,present,3063.3,"{""state"":""present"",""devices"":[{""Status"":""OK"",""Class"":""AndroidUsbDeviceClass"",""FriendlyName"":""Android Bootloader Interface"",""InstanceId"":""USB\\VID_18D1&PID_D00D\\1384E684""}]}",absent,fastboot,24.6,29.3,List of devices attached,1384e684               fastboot
2026-09-28T11:36:07.361+00:00,2026-09-28T11:36:07.409+00:00,664.544,present,3063.3,"{""state"":""present"",""devices"":[{""Status"":""OK"",""Class"":""AndroidUsbDeviceClass"",""FriendlyName"":""Android Bootloader Interface"",""InstanceId"":""USB\\VID_18D1&PID_D00D\\1384E684""}]}",absent,fastboot,24.9,22.5,List of devices attached | emulator-5568          offline transport_id:497,1384e684               fastboot
2026-09-28T11:36:08.361+00:00,2026-09-28T11:36:08.409+00:00,665.544,present,3063.3,"{""state"":""present"",""devices"":[{""Status"":""OK"",""Class"":""AndroidUsbDeviceClass"",""FriendlyName"":""Android Bootloader Interface"",""InstanceId"":""USB\\VID_18D1&PID_D00D\\1384E684""}]}",absent,fastboot,25.3,22.2,List of devices attached,1384e684               fastboot
2026-09-28T11:36:09.362+00:00,2026-09-28T11:36:09.410+00:00,666.546,present,3094.8,"{""state"":""present"",""devices"":[{""Status"":""OK"",""Class"":""AndroidUsbDeviceClass"",""FriendlyName"":""Android Bootloader Interface"",""InstanceId"":""USB\\VID_18D1&PID_D00D\\1384E684""}]}",absent,fastboot,26.7,21.9,List of devices attached,1384e684               fastboot
2026-09-28T11:36:10.362+00:00,2026-09-28T11:36:10.410+00:00,667.545,present,3094.8,"{""state"":""present"",""devices"":[{""Status"":""OK"",""Class"":""AndroidUsbDeviceClass"",""FriendlyName"":""Android Bootloader Interface"",""InstanceId"":""USB\\VID_18D1&PID_D00D\\1384E684""}]}",absent,fastboot,25.9,22.0,List of devices attached,1384e684               fastboot
2026-09-28T11:36:11.362+00:00,2026-09-28T11:36:11.430+00:00,668.565,present,3094.8,"{""state"":""present"",""devices"":[{""Status"":""OK"",""Class"":""AndroidUsbDeviceClass"",""FriendlyName"":""Android Bootloader Interface"",""InstanceId"":""USB\\VID_18D1&PID_D00D\\1384E684""}]}",absent,fastboot,24.2,43.3,List of devices attached,1384e684               fastboot
2026-09-28T11:36:12.363+00:00,2026-09-28T11:36:12.409+00:00,669.545,present,3094.8,"{""state"":""present"",""devices"":[{""Status"":""OK"",""Class"":""AndroidUsbDeviceClass"",""FriendlyName"":""Android Bootloader Interface"",""InstanceId"":""USB\\VID_18D1&PID_D00D\\1384E684""}]}",absent,fastboot,24.7,22.0,List of devices attached | emulator-5568          offline transport_id:501,1384e684               fastboot
2026-09-28T11:36:13.363+00:00,2026-09-28T11:36:13.417+00:00,670.552,present,3056.1,"{""state"":""present"",""devices"":[{""Status"":""OK"",""Class"":""AndroidUsbDeviceClass"",""FriendlyName"":""Android Bootloader Interface"",""InstanceId"":""USB\\VID_18D1&PID_D00D\\1384E684""}]}",absent,fastboot,24.3,29.4,List of devices attached,1384e684               fastboot
2026-09-28T11:36:14.363+00:00,2026-09-28T11:36:14.410+00:00,671.546,present,3056.1,"{""state"":""present"",""devices"":[{""Status"":""OK"",""Class"":""AndroidUsbDeviceClass"",""FriendlyName"":""Android Bootloader Interface"",""InstanceId"":""USB\\VID_18D1&PID_D00D\\1384E684""}]}",absent,fastboot,24.8,22.0,List of devices attached,1384e684               fastboot
2026-09-28T11:36:15.364+00:00,2026-09-28T11:36:15.409+00:00,672.545,present,3056.1,"{""state"":""present"",""devices"":[{""Status"":""OK"",""Class"":""AndroidUsbDeviceClass"",""FriendlyName"":""Android Bootloader Interface"",""InstanceId"":""USB\\VID_18D1&PID_D00D\\1384E684""}]}",absent,fastboot,24.8,20.7,List of devices attached,1384e684               fastboot
2026-09-28T11:36:16.364+00:00,2026-09-28T11:36:16.412+00:00,673.547,present,3056.1,"{""state"":""present"",""devices"":[{""Status"":""OK"",""Class"":""AndroidUsbDeviceClass"",""FriendlyName"":""Android Bootloader Interface"",""InstanceId"":""USB\\VID_18D1&PID_D00D\\1384E684""}]}",absent,fastboot,25.5,21.8,List of devices attached,1384e684               fastboot
2026-09-28T11:36:17.365+00:00,2026-09-28T11:36:17.410+00:00,674.546,present,3146.7,"{""state"":""present"",""devices"":[{""Status"":""OK"",""Class"":""AndroidUsbDeviceClass"",""FriendlyName"":""Android Bootloader Interface"",""InstanceId"":""USB\\VID_18D1&PID_D00D\\1384E684""}]}",absent,fastboot,23.6,21.8,List of devices attached,1384e684               fastboot
2026-09-28T11:36:18.365+00:00,2026-09-28T11:36:18.411+00:00,675.547,present,3146.7,"{""state"":""present"",""devices"":[{""Status"":""OK"",""Class"":""AndroidUsbDeviceClass"",""FriendlyName"":""Android Bootloader Interface"",""InstanceId"":""USB\\VID_18D1&PID_D00D\\1384E684""}]}",absent,fastboot,23.2,22.6,List of devices attached,1384e684               fastboot
2026-09-28T11:36:19.366+00:00,2026-09-28T11:36:19.412+00:00,676.547,present,3146.7,"{""state"":""present"",""devices"":[{""Status"":""OK"",""Class"":""AndroidUsbDeviceClass"",""FriendlyName"":""Android Bootloader Interface"",""InstanceId"":""USB\\VID_18D1&PID_D00D\\1384E684""}]}",absent,fastboot,24.2,22.0,List of devices attached,1384e684               fastboot
2026-09-28T11:36:20.366+00:00,2026-09-28T11:36:20.421+00:00,677.556,present,3146.7,"{""state"":""present"",""devices"":[{""Status"":""OK"",""Class"":""AndroidUsbDeviceClass"",""FriendlyName"":""Android Bootloader Interface"",""InstanceId"":""USB\\VID_18D1&PID_D00D\\1384E684""}]}",absent,fastboot,23.2,31.7,List of devices attached,1384e684               fastboot
2026-09-28T11:36:21.366+00:00,2026-09-28T11:36:21.413+00:00,678.548,present,3023.0,"{""state"":""present"",""devices"":[{""Status"":""OK"",""Class"":""AndroidUsbDeviceClass"",""FriendlyName"":""Android Bootloader Interface"",""InstanceId"":""USB\\VID_18D1&PID_D00D\\1384E684""}]}",absent,fastboot,23.7,22.7,List of devices attached | emulator-5568          offline transport_id:508,1384e684               fastboot
2026-09-28T11:36:22.366+00:00,2026-09-28T11:36:22.413+00:00,679.549,present,3023.0,"{""state"":""present"",""devices"":[{""Status"":""OK"",""Class"":""AndroidUsbDeviceClass"",""FriendlyName"":""Android Bootloader Interface"",""InstanceId"":""USB\\VID_18D1&PID_D00D\\1384E684""}]}",absent,fastboot,24.6,22.3,List of devices attached,1384e684               fastboot
2026-09-28T11:36:23.367+00:00,2026-09-28T11:36:23.412+00:00,680.547,present,3023.0,"{""state"":""present"",""devices"":[{""Status"":""OK"",""Class"":""AndroidUsbDeviceClass"",""FriendlyName"":""Android Bootloader Interface"",""InstanceId"":""USB\\VID_18D1&PID_D00D\\1384E684""}]}",absent,fastboot,23.2,21.8,List of devices attached,1384e684               fastboot
2026-09-28T11:36:24.367+00:00,2026-09-28T11:36:24.414+00:00,681.549,present,3023.0,"{""state"":""present"",""devices"":[{""Status"":""OK"",""Class"":""AndroidUsbDeviceClass"",""FriendlyName"":""Android Bootloader Interface"",""InstanceId"":""USB\\VID_18D1&PID_D00D\\1384E684""}]}",absent,fastboot,24.2,22.8,List of devices attached,1384e684               fastboot
2026-09-28T11:36:25.367+00:00,2026-09-28T11:36:25.415+00:00,682.550,present,3115.4,"{""state"":""present"",""devices"":[{""Status"":""OK"",""Class"":""AndroidUsbDeviceClass"",""FriendlyName"":""Android Bootloader Interface"",""InstanceId"":""USB\\VID_18D1&PID_D00D\\1384E684""}]}",absent,fastboot,25.0,22.2,List of devices attached,1384e684               fastboot
2026-09-28T11:36:26.368+00:00,2026-09-28T11:36:26.417+00:00,683.553,present,3115.4,"{""state"":""present"",""devices"":[{""Status"":""OK"",""Class"":""AndroidUsbDeviceClass"",""FriendlyName"":""Android Bootloader Interface"",""InstanceId"":""USB\\VID_18D1&PID_D00D\\1384E684""}]}",absent,fastboot,23.9,25.7,List of devices attached | emulator-5568          offline transport_id:512,1384e684               fastboot
2026-09-28T11:36:27.368+00:00,2026-09-28T11:36:27.413+00:00,684.548,present,3115.4,"{""state"":""present"",""devices"":[{""Status"":""OK"",""Class"":""AndroidUsbDeviceClass"",""FriendlyName"":""Android Bootloader Interface"",""InstanceId"":""USB\\VID_18D1&PID_D00D\\1384E684""}]}",absent,fastboot,23.2,21.5,List of devices attached,1384e684               fastboot
2026-09-28T11:36:28.368+00:00,2026-09-28T11:36:28.429+00:00,685.565,present,3115.4,"{""state"":""present"",""devices"":[{""Status"":""OK"",""Class"":""AndroidUsbDeviceClass"",""FriendlyName"":""Android Bootloader Interface"",""InstanceId"":""USB\\VID_18D1&PID_D00D\\1384E684""}]}",absent,fastboot,24.1,37.0,List of devices attached,1384e684               fastboot
2026-09-28T11:36:29.369+00:00,2026-09-28T11:36:29.415+00:00,686.551,present,3119.7,"{""state"":""present"",""devices"":[{""Status"":""OK"",""Class"":""AndroidUsbDeviceClass"",""FriendlyName"":""Android Bootloader Interface"",""InstanceId"":""USB\\VID_18D1&PID_D00D\\1384E684""}]}",absent,fastboot,24.6,22.1,List of devices attached,1384e684               fastboot
2026-09-28T11:36:30.369+00:00,2026-09-28T11:36:30.421+00:00,687.557,present,3119.7,"{""state"":""present"",""devices"":[{""Status"":""OK"",""Class"":""AndroidUsbDeviceClass"",""FriendlyName"":""Android Bootloader Interface"",""InstanceId"":""USB\\VID_18D1&PID_D00D\\1384E684""}]}",absent,fastboot,24.3,28.1,List of devices attached | emulator-5568          offline transport_id:515,1384e684               fastboot
2026-09-28T11:36:31.369+00:00,2026-09-28T11:36:31.416+00:00,688.551,present,3119.7,"{""state"":""present"",""devices"":[{""Status"":""OK"",""Class"":""AndroidUsbDeviceClass"",""FriendlyName"":""Android Bootloader Interface"",""InstanceId"":""USB\\VID_18D1&PID_D00D\\1384E684""}]}",absent,fastboot,23.9,22.3,List of devices attached,1384e684               fastboot
2026-09-28T11:36:32.370+00:00,2026-09-28T11:36:32.415+00:00,689.550,present,3119.7,"{""state"":""present"",""devices"":[{""Status"":""OK"",""Class"":""AndroidUsbDeviceClass"",""FriendlyName"":""Android Bootloader Interface"",""InstanceId"":""USB\\VID_18D1&PID_D00D\\1384E684""}]}",absent,fastboot,23.3,21.8,List of devices attached,1384e684               fastboot
2026-09-28T11:36:33.370+00:00,2026-09-28T11:36:33.417+00:00,690.553,present,3140.4,"{""state"":""present"",""devices"":[{""Status"":""OK"",""Class"":""AndroidUsbDeviceClass"",""FriendlyName"":""Android Bootloader Interface"",""InstanceId"":""USB\\VID_18D1&PID_D00D\\1384E684""}]}",absent,fastboot,23.9,23.6,List of devices attached,1384e684               fastboot
2026-09-28T11:36:34.370+00:00,2026-09-28T11:36:34.417+00:00,691.552,present,3140.4,"{""state"":""present"",""devices"":[{""Status"":""OK"",""Class"":""AndroidUsbDeviceClass"",""FriendlyName"":""Android Bootloader Interface"",""InstanceId"":""USB\\VID_18D1&PID_D00D\\1384E684""}]}",absent,fastboot,23.4,23.8,List of devices attached,1384e684               fastboot
2026-09-28T11:36:35.370+00:00,2026-09-28T11:36:35.423+00:00,692.559,present,3140.4,"{""state"":""present"",""devices"":[{""Status"":""OK"",""Class"":""AndroidUsbDeviceClass"",""FriendlyName"":""Android Bootloader Interface"",""InstanceId"":""USB\\VID_18D1&PID_D00D\\1384E684""}]}",absent,fastboot,24.2,29.1,List of devices attached | emulator-5568          offline transport_id:519,1384e684               fastboot
2026-09-28T11:36:36.370+00:00,2026-09-28T11:36:36.417+00:00,693.552,present,3140.4,"{""state"":""present"",""devices"":[{""Status"":""OK"",""Class"":""AndroidUsbDeviceClass"",""FriendlyName"":""Android Bootloader Interface"",""InstanceId"":""USB\\VID_18D1&PID_D00D\\1384E684""}]}",absent,fastboot,24.8,21.9,List of devices attached,1384e684               fastboot
2026-09-28T11:36:37.370+00:00,2026-09-28T11:36:37.418+00:00,694.554,present,3039.0,"{""state"":""present"",""devices"":[{""Status"":""OK"",""Class"":""AndroidUsbDeviceClass"",""FriendlyName"":""Android Bootloader Interface"",""InstanceId"":""USB\\VID_18D1&PID_D00D\\1384E684""}]}",absent,fastboot,23.1,24.8,List of devices attached,1384e684               fastboot
2026-09-28T11:36:38.371+00:00,2026-09-28T11:36:38.417+00:00,695.553,present,3039.0,"{""state"":""present"",""devices"":[{""Status"":""OK"",""Class"":""AndroidUsbDeviceClass"",""FriendlyName"":""Android Bootloader Interface"",""InstanceId"":""USB\\VID_18D1&PID_D00D\\1384E684""}]}",absent,fastboot,23.9,22.4,List of devices attached,1384e684               fastboot
2026-09-28T11:36:39.371+00:00,2026-09-28T11:36:39.417+00:00,696.552,present,3039.0,"{""state"":""present"",""devices"":[{""Status"":""OK"",""Class"":""AndroidUsbDeviceClass"",""FriendlyName"":""Android Bootloader Interface"",""InstanceId"":""USB\\VID_18D1&PID_D00D\\1384E684""}]}",absent,fastboot,23.5,22.3,List of devices attached,1384e684               fastboot
2026-09-28T11:36:40.371+00:00,2026-09-28T11:36:40.418+00:00,697.554,present,3039.0,"{""state"":""present"",""devices"":[{""Status"":""OK"",""Class"":""AndroidUsbDeviceClass"",""FriendlyName"":""Android Bootloader Interface"",""InstanceId"":""USB\\VID_18D1&PID_D00D\\1384E684""}]}",absent,fastboot,25.1,21.6,List of devices attached | emulator-5568          offline transport_id:523,1384e684               fastboot
2026-09-28T11:36:41.372+00:00,2026-09-28T11:36:41.418+00:00,698.553,present,3103.8,"{""state"":""present"",""devices"":[{""Status"":""OK"",""Class"":""AndroidUsbDeviceClass"",""FriendlyName"":""Android Bootloader Interface"",""InstanceId"":""USB\\VID_18D1&PID_D00D\\1384E684""}]}",absent,fastboot,23.4,22.6,List of devices attached,1384e684               fastboot
2026-09-28T11:36:42.372+00:00,2026-09-28T11:36:42.418+00:00,699.554,present,3103.8,"{""state"":""present"",""devices"":[{""Status"":""OK"",""Class"":""AndroidUsbDeviceClass"",""FriendlyName"":""Android Bootloader Interface"",""InstanceId"":""USB\\VID_18D1&PID_D00D\\1384E684""}]}",absent,fastboot,24.3,22.0,List of devices attached,1384e684               fastboot
2026-09-28T11:36:43.372+00:00,2026-09-28T11:36:43.419+00:00,700.554,present,3103.8,"{""state"":""present"",""devices"":[{""Status"":""OK"",""Class"":""AndroidUsbDeviceClass"",""FriendlyName"":""Android Bootloader Interface"",""InstanceId"":""USB\\VID_18D1&PID_D00D\\1384E684""}]}",absent,fastboot,24.7,21.7,List of devices attached,1384e684               fastboot
2026-09-28T11:36:44.373+00:00,2026-09-28T11:36:44.419+00:00,701.555,present,3103.8,"{""state"":""present"",""devices"":[{""Status"":""OK"",""Class"":""AndroidUsbDeviceClass"",""FriendlyName"":""Android Bootloader Interface"",""InstanceId"":""USB\\VID_18D1&PID_D00D\\1384E684""}]}",absent,fastboot,23.5,23.0,List of devices attached | emulator-5568          offline transport_id:526,1384e684               fastboot
2026-09-28T11:36:45.373+00:00,2026-09-28T11:36:45.429+00:00,702.565,present,3124.2,"{""state"":""present"",""devices"":[{""Status"":""OK"",""Class"":""AndroidUsbDeviceClass"",""FriendlyName"":""Android Bootloader Interface"",""InstanceId"":""USB\\VID_18D1&PID_D00D\\1384E684""}]}",absent,fastboot,24.4,31.7,List of devices attached,1384e684               fastboot
2026-09-28T11:36:46.373+00:00,2026-09-28T11:36:46.420+00:00,703.555,present,3124.2,"{""state"":""present"",""devices"":[{""Status"":""OK"",""Class"":""AndroidUsbDeviceClass"",""FriendlyName"":""Android Bootloader Interface"",""InstanceId"":""USB\\VID_18D1&PID_D00D\\1384E684""}]}",absent,fastboot,24.8,21.5,List of devices attached,1384e684               fastboot
2026-09-28T11:36:47.374+00:00,2026-09-28T11:36:47.420+00:00,704.555,present,3124.2,"{""state"":""present"",""devices"":[{""Status"":""OK"",""Class"":""AndroidUsbDeviceClass"",""FriendlyName"":""Android Bootloader Interface"",""InstanceId"":""USB\\VID_18D1&PID_D00D\\1384E684""}]}",absent,fastboot,24.5,21.8,List of devices attached,1384e684               fastboot
2026-09-28T11:36:48.374+00:00,2026-09-28T11:36:48.421+00:00,705.556,present,2982.8,"{""state"":""present"",""devices"":[{""Status"":""OK"",""Class"":""AndroidUsbDeviceClass"",""FriendlyName"":""Android Bootloader Interface"",""InstanceId"":""USB\\VID_18D1&PID_D00D\\1384E684""}]}",absent,fastboot,24.7,21.7,List of devices attached,1384e684               fastboot
2026-09-28T11:36:49.375+00:00,2026-09-28T11:36:49.423+00:00,706.558,present,2982.8,"{""state"":""present"",""devices"":[{""Status"":""OK"",""Class"":""AndroidUsbDeviceClass"",""FriendlyName"":""Android Bootloader Interface"",""InstanceId"":""USB\\VID_18D1&PID_D00D\\1384E684""}]}",absent,fastboot,26.1,22.3,List of devices attached | emulator-5568          offline transport_id:530,1384e684               fastboot
2026-09-28T11:36:50.375+00:00,2026-09-28T11:36:50.420+00:00,707.555,present,2982.8,"{""state"":""present"",""devices"":[{""Status"":""OK"",""Class"":""AndroidUsbDeviceClass"",""FriendlyName"":""Android Bootloader Interface"",""InstanceId"":""USB\\VID_18D1&PID_D00D\\1384E684""}]}",absent,fastboot,24.1,21.1,List of devices attached,1384e684               fastboot
2026-09-28T11:36:51.375+00:00,2026-09-28T11:36:51.421+00:00,708.556,present,2982.8,"{""state"":""present"",""devices"":[{""Status"":""OK"",""Class"":""AndroidUsbDeviceClass"",""FriendlyName"":""Android Bootloader Interface"",""InstanceId"":""USB\\VID_18D1&PID_D00D\\1384E684""}]}",absent,fastboot,23.9,21.7,List of devices attached,1384e684               fastboot
2026-09-28T11:36:52.376+00:00,2026-09-28T11:36:52.421+00:00,709.557,present,3044.6,"{""state"":""present"",""devices"":[{""Status"":""OK"",""Class"":""AndroidUsbDeviceClass"",""FriendlyName"":""Android Bootloader Interface"",""InstanceId"":""USB\\VID_18D1&PID_D00D\\1384E684""}]}",absent,fastboot,23.5,22.2,List of devices attached,1384e684               fastboot
2026-09-28T11:36:53.376+00:00,2026-09-28T11:36:53.421+00:00,710.556,present,3044.6,"{""state"":""present"",""devices"":[{""Status"":""OK"",""Class"":""AndroidUsbDeviceClass"",""FriendlyName"":""Android Bootloader Interface"",""InstanceId"":""USB\\VID_18D1&PID_D00D\\1384E684""}]}",absent,fastboot,23.8,21.2,List of devices attached,1384e684               fastboot
2026-09-28T11:36:54.377+00:00,2026-09-28T11:36:54.437+00:00,711.572,present,3044.6,"{""state"":""present"",""devices"":[{""Status"":""OK"",""Class"":""AndroidUsbDeviceClass"",""FriendlyName"":""Android Bootloader Interface"",""InstanceId"":""USB\\VID_18D1&PID_D00D\\1384E684""}]}",absent,fastboot,38.3,22.1,List of devices attached | emulator-5568          offline transport_id:534,1384e684               fastboot
2026-09-28T11:36:55.377+00:00,2026-09-28T11:36:55.423+00:00,712.558,present,3044.6,"{""state"":""present"",""devices"":[{""Status"":""OK"",""Class"":""AndroidUsbDeviceClass"",""FriendlyName"":""Android Bootloader Interface"",""InstanceId"":""USB\\VID_18D1&PID_D00D\\1384E684""}]}",absent,fastboot,24.6,21.2,List of devices attached,1384e684               fastboot
2026-09-28T11:36:56.377+00:00,2026-09-28T11:36:56.426+00:00,713.561,present,3160.3,"{""state"":""present"",""devices"":[{""Status"":""OK"",""Class"":""AndroidUsbDeviceClass"",""FriendlyName"":""Android Bootloader Interface"",""InstanceId"":""USB\\VID_18D1&PID_D00D\\1384E684""}]}",absent,fastboot,26.1,22.8,List of devices attached,1384e684               fastboot
2026-09-28T11:36:57.377+00:00,2026-09-28T11:36:57.422+00:00,714.558,present,3160.3,"{""state"":""present"",""devices"":[{""Status"":""OK"",""Class"":""AndroidUsbDeviceClass"",""FriendlyName"":""Android Bootloader Interface"",""InstanceId"":""USB\\VID_18D1&PID_D00D\\1384E684""}]}",absent,fastboot,23.7,21.0,List of devices attached,1384e684               fastboot
2026-09-28T11:36:58.378+00:00,2026-09-28T11:36:58.422+00:00,715.557,present,3160.3,"{""state"":""present"",""devices"":[{""Status"":""OK"",""Class"":""AndroidUsbDeviceClass"",""FriendlyName"":""Android Bootloader Interface"",""InstanceId"":""USB\\VID_18D1&PID_D00D\\1384E684""}]}",absent,fastboot,24.2,20.1,List of devices attached | emulator-5568          offline transport_id:537,1384e684               fastboot
2026-09-28T11:36:59.378+00:00,2026-09-28T11:36:59.424+00:00,716.559,present,3160.3,"{""state"":""present"",""devices"":[{""Status"":""OK"",""Class"":""AndroidUsbDeviceClass"",""FriendlyName"":""Android Bootloader Interface"",""InstanceId"":""USB\\VID_18D1&PID_D00D\\1384E684""}]}",absent,fastboot,24.8,20.9,List of devices attached,1384e684               fastboot
2026-09-28T11:37:00.378+00:00,2026-09-28T11:37:00.425+00:00,717.561,present,3095.7,"{""state"":""present"",""devices"":[{""Status"":""OK"",""Class"":""AndroidUsbDeviceClass"",""FriendlyName"":""Android Bootloader Interface"",""InstanceId"":""USB\\VID_18D1&PID_D00D\\1384E684""}]}",absent,fastboot,25.7,21.6,List of devices attached,1384e684               fastboot
2026-09-28T11:37:01.378+00:00,2026-09-28T11:37:01.422+00:00,718.557,present,3095.7,"{""state"":""present"",""devices"":[{""Status"":""OK"",""Class"":""AndroidUsbDeviceClass"",""FriendlyName"":""Android Bootloader Interface"",""InstanceId"":""USB\\VID_18D1&PID_D00D\\1384E684""}]}",absent,fastboot,23.5,20.3,List of devices attached,1384e684               fastboot
2026-09-28T11:37:02.379+00:00,2026-09-28T11:37:02.423+00:00,719.558,present,3095.7,"{""state"":""present"",""devices"":[{""Status"":""OK"",""Class"":""AndroidUsbDeviceClass"",""FriendlyName"":""Android Bootloader Interface"",""InstanceId"":""USB\\VID_18D1&PID_D00D\\1384E684""}]}",absent,fastboot,23.5,20.7,List of devices attached,1384e684               fastboot
2026-09-28T11:37:03.379+00:00,2026-09-28T11:37:03.425+00:00,720.560,present,3095.7,"{""state"":""present"",""devices"":[{""Status"":""OK"",""Class"":""AndroidUsbDeviceClass"",""FriendlyName"":""Android Bootloader Interface"",""InstanceId"":""USB\\VID_18D1&PID_D00D\\1384E684""}]}",absent,fastboot,24.7,21.1,List of devices attached | emulator-5568          offline transport_id:541,1384e684               fastboot
2026-09-28T11:37:04.380+00:00,2026-09-28T11:37:04.425+00:00,721.560,present,3112.4,"{""state"":""present"",""devices"":[{""Status"":""OK"",""Class"":""AndroidUsbDeviceClass"",""FriendlyName"":""Android Bootloader Interface"",""InstanceId"":""USB\\VID_18D1&PID_D00D\\1384E684""}]}",absent,fastboot,23.7,21.4,List of devices attached,1384e684               fastboot
2026-09-28T11:37:05.380+00:00,2026-09-28T11:37:05.425+00:00,722.561,present,3112.4,"{""state"":""present"",""devices"":[{""Status"":""OK"",""Class"":""AndroidUsbDeviceClass"",""FriendlyName"":""Android Bootloader Interface"",""InstanceId"":""USB\\VID_18D1&PID_D00D\\1384E684""}]}",absent,fastboot,24.3,21.0,List of devices attached,1384e684               fastboot
2026-09-28T11:37:06.380+00:00,2026-09-28T11:37:06.441+00:00,723.577,present,3112.4,"{""state"":""present"",""devices"":[{""Status"":""OK"",""Class"":""AndroidUsbDeviceClass"",""FriendlyName"":""Android Bootloader Interface"",""InstanceId"":""USB\\VID_18D1&PID_D00D\\1384E684""}]}",absent,fastboot,39.1,22.1,List of devices attached,1384e684               fastboot
2026-09-28T11:37:07.381+00:00,2026-09-28T11:37:07.428+00:00,724.563,present,3112.4,"{""state"":""present"",""devices"":[{""Status"":""OK"",""Class"":""AndroidUsbDeviceClass"",""FriendlyName"":""Android Bootloader Interface"",""InstanceId"":""USB\\VID_18D1&PID_D00D\\1384E684""}]}",absent,fastboot,25.4,21.3,List of devices attached,1384e684               fastboot
2026-09-28T11:37:08.381+00:00,2026-09-28T11:37:08.426+00:00,725.562,present,3088.2,"{""state"":""present"",""devices"":[{""Status"":""OK"",""Class"":""AndroidUsbDeviceClass"",""FriendlyName"":""Android Bootloader Interface"",""InstanceId"":""USB\\VID_18D1&PID_D00D\\1384E684""}]}",absent,fastboot,24.0,21.3,List of devices attached | emulator-5568          offline transport_id:545,1384e684               fastboot
2026-09-28T11:37:09.381+00:00,2026-09-28T11:37:09.428+00:00,726.563,present,3088.2,"{""state"":""present"",""devices"":[{""Status"":""OK"",""Class"":""AndroidUsbDeviceClass"",""FriendlyName"":""Android Bootloader Interface"",""InstanceId"":""USB\\VID_18D1&PID_D00D\\1384E684""}]}",absent,fastboot,26.1,20.6,List of devices attached,1384e684               fastboot
2026-09-28T11:37:10.381+00:00,2026-09-28T11:37:10.437+00:00,727.573,present,3088.2,"{""state"":""present"",""devices"":[{""Status"":""OK"",""Class"":""AndroidUsbDeviceClass"",""FriendlyName"":""Android Bootloader Interface"",""InstanceId"":""USB\\VID_18D1&PID_D00D\\1384E684""}]}",absent,fastboot,34.5,21.4,List of devices attached,1384e684               fastboot
2026-09-28T11:37:11.382+00:00,2026-09-28T11:37:11.436+00:00,728.571,present,3088.2,"{""state"":""present"",""devices"":[{""Status"":""OK"",""Class"":""AndroidUsbDeviceClass"",""FriendlyName"":""Android Bootloader Interface"",""InstanceId"":""USB\\VID_18D1&PID_D00D\\1384E684""}]}",absent,fastboot,32.4,21.8,List of devices attached,1384e684               fastboot
2026-09-28T11:37:12.382+00:00,2026-09-28T11:37:12.428+00:00,729.563,present,3069.6,"{""state"":""present"",""devices"":[{""Status"":""OK"",""Class"":""AndroidUsbDeviceClass"",""FriendlyName"":""Android Bootloader Interface"",""InstanceId"":""USB\\VID_18D1&PID_D00D\\1384E684""}]}",absent,fastboot,24.4,21.4,List of devices attached | emulator-5568          offline transport_id:548,1384e684               fastboot
2026-09-28T11:37:13.382+00:00,2026-09-28T11:37:13.431+00:00,730.567,present,3069.6,"{""state"":""present"",""devices"":[{""Status"":""OK"",""Class"":""AndroidUsbDeviceClass"",""FriendlyName"":""Android Bootloader Interface"",""InstanceId"":""USB\\VID_18D1&PID_D00D\\1384E684""}]}",absent,fastboot,26.7,22.4,List of devices attached,1384e684               fastboot
2026-09-28T11:37:14.382+00:00,2026-09-28T11:37:14.434+00:00,731.570,present,3069.6,"{""state"":""present"",""devices"":[{""Status"":""OK"",""Class"":""AndroidUsbDeviceClass"",""FriendlyName"":""Android Bootloader Interface"",""InstanceId"":""USB\\VID_18D1&PID_D00D\\1384E684""}]}",absent,fastboot,30.8,21.2,List of devices attached,1384e684               fastboot
2026-09-28T11:37:15.383+00:00,2026-09-28T11:37:15.430+00:00,732.565,present,3069.6,"{""state"":""present"",""devices"":[{""Status"":""OK"",""Class"":""AndroidUsbDeviceClass"",""FriendlyName"":""Android Bootloader Interface"",""InstanceId"":""USB\\VID_18D1&PID_D00D\\1384E684""}]}",absent,fastboot,25.8,21.3,List of devices attached,1384e684               fastboot
2026-09-28T11:37:16.383+00:00,2026-09-28T11:37:16.428+00:00,733.564,present,3122.0,"{""state"":""present"",""devices"":[{""Status"":""OK"",""Class"":""AndroidUsbDeviceClass"",""FriendlyName"":""Android Bootloader Interface"",""InstanceId"":""USB\\VID_18D1&PID_D00D\\1384E684""}]}",absent,fastboot,24.1,20.9,List of devices attached,1384e684               fastboot
2026-09-28T11:37:17.383+00:00,2026-09-28T11:37:17.443+00:00,734.578,present,3122.0,"{""state"":""present"",""devices"":[{""Status"":""OK"",""Class"":""AndroidUsbDeviceClass"",""FriendlyName"":""Android Bootloader Interface"",""InstanceId"":""USB\\VID_18D1&PID_D00D\\1384E684""}]}",absent,fastboot,36.6,22.9,List of devices attached | emulator-5568          offline transport_id:552,1384e684               fastboot
2026-09-28T11:37:18.384+00:00,2026-09-28T11:37:18.430+00:00,735.566,present,3122.0,"{""state"":""present"",""devices"":[{""Status"":""OK"",""Class"":""AndroidUsbDeviceClass"",""FriendlyName"":""Android Bootloader Interface"",""InstanceId"":""USB\\VID_18D1&PID_D00D\\1384E684""}]}",absent,fastboot,25.4,20.9,List of devices attached,1384e684               fastboot
2026-09-28T11:37:19.385+00:00,2026-09-28T11:37:19.431+00:00,736.566,present,3122.0,"{""state"":""present"",""devices"":[{""Status"":""OK"",""Class"":""AndroidUsbDeviceClass"",""FriendlyName"":""Android Bootloader Interface"",""InstanceId"":""USB\\VID_18D1&PID_D00D\\1384E684""}]}",absent,fastboot,24.7,21.5,List of devices attached,1384e684               fastboot
2026-09-28T11:37:20.385+00:00,2026-09-28T11:37:20.440+00:00,737.575,present,3055.6,"{""state"":""present"",""devices"":[{""Status"":""OK"",""Class"":""AndroidUsbDeviceClass"",""FriendlyName"":""Android Bootloader Interface"",""InstanceId"":""USB\\VID_18D1&PID_D00D\\1384E684""}]}",absent,fastboot,32.6,22.4,List of devices attached,1384e684               fastboot
2026-09-28T11:37:21.385+00:00,2026-09-28T11:37:21.432+00:00,738.568,present,3055.6,"{""state"":""present"",""devices"":[{""Status"":""OK"",""Class"":""AndroidUsbDeviceClass"",""FriendlyName"":""Android Bootloader Interface"",""InstanceId"":""USB\\VID_18D1&PID_D00D\\1384E684""}]}",absent,fastboot,24.9,22.1,List of devices attached,1384e684               fastboot
2026-09-28T11:37:22.385+00:00,2026-09-28T11:37:22.430+00:00,739.566,present,3055.6,"{""state"":""present"",""devices"":[{""Status"":""OK"",""Class"":""AndroidUsbDeviceClass"",""FriendlyName"":""Android Bootloader Interface"",""InstanceId"":""USB\\VID_18D1&PID_D00D\\1384E684""}]}",absent,fastboot,23.7,21.2,List of devices attached | emulator-5568          offline transport_id:556,1384e684               fastboot
2026-09-28T11:37:23.386+00:00,2026-09-28T11:37:23.434+00:00,740.570,present,3055.6,"{""state"":""present"",""devices"":[{""Status"":""OK"",""Class"":""AndroidUsbDeviceClass"",""FriendlyName"":""Android Bootloader Interface"",""InstanceId"":""USB\\VID_18D1&PID_D00D\\1384E684""}]}",absent,fastboot,25.9,22.6,List of devices attached,1384e684               fastboot
2026-09-28T11:37:24.386+00:00,2026-09-28T11:37:24.435+00:00,741.570,present,3098.9,"{""state"":""present"",""devices"":[{""Status"":""OK"",""Class"":""AndroidUsbDeviceClass"",""FriendlyName"":""Android Bootloader Interface"",""InstanceId"":""USB\\VID_18D1&PID_D00D\\1384E684""}]}",absent,fastboot,26.5,21.9,List of devices attached,1384e684               fastboot
2026-09-28T11:37:25.386+00:00,2026-09-28T11:37:25.450+00:00,742.586,present,3098.9,"{""state"":""present"",""devices"":[{""Status"":""OK"",""Class"":""AndroidUsbDeviceClass"",""FriendlyName"":""Android Bootloader Interface"",""InstanceId"":""USB\\VID_18D1&PID_D00D\\1384E684""}]}",absent,fastboot,42.3,21.7,List of devices attached,1384e684               fastboot
2026-09-28T11:37:26.386+00:00,2026-09-28T11:37:26.432+00:00,743.567,present,3098.9,"{""state"":""present"",""devices"":[{""Status"":""OK"",""Class"":""AndroidUsbDeviceClass"",""FriendlyName"":""Android Bootloader Interface"",""InstanceId"":""USB\\VID_18D1&PID_D00D\\1384E684""}]}",absent,fastboot,24.0,21.3,List of devices attached | emulator-5568          offline transport_id:559,1384e684               fastboot
2026-09-28T11:37:27.386+00:00,2026-09-28T11:37:27.433+00:00,744.569,present,3098.9,"{""state"":""present"",""devices"":[{""Status"":""OK"",""Class"":""AndroidUsbDeviceClass"",""FriendlyName"":""Android Bootloader Interface"",""InstanceId"":""USB\\VID_18D1&PID_D00D\\1384E684""}]}",absent,fastboot,25.9,20.9,List of devices attached,1384e684               fastboot
2026-09-28T11:37:28.387+00:00,2026-09-28T11:37:28.435+00:00,745.571,present,3018.7,"{""state"":""present"",""devices"":[{""Status"":""OK"",""Class"":""AndroidUsbDeviceClass"",""FriendlyName"":""Android Bootloader Interface"",""InstanceId"":""USB\\VID_18D1&PID_D00D\\1384E684""}]}",absent,fastboot,26.1,22.4,List of devices attached,1384e684               fastboot
2026-09-28T11:37:29.387+00:00,2026-09-28T11:37:29.450+00:00,746.585,present,3018.7,"{""state"":""present"",""devices"":[{""Status"":""OK"",""Class"":""AndroidUsbDeviceClass"",""FriendlyName"":""Android Bootloader Interface"",""InstanceId"":""USB\\VID_18D1&PID_D00D\\1384E684""}]}",absent,fastboot,41.4,21.4,List of devices attached,1384e684               fastboot
2026-09-28T11:37:30.387+00:00,2026-09-28T11:37:30.433+00:00,747.569,present,3018.7,"{""state"":""present"",""devices"":[{""Status"":""OK"",""Class"":""AndroidUsbDeviceClass"",""FriendlyName"":""Android Bootloader Interface"",""InstanceId"":""USB\\VID_18D1&PID_D00D\\1384E684""}]}",absent,fastboot,25.7,20.4,List of devices attached,1384e684               fastboot
2026-09-28T11:37:31.387+00:00,2026-09-28T11:37:31.436+00:00,748.571,present,3018.7,"{""state"":""present"",""devices"":[{""Status"":""OK"",""Class"":""AndroidUsbDeviceClass"",""FriendlyName"":""Android Bootloader Interface"",""InstanceId"":""USB\\VID_18D1&PID_D00D\\1384E684""}]}",absent,fastboot,27.2,20.9,List of devices attached | emulator-5568          offline transport_id:563,1384e684               fastboot
2026-09-28T11:37:32.388+00:00,2026-09-28T11:37:32.434+00:00,749.570,present,3038.1,"{""state"":""present"",""devices"":[{""Status"":""OK"",""Class"":""AndroidUsbDeviceClass"",""FriendlyName"":""Android Bootloader Interface"",""InstanceId"":""USB\\VID_18D1&PID_D00D\\1384E684""}]}",absent,fastboot,24.5,21.8,List of devices attached,1384e684               fastboot
2026-09-28T11:37:33.388+00:00,2026-09-28T11:37:33.435+00:00,750.570,present,3038.1,"{""state"":""present"",""devices"":[{""Status"":""OK"",""Class"":""AndroidUsbDeviceClass"",""FriendlyName"":""Android Bootloader Interface"",""InstanceId"":""USB\\VID_18D1&PID_D00D\\1384E684""}]}",absent,fastboot,24.3,22.2,List of devices attached,1384e684               fastboot
2026-09-28T11:37:34.388+00:00,2026-09-28T11:37:34.436+00:00,751.571,present,3038.1,"{""state"":""present"",""devices"":[{""Status"":""OK"",""Class"":""AndroidUsbDeviceClass"",""FriendlyName"":""Android Bootloader Interface"",""InstanceId"":""USB\\VID_18D1&PID_D00D\\1384E684""}]}",absent,fastboot,25.8,21.7,List of devices attached,1384e684               fastboot
2026-09-28T11:37:35.388+00:00,2026-09-28T11:37:35.443+00:00,752.579,present,3038.1,"{""state"":""present"",""devices"":[{""Status"":""OK"",""Class"":""AndroidUsbDeviceClass"",""FriendlyName"":""Android Bootloader Interface"",""InstanceId"":""USB\\VID_18D1&PID_D00D\\1384E684""}]}",absent,fastboot,32.9,21.9,List of devices attached,1384e684               fastboot
2026-09-28T11:37:36.389+00:00,2026-09-28T11:37:36.435+00:00,753.570,present,3124.2,"{""state"":""present"",""devices"":[{""Status"":""OK"",""Class"":""AndroidUsbDeviceClass"",""FriendlyName"":""Android Bootloader Interface"",""InstanceId"":""USB\\VID_18D1&PID_D00D\\1384E684""}]}",absent,fastboot,23.9,22.3,List of devices attached | emulator-5568          offline transport_id:567,1384e684               fastboot
2026-09-28T11:37:37.389+00:00,2026-09-28T11:37:37.434+00:00,754.570,present,3124.2,"{""state"":""present"",""devices"":[{""Status"":""OK"",""Class"":""AndroidUsbDeviceClass"",""FriendlyName"":""Android Bootloader Interface"",""InstanceId"":""USB\\VID_18D1&PID_D00D\\1384E684""}]}",absent,fastboot,23.5,22.1,List of devices attached,1384e684               fastboot
2026-09-28T11:37:38.389+00:00,2026-09-28T11:37:38.434+00:00,755.570,present,3124.2,"{""state"":""present"",""devices"":[{""Status"":""OK"",""Class"":""AndroidUsbDeviceClass"",""FriendlyName"":""Android Bootloader Interface"",""InstanceId"":""USB\\VID_18D1&PID_D00D\\1384E684""}]}",absent,fastboot,24.3,20.7,List of devices attached,1384e684               fastboot
2026-09-28T11:37:39.389+00:00,2026-09-28T11:37:39.446+00:00,756.581,present,3124.2,"{""state"":""present"",""devices"":[{""Status"":""OK"",""Class"":""AndroidUsbDeviceClass"",""FriendlyName"":""Android Bootloader Interface"",""InstanceId"":""USB\\VID_18D1&PID_D00D\\1384E684""}]}",absent,fastboot,24.1,32.0,List of devices attached,1384e684               fastboot
2026-09-28T11:37:40.390+00:00,2026-09-28T11:37:40.450+00:00,757.585,present,3071.7,"{""state"":""present"",""devices"":[{""Status"":""OK"",""Class"":""AndroidUsbDeviceClass"",""FriendlyName"":""Android Bootloader Interface"",""InstanceId"":""USB\\VID_18D1&PID_D00D\\1384E684""}]}",absent,fastboot,25.5,35.0,List of devices attached | emulator-5568          offline transport_id:570,1384e684               fastboot
2026-09-28T11:37:41.390+00:00,2026-09-28T11:37:41.437+00:00,758.573,present,3071.7,"{""state"":""present"",""devices"":[{""Status"":""OK"",""Class"":""AndroidUsbDeviceClass"",""FriendlyName"":""Android Bootloader Interface"",""InstanceId"":""USB\\VID_18D1&PID_D00D\\1384E684""}]}",absent,fastboot,25.0,22.4,List of devices attached,1384e684               fastboot
2026-09-28T11:37:42.391+00:00,2026-09-28T11:37:42.462+00:00,759.598,present,3071.7,"{""state"":""present"",""devices"":[{""Status"":""OK"",""Class"":""AndroidUsbDeviceClass"",""FriendlyName"":""Android Bootloader Interface"",""InstanceId"":""USB\\VID_18D1&PID_D00D\\1384E684""}]}",absent,fastboot,25.2,46.5,List of devices attached,1384e684               fastboot
2026-09-28T11:37:43.391+00:00,2026-09-28T11:37:43.438+00:00,760.574,present,3071.7,"{""state"":""present"",""devices"":[{""Status"":""OK"",""Class"":""AndroidUsbDeviceClass"",""FriendlyName"":""Android Bootloader Interface"",""InstanceId"":""USB\\VID_18D1&PID_D00D\\1384E684""}]}",absent,fastboot,25.7,21.8,List of devices attached,1384e684               fastboot
2026-09-28T11:37:44.391+00:00,2026-09-28T11:37:44.437+00:00,761.573,present,3036.6,"{""state"":""present"",""devices"":[{""Status"":""OK"",""Class"":""AndroidUsbDeviceClass"",""FriendlyName"":""Android Bootloader Interface"",""InstanceId"":""USB\\VID_18D1&PID_D00D\\1384E684""}]}",absent,fastboot,24.6,21.8,List of devices attached,1384e684               fastboot
2026-09-28T11:37:45.391+00:00,2026-09-28T11:37:45.438+00:00,762.573,present,3036.6,"{""state"":""present"",""devices"":[{""Status"":""OK"",""Class"":""AndroidUsbDeviceClass"",""FriendlyName"":""Android Bootloader Interface"",""InstanceId"":""USB\\VID_18D1&PID_D00D\\1384E684""}]}",absent,fastboot,24.9,21.6,List of devices attached | emulator-5568          offline transport_id:574,1384e684               fastboot
2026-09-28T11:37:46.391+00:00,2026-09-28T11:37:46.447+00:00,763.582,present,3036.6,"{""state"":""present"",""devices"":[{""Status"":""OK"",""Class"":""AndroidUsbDeviceClass"",""FriendlyName"":""Android Bootloader Interface"",""InstanceId"":""USB\\VID_18D1&PID_D00D\\1384E684""}]}",absent,fastboot,24.8,30.5,List of devices attached,1384e684               fastboot
2026-09-28T11:37:47.392+00:00,2026-09-28T11:37:47.440+00:00,764.575,present,3036.6,"{""state"":""present"",""devices"":[{""Status"":""OK"",""Class"":""AndroidUsbDeviceClass"",""FriendlyName"":""Android Bootloader Interface"",""InstanceId"":""USB\\VID_18D1&PID_D00D\\1384E684""}]}",absent,fastboot,25.6,22.4,List of devices attached,1384e684               fastboot
2026-09-28T11:37:48.392+00:00,2026-09-28T11:37:48.438+00:00,765.574,present,3135.7,"{""state"":""present"",""devices"":[{""Status"":""OK"",""Class"":""AndroidUsbDeviceClass"",""FriendlyName"":""Android Bootloader Interface"",""InstanceId"":""USB\\VID_18D1&PID_D00D\\1384E684""}]}",absent,fastboot,24.6,21.6,List of devices attached,1384e684               fastboot
2026-09-28T11:37:49.392+00:00,2026-09-28T11:37:49.447+00:00,766.582,present,3135.7,"{""state"":""present"",""devices"":[{""Status"":""OK"",""Class"":""AndroidUsbDeviceClass"",""FriendlyName"":""Android Bootloader Interface"",""InstanceId"":""USB\\VID_18D1&PID_D00D\\1384E684""}]}",absent,fastboot,24.0,30.5,List of devices attached,1384e684               fastboot
2026-09-28T11:37:50.393+00:00,2026-09-28T11:37:50.439+00:00,767.575,present,3135.7,"{""state"":""present"",""devices"":[{""Status"":""OK"",""Class"":""AndroidUsbDeviceClass"",""FriendlyName"":""Android Bootloader Interface"",""InstanceId"":""USB\\VID_18D1&PID_D00D\\1384E684""}]}",absent,fastboot,25.0,21.6,List of devices attached | emulator-5568          offline transport_id:578,1384e684               fastboot
2026-09-28T11:37:51.393+00:00,2026-09-28T11:37:51.439+00:00,768.574,present,3135.7,"{""state"":""present"",""devices"":[{""Status"":""OK"",""Class"":""AndroidUsbDeviceClass"",""FriendlyName"":""Android Bootloader Interface"",""InstanceId"":""USB\\VID_18D1&PID_D00D\\1384E684""}]}",absent,fastboot,24.2,21.6,List of devices attached,1384e684               fastboot
2026-09-28T11:37:52.393+00:00,2026-09-28T11:37:52.442+00:00,769.577,present,3077.1,"{""state"":""present"",""devices"":[{""Status"":""OK"",""Class"":""AndroidUsbDeviceClass"",""FriendlyName"":""Android Bootloader Interface"",""InstanceId"":""USB\\VID_18D1&PID_D00D\\1384E684""}]}",absent,fastboot,26.5,22.2,List of devices attached,1384e684               fastboot
2026-09-28T11:37:53.393+00:00,2026-09-28T11:37:53.439+00:00,770.574,present,3077.1,"{""state"":""present"",""devices"":[{""Status"":""OK"",""Class"":""AndroidUsbDeviceClass"",""FriendlyName"":""Android Bootloader Interface"",""InstanceId"":""USB\\VID_18D1&PID_D00D\\1384E684""}]}",absent,fastboot,24.3,21.2,List of devices attached,1384e684               fastboot
2026-09-28T11:37:54.394+00:00,2026-09-28T11:37:54.440+00:00,771.575,present,3077.1,"{""state"":""present"",""devices"":[{""Status"":""OK"",""Class"":""AndroidUsbDeviceClass"",""FriendlyName"":""Android Bootloader Interface"",""InstanceId"":""USB\\VID_18D1&PID_D00D\\1384E684""}]}",absent,fastboot,24.2,21.9,List of devices attached | emulator-5568          offline transport_id:581,1384e684               fastboot
2026-09-28T11:37:55.394+00:00,2026-09-28T11:37:55.445+00:00,772.581,present,3077.1,"{""state"":""present"",""devices"":[{""Status"":""OK"",""Class"":""AndroidUsbDeviceClass"",""FriendlyName"":""Android Bootloader Interface"",""InstanceId"":""USB\\VID_18D1&PID_D00D\\1384E684""}]}",absent,fastboot,24.1,27.1,List of devices attached,1384e684               fastboot
2026-09-28T11:37:56.394+00:00,2026-09-28T11:37:56.444+00:00,773.579,present,3081.4,"{""state"":""present"",""devices"":[{""Status"":""OK"",""Class"":""AndroidUsbDeviceClass"",""FriendlyName"":""Android Bootloader Interface"",""InstanceId"":""USB\\VID_18D1&PID_D00D\\1384E684""}]}",absent,fastboot,25.3,24.2,List of devices attached,1384e684               fastboot
2026-09-28T11:37:57.395+00:00,2026-09-28T11:37:57.442+00:00,774.577,present,3081.4,"{""state"":""present"",""devices"":[{""Status"":""OK"",""Class"":""AndroidUsbDeviceClass"",""FriendlyName"":""Android Bootloader Interface"",""InstanceId"":""USB\\VID_18D1&PID_D00D\\1384E684""}]}",absent,fastboot,24.6,22.7,List of devices attached,1384e684               fastboot
2026-09-28T11:37:58.395+00:00,2026-09-28T11:37:58.443+00:00,775.578,present,3081.4,"{""state"":""present"",""devices"":[{""Status"":""OK"",""Class"":""AndroidUsbDeviceClass"",""FriendlyName"":""Android Bootloader Interface"",""InstanceId"":""USB\\VID_18D1&PID_D00D\\1384E684""}]}",absent,fastboot,26.0,22.0,List of devices attached,1384e684               fastboot
2026-09-28T11:37:59.396+00:00,2026-09-28T11:37:59.447+00:00,776.582,present,3081.4,"{""state"":""present"",""devices"":[{""Status"":""OK"",""Class"":""AndroidUsbDeviceClass"",""FriendlyName"":""Android Bootloader Interface"",""InstanceId"":""USB\\VID_18D1&PID_D00D\\1384E684""}]}",absent,fastboot,24.2,26.9,List of devices attached | emulator-5568          offline transport_id:585,1384e684               fastboot
2026-09-28T11:38:00.396+00:00,2026-09-28T11:38:00.442+00:00,777.577,present,3097.3,"{""state"":""present"",""devices"":[{""Status"":""OK"",""Class"":""AndroidUsbDeviceClass"",""FriendlyName"":""Android Bootloader Interface"",""InstanceId"":""USB\\VID_18D1&PID_D00D\\1384E684""}]}",absent,fastboot,23.6,22.1,List of devices attached,1384e684               fastboot
2026-09-28T11:38:01.396+00:00,2026-09-28T11:38:01.451+00:00,778.587,present,3097.3,"{""state"":""present"",""devices"":[{""Status"":""OK"",""Class"":""AndroidUsbDeviceClass"",""FriendlyName"":""Android Bootloader Interface"",""InstanceId"":""USB\\VID_18D1&PID_D00D\\1384E684""}]}",absent,fastboot,24.8,30.1,List of devices attached,1384e684               fastboot
2026-09-28T11:38:02.396+00:00,2026-09-28T11:38:02.453+00:00,779.589,present,3097.3,"{""state"":""present"",""devices"":[{""Status"":""OK"",""Class"":""AndroidUsbDeviceClass"",""FriendlyName"":""Android Bootloader Interface"",""InstanceId"":""USB\\VID_18D1&PID_D00D\\1384E684""}]}",absent,fastboot,23.1,33.9,List of devices attached,1384e684               fastboot
2026-09-28T11:38:03.397+00:00,2026-09-28T11:38:03.444+00:00,780.579,present,3097.3,"{""state"":""present"",""devices"":[{""Status"":""OK"",""Class"":""AndroidUsbDeviceClass"",""FriendlyName"":""Android Bootloader Interface"",""InstanceId"":""USB\\VID_18D1&PID_D00D\\1384E684""}]}",absent,fastboot,24.6,22.4,List of devices attached,1384e684               fastboot
2026-09-28T11:38:04.397+00:00,2026-09-28T11:38:04.442+00:00,781.577,present,3052.2,"{""state"":""present"",""devices"":[{""Status"":""OK"",""Class"":""AndroidUsbDeviceClass"",""FriendlyName"":""Android Bootloader Interface"",""InstanceId"":""USB\\VID_18D1&PID_D00D\\1384E684""}]}",absent,fastboot,23.1,21.5,List of devices attached | emulator-5568          offline transport_id:589,1384e684               fastboot
2026-09-28T11:38:05.398+00:00,2026-09-28T11:38:05.443+00:00,782.579,present,3052.2,"{""state"":""present"",""devices"":[{""Status"":""OK"",""Class"":""AndroidUsbDeviceClass"",""FriendlyName"":""Android Bootloader Interface"",""InstanceId"":""USB\\VID_18D1&PID_D00D\\1384E684""}]}",absent,fastboot,24.1,21.5,List of devices attached,1384e684               fastboot
2026-09-28T11:38:06.398+00:00,2026-09-28T11:38:06.443+00:00,783.578,present,3052.2,"{""state"":""present"",""devices"":[{""Status"":""OK"",""Class"":""AndroidUsbDeviceClass"",""FriendlyName"":""Android Bootloader Interface"",""InstanceId"":""USB\\VID_18D1&PID_D00D\\1384E684""}]}",absent,fastboot,22.7,21.8,List of devices attached,1384e684               fastboot
2026-09-28T11:38:07.398+00:00,2026-09-28T11:38:07.450+00:00,784.585,present,3052.2,"{""state"":""present"",""devices"":[{""Status"":""OK"",""Class"":""AndroidUsbDeviceClass"",""FriendlyName"":""Android Bootloader Interface"",""InstanceId"":""USB\\VID_18D1&PID_D00D\\1384E684""}]}",absent,fastboot,29.3,22.1,List of devices attached,1384e684               fastboot
2026-09-28T11:38:08.399+00:00,2026-09-28T11:38:08.446+00:00,785.581,present,3041.7,"{""state"":""present"",""devices"":[{""Status"":""OK"",""Class"":""AndroidUsbDeviceClass"",""FriendlyName"":""Android Bootloader Interface"",""InstanceId"":""USB\\VID_18D1&PID_D00D\\1384E684""}]}",absent,fastboot,24.7,22.6,List of devices attached | emulator-5568          offline transport_id:592,1384e684               fastboot
2026-09-28T11:38:09.399+00:00,2026-09-28T11:38:09.448+00:00,786.583,present,3041.7,"{""state"":""present"",""devices"":[{""Status"":""OK"",""Class"":""AndroidUsbDeviceClass"",""FriendlyName"":""Android Bootloader Interface"",""InstanceId"":""USB\\VID_18D1&PID_D00D\\1384E684""}]}",absent,fastboot,23.3,25.1,List of devices attached,1384e684               fastboot
2026-09-28T11:38:10.399+00:00,2026-09-28T11:38:10.443+00:00,787.579,present,3041.7,"{""state"":""present"",""devices"":[{""Status"":""OK"",""Class"":""AndroidUsbDeviceClass"",""FriendlyName"":""Android Bootloader Interface"",""InstanceId"":""USB\\VID_18D1&PID_D00D\\1384E684""}]}",absent,fastboot,22.9,21.2,List of devices attached,1384e684               fastboot
2026-09-28T11:38:11.400+00:00,2026-09-28T11:38:11.446+00:00,788.581,present,3041.7,"{""state"":""present"",""devices"":[{""Status"":""OK"",""Class"":""AndroidUsbDeviceClass"",""FriendlyName"":""Android Bootloader Interface"",""InstanceId"":""USB\\VID_18D1&PID_D00D\\1384E684""}]}",absent,fastboot,24.1,21.9,List of devices attached,1384e684               fastboot
2026-09-28T11:38:12.400+00:00,2026-09-28T11:38:12.450+00:00,789.586,present,3158.1,"{""state"":""present"",""devices"":[{""Status"":""OK"",""Class"":""AndroidUsbDeviceClass"",""FriendlyName"":""Android Bootloader Interface"",""InstanceId"":""USB\\VID_18D1&PID_D00D\\1384E684""}]}",absent,fastboot,27.8,22.2,List of devices attached,1384e684               fastboot
2026-09-28T11:38:13.401+00:00,2026-09-28T11:38:13.446+00:00,790.582,present,3158.1,"{""state"":""present"",""devices"":[{""Status"":""OK"",""Class"":""AndroidUsbDeviceClass"",""FriendlyName"":""Android Bootloader Interface"",""InstanceId"":""USB\\VID_18D1&PID_D00D\\1384E684""}]}",absent,fastboot,24.0,21.7,List of devices attached | emulator-5568          offline transport_id:596,1384e684               fastboot
2026-09-28T11:38:14.401+00:00,2026-09-28T11:38:14.446+00:00,791.581,present,3158.1,"{""state"":""present"",""devices"":[{""Status"":""OK"",""Class"":""AndroidUsbDeviceClass"",""FriendlyName"":""Android Bootloader Interface"",""InstanceId"":""USB\\VID_18D1&PID_D00D\\1384E684""}]}",absent,fastboot,22.5,22.5,List of devices attached,1384e684               fastboot
2026-09-28T11:38:15.401+00:00,2026-09-28T11:38:15.449+00:00,792.584,present,3158.1,"{""state"":""present"",""devices"":[{""Status"":""OK"",""Class"":""AndroidUsbDeviceClass"",""FriendlyName"":""Android Bootloader Interface"",""InstanceId"":""USB\\VID_18D1&PID_D00D\\1384E684""}]}",absent,fastboot,24.8,22.7,List of devices attached,1384e684               fastboot
2026-09-28T11:38:16.401+00:00,2026-09-28T11:38:16.446+00:00,793.582,present,3105.6,"{""state"":""present"",""devices"":[{""Status"":""OK"",""Class"":""AndroidUsbDeviceClass"",""FriendlyName"":""Android Bootloader Interface"",""InstanceId"":""USB\\VID_18D1&PID_D00D\\1384E684""}]}",absent,fastboot,22.5,22.6,List of devices attached,1384e684               fastboot
2026-09-28T11:38:17.402+00:00,2026-09-28T11:38:17.448+00:00,794.584,present,3105.6,"{""state"":""present"",""devices"":[{""Status"":""OK"",""Class"":""AndroidUsbDeviceClass"",""FriendlyName"":""Android Bootloader Interface"",""InstanceId"":""USB\\VID_18D1&PID_D00D\\1384E684""}]}",absent,fastboot,24.1,22.4,List of devices attached,1384e684               fastboot
2026-09-28T11:38:18.402+00:00,2026-09-28T11:38:18.449+00:00,795.584,present,3105.6,"{""state"":""present"",""devices"":[{""Status"":""OK"",""Class"":""AndroidUsbDeviceClass"",""FriendlyName"":""Android Bootloader Interface"",""InstanceId"":""USB\\VID_18D1&PID_D00D\\1384E684""}]}",absent,fastboot,24.6,22.2,List of devices attached | emulator-5568          offline transport_id:600,1384e684               fastboot
2026-09-28T11:38:19.402+00:00,2026-09-28T11:38:19.448+00:00,796.583,present,3105.6,"{""state"":""present"",""devices"":[{""Status"":""OK"",""Class"":""AndroidUsbDeviceClass"",""FriendlyName"":""Android Bootloader Interface"",""InstanceId"":""USB\\VID_18D1&PID_D00D\\1384E684""}]}",absent,fastboot,23.0,22.6,List of devices attached,1384e684               fastboot
2026-09-28T11:38:20.403+00:00,2026-09-28T11:38:20.449+00:00,797.584,present,3057.2,"{""state"":""present"",""devices"":[{""Status"":""OK"",""Class"":""AndroidUsbDeviceClass"",""FriendlyName"":""Android Bootloader Interface"",""InstanceId"":""USB\\VID_18D1&PID_D00D\\1384E684""}]}",absent,fastboot,23.0,22.7,List of devices attached,1384e684               fastboot
2026-09-28T11:38:21.403+00:00,2026-09-28T11:38:21.451+00:00,798.586,present,3057.2,"{""state"":""present"",""devices"":[{""Status"":""OK"",""Class"":""AndroidUsbDeviceClass"",""FriendlyName"":""Android Bootloader Interface"",""InstanceId"":""USB\\VID_18D1&PID_D00D\\1384E684""}]}",absent,fastboot,25.7,21.9,List of devices attached,1384e684               fastboot
2026-09-28T11:38:22.404+00:00,2026-09-28T11:38:22.451+00:00,799.586,present,3057.2,"{""state"":""present"",""devices"":[{""Status"":""OK"",""Class"":""AndroidUsbDeviceClass"",""FriendlyName"":""Android Bootloader Interface"",""InstanceId"":""USB\\VID_18D1&PID_D00D\\1384E684""}]}",absent,fastboot,24.5,22.7,List of devices attached | emulator-5568          offline transport_id:603,1384e684               fastboot
2026-09-28T11:38:23.404+00:00,2026-09-28T11:38:23.451+00:00,800.586,present,3057.2,"{""state"":""present"",""devices"":[{""Status"":""OK"",""Class"":""AndroidUsbDeviceClass"",""FriendlyName"":""Android Bootloader Interface"",""InstanceId"":""USB\\VID_18D1&PID_D00D\\1384E684""}]}",absent,fastboot,24.4,22.1,List of devices attached,1384e684               fastboot
2026-09-28T11:38:24.404+00:00,2026-09-28T11:38:24.451+00:00,801.586,present,3134.9,"{""state"":""present"",""devices"":[{""Status"":""OK"",""Class"":""AndroidUsbDeviceClass"",""FriendlyName"":""Android Bootloader Interface"",""InstanceId"":""USB\\VID_18D1&PID_D00D\\1384E684""}]}",absent,fastboot,24.4,22.1,List of devices attached,1384e684               fastboot
2026-09-28T11:38:25.404+00:00,2026-09-28T11:38:25.450+00:00,802.586,present,3134.9,"{""state"":""present"",""devices"":[{""Status"":""OK"",""Class"":""AndroidUsbDeviceClass"",""FriendlyName"":""Android Bootloader Interface"",""InstanceId"":""USB\\VID_18D1&PID_D00D\\1384E684""}]}",absent,fastboot,24.4,21.5,List of devices attached,1384e684               fastboot
2026-09-28T11:38:26.405+00:00,2026-09-28T11:38:26.451+00:00,803.586,present,3134.9,"{""state"":""present"",""devices"":[{""Status"":""OK"",""Class"":""AndroidUsbDeviceClass"",""FriendlyName"":""Android Bootloader Interface"",""InstanceId"":""USB\\VID_18D1&PID_D00D\\1384E684""}]}",absent,fastboot,24.6,21.1,List of devices attached,1384e684               fastboot
2026-09-28T11:38:27.405+00:00,2026-09-28T11:38:27.454+00:00,804.589,present,3134.9,"{""state"":""present"",""devices"":[{""Status"":""OK"",""Class"":""AndroidUsbDeviceClass"",""FriendlyName"":""Android Bootloader Interface"",""InstanceId"":""USB\\VID_18D1&PID_D00D\\1384E684""}]}",absent,fastboot,24.4,24.1,List of devices attached | emulator-5568          offline transport_id:607,1384e684               fastboot
2026-09-28T11:38:28.405+00:00,2026-09-28T11:38:28.453+00:00,805.588,present,3118.2,"{""state"":""present"",""devices"":[{""Status"":""OK"",""Class"":""AndroidUsbDeviceClass"",""FriendlyName"":""Android Bootloader Interface"",""InstanceId"":""USB\\VID_18D1&PID_D00D\\1384E684""}]}",absent,fastboot,23.6,23.5,List of devices attached,1384e684               fastboot
2026-09-28T11:38:29.406+00:00,2026-09-28T11:38:29.451+00:00,806.587,present,3118.2,"{""state"":""present"",""devices"":[{""Status"":""OK"",""Class"":""AndroidUsbDeviceClass"",""FriendlyName"":""Android Bootloader Interface"",""InstanceId"":""USB\\VID_18D1&PID_D00D\\1384E684""}]}",absent,fastboot,23.2,22.4,List of devices attached,1384e684               fastboot
2026-09-28T11:38:30.406+00:00,2026-09-28T11:38:30.451+00:00,807.586,present,3118.2,"{""state"":""present"",""devices"":[{""Status"":""OK"",""Class"":""AndroidUsbDeviceClass"",""FriendlyName"":""Android Bootloader Interface"",""InstanceId"":""USB\\VID_18D1&PID_D00D\\1384E684""}]}",absent,fastboot,23.0,21.8,List of devices attached,1384e684               fastboot
2026-09-28T11:38:31.406+00:00,2026-09-28T11:38:31.453+00:00,808.589,present,3118.2,"{""state"":""present"",""devices"":[{""Status"":""OK"",""Class"":""AndroidUsbDeviceClass"",""FriendlyName"":""Android Bootloader Interface"",""InstanceId"":""USB\\VID_18D1&PID_D00D\\1384E684""}]}",absent,fastboot,25.1,21.9,List of devices attached,1384e684               fastboot
2026-09-28T11:38:32.406+00:00,2026-09-28T11:38:32.453+00:00,809.588,present,3051.2,"{""state"":""present"",""devices"":[{""Status"":""OK"",""Class"":""AndroidUsbDeviceClass"",""FriendlyName"":""Android Bootloader Interface"",""InstanceId"":""USB\\VID_18D1&PID_D00D\\1384E684""}]}",absent,fastboot,24.9,21.7,List of devices attached | emulator-5568          offline transport_id:611,1384e684               fastboot
2026-09-28T11:38:33.407+00:00,2026-09-28T11:38:33.453+00:00,810.589,present,3051.2,"{""state"":""present"",""devices"":[{""Status"":""OK"",""Class"":""AndroidUsbDeviceClass"",""FriendlyName"":""Android Bootloader Interface"",""InstanceId"":""USB\\VID_18D1&PID_D00D\\1384E684""}]}",absent,fastboot,24.6,21.8,List of devices attached,1384e684               fastboot
2026-09-28T11:38:34.407+00:00,2026-09-28T11:38:34.457+00:00,811.592,present,3051.2,"{""state"":""present"",""devices"":[{""Status"":""OK"",""Class"":""AndroidUsbDeviceClass"",""FriendlyName"":""Android Bootloader Interface"",""InstanceId"":""USB\\VID_18D1&PID_D00D\\1384E684""}]}",absent,fastboot,26.8,22.6,List of devices attached,1384e684               fastboot
2026-09-28T11:38:35.408+00:00,2026-09-28T11:38:35.454+00:00,812.589,present,3051.2,"{""state"":""present"",""devices"":[{""Status"":""OK"",""Class"":""AndroidUsbDeviceClass"",""FriendlyName"":""Android Bootloader Interface"",""InstanceId"":""USB\\VID_18D1&PID_D00D\\1384E684""}]}",absent,fastboot,24.8,21.3,List of devices attached,1384e684               fastboot
2026-09-28T11:38:36.408+00:00,2026-09-28T11:38:36.455+00:00,813.590,present,3092.1,"{""state"":""present"",""devices"":[{""Status"":""OK"",""Class"":""AndroidUsbDeviceClass"",""FriendlyName"":""Android Bootloader Interface"",""InstanceId"":""USB\\VID_18D1&PID_D00D\\1384E684""}]}",absent,fastboot,24.5,22.3,List of devices attached,1384e684               fastboot
2026-09-28T11:38:37.408+00:00,2026-09-28T11:38:37.456+00:00,814.592,present,3092.1,"{""state"":""present"",""devices"":[{""Status"":""OK"",""Class"":""AndroidUsbDeviceClass"",""FriendlyName"":""Android Bootloader Interface"",""InstanceId"":""USB\\VID_18D1&PID_D00D\\1384E684""}]}",absent,fastboot,26.4,21.6,List of devices attached | emulator-5568          offline transport_id:615,1384e684               fastboot
2026-09-28T11:38:38.409+00:00,2026-09-28T11:38:38.473+00:00,815.608,present,3092.1,"{""state"":""present"",""devices"":[{""Status"":""OK"",""Class"":""AndroidUsbDeviceClass"",""FriendlyName"":""Android Bootloader Interface"",""InstanceId"":""USB\\VID_18D1&PID_D00D\\1384E684""}]}",absent,fastboot,41.1,22.8,List of devices attached,1384e684               fastboot
2026-09-28T11:38:39.409+00:00,2026-09-28T11:38:39.454+00:00,816.589,present,3092.1,"{""state"":""present"",""devices"":[{""Status"":""OK"",""Class"":""AndroidUsbDeviceClass"",""FriendlyName"":""Android Bootloader Interface"",""InstanceId"":""USB\\VID_18D1&PID_D00D\\1384E684""}]}",absent,fastboot,23.5,21.1,List of devices attached,1384e684               fastboot
2026-09-28T11:38:40.409+00:00,2026-09-28T11:38:40.469+00:00,817.604,present,3058.7,"{""state"":""present"",""devices"":[{""Status"":""OK"",""Class"":""AndroidUsbDeviceClass"",""FriendlyName"":""Android Bootloader Interface"",""InstanceId"":""USB\\VID_18D1&PID_D00D\\1384E684""}]}",absent,fastboot,36.8,22.6,List of devices attached,1384e684               fastboot
2026-09-28T11:38:41.409+00:00,2026-09-28T11:38:41.457+00:00,818.592,present,3058.7,"{""state"":""present"",""devices"":[{""Status"":""OK"",""Class"":""AndroidUsbDeviceClass"",""FriendlyName"":""Android Bootloader Interface"",""InstanceId"":""USB\\VID_18D1&PID_D00D\\1384E684""}]}",absent,fastboot,25.2,22.3,List of devices attached | emulator-5568          offline transport_id:618,1384e684               fastboot
2026-09-28T11:38:42.410+00:00,2026-09-28T11:38:42.456+00:00,819.591,present,3058.7,"{""state"":""present"",""devices"":[{""Status"":""OK"",""Class"":""AndroidUsbDeviceClass"",""FriendlyName"":""Android Bootloader Interface"",""InstanceId"":""USB\\VID_18D1&PID_D00D\\1384E684""}]}",absent,fastboot,24.2,21.9,List of devices attached,1384e684               fastboot
2026-09-28T11:38:43.410+00:00,2026-09-28T11:38:43.457+00:00,820.593,present,3000.4,"{""state"":""present"",""devices"":[{""Status"":""OK"",""Class"":""AndroidUsbDeviceClass"",""FriendlyName"":""Android Bootloader Interface"",""InstanceId"":""USB\\VID_18D1&PID_D00D\\1384E684""}]}",absent,fastboot,24.6,22.1,List of devices attached,1384e684               fastboot
2026-09-28T11:38:44.411+00:00,2026-09-28T11:38:44.470+00:00,821.606,present,3000.4,"{""state"":""present"",""devices"":[{""Status"":""OK"",""Class"":""AndroidUsbDeviceClass"",""FriendlyName"":""Android Bootloader Interface"",""InstanceId"":""USB\\VID_18D1&PID_D00D\\1384E684""}]}",absent,fastboot,37.1,22.2,List of devices attached,1384e684               fastboot
2026-09-28T11:38:45.411+00:00,2026-09-28T11:38:45.458+00:00,822.593,present,3000.4,"{""state"":""present"",""devices"":[{""Status"":""OK"",""Class"":""AndroidUsbDeviceClass"",""FriendlyName"":""Android Bootloader Interface"",""InstanceId"":""USB\\VID_18D1&PID_D00D\\1384E684""}]}",absent,fastboot,25.0,21.4,List of devices attached,1384e684               fastboot
2026-09-28T11:38:46.412+00:00,2026-09-28T11:38:46.473+00:00,823.609,present,3000.4,"{""state"":""present"",""devices"":[{""Status"":""OK"",""Class"":""AndroidUsbDeviceClass"",""FriendlyName"":""Android Bootloader Interface"",""InstanceId"":""USB\\VID_18D1&PID_D00D\\1384E684""}]}",absent,fastboot,39.1,22.6,List of devices attached | emulator-5568          offline transport_id:622,1384e684               fastboot
2026-09-28T11:38:47.412+00:00,2026-09-28T11:38:47.457+00:00,824.592,present,3023.3,"{""state"":""present"",""devices"":[{""Status"":""OK"",""Class"":""AndroidUsbDeviceClass"",""FriendlyName"":""Android Bootloader Interface"",""InstanceId"":""USB\\VID_18D1&PID_D00D\\1384E684""}]}",absent,fastboot,23.1,21.5,List of devices attached,1384e684               fastboot
2026-09-28T11:38:48.412+00:00,2026-09-28T11:38:48.458+00:00,825.593,present,3023.3,"{""state"":""present"",""devices"":[{""Status"":""OK"",""Class"":""AndroidUsbDeviceClass"",""FriendlyName"":""Android Bootloader Interface"",""InstanceId"":""USB\\VID_18D1&PID_D00D\\1384E684""}]}",absent,fastboot,25.0,20.7,List of devices attached,1384e684               fastboot
2026-09-28T11:38:49.413+00:00,2026-09-28T11:38:49.458+00:00,826.594,present,3023.3,"{""state"":""present"",""devices"":[{""Status"":""OK"",""Class"":""AndroidUsbDeviceClass"",""FriendlyName"":""Android Bootloader Interface"",""InstanceId"":""USB\\VID_18D1&PID_D00D\\1384E684""}]}",absent,fastboot,24.5,21.2,List of devices attached,1384e684               fastboot
2026-09-28T11:38:50.413+00:00,2026-09-28T11:38:50.458+00:00,827.594,present,3023.3,"{""state"":""present"",""devices"":[{""Status"":""OK"",""Class"":""AndroidUsbDeviceClass"",""FriendlyName"":""Android Bootloader Interface"",""InstanceId"":""USB\\VID_18D1&PID_D00D\\1384E684""}]}",absent,fastboot,23.6,22.0,List of devices attached,1384e684               fastboot
2026-09-28T11:38:51.413+00:00,2026-09-28T11:38:51.468+00:00,828.603,present,3062.1,"{""state"":""present"",""devices"":[{""Status"":""OK"",""Class"":""AndroidUsbDeviceClass"",""FriendlyName"":""Android Bootloader Interface"",""InstanceId"":""USB\\VID_18D1&PID_D00D\\1384E684""}]}",absent,fastboot,31.3,23.4,List of devices attached | emulator-5568          offline transport_id:626,1384e684               fastboot
2026-09-28T11:38:52.413+00:00,2026-09-28T11:38:52.462+00:00,829.598,present,3062.1,"{""state"":""present"",""devices"":[{""Status"":""OK"",""Class"":""AndroidUsbDeviceClass"",""FriendlyName"":""Android Bootloader Interface"",""InstanceId"":""USB\\VID_18D1&PID_D00D\\1384E684""}]}",absent,fastboot,25.2,23.5,List of devices attached,1384e684               fastboot
2026-09-28T11:38:53.414+00:00,2026-09-28T11:38:53.484+00:00,830.619,present,3062.1,"{""state"":""present"",""devices"":[{""Status"":""OK"",""Class"":""AndroidUsbDeviceClass"",""FriendlyName"":""Android Bootloader Interface"",""InstanceId"":""USB\\VID_18D1&PID_D00D\\1384E684""}]}",absent,fastboot,47.4,22.3,List of devices attached,1384e684               fastboot
2026-09-28T11:38:54.414+00:00,2026-09-28T11:38:54.461+00:00,831.597,present,3062.1,"{""state"":""present"",""devices"":[{""Status"":""OK"",""Class"":""AndroidUsbDeviceClass"",""FriendlyName"":""Android Bootloader Interface"",""InstanceId"":""USB\\VID_18D1&PID_D00D\\1384E684""}]}",absent,fastboot,24.3,22.5,List of devices attached,1384e684               fastboot
2026-09-28T11:38:55.415+00:00,2026-09-28T11:38:55.463+00:00,832.598,present,3107.0,"{""state"":""present"",""devices"":[{""Status"":""OK"",""Class"":""AndroidUsbDeviceClass"",""FriendlyName"":""Android Bootloader Interface"",""InstanceId"":""USB\\VID_18D1&PID_D00D\\1384E684""}]}",absent,fastboot,24.5,23.8,List of devices attached | emulator-5568          offline transport_id:629,1384e684               fastboot
2026-09-28T11:38:56.415+00:00,2026-09-28T11:38:56.460+00:00,833.595,present,3107.0,"{""state"":""present"",""devices"":[{""Status"":""OK"",""Class"":""AndroidUsbDeviceClass"",""FriendlyName"":""Android Bootloader Interface"",""InstanceId"":""USB\\VID_18D1&PID_D00D\\1384E684""}]}",absent,fastboot,23.7,21.0,List of devices attached,1384e684               fastboot
2026-09-28T11:38:57.415+00:00,2026-09-28T11:38:57.463+00:00,834.598,present,3107.0,"{""state"":""present"",""devices"":[{""Status"":""OK"",""Class"":""AndroidUsbDeviceClass"",""FriendlyName"":""Android Bootloader Interface"",""InstanceId"":""USB\\VID_18D1&PID_D00D\\1384E684""}]}",absent,fastboot,24.9,22.4,List of devices attached,1384e684               fastboot
2026-09-28T11:38:58.416+00:00,2026-09-28T11:38:58.479+00:00,835.614,present,3107.0,"{""state"":""present"",""devices"":[{""Status"":""OK"",""Class"":""AndroidUsbDeviceClass"",""FriendlyName"":""Android Bootloader Interface"",""InstanceId"":""USB\\VID_18D1&PID_D00D\\1384E684""}]}",absent,fastboot,39.3,23.3,List of devices attached,1384e684               fastboot
2026-09-28T11:38:59.416+00:00,2026-09-28T11:38:59.463+00:00,836.599,present,3216.0,"{""state"":""present"",""devices"":[{""Status"":""OK"",""Class"":""AndroidUsbDeviceClass"",""FriendlyName"":""Android Bootloader Interface"",""InstanceId"":""USB\\VID_18D1&PID_D00D\\1384E684""}]}",absent,fastboot,24.5,22.2,List of devices attached,1384e684               fastboot
2026-09-28T11:39:00.417+00:00,2026-09-28T11:39:00.481+00:00,837.617,present,3216.0,"{""state"":""present"",""devices"":[{""Status"":""OK"",""Class"":""AndroidUsbDeviceClass"",""FriendlyName"":""Android Bootloader Interface"",""InstanceId"":""USB\\VID_18D1&PID_D00D\\1384E684""}]}",absent,fastboot,39.9,24.6,List of devices attached | emulator-5568          offline transport_id:633,1384e684               fastboot
2026-09-28T11:39:01.417+00:00,2026-09-28T11:39:01.462+00:00,838.598,present,3216.0,"{""state"":""present"",""devices"":[{""Status"":""OK"",""Class"":""AndroidUsbDeviceClass"",""FriendlyName"":""Android Bootloader Interface"",""InstanceId"":""USB\\VID_18D1&PID_D00D\\1384E684""}]}",absent,fastboot,23.8,21.3,List of devices attached,1384e684               fastboot
2026-09-28T11:39:02.418+00:00,2026-09-28T11:39:02.462+00:00,839.598,present,3216.0,"{""state"":""present"",""devices"":[{""Status"":""OK"",""Class"":""AndroidUsbDeviceClass"",""FriendlyName"":""Android Bootloader Interface"",""InstanceId"":""USB\\VID_18D1&PID_D00D\\1384E684""}]}",absent,fastboot,23.9,20.6,List of devices attached,1384e684               fastboot
2026-09-28T11:39:03.418+00:00,2026-09-28T11:39:03.476+00:00,840.611,present,3018.5,"{""state"":""present"",""devices"":[{""Status"":""OK"",""Class"":""AndroidUsbDeviceClass"",""FriendlyName"":""Android Bootloader Interface"",""InstanceId"":""USB\\VID_18D1&PID_D00D\\1384E684""}]}",absent,fastboot,35.0,23.0,List of devices attached,1384e684               fastboot
2026-09-28T11:39:04.418+00:00,2026-09-28T11:39:04.464+00:00,841.599,present,3018.5,"{""state"":""present"",""devices"":[{""Status"":""OK"",""Class"":""AndroidUsbDeviceClass"",""FriendlyName"":""Android Bootloader Interface"",""InstanceId"":""USB\\VID_18D1&PID_D00D\\1384E684""}]}",absent,fastboot,23.8,21.3,List of devices attached,1384e684               fastboot
2026-09-28T11:39:05.419+00:00,2026-09-28T11:39:05.466+00:00,842.601,present,3018.5,"{""state"":""present"",""devices"":[{""Status"":""OK"",""Class"":""AndroidUsbDeviceClass"",""FriendlyName"":""Android Bootloader Interface"",""InstanceId"":""USB\\VID_18D1&PID_D00D\\1384E684""}]}",absent,fastboot,24.2,22.4,List of devices attached | emulator-5568          offline transport_id:637,1384e684               fastboot
2026-09-28T11:39:06.419+00:00,2026-09-28T11:39:06.464+00:00,843.599,present,3018.5,"{""state"":""present"",""devices"":[{""Status"":""OK"",""Class"":""AndroidUsbDeviceClass"",""FriendlyName"":""Android Bootloader Interface"",""InstanceId"":""USB\\VID_18D1&PID_D00D\\1384E684""}]}",absent,fastboot,22.7,21.9,List of devices attached,1384e684               fastboot
2026-09-28T11:39:07.420+00:00,2026-09-28T11:39:07.469+00:00,844.604,present,3024.7,"{""state"":""present"",""devices"":[{""Status"":""OK"",""Class"":""AndroidUsbDeviceClass"",""FriendlyName"":""Android Bootloader Interface"",""InstanceId"":""USB\\VID_18D1&PID_D00D\\1384E684""}]}",absent,fastboot,24.9,24.0,List of devices attached,1384e684               fastboot
2026-09-28T11:39:08.420+00:00,2026-09-28T11:39:08.475+00:00,845.610,present,3024.7,"{""state"":""present"",""devices"":[{""Status"":""OK"",""Class"":""AndroidUsbDeviceClass"",""FriendlyName"":""Android Bootloader Interface"",""InstanceId"":""USB\\VID_18D1&PID_D00D\\1384E684""}]}",absent,fastboot,30.4,24.4,List of devices attached,1384e684               fastboot
2026-09-28T11:39:09.420+00:00,2026-09-28T11:39:09.469+00:00,846.604,present,3024.7,"{""state"":""present"",""devices"":[{""Status"":""OK"",""Class"":""AndroidUsbDeviceClass"",""FriendlyName"":""Android Bootloader Interface"",""InstanceId"":""USB\\VID_18D1&PID_D00D\\1384E684""}]}",absent,fastboot,26.0,22.5,List of devices attached | emulator-5568          offline transport_id:640,1384e684               fastboot
2026-09-28T11:39:10.420+00:00,2026-09-28T11:39:10.468+00:00,847.604,present,3024.7,"{""state"":""present"",""devices"":[{""Status"":""OK"",""Class"":""AndroidUsbDeviceClass"",""FriendlyName"":""Android Bootloader Interface"",""InstanceId"":""USB\\VID_18D1&PID_D00D\\1384E684""}]}",absent,fastboot,25.0,22.9,List of devices attached,1384e684               fastboot
2026-09-28T11:39:11.421+00:00,2026-09-28T11:39:11.468+00:00,848.603,present,3038.7,"{""state"":""present"",""devices"":[{""Status"":""OK"",""Class"":""AndroidUsbDeviceClass"",""FriendlyName"":""Android Bootloader Interface"",""InstanceId"":""USB\\VID_18D1&PID_D00D\\1384E684""}]}",absent,fastboot,23.7,23.2,List of devices attached,1384e684               fastboot
2026-09-28T11:39:12.421+00:00,2026-09-28T11:39:12.469+00:00,849.605,present,3038.7,"{""state"":""present"",""devices"":[{""Status"":""OK"",""Class"":""AndroidUsbDeviceClass"",""FriendlyName"":""Android Bootloader Interface"",""InstanceId"":""USB\\VID_18D1&PID_D00D\\1384E684""}]}",absent,fastboot,25.1,23.1,List of devices attached,1384e684               fastboot
2026-09-28T11:39:13.421+00:00,2026-09-28T11:39:13.469+00:00,850.604,present,3038.7,"{""state"":""present"",""devices"":[{""Status"":""OK"",""Class"":""AndroidUsbDeviceClass"",""FriendlyName"":""Android Bootloader Interface"",""InstanceId"":""USB\\VID_18D1&PID_D00D\\1384E684""}]}",absent,fastboot,25.9,21.8,List of devices attached,1384e684               fastboot
2026-09-28T11:39:14.421+00:00,2026-09-28T11:39:14.467+00:00,851.603,present,3038.7,"{""state"":""present"",""devices"":[{""Status"":""OK"",""Class"":""AndroidUsbDeviceClass"",""FriendlyName"":""Android Bootloader Interface"",""InstanceId"":""USB\\VID_18D1&PID_D00D\\1384E684""}]}",absent,fastboot,24.3,21.4,List of devices attached | emulator-5568          offline transport_id:644,1384e684               fastboot
2026-09-28T11:39:15.422+00:00,2026-09-28T11:39:15.473+00:00,852.609,present,3033.8,"{""state"":""present"",""devices"":[{""Status"":""OK"",""Class"":""AndroidUsbDeviceClass"",""FriendlyName"":""Android Bootloader Interface"",""InstanceId"":""USB\\VID_18D1&PID_D00D\\1384E684""}]}",absent,fastboot,28.5,22.7,List of devices attached,1384e684               fastboot
2026-09-28T11:39:16.422+00:00,2026-09-28T11:39:16.470+00:00,853.606,present,3033.8,"{""state"":""present"",""devices"":[{""Status"":""OK"",""Class"":""AndroidUsbDeviceClass"",""FriendlyName"":""Android Bootloader Interface"",""InstanceId"":""USB\\VID_18D1&PID_D00D\\1384E684""}]}",absent,fastboot,25.0,23.3,List of devices attached,1384e684               fastboot
2026-09-28T11:39:17.422+00:00,2026-09-28T11:39:17.471+00:00,854.606,present,3033.8,"{""state"":""present"",""devices"":[{""Status"":""OK"",""Class"":""AndroidUsbDeviceClass"",""FriendlyName"":""Android Bootloader Interface"",""InstanceId"":""USB\\VID_18D1&PID_D00D\\1384E684""}]}",absent,fastboot,25.5,23.3,List of devices attached,1384e684               fastboot
2026-09-28T11:39:18.423+00:00,2026-09-28T11:39:18.479+00:00,855.614,present,3033.8,"{""state"":""present"",""devices"":[{""Status"":""OK"",""Class"":""AndroidUsbDeviceClass"",""FriendlyName"":""Android Bootloader Interface"",""InstanceId"":""USB\\VID_18D1&PID_D00D\\1384E684""}]}",absent,fastboot,24.9,31.4,List of devices attached,1384e684               fastboot
2026-09-28T11:39:19.423+00:00,2026-09-28T11:39:19.470+00:00,856.605,present,3112.2,"{""state"":""present"",""devices"":[{""Status"":""OK"",""Class"":""AndroidUsbDeviceClass"",""FriendlyName"":""Android Bootloader Interface"",""InstanceId"":""USB\\VID_18D1&PID_D00D\\1384E684""}]}",absent,fastboot,25.8,21.5,List of devices attached | emulator-5568          offline transport_id:648,1384e684               fastboot
2026-09-28T11:39:20.423+00:00,2026-09-28T11:39:20.478+00:00,857.613,present,3112.2,"{""state"":""present"",""devices"":[{""Status"":""OK"",""Class"":""AndroidUsbDeviceClass"",""FriendlyName"":""Android Bootloader Interface"",""InstanceId"":""USB\\VID_18D1&PID_D00D\\1384E684""}]}",absent,fastboot,23.8,30.6,List of devices attached,1384e684               fastboot
2026-09-28T11:39:21.423+00:00,2026-09-28T11:39:21.469+00:00,858.604,present,3112.2,"{""state"":""present"",""devices"":[{""Status"":""OK"",""Class"":""AndroidUsbDeviceClass"",""FriendlyName"":""Android Bootloader Interface"",""InstanceId"":""USB\\VID_18D1&PID_D00D\\1384E684""}]}",absent,fastboot,24.4,21.1,List of devices attached,1384e684               fastboot
2026-09-28T11:39:22.423+00:00,2026-09-28T11:39:22.468+00:00,859.604,present,3112.2,"{""state"":""present"",""devices"":[{""Status"":""OK"",""Class"":""AndroidUsbDeviceClass"",""FriendlyName"":""Android Bootloader Interface"",""InstanceId"":""USB\\VID_18D1&PID_D00D\\1384E684""}]}",absent,fastboot,24.2,20.5,List of devices attached,1384e684               fastboot
2026-09-28T11:39:23.424+00:00,2026-09-28T11:39:23.473+00:00,860.608,present,3013.8,"{""state"":""present"",""devices"":[{""Status"":""OK"",""Class"":""AndroidUsbDeviceClass"",""FriendlyName"":""Android Bootloader Interface"",""InstanceId"":""USB\\VID_18D1&PID_D00D\\1384E684""}]}",absent,fastboot,26.9,22.2,List of devices attached | emulator-5568          offline transport_id:651,1384e684               fastboot
2026-09-28T11:39:24.424+00:00,2026-09-28T11:39:24.475+00:00,861.610,present,3013.8,"{""state"":""present"",""devices"":[{""Status"":""OK"",""Class"":""AndroidUsbDeviceClass"",""FriendlyName"":""Android Bootloader Interface"",""InstanceId"":""USB\\VID_18D1&PID_D00D\\1384E684""}]}",absent,fastboot,29.0,21.5,List of devices attached,1384e684               fastboot
2026-09-28T11:39:25.424+00:00,2026-09-28T11:39:25.470+00:00,862.605,present,3013.8,"{""state"":""present"",""devices"":[{""Status"":""OK"",""Class"":""AndroidUsbDeviceClass"",""FriendlyName"":""Android Bootloader Interface"",""InstanceId"":""USB\\VID_18D1&PID_D00D\\1384E684""}]}",absent,fastboot,24.6,20.7,List of devices attached,1384e684               fastboot
2026-09-28T11:39:26.425+00:00,2026-09-28T11:39:26.482+00:00,863.617,present,3013.8,"{""state"":""present"",""devices"":[{""Status"":""OK"",""Class"":""AndroidUsbDeviceClass"",""FriendlyName"":""Android Bootloader Interface"",""InstanceId"":""USB\\VID_18D1&PID_D00D\\1384E684""}]}",absent,fastboot,35.3,21.5,List of devices attached,1384e684               fastboot
2026-09-28T11:39:27.425+00:00,2026-09-28T11:39:27.480+00:00,864.615,present,3085.6,"{""state"":""present"",""devices"":[{""Status"":""OK"",""Class"":""AndroidUsbDeviceClass"",""FriendlyName"":""Android Bootloader Interface"",""InstanceId"":""USB\\VID_18D1&PID_D00D\\1384E684""}]}",absent,fastboot,24.3,30.4,List of devices attached,1384e684               fastboot
2026-09-28T11:39:28.426+00:00,2026-09-28T11:39:28.472+00:00,865.608,present,3085.6,"{""state"":""present"",""devices"":[{""Status"":""OK"",""Class"":""AndroidUsbDeviceClass"",""FriendlyName"":""Android Bootloader Interface"",""InstanceId"":""USB\\VID_18D1&PID_D00D\\1384E684""}]}",absent,fastboot,24.4,22.2,List of devices attached | emulator-5568          offline transport_id:655,1384e684               fastboot
2026-09-28T11:39:29.426+00:00,2026-09-28T11:39:29.479+00:00,866.614,present,3085.6,"{""state"":""present"",""devices"":[{""Status"":""OK"",""Class"":""AndroidUsbDeviceClass"",""FriendlyName"":""Android Bootloader Interface"",""InstanceId"":""USB\\VID_18D1&PID_D00D\\1384E684""}]}",absent,fastboot,23.3,29.2,List of devices attached,1384e684               fastboot
2026-09-28T11:39:30.426+00:00,2026-09-28T11:39:30.472+00:00,867.608,present,3085.6,"{""state"":""present"",""devices"":[{""Status"":""OK"",""Class"":""AndroidUsbDeviceClass"",""FriendlyName"":""Android Bootloader Interface"",""InstanceId"":""USB\\VID_18D1&PID_D00D\\1384E684""}]}",absent,fastboot,23.9,22.1,List of devices attached,1384e684               fastboot
2026-09-28T11:39:31.427+00:00,2026-09-28T11:39:31.481+00:00,868.617,present,3032.6,"{""state"":""present"",""devices"":[{""Status"":""OK"",""Class"":""AndroidUsbDeviceClass"",""FriendlyName"":""Android Bootloader Interface"",""InstanceId"":""USB\\VID_18D1&PID_D00D\\1384E684""}]}",absent,fastboot,32.1,22.6,List of devices attached,1384e684               fastboot
2026-09-28T11:39:32.427+00:00,2026-09-28T11:39:32.475+00:00,869.611,present,3032.6,"{""state"":""present"",""devices"":[{""Status"":""OK"",""Class"":""AndroidUsbDeviceClass"",""FriendlyName"":""Android Bootloader Interface"",""InstanceId"":""USB\\VID_18D1&PID_D00D\\1384E684""}]}",absent,fastboot,23.6,24.7,List of devices attached | emulator-5568          offline transport_id:658,1384e684               fastboot
2026-09-28T11:39:33.427+00:00,2026-09-28T11:39:33.473+00:00,870.609,present,3032.6,"{""state"":""present"",""devices"":[{""Status"":""OK"",""Class"":""AndroidUsbDeviceClass"",""FriendlyName"":""Android Bootloader Interface"",""InstanceId"":""USB\\VID_18D1&PID_D00D\\1384E684""}]}",absent,fastboot,23.8,22.0,List of devices attached,1384e684               fastboot
2026-09-28T11:39:34.428+00:00,2026-09-28T11:39:34.483+00:00,871.618,present,3032.6,"{""state"":""present"",""devices"":[{""Status"":""OK"",""Class"":""AndroidUsbDeviceClass"",""FriendlyName"":""Android Bootloader Interface"",""InstanceId"":""USB\\VID_18D1&PID_D00D\\1384E684""}]}",absent,fastboot,33.1,22.3,List of devices attached,1384e684               fastboot
2026-09-28T11:39:35.428+00:00,2026-09-28T11:39:35.486+00:00,872.621,present,3143.2,"{""state"":""present"",""devices"":[{""Status"":""OK"",""Class"":""AndroidUsbDeviceClass"",""FriendlyName"":""Android Bootloader Interface"",""InstanceId"":""USB\\VID_18D1&PID_D00D\\1384E684""}]}",absent,fastboot,24.2,33.9,List of devices attached,1384e684               fastboot
2026-09-28T11:39:36.428+00:00,2026-09-28T11:39:36.478+00:00,873.613,present,3143.2,"{""state"":""present"",""devices"":[{""Status"":""OK"",""Class"":""AndroidUsbDeviceClass"",""FriendlyName"":""Android Bootloader Interface"",""InstanceId"":""USB\\VID_18D1&PID_D00D\\1384E684""}]}",absent,fastboot,22.8,26.7,List of devices attached,1384e684               fastboot
2026-09-28T11:39:37.429+00:00,2026-09-28T11:39:37.474+00:00,874.609,present,3143.2,"{""state"":""present"",""devices"":[{""Status"":""OK"",""Class"":""AndroidUsbDeviceClass"",""FriendlyName"":""Android Bootloader Interface"",""InstanceId"":""USB\\VID_18D1&PID_D00D\\1384E684""}]}",absent,fastboot,23.7,21.5,List of devices attached | emulator-5568          offline transport_id:662,1384e684               fastboot
2026-09-28T11:39:38.429+00:00,2026-09-28T11:39:38.479+00:00,875.615,present,3143.2,"{""state"":""present"",""devices"":[{""Status"":""OK"",""Class"":""AndroidUsbDeviceClass"",""FriendlyName"":""Android Bootloader Interface"",""InstanceId"":""USB\\VID_18D1&PID_D00D\\1384E684""}]}",absent,fastboot,26.0,24.5,List of devices attached,1384e684               fastboot
2026-09-28T11:39:39.429+00:00,2026-09-28T11:39:39.479+00:00,876.614,present,3102.5,"{""state"":""present"",""devices"":[{""Status"":""OK"",""Class"":""AndroidUsbDeviceClass"",""FriendlyName"":""Android Bootloader Interface"",""InstanceId"":""USB\\VID_18D1&PID_D00D\\1384E684""}]}",absent,fastboot,25.7,23.6,List of devices attached,1384e684               fastboot
2026-09-28T11:39:40.429+00:00,2026-09-28T11:39:40.488+00:00,877.623,present,3102.5,"{""state"":""present"",""devices"":[{""Status"":""OK"",""Class"":""AndroidUsbDeviceClass"",""FriendlyName"":""Android Bootloader Interface"",""InstanceId"":""USB\\VID_18D1&PID_D00D\\1384E684""}]}",absent,fastboot,26.2,32.2,List of devices attached,1384e684               fastboot
2026-09-28T11:39:41.430+00:00,2026-09-28T11:39:41.486+00:00,878.621,present,3102.5,"{""state"":""present"",""devices"":[{""Status"":""OK"",""Class"":""AndroidUsbDeviceClass"",""FriendlyName"":""Android Bootloader Interface"",""InstanceId"":""USB\\VID_18D1&PID_D00D\\1384E684""}]}",absent,fastboot,27.7,28.0,List of devices attached,1384e684               fastboot
2026-09-28T11:39:42.430+00:00,2026-09-28T11:39:42.478+00:00,879.613,present,3102.5,"{""state"":""present"",""devices"":[{""Status"":""OK"",""Class"":""AndroidUsbDeviceClass"",""FriendlyName"":""Android Bootloader Interface"",""InstanceId"":""USB\\VID_18D1&PID_D00D\\1384E684""}]}",absent,fastboot,24.3,23.6,List of devices attached | emulator-5568          offline transport_id:666,1384e684               fastboot
2026-09-28T11:39:43.430+00:00,2026-09-28T11:39:43.483+00:00,880.618,present,3260.6,"{""state"":""present"",""devices"":[{""Status"":""OK"",""Class"":""AndroidUsbDeviceClass"",""FriendlyName"":""Android Bootloader Interface"",""InstanceId"":""USB\\VID_18D1&PID_D00D\\1384E684""}]}",absent,fastboot,26.8,25.3,List of devices attached,1384e684               fastboot
2026-09-28T11:39:44.431+00:00,2026-09-28T11:39:44.481+00:00,881.617,present,3260.6,"{""state"":""present"",""devices"":[{""Status"":""OK"",""Class"":""AndroidUsbDeviceClass"",""FriendlyName"":""Android Bootloader Interface"",""InstanceId"":""USB\\VID_18D1&PID_D00D\\1384E684""}]}",absent,fastboot,25.8,24.7,List of devices attached,1384e684               fastboot
2026-09-28T11:39:45.431+00:00,2026-09-28T11:39:45.478+00:00,882.613,present,3260.6,"{""state"":""present"",""devices"":[{""Status"":""OK"",""Class"":""AndroidUsbDeviceClass"",""FriendlyName"":""Android Bootloader Interface"",""InstanceId"":""USB\\VID_18D1&PID_D00D\\1384E684""}]}",absent,fastboot,24.4,22.2,List of devices attached,1384e684               fastboot
2026-09-28T11:39:46.431+00:00,2026-09-28T11:39:46.477+00:00,883.613,present,3260.6,"{""state"":""present"",""devices"":[{""Status"":""OK"",""Class"":""AndroidUsbDeviceClass"",""FriendlyName"":""Android Bootloader Interface"",""InstanceId"":""USB\\VID_18D1&PID_D00D\\1384E684""}]}",absent,fastboot,23.4,22.6,List of devices attached | emulator-5568          offline transport_id:669,1384e684               fastboot
2026-09-28T11:39:47.431+00:00,2026-09-28T11:39:47.480+00:00,884.615,present,3279.7,"{""state"":""present"",""devices"":[{""Status"":""OK"",""Class"":""AndroidUsbDeviceClass"",""FriendlyName"":""Android Bootloader Interface"",""InstanceId"":""USB\\VID_18D1&PID_D00D\\1384E684""}]}",absent,fastboot,24.7,23.7,List of devices attached,1384e684               fastboot
2026-09-28T11:39:48.432+00:00,2026-09-28T11:39:48.479+00:00,885.615,present,3279.7,"{""state"":""present"",""devices"":[{""Status"":""OK"",""Class"":""AndroidUsbDeviceClass"",""FriendlyName"":""Android Bootloader Interface"",""InstanceId"":""USB\\VID_18D1&PID_D00D\\1384E684""}]}",absent,fastboot,24.9,22.7,List of devices attached,1384e684               fastboot
2026-09-28T11:39:49.432+00:00,2026-09-28T11:39:49.481+00:00,886.616,present,3279.7,"{""state"":""present"",""devices"":[{""Status"":""OK"",""Class"":""AndroidUsbDeviceClass"",""FriendlyName"":""Android Bootloader Interface"",""InstanceId"":""USB\\VID_18D1&PID_D00D\\1384E684""}]}",absent,fastboot,22.8,26.0,List of devices attached,1384e684               fastboot
2026-09-28T11:39:50.433+00:00,2026-09-28T11:39:50.482+00:00,887.618,present,3279.7,"{""state"":""present"",""devices"":[{""Status"":""OK"",""Class"":""AndroidUsbDeviceClass"",""FriendlyName"":""Android Bootloader Interface"",""InstanceId"":""USB\\VID_18D1&PID_D00D\\1384E684""}]}",absent,fastboot,27.7,21.9,List of devices attached,1384e684               fastboot
2026-09-28T11:39:51.433+00:00,2026-09-28T11:39:51.486+00:00,888.621,present,3091.2,"{""state"":""present"",""devices"":[{""Status"":""OK"",""Class"":""AndroidUsbDeviceClass"",""FriendlyName"":""Android Bootloader Interface"",""InstanceId"":""USB\\VID_18D1&PID_D00D\\1384E684""}]}",absent,fastboot,22.9,29.9,List of devices attached | emulator-5568          offline transport_id:673,1384e684               fastboot
2026-09-28T11:39:52.434+00:00,2026-09-28T11:39:52.483+00:00,889.619,present,3091.2,"{""state"":""present"",""devices"":[{""Status"":""OK"",""Class"":""AndroidUsbDeviceClass"",""FriendlyName"":""Android Bootloader Interface"",""InstanceId"":""USB\\VID_18D1&PID_D00D\\1384E684""}]}",absent,fastboot,26.8,22.8,List of devices attached,1384e684               fastboot
2026-09-28T11:39:53.434+00:00,2026-09-28T11:39:53.478+00:00,890.614,present,3091.2,"{""state"":""present"",""devices"":[{""Status"":""OK"",""Class"":""AndroidUsbDeviceClass"",""FriendlyName"":""Android Bootloader Interface"",""InstanceId"":""USB\\VID_18D1&PID_D00D\\1384E684""}]}",absent,fastboot,22.4,22.0,List of devices attached,1384e684               fastboot
2026-09-28T11:39:54.434+00:00,2026-09-28T11:39:54.480+00:00,891.616,present,3091.2,"{""state"":""present"",""devices"":[{""Status"":""OK"",""Class"":""AndroidUsbDeviceClass"",""FriendlyName"":""Android Bootloader Interface"",""InstanceId"":""USB\\VID_18D1&PID_D00D\\1384E684""}]}",absent,fastboot,23.9,22.2,List of devices attached,1384e684               fastboot
2026-09-28T11:39:55.435+00:00,2026-09-28T11:39:55.484+00:00,892.619,present,3063.4,"{""state"":""present"",""devices"":[{""Status"":""OK"",""Class"":""AndroidUsbDeviceClass"",""FriendlyName"":""Android Bootloader Interface"",""InstanceId"":""USB\\VID_18D1&PID_D00D\\1384E684""}]}",absent,fastboot,23.3,25.7,List of devices attached,1384e684               fastboot
2026-09-28T11:39:56.435+00:00,2026-09-28T11:39:56.480+00:00,893.616,present,3063.4,"{""state"":""present"",""devices"":[{""Status"":""OK"",""Class"":""AndroidUsbDeviceClass"",""FriendlyName"":""Android Bootloader Interface"",""InstanceId"":""USB\\VID_18D1&PID_D00D\\1384E684""}]}",absent,fastboot,22.8,22.6,List of devices attached | emulator-5568          offline transport_id:677,1384e684               fastboot
2026-09-28T11:39:57.435+00:00,2026-09-28T11:39:57.481+00:00,894.617,present,3063.4,"{""state"":""present"",""devices"":[{""Status"":""OK"",""Class"":""AndroidUsbDeviceClass"",""FriendlyName"":""Android Bootloader Interface"",""InstanceId"":""USB\\VID_18D1&PID_D00D\\1384E684""}]}",absent,fastboot,24.1,22.1,List of devices attached,1384e684               fastboot
2026-09-28T11:39:58.435+00:00,2026-09-28T11:39:58.483+00:00,895.618,present,3063.4,"{""state"":""present"",""devices"":[{""Status"":""OK"",""Class"":""AndroidUsbDeviceClass"",""FriendlyName"":""Android Bootloader Interface"",""InstanceId"":""USB\\VID_18D1&PID_D00D\\1384E684""}]}",absent,fastboot,24.7,22.8,List of devices attached,1384e684               fastboot
2026-09-28T11:39:59.435+00:00,2026-09-28T11:39:59.482+00:00,896.618,present,3191.7,"{""state"":""present"",""devices"":[{""Status"":""OK"",""Class"":""AndroidUsbDeviceClass"",""FriendlyName"":""Android Bootloader Interface"",""InstanceId"":""USB\\VID_18D1&PID_D00D\\1384E684""}]}",absent,fastboot,25.1,21.6,List of devices attached,1384e684               fastboot
2026-09-28T11:40:00.436+00:00,2026-09-28T11:40:00.483+00:00,897.619,present,3191.7,"{""state"":""present"",""devices"":[{""Status"":""OK"",""Class"":""AndroidUsbDeviceClass"",""FriendlyName"":""Android Bootloader Interface"",""InstanceId"":""USB\\VID_18D1&PID_D00D\\1384E684""}]}",absent,fastboot,24.9,22.7,List of devices attached | emulator-5568          offline transport_id:680,1384e684               fastboot
2026-09-28T11:40:01.436+00:00,2026-09-28T11:40:01.483+00:00,898.618,present,3191.7,"{""state"":""present"",""devices"":[{""Status"":""OK"",""Class"":""AndroidUsbDeviceClass"",""FriendlyName"":""Android Bootloader Interface"",""InstanceId"":""USB\\VID_18D1&PID_D00D\\1384E684""}]}",absent,fastboot,24.1,22.7,List of devices attached,1384e684               fastboot
2026-09-28T11:40:02.437+00:00,2026-09-28T11:40:02.494+00:00,899.629,present,3191.7,"{""state"":""present"",""devices"":[{""Status"":""OK"",""Class"":""AndroidUsbDeviceClass"",""FriendlyName"":""Android Bootloader Interface"",""InstanceId"":""USB\\VID_18D1&PID_D00D\\1384E684""}]}",absent,fastboot,22.7,34.5,List of devices attached,1384e684               fastboot
2026-09-28T11:40:03.437+00:00,2026-09-28T11:40:03.482+00:00,900.617,present,3078.9,"{""state"":""present"",""devices"":[{""Status"":""OK"",""Class"":""AndroidUsbDeviceClass"",""FriendlyName"":""Android Bootloader Interface"",""InstanceId"":""USB\\VID_18D1&PID_D00D\\1384E684""}]}",absent,fastboot,23.5,21.3,List of devices attached,1384e684               fastboot
2026-09-28T11:40:04.437+00:00,2026-09-28T11:40:04.482+00:00,901.617,present,3078.9,"{""state"":""present"",""devices"":[{""Status"":""OK"",""Class"":""AndroidUsbDeviceClass"",""FriendlyName"":""Android Bootloader Interface"",""InstanceId"":""USB\\VID_18D1&PID_D00D\\1384E684""}]}",absent,fastboot,23.3,21.5,List of devices attached,1384e684               fastboot
2026-09-28T11:40:05.437+00:00,2026-09-28T11:40:05.481+00:00,902.617,present,3078.9,"{""state"":""present"",""devices"":[{""Status"":""OK"",""Class"":""AndroidUsbDeviceClass"",""FriendlyName"":""Android Bootloader Interface"",""InstanceId"":""USB\\VID_18D1&PID_D00D\\1384E684""}]}",absent,fastboot,22.9,21.2,List of devices attached | emulator-5568          offline transport_id:684,1384e684               fastboot
2026-09-28T11:40:06.438+00:00,2026-09-28T11:40:06.482+00:00,903.617,present,3078.9,"{""state"":""present"",""devices"":[{""Status"":""OK"",""Class"":""AndroidUsbDeviceClass"",""FriendlyName"":""Android Bootloader Interface"",""InstanceId"":""USB\\VID_18D1&PID_D00D\\1384E684""}]}",absent,fastboot,22.5,21.4,List of devices attached,1384e684               fastboot
2026-09-28T11:40:07.438+00:00,2026-09-28T11:40:07.483+00:00,904.618,present,3010.5,"{""state"":""present"",""devices"":[{""Status"":""OK"",""Class"":""AndroidUsbDeviceClass"",""FriendlyName"":""Android Bootloader Interface"",""InstanceId"":""USB\\VID_18D1&PID_D00D\\1384E684""}]}",absent,fastboot,23.1,22.0,List of devices attached,1384e684               fastboot
2026-09-28T11:40:08.438+00:00,2026-09-28T11:40:08.484+00:00,905.619,present,3010.5,"{""state"":""present"",""devices"":[{""Status"":""OK"",""Class"":""AndroidUsbDeviceClass"",""FriendlyName"":""Android Bootloader Interface"",""InstanceId"":""USB\\VID_18D1&PID_D00D\\1384E684""}]}",absent,fastboot,23.9,21.6,List of devices attached,1384e684               fastboot
2026-09-28T11:40:09.438+00:00,2026-09-28T11:40:09.483+00:00,906.618,present,3010.5,"{""state"":""present"",""devices"":[{""Status"":""OK"",""Class"":""AndroidUsbDeviceClass"",""FriendlyName"":""Android Bootloader Interface"",""InstanceId"":""USB\\VID_18D1&PID_D00D\\1384E684""}]}",absent,fastboot,22.6,21.4,List of devices attached,1384e684               fastboot
2026-09-28T11:40:10.439+00:00,2026-09-28T11:40:10.486+00:00,907.621,present,3010.5,"{""state"":""present"",""devices"":[{""Status"":""OK"",""Class"":""AndroidUsbDeviceClass"",""FriendlyName"":""Android Bootloader Interface"",""InstanceId"":""USB\\VID_18D1&PID_D00D\\1384E684""}]}",absent,fastboot,24.0,22.8,List of devices attached | emulator-5568          offline transport_id:688,1384e684               fastboot
2026-09-28T11:40:11.439+00:00,2026-09-28T11:40:11.487+00:00,908.622,present,3066.6,"{""state"":""present"",""devices"":[{""Status"":""OK"",""Class"":""AndroidUsbDeviceClass"",""FriendlyName"":""Android Bootloader Interface"",""InstanceId"":""USB\\VID_18D1&PID_D00D\\1384E684""}]}",absent,fastboot,25.2,22.6,List of devices attached,1384e684               fastboot
2026-09-28T11:40:12.439+00:00,2026-09-28T11:40:12.487+00:00,909.622,present,3066.6,"{""state"":""present"",""devices"":[{""Status"":""OK"",""Class"":""AndroidUsbDeviceClass"",""FriendlyName"":""Android Bootloader Interface"",""InstanceId"":""USB\\VID_18D1&PID_D00D\\1384E684""}]}",absent,fastboot,25.6,22.2,List of devices attached,1384e684               fastboot
2026-09-28T11:40:13.439+00:00,2026-09-28T11:40:13.486+00:00,910.621,present,3066.6,"{""state"":""present"",""devices"":[{""Status"":""OK"",""Class"":""AndroidUsbDeviceClass"",""FriendlyName"":""Android Bootloader Interface"",""InstanceId"":""USB\\VID_18D1&PID_D00D\\1384E684""}]}",absent,fastboot,24.8,21.8,List of devices attached,1384e684               fastboot
2026-09-28T11:40:14.440+00:00,2026-09-28T11:40:14.486+00:00,911.621,present,3066.6,"{""state"":""present"",""devices"":[{""Status"":""OK"",""Class"":""AndroidUsbDeviceClass"",""FriendlyName"":""Android Bootloader Interface"",""InstanceId"":""USB\\VID_18D1&PID_D00D\\1384E684""}]}",absent,fastboot,23.8,21.8,List of devices attached | emulator-5568          offline transport_id:691,1384e684               fastboot
2026-09-28T11:40:15.440+00:00,2026-09-28T11:40:15.487+00:00,912.622,present,3094.6,"{""state"":""present"",""devices"":[{""Status"":""OK"",""Class"":""AndroidUsbDeviceClass"",""FriendlyName"":""Android Bootloader Interface"",""InstanceId"":""USB\\VID_18D1&PID_D00D\\1384E684""}]}",absent,fastboot,23.9,22.7,List of devices attached,1384e684               fastboot
2026-09-28T11:40:16.441+00:00,2026-09-28T11:40:16.488+00:00,913.623,present,3094.6,"{""state"":""present"",""devices"":[{""Status"":""OK"",""Class"":""AndroidUsbDeviceClass"",""FriendlyName"":""Android Bootloader Interface"",""InstanceId"":""USB\\VID_18D1&PID_D00D\\1384E684""}]}",absent,fastboot,25.1,22.1,List of devices attached,1384e684               fastboot
2026-09-28T11:40:17.441+00:00,2026-09-28T11:40:17.486+00:00,914.622,present,3094.6,"{""state"":""present"",""devices"":[{""Status"":""OK"",""Class"":""AndroidUsbDeviceClass"",""FriendlyName"":""Android Bootloader Interface"",""InstanceId"":""USB\\VID_18D1&PID_D00D\\1384E684""}]}",absent,fastboot,23.8,21.2,List of devices attached,1384e684               fastboot
2026-09-28T11:40:18.441+00:00,2026-09-28T11:40:18.489+00:00,915.625,present,3094.6,"{""state"":""present"",""devices"":[{""Status"":""OK"",""Class"":""AndroidUsbDeviceClass"",""FriendlyName"":""Android Bootloader Interface"",""InstanceId"":""USB\\VID_18D1&PID_D00D\\1384E684""}]}",absent,fastboot,25.8,22.3,List of devices attached,1384e684               fastboot
2026-09-28T11:40:19.441+00:00,2026-09-28T11:40:19.492+00:00,916.627,present,3050.3,"{""state"":""present"",""devices"":[{""Status"":""OK"",""Class"":""AndroidUsbDeviceClass"",""FriendlyName"":""Android Bootloader Interface"",""InstanceId"":""USB\\VID_18D1&PID_D00D\\1384E684""}]}",absent,fastboot,25.3,25.2,List of devices attached | emulator-5568          offline transport_id:695,1384e684               fastboot
2026-09-28T11:40:20.442+00:00,2026-09-28T11:40:20.488+00:00,917.623,present,3050.3,"{""state"":""present"",""devices"":[{""Status"":""OK"",""Class"":""AndroidUsbDeviceClass"",""FriendlyName"":""Android Bootloader Interface"",""InstanceId"":""USB\\VID_18D1&PID_D00D\\1384E684""}]}",absent,fastboot,24.5,21.3,List of devices attached,1384e684               fastboot
2026-09-28T11:40:21.442+00:00,2026-09-28T11:40:21.488+00:00,918.623,present,3050.3,"{""state"":""present"",""devices"":[{""Status"":""OK"",""Class"":""AndroidUsbDeviceClass"",""FriendlyName"":""Android Bootloader Interface"",""InstanceId"":""USB\\VID_18D1&PID_D00D\\1384E684""}]}",absent,fastboot,24.7,21.2,List of devices attached,1384e684               fastboot
2026-09-28T11:40:22.443+00:00,2026-09-28T11:40:22.491+00:00,919.627,present,3050.3,"{""state"":""present"",""devices"":[{""Status"":""OK"",""Class"":""AndroidUsbDeviceClass"",""FriendlyName"":""Android Bootloader Interface"",""InstanceId"":""USB\\VID_18D1&PID_D00D\\1384E684""}]}",absent,fastboot,26.4,22.2,List of devices attached,1384e684               fastboot
2026-09-28T11:40:23.443+00:00,2026-09-28T11:40:23.492+00:00,920.628,present,3063.9,"{""state"":""present"",""devices"":[{""Status"":""OK"",""Class"":""AndroidUsbDeviceClass"",""FriendlyName"":""Android Bootloader Interface"",""InstanceId"":""USB\\VID_18D1&PID_D00D\\1384E684""}]}",absent,fastboot,26.7,22.9,List of devices attached,1384e684               fastboot
2026-09-28T11:40:24.443+00:00,2026-09-28T11:40:24.489+00:00,921.624,present,3063.9,"{""state"":""present"",""devices"":[{""Status"":""OK"",""Class"":""AndroidUsbDeviceClass"",""FriendlyName"":""Android Bootloader Interface"",""InstanceId"":""USB\\VID_18D1&PID_D00D\\1384E684""}]}",absent,fastboot,24.1,21.3,List of devices attached | emulator-5568          offline transport_id:699,1384e684               fastboot
2026-09-28T11:40:25.444+00:00,2026-09-28T11:40:25.489+00:00,922.624,present,3063.9,"{""state"":""present"",""devices"":[{""Status"":""OK"",""Class"":""AndroidUsbDeviceClass"",""FriendlyName"":""Android Bootloader Interface"",""InstanceId"":""USB\\VID_18D1&PID_D00D\\1384E684""}]}",absent,fastboot,24.2,20.7,List of devices attached,1384e684               fastboot
2026-09-28T11:40:26.444+00:00,2026-09-28T11:40:26.491+00:00,923.627,present,3063.9,"{""state"":""present"",""devices"":[{""Status"":""OK"",""Class"":""AndroidUsbDeviceClass"",""FriendlyName"":""Android Bootloader Interface"",""InstanceId"":""USB\\VID_18D1&PID_D00D\\1384E684""}]}",absent,fastboot,26.4,20.4,List of devices attached,1384e684               fastboot
2026-09-28T11:40:27.445+00:00,2026-09-28T11:40:27.491+00:00,924.627,present,3014.9,"{""state"":""present"",""devices"":[{""Status"":""OK"",""Class"":""AndroidUsbDeviceClass"",""FriendlyName"":""Android Bootloader Interface"",""InstanceId"":""USB\\VID_18D1&PID_D00D\\1384E684""}]}",absent,fastboot,24.3,21.9,List of devices attached,1384e684               fastboot
2026-09-28T11:40:28.445+00:00,2026-09-28T11:40:28.494+00:00,925.629,present,3014.9,"{""state"":""present"",""devices"":[{""Status"":""OK"",""Class"":""AndroidUsbDeviceClass"",""FriendlyName"":""Android Bootloader Interface"",""InstanceId"":""USB\\VID_18D1&PID_D00D\\1384E684""}]}",absent,fastboot,26.7,21.7,List of devices attached | emulator-5568          offline transport_id:702,1384e684               fastboot
2026-09-28T11:40:29.446+00:00,2026-09-28T11:40:29.494+00:00,926.629,present,3014.9,"{""state"":""present"",""devices"":[{""Status"":""OK"",""Class"":""AndroidUsbDeviceClass"",""FriendlyName"":""Android Bootloader Interface"",""InstanceId"":""USB\\VID_18D1&PID_D00D\\1384E684""}]}",absent,fastboot,25.6,22.5,List of devices attached,1384e684               fastboot
2026-09-28T11:40:30.446+00:00,2026-09-28T11:40:30.491+00:00,927.626,present,3014.9,"{""state"":""present"",""devices"":[{""Status"":""OK"",""Class"":""AndroidUsbDeviceClass"",""FriendlyName"":""Android Bootloader Interface"",""InstanceId"":""USB\\VID_18D1&PID_D00D\\1384E684""}]}",absent,fastboot,24.3,20.8,List of devices attached,1384e684               fastboot
2026-09-28T11:40:31.446+00:00,2026-09-28T11:40:31.515+00:00,928.650,present,3023.9,"{""state"":""present"",""devices"":[{""Status"":""OK"",""Class"":""AndroidUsbDeviceClass"",""FriendlyName"":""Android Bootloader Interface"",""InstanceId"":""USB\\VID_18D1&PID_D00D\\1384E684""}]}",absent,fastboot,46.0,22.2,List of devices attached,1384e684               fastboot
2026-09-28T11:40:32.447+00:00,2026-09-28T11:40:32.492+00:00,929.628,present,3023.9,"{""state"":""present"",""devices"":[{""Status"":""OK"",""Class"":""AndroidUsbDeviceClass"",""FriendlyName"":""Android Bootloader Interface"",""InstanceId"":""USB\\VID_18D1&PID_D00D\\1384E684""}]}",absent,fastboot,24.9,20.8,List of devices attached,1384e684               fastboot
2026-09-28T11:40:33.447+00:00,2026-09-28T11:40:33.495+00:00,930.630,present,3023.9,"{""state"":""present"",""devices"":[{""Status"":""OK"",""Class"":""AndroidUsbDeviceClass"",""FriendlyName"":""Android Bootloader Interface"",""InstanceId"":""USB\\VID_18D1&PID_D00D\\1384E684""}]}",absent,fastboot,25.0,22.4,List of devices attached | emulator-5568          offline transport_id:706,1384e684               fastboot
2026-09-28T11:40:34.447+00:00,2026-09-28T11:40:34.493+00:00,931.628,present,3023.9,"{""state"":""present"",""devices"":[{""Status"":""OK"",""Class"":""AndroidUsbDeviceClass"",""FriendlyName"":""Android Bootloader Interface"",""InstanceId"":""USB\\VID_18D1&PID_D00D\\1384E684""}]}",absent,fastboot,24.8,20.7,List of devices attached,1384e684               fastboot
2026-09-28T11:40:35.448+00:00,2026-09-28T11:40:35.507+00:00,932.642,present,3029.9,"{""state"":""present"",""devices"":[{""Status"":""OK"",""Class"":""AndroidUsbDeviceClass"",""FriendlyName"":""Android Bootloader Interface"",""InstanceId"":""USB\\VID_18D1&PID_D00D\\1384E684""}]}",absent,fastboot,35.6,23.3,List of devices attached,1384e684               fastboot
2026-09-28T11:40:36.448+00:00,2026-09-28T11:40:36.495+00:00,933.630,present,3029.9,"{""state"":""present"",""devices"":[{""Status"":""OK"",""Class"":""AndroidUsbDeviceClass"",""FriendlyName"":""Android Bootloader Interface"",""InstanceId"":""USB\\VID_18D1&PID_D00D\\1384E684""}]}",absent,fastboot,26.0,21.1,List of devices attached,1384e684               fastboot
2026-09-28T11:40:37.448+00:00,2026-09-28T11:40:37.495+00:00,934.631,present,3029.9,"{""state"":""present"",""devices"":[{""Status"":""OK"",""Class"":""AndroidUsbDeviceClass"",""FriendlyName"":""Android Bootloader Interface"",""InstanceId"":""USB\\VID_18D1&PID_D00D\\1384E684""}]}",absent,fastboot,25.8,21.2,List of devices attached,1384e684               fastboot
2026-09-28T11:40:38.449+00:00,2026-09-28T11:40:38.503+00:00,935.638,present,3029.9,"{""state"":""present"",""devices"":[{""Status"":""OK"",""Class"":""AndroidUsbDeviceClass"",""FriendlyName"":""Android Bootloader Interface"",""InstanceId"":""USB\\VID_18D1&PID_D00D\\1384E684""}]}",absent,fastboot,31.4,22.8,List of devices attached | emulator-5568          offline transport_id:710,1384e684               fastboot
2026-09-28T11:40:39.449+00:00,2026-09-28T11:40:39.497+00:00,936.633,present,3119.6,"{""state"":""present"",""devices"":[{""Status"":""OK"",""Class"":""AndroidUsbDeviceClass"",""FriendlyName"":""Android Bootloader Interface"",""InstanceId"":""USB\\VID_18D1&PID_D00D\\1384E684""}]}",absent,fastboot,25.7,22.3,List of devices attached,1384e684               fastboot
2026-09-28T11:40:40.450+00:00,2026-09-28T11:40:40.502+00:00,937.637,present,3119.6,"{""state"":""present"",""devices"":[{""Status"":""OK"",""Class"":""AndroidUsbDeviceClass"",""FriendlyName"":""Android Bootloader Interface"",""InstanceId"":""USB\\VID_18D1&PID_D00D\\1384E684""}]}",absent,fastboot,29.0,23.1,List of devices attached,1384e684               fastboot
2026-09-28T11:40:41.450+00:00,2026-09-28T11:40:41.496+00:00,938.632,present,3119.6,"{""state"":""present"",""devices"":[{""Status"":""OK"",""Class"":""AndroidUsbDeviceClass"",""FriendlyName"":""Android Bootloader Interface"",""InstanceId"":""USB\\VID_18D1&PID_D00D\\1384E684""}]}",absent,fastboot,23.9,22.1,List of devices attached,1384e684               fastboot
2026-09-28T11:40:42.450+00:00,2026-09-28T11:40:42.504+00:00,939.639,present,3119.6,"{""state"":""present"",""devices"":[{""Status"":""OK"",""Class"":""AndroidUsbDeviceClass"",""FriendlyName"":""Android Bootloader Interface"",""InstanceId"":""USB\\VID_18D1&PID_D00D\\1384E684""}]}",absent,fastboot,31.4,22.4,List of devices attached | emulator-5568          offline transport_id:713,1384e684               fastboot
2026-09-28T11:40:43.450+00:00,2026-09-28T11:40:43.499+00:00,940.635,present,3071.4,"{""state"":""present"",""devices"":[{""Status"":""OK"",""Class"":""AndroidUsbDeviceClass"",""FriendlyName"":""Android Bootloader Interface"",""InstanceId"":""USB\\VID_18D1&PID_D00D\\1384E684""}]}",absent,fastboot,25.1,23.8,List of devices attached,1384e684               fastboot
2026-09-28T11:40:44.450+00:00,2026-09-28T11:40:44.502+00:00,941.637,present,3071.4,"{""state"":""present"",""devices"":[{""Status"":""OK"",""Class"":""AndroidUsbDeviceClass"",""FriendlyName"":""Android Bootloader Interface"",""InstanceId"":""USB\\VID_18D1&PID_D00D\\1384E684""}]}",absent,fastboot,29.0,22.4,List of devices attached,1384e684               fastboot
2026-09-28T11:40:45.451+00:00,2026-09-28T11:40:45.499+00:00,942.634,present,3071.4,"{""state"":""present"",""devices"":[{""Status"":""OK"",""Class"":""AndroidUsbDeviceClass"",""FriendlyName"":""Android Bootloader Interface"",""InstanceId"":""USB\\VID_18D1&PID_D00D\\1384E684""}]}",absent,fastboot,25.8,22.3,List of devices attached,1384e684               fastboot
2026-09-28T11:40:46.451+00:00,2026-09-28T11:40:46.506+00:00,943.642,present,3071.4,"{""state"":""present"",""devices"":[{""Status"":""OK"",""Class"":""AndroidUsbDeviceClass"",""FriendlyName"":""Android Bootloader Interface"",""InstanceId"":""USB\\VID_18D1&PID_D00D\\1384E684""}]}",absent,fastboot,33.2,22.0,List of devices attached,1384e684               fastboot
2026-09-28T11:40:47.451+00:00,2026-09-28T11:40:47.497+00:00,944.632,present,3066.7,"{""state"":""present"",""devices"":[{""Status"":""OK"",""Class"":""AndroidUsbDeviceClass"",""FriendlyName"":""Android Bootloader Interface"",""InstanceId"":""USB\\VID_18D1&PID_D00D\\1384E684""}]}",absent,fastboot,23.9,21.6,List of devices attached | emulator-5568          offline transport_id:717,1384e684               fastboot
2026-09-28T11:40:48.452+00:00,2026-09-28T11:40:48.508+00:00,945.643,present,3066.7,"{""state"":""present"",""devices"":[{""Status"":""OK"",""Class"":""AndroidUsbDeviceClass"",""FriendlyName"":""Android Bootloader Interface"",""InstanceId"":""USB\\VID_18D1&PID_D00D\\1384E684""}]}",absent,fastboot,33.8,22.4,List of devices attached,1384e684               fastboot
2026-09-28T11:40:49.452+00:00,2026-09-28T11:40:49.499+00:00,946.634,present,3066.7,"{""state"":""present"",""devices"":[{""Status"":""OK"",""Class"":""AndroidUsbDeviceClass"",""FriendlyName"":""Android Bootloader Interface"",""InstanceId"":""USB\\VID_18D1&PID_D00D\\1384E684""}]}",absent,fastboot,24.8,21.7,List of devices attached,1384e684               fastboot
2026-09-28T11:40:50.452+00:00,2026-09-28T11:40:50.504+00:00,947.639,present,3066.7,"{""state"":""present"",""devices"":[{""Status"":""OK"",""Class"":""AndroidUsbDeviceClass"",""FriendlyName"":""Android Bootloader Interface"",""InstanceId"":""USB\\VID_18D1&PID_D00D\\1384E684""}]}",absent,fastboot,29.5,22.0,List of devices attached,1384e684               fastboot
2026-09-28T11:40:51.453+00:00,2026-09-28T11:40:51.500+00:00,948.635,present,3049.8,"{""state"":""present"",""devices"":[{""Status"":""OK"",""Class"":""AndroidUsbDeviceClass"",""FriendlyName"":""Android Bootloader Interface"",""InstanceId"":""USB\\VID_18D1&PID_D00D\\1384E684""}]}",absent,fastboot,25.1,22.3,List of devices attached,1384e684               fastboot
2026-09-28T11:40:52.453+00:00,2026-09-28T11:40:52.503+00:00,949.639,present,3049.8,"{""state"":""present"",""devices"":[{""Status"":""OK"",""Class"":""AndroidUsbDeviceClass"",""FriendlyName"":""Android Bootloader Interface"",""InstanceId"":""USB\\VID_18D1&PID_D00D\\1384E684""}]}",absent,fastboot,28.0,22.2,List of devices attached | emulator-5568          offline transport_id:721,1384e684               fastboot
2026-09-28T11:40:53.453+00:00,2026-09-28T11:40:53.499+00:00,950.634,present,3049.8,"{""state"":""present"",""devices"":[{""Status"":""OK"",""Class"":""AndroidUsbDeviceClass"",""FriendlyName"":""Android Bootloader Interface"",""InstanceId"":""USB\\VID_18D1&PID_D00D\\1384E684""}]}",absent,fastboot,24.5,21.3,List of devices attached,1384e684               fastboot
2026-09-28T11:40:54.453+00:00,2026-09-28T11:40:54.501+00:00,951.636,present,3049.8,"{""state"":""present"",""devices"":[{""Status"":""OK"",""Class"":""AndroidUsbDeviceClass"",""FriendlyName"":""Android Bootloader Interface"",""InstanceId"":""USB\\VID_18D1&PID_D00D\\1384E684""}]}",absent,fastboot,25.7,21.4,List of devices attached,1384e684               fastboot
2026-09-28T11:40:55.454+00:00,2026-09-28T11:40:55.501+00:00,952.636,present,3060.6,"{""state"":""present"",""devices"":[{""Status"":""OK"",""Class"":""AndroidUsbDeviceClass"",""FriendlyName"":""Android Bootloader Interface"",""InstanceId"":""USB\\VID_18D1&PID_D00D\\1384E684""}]}",absent,fastboot,25.1,21.8,List of devices attached,1384e684               fastboot
2026-09-28T11:40:56.454+00:00,2026-09-28T11:40:56.506+00:00,953.642,present,3060.6,"{""state"":""present"",""devices"":[{""Status"":""OK"",""Class"":""AndroidUsbDeviceClass"",""FriendlyName"":""Android Bootloader Interface"",""InstanceId"":""USB\\VID_18D1&PID_D00D\\1384E684""}]}",absent,fastboot,29.8,22.2,List of devices attached | emulator-5568          offline transport_id:724,1384e684               fastboot
2026-09-28T11:40:57.455+00:00,2026-09-28T11:40:57.502+00:00,954.638,present,3060.6,"{""state"":""present"",""devices"":[{""Status"":""OK"",""Class"":""AndroidUsbDeviceClass"",""FriendlyName"":""Android Bootloader Interface"",""InstanceId"":""USB\\VID_18D1&PID_D00D\\1384E684""}]}",absent,fastboot,25.1,22.4,List of devices attached,1384e684               fastboot
2026-09-28T11:40:58.455+00:00,2026-09-28T11:40:58.503+00:00,955.639,present,3060.6,"{""state"":""present"",""devices"":[{""Status"":""OK"",""Class"":""AndroidUsbDeviceClass"",""FriendlyName"":""Android Bootloader Interface"",""InstanceId"":""USB\\VID_18D1&PID_D00D\\1384E684""}]}",absent,fastboot,26.0,22.3,List of devices attached,1384e684               fastboot
2026-09-28T11:40:59.455+00:00,2026-09-28T11:40:59.502+00:00,956.638,present,3057.8,"{""state"":""present"",""devices"":[{""Status"":""OK"",""Class"":""AndroidUsbDeviceClass"",""FriendlyName"":""Android Bootloader Interface"",""InstanceId"":""USB\\VID_18D1&PID_D00D\\1384E684""}]}",absent,fastboot,25.2,21.9,List of devices attached,1384e684               fastboot
2026-09-28T11:41:00.455+00:00,2026-09-28T11:41:00.510+00:00,957.646,present,3057.8,"{""state"":""present"",""devices"":[{""Status"":""OK"",""Class"":""AndroidUsbDeviceClass"",""FriendlyName"":""Android Bootloader Interface"",""InstanceId"":""USB\\VID_18D1&PID_D00D\\1384E684""}]}",absent,fastboot,23.8,31.3,List of devices attached,1384e684               fastboot
2026-09-28T11:41:01.456+00:00,2026-09-28T11:41:01.500+00:00,958.635,present,3057.8,"{""state"":""present"",""devices"":[{""Status"":""OK"",""Class"":""AndroidUsbDeviceClass"",""FriendlyName"":""Android Bootloader Interface"",""InstanceId"":""USB\\VID_18D1&PID_D00D\\1384E684""}]}",absent,fastboot,22.7,21.4,List of devices attached | emulator-5568          offline transport_id:728,1384e684               fastboot
2026-09-28T11:41:02.456+00:00,2026-09-28T11:41:02.514+00:00,959.649,present,3057.8,"{""state"":""present"",""devices"":[{""Status"":""OK"",""Class"":""AndroidUsbDeviceClass"",""FriendlyName"":""Android Bootloader Interface"",""InstanceId"":""USB\\VID_18D1&PID_D00D\\1384E684""}]}",absent,fastboot,23.4,34.6,List of devices attached,1384e684               fastboot
2026-09-28T11:41:03.456+00:00,2026-09-28T11:41:03.511+00:00,960.647,present,3071.8,"{""state"":""present"",""devices"":[{""Status"":""OK"",""Class"":""AndroidUsbDeviceClass"",""FriendlyName"":""Android Bootloader Interface"",""InstanceId"":""USB\\VID_18D1&PID_D00D\\1384E684""}]}",absent,fastboot,24.0,31.2,List of devices attached,1384e684               fastboot
2026-09-28T11:41:04.456+00:00,2026-09-28T11:41:04.503+00:00,961.638,present,3071.8,"{""state"":""present"",""devices"":[{""Status"":""OK"",""Class"":""AndroidUsbDeviceClass"",""FriendlyName"":""Android Bootloader Interface"",""InstanceId"":""USB\\VID_18D1&PID_D00D\\1384E684""}]}",absent,fastboot,24.7,22.0,List of devices attached,1384e684               fastboot
2026-09-28T11:41:05.457+00:00,2026-09-28T11:41:05.515+00:00,962.650,present,3071.8,"{""state"":""present"",""devices"":[{""Status"":""OK"",""Class"":""AndroidUsbDeviceClass"",""FriendlyName"":""Android Bootloader Interface"",""InstanceId"":""USB\\VID_18D1&PID_D00D\\1384E684""}]}",absent,fastboot,36.8,21.2,List of devices attached,1384e684               fastboot
2026-09-28T11:41:06.457+00:00,2026-09-28T11:41:06.503+00:00,963.638,present,3071.8,"{""state"":""present"",""devices"":[{""Status"":""OK"",""Class"":""AndroidUsbDeviceClass"",""FriendlyName"":""Android Bootloader Interface"",""InstanceId"":""USB\\VID_18D1&PID_D00D\\1384E684""}]}",absent,fastboot,24.1,21.7,List of devices attached | emulator-5568          offline transport_id:732,1384e684               fastboot
2026-09-28T11:41:07.457+00:00,2026-09-28T11:41:07.517+00:00,964.652,present,3070.3,"{""state"":""present"",""devices"":[{""Status"":""OK"",""Class"":""AndroidUsbDeviceClass"",""FriendlyName"":""Android Bootloader Interface"",""InstanceId"":""USB\\VID_18D1&PID_D00D\\1384E684""}]}",absent,fastboot,24.5,35.1,List of devices attached,1384e684               fastboot
2026-09-28T11:41:08.457+00:00,2026-09-28T11:41:08.503+00:00,965.638,present,3070.3,"{""state"":""present"",""devices"":[{""Status"":""OK"",""Class"":""AndroidUsbDeviceClass"",""FriendlyName"":""Android Bootloader Interface"",""InstanceId"":""USB\\VID_18D1&PID_D00D\\1384E684""}]}",absent,fastboot,23.9,21.7,List of devices attached,1384e684               fastboot
2026-09-28T11:41:09.458+00:00,2026-09-28T11:41:09.511+00:00,966.647,present,3070.3,"{""state"":""present"",""devices"":[{""Status"":""OK"",""Class"":""AndroidUsbDeviceClass"",""FriendlyName"":""Android Bootloader Interface"",""InstanceId"":""USB\\VID_18D1&PID_D00D\\1384E684""}]}",absent,fastboot,23.4,30.1,List of devices attached,1384e684               fastboot
2026-09-28T11:41:10.458+00:00,2026-09-28T11:41:10.506+00:00,967.641,present,3070.3,"{""state"":""present"",""devices"":[{""Status"":""OK"",""Class"":""AndroidUsbDeviceClass"",""FriendlyName"":""Android Bootloader Interface"",""InstanceId"":""USB\\VID_18D1&PID_D00D\\1384E684""}]}",absent,fastboot,25.3,22.4,List of devices attached | emulator-5568          offline transport_id:735,1384e684               fastboot
2026-09-28T11:41:11.458+00:00,2026-09-28T11:41:11.504+00:00,968.639,present,3040.8,"{""state"":""present"",""devices"":[{""Status"":""OK"",""Class"":""AndroidUsbDeviceClass"",""FriendlyName"":""Android Bootloader Interface"",""InstanceId"":""USB\\VID_18D1&PID_D00D\\1384E684""}]}",absent,fastboot,24.3,21.4,List of devices attached,1384e684               fastboot
2026-09-28T11:41:12.459+00:00,2026-09-28T11:41:12.510+00:00,969.645,present,3040.8,"{""state"":""present"",""devices"":[{""Status"":""OK"",""Class"":""AndroidUsbDeviceClass"",""FriendlyName"":""Android Bootloader Interface"",""InstanceId"":""USB\\VID_18D1&PID_D00D\\1384E684""}]}",absent,fastboot,24.7,26.1,List of devices attached,1384e684               fastboot
2026-09-28T11:41:13.459+00:00,2026-09-28T11:41:13.505+00:00,970.640,present,3040.8,"{""state"":""present"",""devices"":[{""Status"":""OK"",""Class"":""AndroidUsbDeviceClass"",""FriendlyName"":""Android Bootloader Interface"",""InstanceId"":""USB\\VID_18D1&PID_D00D\\1384E684""}]}",absent,fastboot,23.8,21.8,List of devices attached,1384e684               fastboot
2026-09-28T11:41:14.460+00:00,2026-09-28T11:41:14.507+00:00,971.642,present,3040.8,"{""state"":""present"",""devices"":[{""Status"":""OK"",""Class"":""AndroidUsbDeviceClass"",""FriendlyName"":""Android Bootloader Interface"",""InstanceId"":""USB\\VID_18D1&PID_D00D\\1384E684""}]}",absent,fastboot,24.8,22.0,List of devices attached,1384e684               fastboot
2026-09-28T11:41:15.460+00:00,2026-09-28T11:41:15.507+00:00,972.642,present,3135.5,"{""state"":""present"",""devices"":[{""Status"":""OK"",""Class"":""AndroidUsbDeviceClass"",""FriendlyName"":""Android Bootloader Interface"",""InstanceId"":""USB\\VID_18D1&PID_D00D\\1384E684""}]}",absent,fastboot,24.9,21.7,List of devices attached | emulator-5568          offline transport_id:739,1384e684               fastboot
2026-09-28T11:41:16.460+00:00,2026-09-28T11:41:16.527+00:00,973.662,present,3135.5,"{""state"":""present"",""devices"":[{""Status"":""OK"",""Class"":""AndroidUsbDeviceClass"",""FriendlyName"":""Android Bootloader Interface"",""InstanceId"":""USB\\VID_18D1&PID_D00D\\1384E684""}]}",absent,fastboot,24.2,42.0,List of devices attached,1384e684               fastboot
2026-09-28T11:41:17.460+00:00,2026-09-28T11:41:17.510+00:00,974.645,present,3135.5,"{""state"":""present"",""devices"":[{""Status"":""OK"",""Class"":""AndroidUsbDeviceClass"",""FriendlyName"":""Android Bootloader Interface"",""InstanceId"":""USB\\VID_18D1&PID_D00D\\1384E684""}]}",absent,fastboot,23.4,26.1,List of devices attached,1384e684               fastboot
2026-09-28T11:41:18.461+00:00,2026-09-28T11:41:18.511+00:00,975.646,present,3135.5,"{""state"":""present"",""devices"":[{""Status"":""OK"",""Class"":""AndroidUsbDeviceClass"",""FriendlyName"":""Android Bootloader Interface"",""InstanceId"":""USB\\VID_18D1&PID_D00D\\1384E684""}]}",absent,fastboot,26.8,23.4,List of devices attached,1384e684               fastboot
2026-09-28T11:41:19.461+00:00,2026-09-28T11:41:19.507+00:00,976.642,present,3101.6,"{""state"":""present"",""devices"":[{""Status"":""OK"",""Class"":""AndroidUsbDeviceClass"",""FriendlyName"":""Android Bootloader Interface"",""InstanceId"":""USB\\VID_18D1&PID_D00D\\1384E684""}]}",absent,fastboot,23.5,22.3,List of devices attached,1384e684               fastboot
2026-09-28T11:41:20.462+00:00,2026-09-28T11:41:20.508+00:00,977.643,present,3101.6,"{""state"":""present"",""devices"":[{""Status"":""OK"",""Class"":""AndroidUsbDeviceClass"",""FriendlyName"":""Android Bootloader Interface"",""InstanceId"":""USB\\VID_18D1&PID_D00D\\1384E684""}]}",absent,fastboot,24.2,22.3,List of devices attached | emulator-5568          offline transport_id:743,1384e684               fastboot
2026-09-28T11:41:21.462+00:00,2026-09-28T11:41:21.512+00:00,978.647,present,3101.6,"{""state"":""present"",""devices"":[{""Status"":""OK"",""Class"":""AndroidUsbDeviceClass"",""FriendlyName"":""Android Bootloader Interface"",""InstanceId"":""USB\\VID_18D1&PID_D00D\\1384E684""}]}",absent,fastboot,25.7,24.4,List of devices attached,1384e684               fastboot
2026-09-28T11:41:22.462+00:00,2026-09-28T11:41:22.509+00:00,979.644,present,3101.6,"{""state"":""present"",""devices"":[{""Status"":""OK"",""Class"":""AndroidUsbDeviceClass"",""FriendlyName"":""Android Bootloader Interface"",""InstanceId"":""USB\\VID_18D1&PID_D00D\\1384E684""}]}",absent,fastboot,23.9,22.7,List of devices attached,1384e684               fastboot
2026-09-28T11:41:23.463+00:00,2026-09-28T11:41:23.510+00:00,980.645,present,3305.2,"{""state"":""present"",""devices"":[{""Status"":""OK"",""Class"":""AndroidUsbDeviceClass"",""FriendlyName"":""Android Bootloader Interface"",""InstanceId"":""USB\\VID_18D1&PID_D00D\\1384E684""}]}",absent,fastboot,24.1,22.5,List of devices attached,1384e684               fastboot
2026-09-28T11:41:24.463+00:00,2026-09-28T11:41:24.509+00:00,981.644,present,3305.2,"{""state"":""present"",""devices"":[{""Status"":""OK"",""Class"":""AndroidUsbDeviceClass"",""FriendlyName"":""Android Bootloader Interface"",""InstanceId"":""USB\\VID_18D1&PID_D00D\\1384E684""}]}",absent,fastboot,23.7,21.7,List of devices attached | emulator-5568          offline transport_id:746,1384e684               fastboot
2026-09-28T11:41:25.464+00:00,2026-09-28T11:41:25.518+00:00,982.654,present,3305.2,"{""state"":""present"",""devices"":[{""Status"":""OK"",""Class"":""AndroidUsbDeviceClass"",""FriendlyName"":""Android Bootloader Interface"",""InstanceId"":""USB\\VID_18D1&PID_D00D\\1384E684""}]}",absent,fastboot,22.7,31.7,List of devices attached,1384e684               fastboot
2026-09-28T11:41:26.464+00:00,2026-09-28T11:41:26.511+00:00,983.647,present,3305.2,"{""state"":""present"",""devices"":[{""Status"":""OK"",""Class"":""AndroidUsbDeviceClass"",""FriendlyName"":""Android Bootloader Interface"",""InstanceId"":""USB\\VID_18D1&PID_D00D\\1384E684""}]}",absent,fastboot,25.2,22.2,List of devices attached,1384e684               fastboot
2026-09-28T11:41:27.464+00:00,2026-09-28T11:41:27.510+00:00,984.646,present,3147.8,"{""state"":""present"",""devices"":[{""Status"":""OK"",""Class"":""AndroidUsbDeviceClass"",""FriendlyName"":""Android Bootloader Interface"",""InstanceId"":""USB\\VID_18D1&PID_D00D\\1384E684""}]}",absent,fastboot,23.0,22.7,List of devices attached,1384e684               fastboot
2026-09-28T11:41:28.465+00:00,2026-09-28T11:41:28.511+00:00,985.646,present,3147.8,"{""state"":""present"",""devices"":[{""Status"":""OK"",""Class"":""AndroidUsbDeviceClass"",""FriendlyName"":""Android Bootloader Interface"",""InstanceId"":""USB\\VID_18D1&PID_D00D\\1384E684""}]}",absent,fastboot,24.0,22.2,List of devices attached,1384e684               fastboot
2026-09-28T11:41:29.465+00:00,2026-09-28T11:41:29.511+00:00,986.647,present,3147.8,"{""state"":""present"",""devices"":[{""Status"":""OK"",""Class"":""AndroidUsbDeviceClass"",""FriendlyName"":""Android Bootloader Interface"",""InstanceId"":""USB\\VID_18D1&PID_D00D\\1384E684""}]}",absent,fastboot,23.9,22.4,List of devices attached | emulator-5568          offline transport_id:750,1384e684               fastboot
2026-09-28T11:41:30.466+00:00,2026-09-28T11:41:30.510+00:00,987.645,present,3147.8,"{""state"":""present"",""devices"":[{""Status"":""OK"",""Class"":""AndroidUsbDeviceClass"",""FriendlyName"":""Android Bootloader Interface"",""InstanceId"":""USB\\VID_18D1&PID_D00D\\1384E684""}]}",absent,fastboot,23.3,21.1,List of devices attached,1384e684               fastboot
2026-09-28T11:41:31.466+00:00,2026-09-28T11:41:31.511+00:00,988.647,present,3013.5,"{""state"":""present"",""devices"":[{""Status"":""OK"",""Class"":""AndroidUsbDeviceClass"",""FriendlyName"":""Android Bootloader Interface"",""InstanceId"":""USB\\VID_18D1&PID_D00D\\1384E684""}]}",absent,fastboot,23.8,21.6,List of devices attached,1384e684               fastboot
2026-09-28T11:41:32.466+00:00,2026-09-28T11:41:32.515+00:00,989.650,present,3013.5,"{""state"":""present"",""devices"":[{""Status"":""OK"",""Class"":""AndroidUsbDeviceClass"",""FriendlyName"":""Android Bootloader Interface"",""InstanceId"":""USB\\VID_18D1&PID_D00D\\1384E684""}]}",absent,fastboot,26.8,22.1,List of devices attached,1384e684               fastboot
2026-09-28T11:41:33.466+00:00,2026-09-28T11:41:33.512+00:00,990.647,present,3013.5,"{""state"":""present"",""devices"":[{""Status"":""OK"",""Class"":""AndroidUsbDeviceClass"",""FriendlyName"":""Android Bootloader Interface"",""InstanceId"":""USB\\VID_18D1&PID_D00D\\1384E684""}]}",absent,fastboot,23.3,21.9,List of devices attached,1384e684               fastboot
2026-09-28T11:41:34.467+00:00,2026-09-28T11:41:34.512+00:00,991.647,present,3013.5,"{""state"":""present"",""devices"":[{""Status"":""OK"",""Class"":""AndroidUsbDeviceClass"",""FriendlyName"":""Android Bootloader Interface"",""InstanceId"":""USB\\VID_18D1&PID_D00D\\1384E684""}]}",absent,fastboot,23.1,22.0,List of devices attached | emulator-5568          offline transport_id:754,1384e684               fastboot
2026-09-28T11:41:35.467+00:00,2026-09-28T11:41:35.511+00:00,992.646,present,3047.0,"{""state"":""present"",""devices"":[{""Status"":""OK"",""Class"":""AndroidUsbDeviceClass"",""FriendlyName"":""Android Bootloader Interface"",""InstanceId"":""USB\\VID_18D1&PID_D00D\\1384E684""}]}",absent,fastboot,22.6,21.2,List of devices attached,1384e684               fastboot
2026-09-28T11:41:36.468+00:00,2026-09-28T11:41:36.514+00:00,993.649,present,3047.0,"{""state"":""present"",""devices"":[{""Status"":""OK"",""Class"":""AndroidUsbDeviceClass"",""FriendlyName"":""Android Bootloader Interface"",""InstanceId"":""USB\\VID_18D1&PID_D00D\\1384E684""}]}",absent,fastboot,23.4,22.8,List of devices attached,1384e684               fastboot
2026-09-28T11:41:37.468+00:00,2026-09-28T11:41:37.512+00:00,994.648,present,3047.0,"{""state"":""present"",""devices"":[{""Status"":""OK"",""Class"":""AndroidUsbDeviceClass"",""FriendlyName"":""Android Bootloader Interface"",""InstanceId"":""USB\\VID_18D1&PID_D00D\\1384E684""}]}",absent,fastboot,23.7,20.9,List of devices attached,1384e684               fastboot
2026-09-28T11:41:38.468+00:00,2026-09-28T11:41:38.513+00:00,995.649,present,3047.0,"{""state"":""present"",""devices"":[{""Status"":""OK"",""Class"":""AndroidUsbDeviceClass"",""FriendlyName"":""Android Bootloader Interface"",""InstanceId"":""USB\\VID_18D1&PID_D00D\\1384E684""}]}",absent,fastboot,23.6,21.2,List of devices attached | emulator-5568          offline transport_id:757,1384e684               fastboot
2026-09-28T11:41:39.468+00:00,2026-09-28T11:41:39.514+00:00,996.649,present,3126.7,"{""state"":""present"",""devices"":[{""Status"":""OK"",""Class"":""AndroidUsbDeviceClass"",""FriendlyName"":""Android Bootloader Interface"",""InstanceId"":""USB\\VID_18D1&PID_D00D\\1384E684""}]}",absent,fastboot,23.7,21.3,List of devices attached,1384e684               fastboot
2026-09-28T11:41:40.468+00:00,2026-09-28T11:41:40.514+00:00,997.650,present,3126.7,"{""state"":""present"",""devices"":[{""Status"":""OK"",""Class"":""AndroidUsbDeviceClass"",""FriendlyName"":""Android Bootloader Interface"",""InstanceId"":""USB\\VID_18D1&PID_D00D\\1384E684""}]}",absent,fastboot,23.4,22.4,List of devices attached,1384e684               fastboot
2026-09-28T11:41:41.469+00:00,2026-09-28T11:41:41.512+00:00,998.647,present,3126.7,"{""state"":""present"",""devices"":[{""Status"":""OK"",""Class"":""AndroidUsbDeviceClass"",""FriendlyName"":""Android Bootloader Interface"",""InstanceId"":""USB\\VID_18D1&PID_D00D\\1384E684""}]}",absent,fastboot,22.0,20.6,List of devices attached,1384e684               fastboot
2026-09-28T11:41:42.469+00:00,2026-09-28T11:41:42.514+00:00,999.649,present,3126.7,"{""state"":""present"",""devices"":[{""Status"":""OK"",""Class"":""AndroidUsbDeviceClass"",""FriendlyName"":""Android Bootloader Interface"",""InstanceId"":""USB\\VID_18D1&PID_D00D\\1384E684""}]}",absent,fastboot,23.0,21.6,List of devices attached,1384e684               fastboot
2026-09-28T11:41:43.470+00:00,2026-09-28T11:41:43.517+00:00,1000.652,present,3126.4,"{""state"":""present"",""devices"":[{""Status"":""OK"",""Class"":""AndroidUsbDeviceClass"",""FriendlyName"":""Android Bootloader Interface"",""InstanceId"":""USB\\VID_18D1&PID_D00D\\1384E684""}]}",absent,fastboot,24.0,23.1,List of devices attached | emulator-5568          offline transport_id:761,1384e684               fastboot
2026-09-28T11:41:44.470+00:00,2026-09-28T11:41:44.517+00:00,1001.652,present,3126.4,"{""state"":""present"",""devices"":[{""Status"":""OK"",""Class"":""AndroidUsbDeviceClass"",""FriendlyName"":""Android Bootloader Interface"",""InstanceId"":""USB\\VID_18D1&PID_D00D\\1384E684""}]}",absent,fastboot,24.8,22.0,List of devices attached,1384e684               fastboot
2026-09-28T11:41:45.470+00:00,2026-09-28T11:41:45.519+00:00,1002.655,present,3126.4,"{""state"":""present"",""devices"":[{""Status"":""OK"",""Class"":""AndroidUsbDeviceClass"",""FriendlyName"":""Android Bootloader Interface"",""InstanceId"":""USB\\VID_18D1&PID_D00D\\1384E684""}]}",absent,fastboot,23.8,25.3,List of devices attached,1384e684               fastboot
2026-09-28T11:41:46.471+00:00,2026-09-28T11:41:46.518+00:00,1003.653,present,3126.4,"{""state"":""present"",""devices"":[{""Status"":""OK"",""Class"":""AndroidUsbDeviceClass"",""FriendlyName"":""Android Bootloader Interface"",""InstanceId"":""USB\\VID_18D1&PID_D00D\\1384E684""}]}",absent,fastboot,24.1,22.7,List of devices attached,1384e684               fastboot
2026-09-28T11:41:47.471+00:00,2026-09-28T11:41:47.520+00:00,1004.656,present,3072.5,"{""state"":""present"",""devices"":[{""Status"":""OK"",""Class"":""AndroidUsbDeviceClass"",""FriendlyName"":""Android Bootloader Interface"",""InstanceId"":""USB\\VID_18D1&PID_D00D\\1384E684""}]}",absent,fastboot,25.3,23.9,List of devices attached,1384e684               fastboot
2026-09-28T11:41:48.471+00:00,2026-09-28T11:41:48.526+00:00,1005.662,present,3072.5,"{""state"":""present"",""devices"":[{""Status"":""OK"",""Class"":""AndroidUsbDeviceClass"",""FriendlyName"":""Android Bootloader Interface"",""InstanceId"":""USB\\VID_18D1&PID_D00D\\1384E684""}]}",absent,fastboot,24.3,30.6,List of devices attached | emulator-5568          offline transport_id:765,1384e684               fastboot
2026-09-28T11:41:49.471+00:00,2026-09-28T11:41:49.516+00:00,1006.652,present,3072.5,"{""state"":""present"",""devices"":[{""Status"":""OK"",""Class"":""AndroidUsbDeviceClass"",""FriendlyName"":""Android Bootloader Interface"",""InstanceId"":""USB\\VID_18D1&PID_D00D\\1384E684""}]}",absent,fastboot,23.9,20.9,List of devices attached,1384e684               fastboot
2026-09-28T11:41:50.472+00:00,2026-09-28T11:41:50.519+00:00,1007.655,present,3072.5,"{""state"":""present"",""devices"":[{""Status"":""OK"",""Class"":""AndroidUsbDeviceClass"",""FriendlyName"":""Android Bootloader Interface"",""InstanceId"":""USB\\VID_18D1&PID_D00D\\1384E684""}]}",absent,fastboot,23.7,23.9,List of devices attached,1384e684               fastboot
2026-09-28T11:41:51.472+00:00,2026-09-28T11:41:51.519+00:00,1008.655,present,3145.2,"{""state"":""present"",""devices"":[{""Status"":""OK"",""Class"":""AndroidUsbDeviceClass"",""FriendlyName"":""Android Bootloader Interface"",""InstanceId"":""USB\\VID_18D1&PID_D00D\\1384E684""}]}",absent,fastboot,25.5,21.5,List of devices attached,1384e684               fastboot
2026-09-28T11:41:52.472+00:00,2026-09-28T11:41:52.518+00:00,1009.654,present,3145.2,"{""state"":""present"",""devices"":[{""Status"":""OK"",""Class"":""AndroidUsbDeviceClass"",""FriendlyName"":""Android Bootloader Interface"",""InstanceId"":""USB\\VID_18D1&PID_D00D\\1384E684""}]}",absent,fastboot,24.3,21.6,List of devices attached | emulator-5568          offline transport_id:768,1384e684               fastboot
2026-09-28T11:41:53.473+00:00,2026-09-28T11:41:53.519+00:00,1010.654,present,3145.2,"{""state"":""present"",""devices"":[{""Status"":""OK"",""Class"":""AndroidUsbDeviceClass"",""FriendlyName"":""Android Bootloader Interface"",""InstanceId"":""USB\\VID_18D1&PID_D00D\\1384E684""}]}",absent,fastboot,25.0,21.2,List of devices attached,1384e684               fastboot
2026-09-28T11:41:54.473+00:00,2026-09-28T11:41:54.518+00:00,1011.653,present,3145.2,"{""state"":""present"",""devices"":[{""Status"":""OK"",""Class"":""AndroidUsbDeviceClass"",""FriendlyName"":""Android Bootloader Interface"",""InstanceId"":""USB\\VID_18D1&PID_D00D\\1384E684""}]}",absent,fastboot,24.3,20.8,List of devices attached,1384e684               fastboot
2026-09-28T11:41:55.473+00:00,2026-09-28T11:41:55.518+00:00,1012.654,present,3057.0,"{""state"":""present"",""devices"":[{""Status"":""OK"",""Class"":""AndroidUsbDeviceClass"",""FriendlyName"":""Android Bootloader Interface"",""InstanceId"":""USB\\VID_18D1&PID_D00D\\1384E684""}]}",absent,fastboot,23.9,21.4,List of devices attached,1384e684               fastboot
2026-09-28T11:41:56.473+00:00,2026-09-28T11:41:56.521+00:00,1013.656,present,3057.0,"{""state"":""present"",""devices"":[{""Status"":""OK"",""Class"":""AndroidUsbDeviceClass"",""FriendlyName"":""Android Bootloader Interface"",""InstanceId"":""USB\\VID_18D1&PID_D00D\\1384E684""}]}",absent,fastboot,25.7,21.7,List of devices attached,1384e684               fastboot
2026-09-28T11:41:57.474+00:00,2026-09-28T11:41:57.533+00:00,1014.668,present,3057.0,"{""state"":""present"",""devices"":[{""Status"":""OK"",""Class"":""AndroidUsbDeviceClass"",""FriendlyName"":""Android Bootloader Interface"",""InstanceId"":""USB\\VID_18D1&PID_D00D\\1384E684""}]}",absent,fastboot,36.4,22.7,List of devices attached | emulator-5568          offline transport_id:772,1384e684               fastboot
2026-09-28T11:41:58.474+00:00,2026-09-28T11:41:58.521+00:00,1015.656,present,3057.0,"{""state"":""present"",""devices"":[{""Status"":""OK"",""Class"":""AndroidUsbDeviceClass"",""FriendlyName"":""Android Bootloader Interface"",""InstanceId"":""USB\\VID_18D1&PID_D00D\\1384E684""}]}",absent,fastboot,25.1,21.5,List of devices attached,1384e684               fastboot
2026-09-28T11:41:59.474+00:00,2026-09-28T11:41:59.533+00:00,1016.668,present,3059.3,"{""state"":""present"",""devices"":[{""Status"":""OK"",""Class"":""AndroidUsbDeviceClass"",""FriendlyName"":""Android Bootloader Interface"",""InstanceId"":""USB\\VID_18D1&PID_D00D\\1384E684""}]}",absent,fastboot,35.4,23.2,List of devices attached,1384e684               fastboot
2026-09-28T11:42:00.474+00:00,2026-09-28T11:42:00.534+00:00,1017.669,present,3059.3,"{""state"":""present"",""devices"":[{""Status"":""OK"",""Class"":""AndroidUsbDeviceClass"",""FriendlyName"":""Android Bootloader Interface"",""InstanceId"":""USB\\VID_18D1&PID_D00D\\1384E684""}]}",absent,fastboot,36.8,22.8,List of devices attached,1384e684               fastboot
2026-09-28T11:42:01.475+00:00,2026-09-28T11:42:01.533+00:00,1018.668,present,3059.3,"{""state"":""present"",""devices"":[{""Status"":""OK"",""Class"":""AndroidUsbDeviceClass"",""FriendlyName"":""Android Bootloader Interface"",""InstanceId"":""USB\\VID_18D1&PID_D00D\\1384E684""}]}",absent,fastboot,35.0,23.1,List of devices attached,1384e684               fastboot
2026-09-28T11:42:02.475+00:00,2026-09-28T11:42:02.519+00:00,1019.654,present,3059.3,"{""state"":""present"",""devices"":[{""Status"":""OK"",""Class"":""AndroidUsbDeviceClass"",""FriendlyName"":""Android Bootloader Interface"",""InstanceId"":""USB\\VID_18D1&PID_D00D\\1384E684""}]}",absent,fastboot,22.5,20.7,List of devices attached | emulator-5568          offline transport_id:776,1384e684               fastboot
2026-09-28T11:42:03.476+00:00,2026-09-28T11:42:03.522+00:00,1020.658,present,3004.7,"{""state"":""present"",""devices"":[{""Status"":""OK"",""Class"":""AndroidUsbDeviceClass"",""FriendlyName"":""Android Bootloader Interface"",""InstanceId"":""USB\\VID_18D1&PID_D00D\\1384E684""}]}",absent,fastboot,24.6,21.8,List of devices attached,1384e684               fastboot
2026-09-28T11:42:04.476+00:00,2026-09-28T11:42:04.534+00:00,1021.669,present,3004.7,"{""state"":""present"",""devices"":[{""Status"":""OK"",""Class"":""AndroidUsbDeviceClass"",""FriendlyName"":""Android Bootloader Interface"",""InstanceId"":""USB\\VID_18D1&PID_D00D\\1384E684""}]}",absent,fastboot,35.1,22.2,List of devices attached,1384e684               fastboot
2026-09-28T11:42:05.476+00:00,2026-09-28T11:42:05.523+00:00,1022.658,present,3004.7,"{""state"":""present"",""devices"":[{""Status"":""OK"",""Class"":""AndroidUsbDeviceClass"",""FriendlyName"":""Android Bootloader Interface"",""InstanceId"":""USB\\VID_18D1&PID_D00D\\1384E684""}]}",absent,fastboot,24.6,21.8,List of devices attached,1384e684               fastboot
2026-09-28T11:42:06.476+00:00,2026-09-28T11:42:06.537+00:00,1023.672,present,3004.7,"{""state"":""present"",""devices"":[{""Status"":""OK"",""Class"":""AndroidUsbDeviceClass"",""FriendlyName"":""Android Bootloader Interface"",""InstanceId"":""USB\\VID_18D1&PID_D00D\\1384E684""}]}",absent,fastboot,37.5,22.7,List of devices attached | emulator-5568          offline transport_id:779,1384e684               fastboot
2026-09-28T11:42:07.476+00:00,2026-09-28T11:42:07.534+00:00,1024.669,present,3049.2,"{""state"":""present"",""devices"":[{""Status"":""OK"",""Class"":""AndroidUsbDeviceClass"",""FriendlyName"":""Android Bootloader Interface"",""InstanceId"":""USB\\VID_18D1&PID_D00D\\1384E684""}]}",absent,fastboot,33.7,23.5,List of devices attached,1384e684               fastboot
2026-09-28T11:42:08.477+00:00,2026-09-28T11:42:08.536+00:00,1025.672,present,3049.2,"{""state"":""present"",""devices"":[{""Status"":""OK"",""Class"":""AndroidUsbDeviceClass"",""FriendlyName"":""Android Bootloader Interface"",""InstanceId"":""USB\\VID_18D1&PID_D00D\\1384E684""}]}",absent,fastboot,36.8,22.5,List of devices attached,1384e684               fastboot
2026-09-28T11:42:09.477+00:00,2026-09-28T11:42:09.532+00:00,1026.667,present,3049.2,"{""state"":""present"",""devices"":[{""Status"":""OK"",""Class"":""AndroidUsbDeviceClass"",""FriendlyName"":""Android Bootloader Interface"",""InstanceId"":""USB\\VID_18D1&PID_D00D\\1384E684""}]}",absent,fastboot,31.9,22.1,List of devices attached,1384e684               fastboot
2026-09-28T11:42:10.478+00:00,2026-09-28T11:42:10.525+00:00,1027.660,present,3049.2,"{""state"":""present"",""devices"":[{""Status"":""OK"",""Class"":""AndroidUsbDeviceClass"",""FriendlyName"":""Android Bootloader Interface"",""InstanceId"":""USB\\VID_18D1&PID_D00D\\1384E684""}]}",absent,fastboot,25.0,22.0,List of devices attached,1384e684               fastboot
2026-09-28T11:42:11.478+00:00,2026-09-28T11:42:11.534+00:00,1028.669,present,3053.5,"{""state"":""present"",""devices"":[{""Status"":""OK"",""Class"":""AndroidUsbDeviceClass"",""FriendlyName"":""Android Bootloader Interface"",""InstanceId"":""USB\\VID_18D1&PID_D00D\\1384E684""}]}",absent,fastboot,33.4,22.3,List of devices attached | emulator-5568          offline transport_id:783,1384e684               fastboot
2026-09-28T11:42:12.478+00:00,2026-09-28T11:42:12.526+00:00,1029.661,present,3053.5,"{""state"":""present"",""devices"":[{""Status"":""OK"",""Class"":""AndroidUsbDeviceClass"",""FriendlyName"":""Android Bootloader Interface"",""InstanceId"":""USB\\VID_18D1&PID_D00D\\1384E684""}]}",absent,fastboot,25.5,22.1,List of devices attached,1384e684               fastboot
2026-09-28T11:42:13.479+00:00,2026-09-28T11:42:13.523+00:00,1030.659,present,3053.5,"{""state"":""present"",""devices"":[{""Status"":""OK"",""Class"":""AndroidUsbDeviceClass"",""FriendlyName"":""Android Bootloader Interface"",""InstanceId"":""USB\\VID_18D1&PID_D00D\\1384E684""}]}",absent,fastboot,24.1,20.3,List of devices attached,1384e684               fastboot
2026-09-28T11:42:14.479+00:00,2026-09-28T11:42:14.526+00:00,1031.661,present,3053.5,"{""state"":""present"",""devices"":[{""Status"":""OK"",""Class"":""AndroidUsbDeviceClass"",""FriendlyName"":""Android Bootloader Interface"",""InstanceId"":""USB\\VID_18D1&PID_D00D\\1384E684""}]}",absent,fastboot,24.1,22.6,List of devices attached,1384e684               fastboot
2026-09-28T11:42:15.479+00:00,2026-09-28T11:42:15.526+00:00,1032.661,present,3079.9,"{""state"":""present"",""devices"":[{""Status"":""OK"",""Class"":""AndroidUsbDeviceClass"",""FriendlyName"":""Android Bootloader Interface"",""InstanceId"":""USB\\VID_18D1&PID_D00D\\1384E684""}]}",absent,fastboot,24.9,21.5,List of devices attached,1384e684               fastboot
2026-09-28T11:42:16.479+00:00,2026-09-28T11:42:16.524+00:00,1033.659,present,3079.9,"{""state"":""present"",""devices"":[{""Status"":""OK"",""Class"":""AndroidUsbDeviceClass"",""FriendlyName"":""Android Bootloader Interface"",""InstanceId"":""USB\\VID_18D1&PID_D00D\\1384E684""}]}",absent,fastboot,23.3,21.3,List of devices attached | emulator-5568          offline transport_id:787,1384e684               fastboot
2026-09-28T11:42:17.480+00:00,2026-09-28T11:42:17.524+00:00,1034.659,present,3079.9,"{""state"":""present"",""devices"":[{""Status"":""OK"",""Class"":""AndroidUsbDeviceClass"",""FriendlyName"":""Android Bootloader Interface"",""InstanceId"":""USB\\VID_18D1&PID_D00D\\1384E684""}]}",absent,fastboot,23.8,20.5,List of devices attached,1384e684               fastboot
2026-09-28T11:42:18.480+00:00,2026-09-28T11:42:18.526+00:00,1035.661,present,3079.9,"{""state"":""present"",""devices"":[{""Status"":""OK"",""Class"":""AndroidUsbDeviceClass"",""FriendlyName"":""Android Bootloader Interface"",""InstanceId"":""USB\\VID_18D1&PID_D00D\\1384E684""}]}",absent,fastboot,24.1,21.7,List of devices attached,1384e684               fastboot
2026-09-28T11:42:19.480+00:00,2026-09-28T11:42:19.526+00:00,1036.661,present,3016.7,"{""state"":""present"",""devices"":[{""Status"":""OK"",""Class"":""AndroidUsbDeviceClass"",""FriendlyName"":""Android Bootloader Interface"",""InstanceId"":""USB\\VID_18D1&PID_D00D\\1384E684""}]}",absent,fastboot,23.9,21.7,List of devices attached,1384e684               fastboot
2026-09-28T11:42:20.481+00:00,2026-09-28T11:42:20.528+00:00,1037.663,present,3016.7,"{""state"":""present"",""devices"":[{""Status"":""OK"",""Class"":""AndroidUsbDeviceClass"",""FriendlyName"":""Android Bootloader Interface"",""InstanceId"":""USB\\VID_18D1&PID_D00D\\1384E684""}]}",absent,fastboot,24.6,22.3,List of devices attached | emulator-5568          offline transport_id:790,1384e684               fastboot
2026-09-28T11:42:21.481+00:00,2026-09-28T11:42:21.535+00:00,1038.670,present,3016.7,"{""state"":""present"",""devices"":[{""Status"":""OK"",""Class"":""AndroidUsbDeviceClass"",""FriendlyName"":""Android Bootloader Interface"",""InstanceId"":""USB\\VID_18D1&PID_D00D\\1384E684""}]}",absent,fastboot,31.4,22.4,List of devices attached,1384e684               fastboot
2026-09-28T11:42:22.481+00:00,2026-09-28T11:42:22.527+00:00,1039.662,present,3016.7,"{""state"":""present"",""devices"":[{""Status"":""OK"",""Class"":""AndroidUsbDeviceClass"",""FriendlyName"":""Android Bootloader Interface"",""InstanceId"":""USB\\VID_18D1&PID_D00D\\1384E684""}]}",absent,fastboot,24.1,22.2,List of devices attached,1384e684               fastboot
2026-09-28T11:42:23.481+00:00,2026-09-28T11:42:23.535+00:00,1040.671,present,3040.0,"{""state"":""present"",""devices"":[{""Status"":""OK"",""Class"":""AndroidUsbDeviceClass"",""FriendlyName"":""Android Bootloader Interface"",""InstanceId"":""USB\\VID_18D1&PID_D00D\\1384E684""}]}",absent,fastboot,29.1,24.8,List of devices attached,1384e684               fastboot
2026-09-28T11:42:24.482+00:00,2026-09-28T11:42:24.529+00:00,1041.664,present,3040.0,"{""state"":""present"",""devices"":[{""Status"":""OK"",""Class"":""AndroidUsbDeviceClass"",""FriendlyName"":""Android Bootloader Interface"",""InstanceId"":""USB\\VID_18D1&PID_D00D\\1384E684""}]}",absent,fastboot,23.7,23.3,List of devices attached,1384e684               fastboot
2026-09-28T11:42:25.482+00:00,2026-09-28T11:42:25.529+00:00,1042.664,present,3040.0,"{""state"":""present"",""devices"":[{""Status"":""OK"",""Class"":""AndroidUsbDeviceClass"",""FriendlyName"":""Android Bootloader Interface"",""InstanceId"":""USB\\VID_18D1&PID_D00D\\1384E684""}]}",absent,fastboot,24.1,22.6,List of devices attached | emulator-5568          offline transport_id:794,1384e684               fastboot
2026-09-28T11:42:26.483+00:00,2026-09-28T11:42:26.529+00:00,1043.664,present,3040.0,"{""state"":""present"",""devices"":[{""Status"":""OK"",""Class"":""AndroidUsbDeviceClass"",""FriendlyName"":""Android Bootloader Interface"",""InstanceId"":""USB\\VID_18D1&PID_D00D\\1384E684""}]}",absent,fastboot,24.5,21.4,List of devices attached,1384e684               fastboot
2026-09-28T11:42:27.483+00:00,2026-09-28T11:42:27.531+00:00,1044.667,present,3042.3,"{""state"":""present"",""devices"":[{""Status"":""OK"",""Class"":""AndroidUsbDeviceClass"",""FriendlyName"":""Android Bootloader Interface"",""InstanceId"":""USB\\VID_18D1&PID_D00D\\1384E684""}]}",absent,fastboot,24.8,23.3,List of devices attached,1384e684               fastboot
2026-09-28T11:42:28.484+00:00,2026-09-28T11:42:28.533+00:00,1045.668,present,3042.3,"{""state"":""present"",""devices"":[{""Status"":""OK"",""Class"":""AndroidUsbDeviceClass"",""FriendlyName"":""Android Bootloader Interface"",""InstanceId"":""USB\\VID_18D1&PID_D00D\\1384E684""}]}",absent,fastboot,26.8,22.7,List of devices attached,1384e684               fastboot
2026-09-28T11:42:29.484+00:00,2026-09-28T11:42:29.559+00:00,1046.695,present,3042.3,"{""state"":""present"",""devices"":[{""Status"":""OK"",""Class"":""AndroidUsbDeviceClass"",""FriendlyName"":""Android Bootloader Interface"",""InstanceId"":""USB\\VID_18D1&PID_D00D\\1384E684""}]}",absent,fastboot,25.0,50.5,List of devices attached,1384e684               fastboot
2026-09-28T11:42:30.484+00:00,2026-09-28T11:42:30.533+00:00,1047.669,present,3042.3,"{""state"":""present"",""devices"":[{""Status"":""OK"",""Class"":""AndroidUsbDeviceClass"",""FriendlyName"":""Android Bootloader Interface"",""InstanceId"":""USB\\VID_18D1&PID_D00D\\1384E684""}]}",absent,fastboot,27.3,21.7,List of devices attached | emulator-5568          offline transport_id:798,1384e684               fastboot
2026-09-28T11:42:31.485+00:00,2026-09-28T11:42:31.544+00:00,1048.679,present,3008.4,"{""state"":""present"",""devices"":[{""Status"":""OK"",""Class"":""AndroidUsbDeviceClass"",""FriendlyName"":""Android Bootloader Interface"",""InstanceId"":""USB\\VID_18D1&PID_D00D\\1384E684""}]}",absent,fastboot,24.0,35.4,List of devices attached,1384e684               fastboot
2026-09-28T11:42:32.485+00:00,2026-09-28T11:42:32.532+00:00,1049.668,present,3008.4,"{""state"":""present"",""devices"":[{""Status"":""OK"",""Class"":""AndroidUsbDeviceClass"",""FriendlyName"":""Android Bootloader Interface"",""InstanceId"":""USB\\VID_18D1&PID_D00D\\1384E684""}]}",absent,fastboot,24.4,23.2,List of devices attached,1384e684               fastboot
2026-09-28T11:42:33.485+00:00,2026-09-28T11:42:33.539+00:00,1050.675,present,3008.4,"{""state"":""present"",""devices"":[{""Status"":""OK"",""Class"":""AndroidUsbDeviceClass"",""FriendlyName"":""Android Bootloader Interface"",""InstanceId"":""USB\\VID_18D1&PID_D00D\\1384E684""}]}",absent,fastboot,32.8,21.4,List of devices attached,1384e684               fastboot
2026-09-28T11:42:34.485+00:00,2026-09-28T11:42:34.533+00:00,1051.668,present,3008.4,"{""state"":""present"",""devices"":[{""Status"":""OK"",""Class"":""AndroidUsbDeviceClass"",""FriendlyName"":""Android Bootloader Interface"",""InstanceId"":""USB\\VID_18D1&PID_D00D\\1384E684""}]}",absent,fastboot,24.3,23.1,List of devices attached | emulator-5568          offline transport_id:801,1384e684               fastboot
2026-09-28T11:42:35.485+00:00,2026-09-28T11:42:35.541+00:00,1052.676,present,3073.5,"{""state"":""present"",""devices"":[{""Status"":""OK"",""Class"":""AndroidUsbDeviceClass"",""FriendlyName"":""Android Bootloader Interface"",""InstanceId"":""USB\\VID_18D1&PID_D00D\\1384E684""}]}",absent,fastboot,31.8,23.2,List of devices attached,1384e684               fastboot
2026-09-28T11:42:36.486+00:00,2026-09-28T11:42:36.532+00:00,1053.668,present,3073.5,"{""state"":""present"",""devices"":[{""Status"":""OK"",""Class"":""AndroidUsbDeviceClass"",""FriendlyName"":""Android Bootloader Interface"",""InstanceId"":""USB\\VID_18D1&PID_D00D\\1384E684""}]}",absent,fastboot,24.5,21.9,List of devices attached,1384e684               fastboot
2026-09-28T11:42:37.486+00:00,2026-09-28T11:42:37.533+00:00,1054.668,present,3073.5,"{""state"":""present"",""devices"":[{""Status"":""OK"",""Class"":""AndroidUsbDeviceClass"",""FriendlyName"":""Android Bootloader Interface"",""InstanceId"":""USB\\VID_18D1&PID_D00D\\1384E684""}]}",absent,fastboot,25.2,21.7,List of devices attached,1384e684               fastboot
2026-09-28T11:42:38.486+00:00,2026-09-28T11:42:38.544+00:00,1055.679,present,3073.5,"{""state"":""present"",""devices"":[{""Status"":""OK"",""Class"":""AndroidUsbDeviceClass"",""FriendlyName"":""Android Bootloader Interface"",""InstanceId"":""USB\\VID_18D1&PID_D00D\\1384E684""}]}",absent,fastboot,24.1,33.6,List of devices attached,1384e684               fastboot
2026-09-28T11:42:39.487+00:00,2026-09-28T11:42:39.534+00:00,1056.669,present,3100.9,"{""state"":""present"",""devices"":[{""Status"":""OK"",""Class"":""AndroidUsbDeviceClass"",""FriendlyName"":""Android Bootloader Interface"",""InstanceId"":""USB\\VID_18D1&PID_D00D\\1384E684""}]}",absent,fastboot,24.2,23.0,List of devices attached | emulator-5568          offline transport_id:805,1384e684               fastboot
2026-09-28T11:42:40.487+00:00,2026-09-28T11:42:40.532+00:00,1057.667,present,3100.9,"{""state"":""present"",""devices"":[{""Status"":""OK"",""Class"":""AndroidUsbDeviceClass"",""FriendlyName"":""Android Bootloader Interface"",""InstanceId"":""USB\\VID_18D1&PID_D00D\\1384E684""}]}",absent,fastboot,23.8,21.2,List of devices attached,1384e684               fastboot
2026-09-28T11:42:41.488+00:00,2026-09-28T11:42:41.559+00:00,1058.694,present,3100.9,"{""state"":""present"",""devices"":[{""Status"":""OK"",""Class"":""AndroidUsbDeviceClass"",""FriendlyName"":""Android Bootloader Interface"",""InstanceId"":""USB\\VID_18D1&PID_D00D\\1384E684""}]}",absent,fastboot,24.4,47.0,List of devices attached,1384e684               fastboot
2026-09-28T11:42:42.488+00:00,2026-09-28T11:42:42.534+00:00,1059.670,present,3100.9,"{""state"":""present"",""devices"":[{""Status"":""OK"",""Class"":""AndroidUsbDeviceClass"",""FriendlyName"":""Android Bootloader Interface"",""InstanceId"":""USB\\VID_18D1&PID_D00D\\1384E684""}]}",absent,fastboot,24.7,21.8,List of devices attached,1384e684               fastboot
2026-09-28T11:42:43.488+00:00,2026-09-28T11:42:43.542+00:00,1060.678,present,3120.0,"{""state"":""present"",""devices"":[{""Status"":""OK"",""Class"":""AndroidUsbDeviceClass"",""FriendlyName"":""Android Bootloader Interface"",""InstanceId"":""USB\\VID_18D1&PID_D00D\\1384E684""}]}",absent,fastboot,25.1,28.8,List of devices attached,1384e684               fastboot
2026-09-28T11:42:44.489+00:00,2026-09-28T11:42:44.535+00:00,1061.670,present,3120.0,"{""state"":""present"",""devices"":[{""Status"":""OK"",""Class"":""AndroidUsbDeviceClass"",""FriendlyName"":""Android Bootloader Interface"",""InstanceId"":""USB\\VID_18D1&PID_D00D\\1384E684""}]}",absent,fastboot,24.1,22.0,List of devices attached | emulator-5568          offline transport_id:809,1384e684               fastboot
2026-09-28T11:42:45.489+00:00,2026-09-28T11:42:45.543+00:00,1062.678,present,3120.0,"{""state"":""present"",""devices"":[{""Status"":""OK"",""Class"":""AndroidUsbDeviceClass"",""FriendlyName"":""Android Bootloader Interface"",""InstanceId"":""USB\\VID_18D1&PID_D00D\\1384E684""}]}",absent,fastboot,24.0,30.0,List of devices attached,1384e684               fastboot
2026-09-28T11:42:46.489+00:00,2026-09-28T11:42:46.547+00:00,1063.683,present,3120.0,"{""state"":""present"",""devices"":[{""Status"":""OK"",""Class"":""AndroidUsbDeviceClass"",""FriendlyName"":""Android Bootloader Interface"",""InstanceId"":""USB\\VID_18D1&PID_D00D\\1384E684""}]}",absent,fastboot,35.4,23.0,List of devices attached,1384e684               fastboot
2026-09-28T11:42:47.489+00:00,2026-09-28T11:42:47.537+00:00,1064.672,present,3046.4,"{""state"":""present"",""devices"":[{""Status"":""OK"",""Class"":""AndroidUsbDeviceClass"",""FriendlyName"":""Android Bootloader Interface"",""InstanceId"":""USB\\VID_18D1&PID_D00D\\1384E684""}]}",absent,fastboot,24.9,23.2,List of devices attached,1384e684               fastboot
2026-09-28T11:42:48.489+00:00,2026-09-28T11:42:48.545+00:00,1065.681,present,3046.4,"{""state"":""present"",""devices"":[{""Status"":""OK"",""Class"":""AndroidUsbDeviceClass"",""FriendlyName"":""Android Bootloader Interface"",""InstanceId"":""USB\\VID_18D1&PID_D00D\\1384E684""}]}",absent,fastboot,33.0,23.2,List of devices attached | emulator-5568          offline transport_id:812,1384e684               fastboot
2026-09-28T11:42:49.490+00:00,2026-09-28T11:42:49.536+00:00,1066.671,present,3046.4,"{""state"":""present"",""devices"":[{""Status"":""OK"",""Class"":""AndroidUsbDeviceClass"",""FriendlyName"":""Android Bootloader Interface"",""InstanceId"":""USB\\VID_18D1&PID_D00D\\1384E684""}]}",absent,fastboot,24.4,21.8,List of devices attached,1384e684               fastboot
2026-09-28T11:42:50.490+00:00,2026-09-28T11:42:50.538+00:00,1067.673,present,3046.4,"{""state"":""present"",""devices"":[{""Status"":""OK"",""Class"":""AndroidUsbDeviceClass"",""FriendlyName"":""Android Bootloader Interface"",""InstanceId"":""USB\\VID_18D1&PID_D00D\\1384E684""}]}",absent,fastboot,26.0,22.1,List of devices attached,1384e684               fastboot
2026-09-28T11:42:51.490+00:00,2026-09-28T11:42:51.551+00:00,1068.686,present,3178.3,"{""state"":""present"",""devices"":[{""Status"":""OK"",""Class"":""AndroidUsbDeviceClass"",""FriendlyName"":""Android Bootloader Interface"",""InstanceId"":""USB\\VID_18D1&PID_D00D\\1384E684""}]}",absent,fastboot,23.9,36.5,List of devices attached,1384e684               fastboot
2026-09-28T11:42:52.491+00:00,2026-09-28T11:42:52.537+00:00,1069.672,present,3178.3,"{""state"":""present"",""devices"":[{""Status"":""OK"",""Class"":""AndroidUsbDeviceClass"",""FriendlyName"":""Android Bootloader Interface"",""InstanceId"":""USB\\VID_18D1&PID_D00D\\1384E684""}]}",absent,fastboot,24.5,21.9,List of devices attached,1384e684               fastboot
2026-09-28T11:42:53.491+00:00,2026-09-28T11:42:53.537+00:00,1070.673,present,3178.3,"{""state"":""present"",""devices"":[{""Status"":""OK"",""Class"":""AndroidUsbDeviceClass"",""FriendlyName"":""Android Bootloader Interface"",""InstanceId"":""USB\\VID_18D1&PID_D00D\\1384E684""}]}",absent,fastboot,24.6,21.6,List of devices attached | emulator-5568          offline transport_id:816,1384e684               fastboot
2026-09-28T11:42:54.491+00:00,2026-09-28T11:42:54.537+00:00,1071.673,present,3178.3,"{""state"":""present"",""devices"":[{""Status"":""OK"",""Class"":""AndroidUsbDeviceClass"",""FriendlyName"":""Android Bootloader Interface"",""InstanceId"":""USB\\VID_18D1&PID_D00D\\1384E684""}]}",absent,fastboot,24.3,21.8,List of devices attached,1384e684               fastboot
2026-09-28T11:42:55.492+00:00,2026-09-28T11:42:55.538+00:00,1072.674,present,3049.0,"{""state"":""present"",""devices"":[{""Status"":""OK"",""Class"":""AndroidUsbDeviceClass"",""FriendlyName"":""Android Bootloader Interface"",""InstanceId"":""USB\\VID_18D1&PID_D00D\\1384E684""}]}",absent,fastboot,24.9,21.7,List of devices attached,1384e684               fastboot
2026-09-28T11:42:56.492+00:00,2026-09-28T11:42:56.539+00:00,1073.674,present,3049.0,"{""state"":""present"",""devices"":[{""Status"":""OK"",""Class"":""AndroidUsbDeviceClass"",""FriendlyName"":""Android Bootloader Interface"",""InstanceId"":""USB\\VID_18D1&PID_D00D\\1384E684""}]}",absent,fastboot,25.1,22.0,List of devices attached,1384e684               fastboot
2026-09-28T11:42:57.492+00:00,2026-09-28T11:42:57.538+00:00,1074.673,present,3049.0,"{""state"":""present"",""devices"":[{""Status"":""OK"",""Class"":""AndroidUsbDeviceClass"",""FriendlyName"":""Android Bootloader Interface"",""InstanceId"":""USB\\VID_18D1&PID_D00D\\1384E684""}]}",absent,fastboot,23.7,21.8,List of devices attached,1384e684               fastboot
2026-09-28T11:42:58.493+00:00,2026-09-28T11:42:58.538+00:00,1075.673,present,3049.0,"{""state"":""present"",""devices"":[{""Status"":""OK"",""Class"":""AndroidUsbDeviceClass"",""FriendlyName"":""Android Bootloader Interface"",""InstanceId"":""USB\\VID_18D1&PID_D00D\\1384E684""}]}",absent,fastboot,23.3,22.3,List of devices attached,1384e684               fastboot
2026-09-28T11:42:59.493+00:00,2026-09-28T11:42:59.548+00:00,1076.683,present,3007.2,"{""state"":""present"",""devices"":[{""Status"":""OK"",""Class"":""AndroidUsbDeviceClass"",""FriendlyName"":""Android Bootloader Interface"",""InstanceId"":""USB\\VID_18D1&PID_D00D\\1384E684""}]}",absent,fastboot,31.5,22.9,List of devices attached,1384e684               fastboot
2026-09-28T11:43:00.494+00:00,2026-09-28T11:43:00.544+00:00,1077.679,present,3007.2,"{""state"":""present"",""devices"":[{""Status"":""OK"",""Class"":""AndroidUsbDeviceClass"",""FriendlyName"":""Android Bootloader Interface"",""InstanceId"":""USB\\VID_18D1&PID_D00D\\1384E684""}]}",absent,fastboot,23.2,27.2,List of devices attached,1384e684               fastboot
2026-09-28T11:43:01.494+00:00,2026-09-28T11:43:01.539+00:00,1078.674,present,3007.2,"{""state"":""present"",""devices"":[{""Status"":""OK"",""Class"":""AndroidUsbDeviceClass"",""FriendlyName"":""Android Bootloader Interface"",""InstanceId"":""USB\\VID_18D1&PID_D00D\\1384E684""}]}",absent,fastboot,23.8,20.8,List of devices attached,1384e684               fastboot
2026-09-28T11:43:02.494+00:00,2026-09-28T11:43:02.541+00:00,1079.676,present,3007.2,"{""state"":""present"",""devices"":[{""Status"":""OK"",""Class"":""AndroidUsbDeviceClass"",""FriendlyName"":""Android Bootloader Interface"",""InstanceId"":""USB\\VID_18D1&PID_D00D\\1384E684""}]}",absent,fastboot,24.7,21.6,List of devices attached | emulator-5568          offline transport_id:823,1384e684               fastboot
2026-09-28T11:43:03.495+00:00,2026-09-28T11:43:03.549+00:00,1080.684,present,3087.0,"{""state"":""present"",""devices"":[{""Status"":""OK"",""Class"":""AndroidUsbDeviceClass"",""FriendlyName"":""Android Bootloader Interface"",""InstanceId"":""USB\\VID_18D1&PID_D00D\\1384E684""}]}",absent,fastboot,23.7,30.2,List of devices attached,1384e684               fastboot
2026-09-28T11:43:04.495+00:00,2026-09-28T11:43:04.542+00:00,1081.677,present,3087.0,"{""state"":""present"",""devices"":[{""Status"":""OK"",""Class"":""AndroidUsbDeviceClass"",""FriendlyName"":""Android Bootloader Interface"",""InstanceId"":""USB\\VID_18D1&PID_D00D\\1384E684""}]}",absent,fastboot,23.4,22.9,List of devices attached,1384e684               fastboot
2026-09-28T11:43:05.495+00:00,2026-09-28T11:43:05.541+00:00,1082.677,present,3087.0,"{""state"":""present"",""devices"":[{""Status"":""OK"",""Class"":""AndroidUsbDeviceClass"",""FriendlyName"":""Android Bootloader Interface"",""InstanceId"":""USB\\VID_18D1&PID_D00D\\1384E684""}]}",absent,fastboot,23.3,22.8,List of devices attached,1384e684               fastboot
2026-09-28T11:43:06.495+00:00,2026-09-28T11:43:06.549+00:00,1083.684,present,3087.0,"{""state"":""present"",""devices"":[{""Status"":""OK"",""Class"":""AndroidUsbDeviceClass"",""FriendlyName"":""Android Bootloader Interface"",""InstanceId"":""USB\\VID_18D1&PID_D00D\\1384E684""}]}",absent,fastboot,23.5,29.7,List of devices attached,1384e684               fastboot
2026-09-28T11:43:07.496+00:00,2026-09-28T11:43:07.547+00:00,1084.682,present,3031.8,"{""state"":""present"",""devices"":[{""Status"":""OK"",""Class"":""AndroidUsbDeviceClass"",""FriendlyName"":""Android Bootloader Interface"",""InstanceId"":""USB\\VID_18D1&PID_D00D\\1384E684""}]}",absent,fastboot,24.4,26.9,List of devices attached | emulator-5568          offline transport_id:827,1384e684               fastboot
2026-09-28T11:43:08.496+00:00,2026-09-28T11:43:08.542+00:00,1085.677,present,3031.8,"{""state"":""present"",""devices"":[{""Status"":""OK"",""Class"":""AndroidUsbDeviceClass"",""FriendlyName"":""Android Bootloader Interface"",""InstanceId"":""USB\\VID_18D1&PID_D00D\\1384E684""}]}",absent,fastboot,24.3,21.6,List of devices attached,1384e684               fastboot
2026-09-28T11:43:09.496+00:00,2026-09-28T11:43:09.558+00:00,1086.693,present,3031.8,"{""state"":""present"",""devices"":[{""Status"":""OK"",""Class"":""AndroidUsbDeviceClass"",""FriendlyName"":""Android Bootloader Interface"",""InstanceId"":""USB\\VID_18D1&PID_D00D\\1384E684""}]}",absent,fastboot,24.4,37.6,List of devices attached,1384e684               fastboot
2026-09-28T11:43:10.496+00:00,2026-09-28T11:43:10.543+00:00,1087.678,present,2983.1,"{""state"":""present"",""devices"":[{""Status"":""OK"",""Class"":""AndroidUsbDeviceClass"",""FriendlyName"":""Android Bootloader Interface"",""InstanceId"":""USB\\VID_18D1&PID_D00D\\1384E684""}]}",absent,fastboot,23.4,22.9,List of devices attached,1384e684               fastboot
2026-09-28T11:43:11.497+00:00,2026-09-28T11:43:11.547+00:00,1088.682,present,2983.1,"{""state"":""present"",""devices"":[{""Status"":""OK"",""Class"":""AndroidUsbDeviceClass"",""FriendlyName"":""Android Bootloader Interface"",""InstanceId"":""USB\\VID_18D1&PID_D00D\\1384E684""}]}",absent,fastboot,28.6,21.7,List of devices attached | emulator-5568          offline transport_id:830,1384e684               fastboot
2026-09-28T11:43:12.497+00:00,2026-09-28T11:43:12.542+00:00,1089.677,present,2983.1,"{""state"":""present"",""devices"":[{""Status"":""OK"",""Class"":""AndroidUsbDeviceClass"",""FriendlyName"":""Android Bootloader Interface"",""InstanceId"":""USB\\VID_18D1&PID_D00D\\1384E684""}]}",absent,fastboot,23.1,21.8,List of devices attached,1384e684               fastboot
2026-09-28T11:43:13.497+00:00,2026-09-28T11:43:13.558+00:00,1090.694,present,2983.1,"{""state"":""present"",""devices"":[{""Status"":""OK"",""Class"":""AndroidUsbDeviceClass"",""FriendlyName"":""Android Bootloader Interface"",""InstanceId"":""USB\\VID_18D1&PID_D00D\\1384E684""}]}",absent,fastboot,23.0,38.0,List of devices attached,1384e684               fastboot
2026-09-28T11:43:14.498+00:00,2026-09-28T11:43:14.544+00:00,1091.679,present,3017.0,"{""state"":""present"",""devices"":[{""Status"":""OK"",""Class"":""AndroidUsbDeviceClass"",""FriendlyName"":""Android Bootloader Interface"",""InstanceId"":""USB\\VID_18D1&PID_D00D\\1384E684""}]}",absent,fastboot,23.9,22.3,List of devices attached,1384e684               fastboot
2026-09-28T11:43:15.498+00:00,2026-09-28T11:43:15.543+00:00,1092.678,present,3017.0,"{""state"":""present"",""devices"":[{""Status"":""OK"",""Class"":""AndroidUsbDeviceClass"",""FriendlyName"":""Android Bootloader Interface"",""InstanceId"":""USB\\VID_18D1&PID_D00D\\1384E684""}]}",absent,fastboot,22.7,22.7,List of devices attached,1384e684               fastboot
2026-09-28T11:43:16.498+00:00,2026-09-28T11:43:16.546+00:00,1093.682,present,3017.0,"{""state"":""present"",""devices"":[{""Status"":""OK"",""Class"":""AndroidUsbDeviceClass"",""FriendlyName"":""Android Bootloader Interface"",""InstanceId"":""USB\\VID_18D1&PID_D00D\\1384E684""}]}",absent,fastboot,27.1,21.3,List of devices attached | emulator-5568          offline transport_id:834,1384e684               fastboot
2026-09-28T11:43:17.498+00:00,2026-09-28T11:43:17.544+00:00,1094.680,present,3017.0,"{""state"":""present"",""devices"":[{""Status"":""OK"",""Class"":""AndroidUsbDeviceClass"",""FriendlyName"":""Android Bootloader Interface"",""InstanceId"":""USB\\VID_18D1&PID_D00D\\1384E684""}]}",absent,fastboot,23.9,22.0,List of devices attached,1384e684               fastboot
2026-09-28T11:43:18.499+00:00,2026-09-28T11:43:18.544+00:00,1095.679,present,3144.1,"{""state"":""present"",""devices"":[{""Status"":""OK"",""Class"":""AndroidUsbDeviceClass"",""FriendlyName"":""Android Bootloader Interface"",""InstanceId"":""USB\\VID_18D1&PID_D00D\\1384E684""}]}",absent,fastboot,23.7,21.4,List of devices attached,1384e684               fastboot
2026-09-28T11:43:19.499+00:00,2026-09-28T11:43:19.545+00:00,1096.680,present,3144.1,"{""state"":""present"",""devices"":[{""Status"":""OK"",""Class"":""AndroidUsbDeviceClass"",""FriendlyName"":""Android Bootloader Interface"",""InstanceId"":""USB\\VID_18D1&PID_D00D\\1384E684""}]}",absent,fastboot,23.6,22.2,List of devices attached,1384e684               fastboot
2026-09-28T11:43:20.500+00:00,2026-09-28T11:43:20.545+00:00,1097.681,present,3144.1,"{""state"":""present"",""devices"":[{""Status"":""OK"",""Class"":""AndroidUsbDeviceClass"",""FriendlyName"":""Android Bootloader Interface"",""InstanceId"":""USB\\VID_18D1&PID_D00D\\1384E684""}]}",absent,fastboot,23.0,22.7,List of devices attached,1384e684               fastboot
2026-09-28T11:43:21.500+00:00,2026-09-28T11:43:21.548+00:00,1098.683,present,3144.1,"{""state"":""present"",""devices"":[{""Status"":""OK"",""Class"":""AndroidUsbDeviceClass"",""FriendlyName"":""Android Bootloader Interface"",""InstanceId"":""USB\\VID_18D1&PID_D00D\\1384E684""}]}",absent,fastboot,23.2,24.5,List of devices attached | emulator-5568          offline transport_id:838,1384e684               fastboot
2026-09-28T11:43:22.501+00:00,2026-09-28T11:43:22.546+00:00,1099.681,present,3061.9,"{""state"":""present"",""devices"":[{""Status"":""OK"",""Class"":""AndroidUsbDeviceClass"",""FriendlyName"":""Android Bootloader Interface"",""InstanceId"":""USB\\VID_18D1&PID_D00D\\1384E684""}]}",absent,fastboot,22.7,22.5,List of devices attached,1384e684               fastboot
2026-09-28T11:43:23.501+00:00,2026-09-28T11:43:23.547+00:00,1100.682,present,3061.9,"{""state"":""present"",""devices"":[{""Status"":""OK"",""Class"":""AndroidUsbDeviceClass"",""FriendlyName"":""Android Bootloader Interface"",""InstanceId"":""USB\\VID_18D1&PID_D00D\\1384E684""}]}",absent,fastboot,24.3,21.7,List of devices attached,1384e684               fastboot
2026-09-28T11:43:24.501+00:00,2026-09-28T11:43:24.546+00:00,1101.681,present,3061.9,"{""state"":""present"",""devices"":[{""Status"":""OK"",""Class"":""AndroidUsbDeviceClass"",""FriendlyName"":""Android Bootloader Interface"",""InstanceId"":""USB\\VID_18D1&PID_D00D\\1384E684""}]}",absent,fastboot,22.4,21.7,List of devices attached,1384e684               fastboot
2026-09-28T11:43:25.502+00:00,2026-09-28T11:43:25.558+00:00,1102.694,present,3061.9,"{""state"":""present"",""devices"":[{""Status"":""OK"",""Class"":""AndroidUsbDeviceClass"",""FriendlyName"":""Android Bootloader Interface"",""InstanceId"":""USB\\VID_18D1&PID_D00D\\1384E684""}]}",absent,fastboot,24.2,32.5,List of devices attached | emulator-5568          offline transport_id:841,1384e684               fastboot
2026-09-28T11:43:26.502+00:00,2026-09-28T11:43:26.549+00:00,1103.684,present,3043.1,"{""state"":""present"",""devices"":[{""Status"":""OK"",""Class"":""AndroidUsbDeviceClass"",""FriendlyName"":""Android Bootloader Interface"",""InstanceId"":""USB\\VID_18D1&PID_D00D\\1384E684""}]}",absent,fastboot,23.9,23.2,List of devices attached,1384e684               fastboot
2026-09-28T11:43:27.502+00:00,2026-09-28T11:43:27.558+00:00,1104.694,present,3043.1,"{""state"":""present"",""devices"":[{""Status"":""OK"",""Class"":""AndroidUsbDeviceClass"",""FriendlyName"":""Android Bootloader Interface"",""InstanceId"":""USB\\VID_18D1&PID_D00D\\1384E684""}]}",absent,fastboot,23.6,32.5,List of devices attached,1384e684               fastboot
2026-09-28T11:43:28.502+00:00,2026-09-28T11:43:28.549+00:00,1105.684,present,3043.1,"{""state"":""present"",""devices"":[{""Status"":""OK"",""Class"":""AndroidUsbDeviceClass"",""FriendlyName"":""Android Bootloader Interface"",""InstanceId"":""USB\\VID_18D1&PID_D00D\\1384E684""}]}",absent,fastboot,24.5,21.9,List of devices attached,1384e684               fastboot
2026-09-28T11:43:29.503+00:00,2026-09-28T11:43:29.550+00:00,1106.685,present,3043.1,"{""state"":""present"",""devices"":[{""Status"":""OK"",""Class"":""AndroidUsbDeviceClass"",""FriendlyName"":""Android Bootloader Interface"",""InstanceId"":""USB\\VID_18D1&PID_D00D\\1384E684""}]}",absent,fastboot,23.3,23.7,List of devices attached,1384e684               fastboot
2026-09-28T11:43:30.503+00:00,2026-09-28T11:43:30.549+00:00,1107.684,present,3002.5,"{""state"":""present"",""devices"":[{""Status"":""OK"",""Class"":""AndroidUsbDeviceClass"",""FriendlyName"":""Android Bootloader Interface"",""InstanceId"":""USB\\VID_18D1&PID_D00D\\1384E684""}]}",absent,fastboot,24.4,21.9,List of devices attached | emulator-5568          offline transport_id:845,1384e684               fastboot
2026-09-28T11:43:31.503+00:00,2026-09-28T11:43:31.547+00:00,1108.682,present,3002.5,"{""state"":""present"",""devices"":[{""Status"":""OK"",""Class"":""AndroidUsbDeviceClass"",""FriendlyName"":""Android Bootloader Interface"",""InstanceId"":""USB\\VID_18D1&PID_D00D\\1384E684""}]}",absent,fastboot,23.1,20.7,List of devices attached,1384e684               fastboot
2026-09-28T11:43:32.503+00:00,2026-09-28T11:43:32.547+00:00,1109.683,present,3002.5,"{""state"":""present"",""devices"":[{""Status"":""OK"",""Class"":""AndroidUsbDeviceClass"",""FriendlyName"":""Android Bootloader Interface"",""InstanceId"":""USB\\VID_18D1&PID_D00D\\1384E684""}]}",absent,fastboot,22.3,21.7,List of devices attached,1384e684               fastboot
2026-09-28T11:43:33.504+00:00,2026-09-28T11:43:33.549+00:00,1110.684,present,3002.5,"{""state"":""present"",""devices"":[{""Status"":""OK"",""Class"":""AndroidUsbDeviceClass"",""FriendlyName"":""Android Bootloader Interface"",""InstanceId"":""USB\\VID_18D1&PID_D00D\\1384E684""}]}",absent,fastboot,24.2,21.0,List of devices attached,1384e684               fastboot
2026-09-28T11:43:34.504+00:00,2026-09-28T11:43:34.549+00:00,1111.684,present,3029.2,"{""state"":""present"",""devices"":[{""Status"":""OK"",""Class"":""AndroidUsbDeviceClass"",""FriendlyName"":""Android Bootloader Interface"",""InstanceId"":""USB\\VID_18D1&PID_D00D\\1384E684""}]}",absent,fastboot,23.4,21.1,List of devices attached,1384e684               fastboot
2026-09-28T11:43:35.504+00:00,2026-09-28T11:43:35.550+00:00,1112.686,present,3029.2,"{""state"":""present"",""devices"":[{""Status"":""OK"",""Class"":""AndroidUsbDeviceClass"",""FriendlyName"":""Android Bootloader Interface"",""InstanceId"":""USB\\VID_18D1&PID_D00D\\1384E684""}]}",absent,fastboot,24.7,21.2,List of devices attached | emulator-5568          offline transport_id:849,1384e684               fastboot
2026-09-28T11:43:36.505+00:00,2026-09-28T11:43:36.550+00:00,1113.685,present,3029.2,"{""state"":""present"",""devices"":[{""Status"":""OK"",""Class"":""AndroidUsbDeviceClass"",""FriendlyName"":""Android Bootloader Interface"",""InstanceId"":""USB\\VID_18D1&PID_D00D\\1384E684""}]}",absent,fastboot,23.9,20.9,List of devices attached,1384e684               fastboot
2026-09-28T11:43:37.505+00:00,2026-09-28T11:43:37.550+00:00,1114.686,present,3029.2,"{""state"":""present"",""devices"":[{""Status"":""OK"",""Class"":""AndroidUsbDeviceClass"",""FriendlyName"":""Android Bootloader Interface"",""InstanceId"":""USB\\VID_18D1&PID_D00D\\1384E684""}]}",absent,fastboot,24.4,20.9,List of devices attached,1384e684               fastboot
2026-09-28T11:43:38.505+00:00,2026-09-28T11:43:38.552+00:00,1115.688,present,3034.4,"{""state"":""present"",""devices"":[{""Status"":""OK"",""Class"":""AndroidUsbDeviceClass"",""FriendlyName"":""Android Bootloader Interface"",""InstanceId"":""USB\\VID_18D1&PID_D00D\\1384E684""}]}",absent,fastboot,25.3,21.6,List of devices attached,1384e684               fastboot
2026-09-28T11:43:39.506+00:00,2026-09-28T11:43:39.557+00:00,1116.693,present,3034.4,"{""state"":""present"",""devices"":[{""Status"":""OK"",""Class"":""AndroidUsbDeviceClass"",""FriendlyName"":""Android Bootloader Interface"",""InstanceId"":""USB\\VID_18D1&PID_D00D\\1384E684""}]}",absent,fastboot,24.2,27.2,List of devices attached,1384e684               fastboot
2026-09-28T11:43:40.506+00:00,2026-09-28T11:43:40.551+00:00,1117.687,present,3034.4,"{""state"":""present"",""devices"":[{""Status"":""OK"",""Class"":""AndroidUsbDeviceClass"",""FriendlyName"":""Android Bootloader Interface"",""InstanceId"":""USB\\VID_18D1&PID_D00D\\1384E684""}]}",absent,fastboot,23.7,21.2,List of devices attached,1384e684               fastboot
2026-09-28T11:43:41.507+00:00,2026-09-28T11:43:41.558+00:00,1118.693,present,3034.4,"{""state"":""present"",""devices"":[{""Status"":""OK"",""Class"":""AndroidUsbDeviceClass"",""FriendlyName"":""Android Bootloader Interface"",""InstanceId"":""USB\\VID_18D1&PID_D00D\\1384E684""}]}",absent,fastboot,25.0,26.4,List of devices attached,1384e684               fastboot
2026-09-28T11:43:42.507+00:00,2026-09-28T11:43:42.552+00:00,1119.688,present,3029.1,"{""state"":""present"",""devices"":[{""Status"":""OK"",""Class"":""AndroidUsbDeviceClass"",""FriendlyName"":""Android Bootloader Interface"",""InstanceId"":""USB\\VID_18D1&PID_D00D\\1384E684""}]}",absent,fastboot,24.1,21.1,List of devices attached,1384e684               fastboot
2026-09-28T11:43:43.507+00:00,2026-09-28T11:43:43.579+00:00,1120.715,present,3029.1,"{""state"":""present"",""devices"":[{""Status"":""OK"",""Class"":""AndroidUsbDeviceClass"",""FriendlyName"":""Android Bootloader Interface"",""InstanceId"":""USB\\VID_18D1&PID_D00D\\1384E684""}]}",absent,fastboot,50.1,21.7,List of devices attached,1384e684               fastboot
2026-09-28T11:43:44.508+00:00,2026-09-28T11:43:44.552+00:00,1121.687,present,3029.1,"{""state"":""present"",""devices"":[{""Status"":""OK"",""Class"":""AndroidUsbDeviceClass"",""FriendlyName"":""Android Bootloader Interface"",""InstanceId"":""USB\\VID_18D1&PID_D00D\\1384E684""}]}",absent,fastboot,23.8,20.7,List of devices attached | emulator-5568          offline transport_id:856,1384e684               fastboot
2026-09-28T11:43:45.508+00:00,2026-09-28T11:43:45.570+00:00,1122.706,present,3029.1,"{""state"":""present"",""devices"":[{""Status"":""OK"",""Class"":""AndroidUsbDeviceClass"",""FriendlyName"":""Android Bootloader Interface"",""InstanceId"":""USB\\VID_18D1&PID_D00D\\1384E684""}]}",absent,fastboot,40.0,22.6,List of devices attached,1384e684               fastboot
2026-09-28T11:43:46.508+00:00,2026-09-28T11:43:46.554+00:00,1123.690,present,3077.6,"{""state"":""present"",""devices"":[{""Status"":""OK"",""Class"":""AndroidUsbDeviceClass"",""FriendlyName"":""Android Bootloader Interface"",""InstanceId"":""USB\\VID_18D1&PID_D00D\\1384E684""}]}",absent,fastboot,24.3,21.5,List of devices attached,1384e684               fastboot
2026-09-28T11:43:47.509+00:00,2026-09-28T11:43:47.553+00:00,1124.688,present,3077.6,"{""state"":""present"",""devices"":[{""Status"":""OK"",""Class"":""AndroidUsbDeviceClass"",""FriendlyName"":""Android Bootloader Interface"",""InstanceId"":""USB\\VID_18D1&PID_D00D\\1384E684""}]}",absent,fastboot,23.8,20.3,List of devices attached,1384e684               fastboot
2026-09-28T11:43:48.509+00:00,2026-09-28T11:43:48.572+00:00,1125.707,present,3077.6,"{""state"":""present"",""devices"":[{""Status"":""OK"",""Class"":""AndroidUsbDeviceClass"",""FriendlyName"":""Android Bootloader Interface"",""InstanceId"":""USB\\VID_18D1&PID_D00D\\1384E684""}]}",absent,fastboot,40.0,22.4,List of devices attached,1384e684               fastboot
2026-09-28T11:43:49.509+00:00,2026-09-28T11:43:49.555+00:00,1126.690,present,3077.6,"{""state"":""present"",""devices"":[{""Status"":""OK"",""Class"":""AndroidUsbDeviceClass"",""FriendlyName"":""Android Bootloader Interface"",""InstanceId"":""USB\\VID_18D1&PID_D00D\\1384E684""}]}",absent,fastboot,24.5,20.5,List of devices attached | emulator-5568          offline transport_id:860,1384e684               fastboot
2026-09-28T11:43:50.510+00:00,2026-09-28T11:43:50.573+00:00,1127.708,present,3023.5,"{""state"":""present"",""devices"":[{""Status"":""OK"",""Class"":""AndroidUsbDeviceClass"",""FriendlyName"":""Android Bootloader Interface"",""InstanceId"":""USB\\VID_18D1&PID_D00D\\1384E684""}]}",absent,fastboot,39.9,22.7,List of devices attached,1384e684               fastboot
2026-09-28T11:43:51.510+00:00,2026-09-28T11:43:51.555+00:00,1128.690,present,3023.5,"{""state"":""present"",""devices"":[{""Status"":""OK"",""Class"":""AndroidUsbDeviceClass"",""FriendlyName"":""Android Bootloader Interface"",""InstanceId"":""USB\\VID_18D1&PID_D00D\\1384E684""}]}",absent,fastboot,24.5,20.4,List of devices attached,1384e684               fastboot
2026-09-28T11:43:52.511+00:00,2026-09-28T11:43:52.557+00:00,1129.692,present,3023.5,"{""state"":""present"",""devices"":[{""Status"":""OK"",""Class"":""AndroidUsbDeviceClass"",""FriendlyName"":""Android Bootloader Interface"",""InstanceId"":""USB\\VID_18D1&PID_D00D\\1384E684""}]}",absent,fastboot,24.9,21.5,List of devices attached,1384e684               fastboot
2026-09-28T11:43:53.511+00:00,2026-09-28T11:43:53.556+00:00,1130.692,present,3023.5,"{""state"":""present"",""devices"":[{""Status"":""OK"",""Class"":""AndroidUsbDeviceClass"",""FriendlyName"":""Android Bootloader Interface"",""InstanceId"":""USB\\VID_18D1&PID_D00D\\1384E684""}]}",absent,fastboot,24.8,20.3,List of devices attached | emulator-5568          offline transport_id:863,1384e684               fastboot
2026-09-28T11:43:54.511+00:00,2026-09-28T11:43:54.566+00:00,1131.701,present,3027.1,"{""state"":""present"",""devices"":[{""Status"":""OK"",""Class"":""AndroidUsbDeviceClass"",""FriendlyName"":""Android Bootloader Interface"",""InstanceId"":""USB\\VID_18D1&PID_D00D\\1384E684""}]}",absent,fastboot,31.6,22.9,List of devices attached,1384e684               fastboot
2026-09-28T11:43:55.511+00:00,2026-09-28T11:43:55.559+00:00,1132.694,present,3027.1,"{""state"":""present"",""devices"":[{""Status"":""OK"",""Class"":""AndroidUsbDeviceClass"",""FriendlyName"":""Android Bootloader Interface"",""InstanceId"":""USB\\VID_18D1&PID_D00D\\1384E684""}]}",absent,fastboot,25.7,21.7,List of devices attached,1384e684               fastboot
2026-09-28T11:43:56.512+00:00,2026-09-28T11:43:56.557+00:00,1133.692,present,3027.1,"{""state"":""present"",""devices"":[{""Status"":""OK"",""Class"":""AndroidUsbDeviceClass"",""FriendlyName"":""Android Bootloader Interface"",""InstanceId"":""USB\\VID_18D1&PID_D00D\\1384E684""}]}",absent,fastboot,24.2,21.2,List of devices attached,1384e684               fastboot
2026-09-28T11:43:57.512+00:00,2026-09-28T11:43:57.579+00:00,1134.714,present,3027.1,"{""state"":""present"",""devices"":[{""Status"":""OK"",""Class"":""AndroidUsbDeviceClass"",""FriendlyName"":""Android Bootloader Interface"",""InstanceId"":""USB\\VID_18D1&PID_D00D\\1384E684""}]}",absent,fastboot,45.1,21.4,List of devices attached,1384e684               fastboot
2026-09-28T11:43:58.512+00:00,2026-09-28T11:43:58.560+00:00,1135.695,present,3058.1,"{""state"":""present"",""devices"":[{""Status"":""OK"",""Class"":""AndroidUsbDeviceClass"",""FriendlyName"":""Android Bootloader Interface"",""InstanceId"":""USB\\VID_18D1&PID_D00D\\1384E684""}]}",absent,fastboot,25.3,22.1,List of devices attached | emulator-5568          offline transport_id:867,1384e684               fastboot
2026-09-28T11:43:59.512+00:00,2026-09-28T11:43:59.558+00:00,1136.693,present,3058.1,"{""state"":""present"",""devices"":[{""Status"":""OK"",""Class"":""AndroidUsbDeviceClass"",""FriendlyName"":""Android Bootloader Interface"",""InstanceId"":""USB\\VID_18D1&PID_D00D\\1384E684""}]}",absent,fastboot,24.3,21.1,List of devices attached,1384e684               fastboot
2026-09-28T11:44:00.513+00:00,2026-09-28T11:44:00.558+00:00,1137.694,present,3058.1,"{""state"":""present"",""devices"":[{""Status"":""OK"",""Class"":""AndroidUsbDeviceClass"",""FriendlyName"":""Android Bootloader Interface"",""InstanceId"":""USB\\VID_18D1&PID_D00D\\1384E684""}]}",absent,fastboot,24.1,21.7,List of devices attached,1384e684               fastboot
2026-09-28T11:44:01.513+00:00,2026-09-28T11:44:01.559+00:00,1138.694,present,3058.1,"{""state"":""present"",""devices"":[{""Status"":""OK"",""Class"":""AndroidUsbDeviceClass"",""FriendlyName"":""Android Bootloader Interface"",""InstanceId"":""USB\\VID_18D1&PID_D00D\\1384E684""}]}",absent,fastboot,24.7,21.3,List of devices attached,1384e684               fastboot
2026-09-28T11:44:02.513+00:00,2026-09-28T11:44:02.560+00:00,1139.696,present,3030.8,"{""state"":""present"",""devices"":[{""Status"":""OK"",""Class"":""AndroidUsbDeviceClass"",""FriendlyName"":""Android Bootloader Interface"",""InstanceId"":""USB\\VID_18D1&PID_D00D\\1384E684""}]}",absent,fastboot,25.3,21.4,List of devices attached,1384e684               fastboot
2026-09-28T11:44:03.514+00:00,2026-09-28T11:44:03.575+00:00,1140.710,present,3030.8,"{""state"":""present"",""devices"":[{""Status"":""OK"",""Class"":""AndroidUsbDeviceClass"",""FriendlyName"":""Android Bootloader Interface"",""InstanceId"":""USB\\VID_18D1&PID_D00D\\1384E684""}]}",absent,fastboot,38.1,23.2,List of devices attached | emulator-5568          offline transport_id:871,1384e684               fastboot
2026-09-28T11:44:04.514+00:00,2026-09-28T11:44:04.568+00:00,1141.703,present,3030.8,"{""state"":""present"",""devices"":[{""Status"":""OK"",""Class"":""AndroidUsbDeviceClass"",""FriendlyName"":""Android Bootloader Interface"",""InstanceId"":""USB\\VID_18D1&PID_D00D\\1384E684""}]}",absent,fastboot,32.4,21.3,List of devices attached,1384e684               fastboot
2026-09-28T11:44:05.515+00:00,2026-09-28T11:44:05.569+00:00,1142.704,present,3030.8,"{""state"":""present"",""devices"":[{""Status"":""OK"",""Class"":""AndroidUsbDeviceClass"",""FriendlyName"":""Android Bootloader Interface"",""InstanceId"":""USB\\VID_18D1&PID_D00D\\1384E684""}]}",absent,fastboot,33.5,20.7,List of devices attached,1384e684               fastboot
2026-09-28T11:44:06.515+00:00,2026-09-28T11:44:06.576+00:00,1143.711,present,3020.9,"{""state"":""present"",""devices"":[{""Status"":""OK"",""Class"":""AndroidUsbDeviceClass"",""FriendlyName"":""Android Bootloader Interface"",""InstanceId"":""USB\\VID_18D1&PID_D00D\\1384E684""}]}",absent,fastboot,24.9,36.3,List of devices attached,1384e684               fastboot
2026-09-28T11:44:07.515+00:00,2026-09-28T11:44:07.561+00:00,1144.697,present,3020.9,"{""state"":""present"",""devices"":[{""Status"":""OK"",""Class"":""AndroidUsbDeviceClass"",""FriendlyName"":""Android Bootloader Interface"",""InstanceId"":""USB\\VID_18D1&PID_D00D\\1384E684""}]}",absent,fastboot,24.8,21.5,List of devices attached | emulator-5568          offline transport_id:874,1384e684               fastboot
2026-09-28T11:44:08.515+00:00,2026-09-28T11:44:08.568+00:00,1145.703,present,3020.9,"{""state"":""present"",""devices"":[{""Status"":""OK"",""Class"":""AndroidUsbDeviceClass"",""FriendlyName"":""Android Bootloader Interface"",""InstanceId"":""USB\\VID_18D1&PID_D00D\\1384E684""}]}",absent,fastboot,31.3,21.5,List of devices attached,1384e684               fastboot
2026-09-28T11:44:09.515+00:00,2026-09-28T11:44:09.563+00:00,1146.698,present,3020.9,"{""state"":""present"",""devices"":[{""Status"":""OK"",""Class"":""AndroidUsbDeviceClass"",""FriendlyName"":""Android Bootloader Interface"",""InstanceId"":""USB\\VID_18D1&PID_D00D\\1384E684""}]}",absent,fastboot,26.1,21.2,List of devices attached,1384e684               fastboot
2026-09-28T11:44:10.516+00:00,2026-09-28T11:44:10.563+00:00,1147.698,present,3013.9,"{""state"":""present"",""devices"":[{""Status"":""OK"",""Class"":""AndroidUsbDeviceClass"",""FriendlyName"":""Android Bootloader Interface"",""InstanceId"":""USB\\VID_18D1&PID_D00D\\1384E684""}]}",absent,fastboot,24.7,22.0,List of devices attached,1384e684               fastboot
2026-09-28T11:44:11.516+00:00,2026-09-28T11:44:11.564+00:00,1148.699,present,3013.9,"{""state"":""present"",""devices"":[{""Status"":""OK"",""Class"":""AndroidUsbDeviceClass"",""FriendlyName"":""Android Bootloader Interface"",""InstanceId"":""USB\\VID_18D1&PID_D00D\\1384E684""}]}",absent,fastboot,26.1,21.9,List of devices attached,1384e684               fastboot
2026-09-28T11:44:12.517+00:00,2026-09-28T11:44:12.564+00:00,1149.700,present,3013.9,"{""state"":""present"",""devices"":[{""Status"":""OK"",""Class"":""AndroidUsbDeviceClass"",""FriendlyName"":""Android Bootloader Interface"",""InstanceId"":""USB\\VID_18D1&PID_D00D\\1384E684""}]}",absent,fastboot,26.2,21.5,List of devices attached | emulator-5568          offline transport_id:878,1384e684               fastboot
2026-09-28T11:44:13.517+00:00,2026-09-28T11:44:13.562+00:00,1150.698,present,3013.9,"{""state"":""present"",""devices"":[{""Status"":""OK"",""Class"":""AndroidUsbDeviceClass"",""FriendlyName"":""Android Bootloader Interface"",""InstanceId"":""USB\\VID_18D1&PID_D00D\\1384E684""}]}",absent,fastboot,23.0,22.4,List of devices attached,1384e684               fastboot
2026-09-28T11:44:14.517+00:00,2026-09-28T11:44:14.564+00:00,1151.699,present,3057.7,"{""state"":""present"",""devices"":[{""Status"":""OK"",""Class"":""AndroidUsbDeviceClass"",""FriendlyName"":""Android Bootloader Interface"",""InstanceId"":""USB\\VID_18D1&PID_D00D\\1384E684""}]}",absent,fastboot,24.1,22.4,List of devices attached,1384e684               fastboot
2026-09-28T11:44:15.517+00:00,2026-09-28T11:44:15.581+00:00,1152.716,present,3057.7,"{""state"":""present"",""devices"":[{""Status"":""OK"",""Class"":""AndroidUsbDeviceClass"",""FriendlyName"":""Android Bootloader Interface"",""InstanceId"":""USB\\VID_18D1&PID_D00D\\1384E684""}]}",absent,fastboot,41.7,21.7,List of devices attached,1384e684               fastboot
2026-09-28T11:44:16.517+00:00,2026-09-28T11:44:16.563+00:00,1153.698,present,3057.7,"{""state"":""present"",""devices"":[{""Status"":""OK"",""Class"":""AndroidUsbDeviceClass"",""FriendlyName"":""Android Bootloader Interface"",""InstanceId"":""USB\\VID_18D1&PID_D00D\\1384E684""}]}",absent,fastboot,24.0,21.3,List of devices attached,1384e684               fastboot
2026-09-28T11:44:17.518+00:00,2026-09-28T11:44:17.573+00:00,1154.708,present,3057.7,"{""state"":""present"",""devices"":[{""Status"":""OK"",""Class"":""AndroidUsbDeviceClass"",""FriendlyName"":""Android Bootloader Interface"",""InstanceId"":""USB\\VID_18D1&PID_D00D\\1384E684""}]}",absent,fastboot,33.1,21.5,List of devices attached | emulator-5568          offline transport_id:882,1384e684               fastboot
2026-09-28T11:44:18.518+00:00,2026-09-28T11:44:18.564+00:00,1155.699,present,3102.0,"{""state"":""present"",""devices"":[{""Status"":""OK"",""Class"":""AndroidUsbDeviceClass"",""FriendlyName"":""Android Bootloader Interface"",""InstanceId"":""USB\\VID_18D1&PID_D00D\\1384E684""}]}",absent,fastboot,24.0,21.6,List of devices attached,1384e684               fastboot
2026-09-28T11:44:19.519+00:00,2026-09-28T11:44:19.576+00:00,1156.712,present,3102.0,"{""state"":""present"",""devices"":[{""Status"":""OK"",""Class"":""AndroidUsbDeviceClass"",""FriendlyName"":""Android Bootloader Interface"",""InstanceId"":""USB\\VID_18D1&PID_D00D\\1384E684""}]}",absent,fastboot,23.9,33.8,List of devices attached,1384e684               fastboot
2026-09-28T11:44:20.519+00:00,2026-09-28T11:44:20.564+00:00,1157.699,present,3102.0,"{""state"":""present"",""devices"":[{""Status"":""OK"",""Class"":""AndroidUsbDeviceClass"",""FriendlyName"":""Android Bootloader Interface"",""InstanceId"":""USB\\VID_18D1&PID_D00D\\1384E684""}]}",absent,fastboot,23.9,21.0,List of devices attached,1384e684               fastboot
2026-09-28T11:44:21.519+00:00,2026-09-28T11:44:21.588+00:00,1158.724,present,3102.0,"{""state"":""present"",""devices"":[{""Status"":""OK"",""Class"":""AndroidUsbDeviceClass"",""FriendlyName"":""Android Bootloader Interface"",""InstanceId"":""USB\\VID_18D1&PID_D00D\\1384E684""}]}",absent,fastboot,25.6,43.5,List of devices attached | emulator-5568          offline transport_id:885,1384e684               fastboot
2026-09-28T11:44:22.519+00:00,2026-09-28T11:44:22.566+00:00,1159.701,present,3082.7,"{""state"":""present"",""devices"":[{""Status"":""OK"",""Class"":""AndroidUsbDeviceClass"",""FriendlyName"":""Android Bootloader Interface"",""InstanceId"":""USB\\VID_18D1&PID_D00D\\1384E684""}]}",absent,fastboot,24.2,22.0,List of devices attached,1384e684               fastboot
2026-09-28T11:44:23.519+00:00,2026-09-28T11:44:23.565+00:00,1160.700,present,3082.7,"{""state"":""present"",""devices"":[{""Status"":""OK"",""Class"":""AndroidUsbDeviceClass"",""FriendlyName"":""Android Bootloader Interface"",""InstanceId"":""USB\\VID_18D1&PID_D00D\\1384E684""}]}",absent,fastboot,24.2,21.3,List of devices attached,1384e684               fastboot
2026-09-28T11:44:24.520+00:00,2026-09-28T11:44:24.566+00:00,1161.701,present,3082.7,"{""state"":""present"",""devices"":[{""Status"":""OK"",""Class"":""AndroidUsbDeviceClass"",""FriendlyName"":""Android Bootloader Interface"",""InstanceId"":""USB\\VID_18D1&PID_D00D\\1384E684""}]}",absent,fastboot,24.6,21.2,List of devices attached,1384e684               fastboot
2026-09-28T11:44:25.520+00:00,2026-09-28T11:44:25.567+00:00,1162.703,present,3082.7,"{""state"":""present"",""devices"":[{""Status"":""OK"",""Class"":""AndroidUsbDeviceClass"",""FriendlyName"":""Android Bootloader Interface"",""InstanceId"":""USB\\VID_18D1&PID_D00D\\1384E684""}]}",absent,fastboot,24.4,22.4,List of devices attached,1384e684               fastboot
2026-09-28T11:44:26.521+00:00,2026-09-28T11:44:26.576+00:00,1163.711,present,3144.1,"{""state"":""present"",""devices"":[{""Status"":""OK"",""Class"":""AndroidUsbDeviceClass"",""FriendlyName"":""Android Bootloader Interface"",""InstanceId"":""USB\\VID_18D1&PID_D00D\\1384E684""}]}",absent,fastboot,23.8,31.2,List of devices attached | emulator-5568          offline transport_id:889,1384e684               fastboot
2026-09-28T11:44:27.521+00:00,2026-09-28T11:44:27.569+00:00,1164.704,present,3144.1,"{""state"":""present"",""devices"":[{""Status"":""OK"",""Class"":""AndroidUsbDeviceClass"",""FriendlyName"":""Android Bootloader Interface"",""InstanceId"":""USB\\VID_18D1&PID_D00D\\1384E684""}]}",absent,fastboot,25.9,21.8,List of devices attached,1384e684               fastboot
2026-09-28T11:44:28.521+00:00,2026-09-28T11:44:28.568+00:00,1165.704,present,3144.1,"{""state"":""present"",""devices"":[{""Status"":""OK"",""Class"":""AndroidUsbDeviceClass"",""FriendlyName"":""Android Bootloader Interface"",""InstanceId"":""USB\\VID_18D1&PID_D00D\\1384E684""}]}",absent,fastboot,24.9,21.8,List of devices attached,1384e684               fastboot
2026-09-28T11:44:29.522+00:00,2026-09-28T11:44:29.568+00:00,1166.703,present,3144.1,"{""state"":""present"",""devices"":[{""Status"":""OK"",""Class"":""AndroidUsbDeviceClass"",""FriendlyName"":""Android Bootloader Interface"",""InstanceId"":""USB\\VID_18D1&PID_D00D\\1384E684""}]}",absent,fastboot,23.5,22.1,List of devices attached,1384e684               fastboot
2026-09-28T11:44:30.522+00:00,2026-09-28T11:44:30.577+00:00,1167.712,present,3039.8,"{""state"":""present"",""devices"":[{""Status"":""OK"",""Class"":""AndroidUsbDeviceClass"",""FriendlyName"":""Android Bootloader Interface"",""InstanceId"":""USB\\VID_18D1&PID_D00D\\1384E684""}]}",absent,fastboot,24.4,30.3,List of devices attached,1384e684               fastboot
2026-09-28T11:44:31.522+00:00,2026-09-28T11:44:31.569+00:00,1168.705,present,3039.8,"{""state"":""present"",""devices"":[{""Status"":""OK"",""Class"":""AndroidUsbDeviceClass"",""FriendlyName"":""Android Bootloader Interface"",""InstanceId"":""USB\\VID_18D1&PID_D00D\\1384E684""}]}",absent,fastboot,24.3,22.6,List of devices attached | emulator-5568          offline transport_id:893,1384e684               fastboot
2026-09-28T11:44:32.523+00:00,2026-09-28T11:44:32.569+00:00,1169.704,present,3039.8,"{""state"":""present"",""devices"":[{""Status"":""OK"",""Class"":""AndroidUsbDeviceClass"",""FriendlyName"":""Android Bootloader Interface"",""InstanceId"":""USB\\VID_18D1&PID_D00D\\1384E684""}]}",absent,fastboot,23.8,22.6,List of devices attached,1384e684               fastboot
2026-09-28T11:44:33.523+00:00,2026-09-28T11:44:33.570+00:00,1170.705,present,3039.8,"{""state"":""present"",""devices"":[{""Status"":""OK"",""Class"":""AndroidUsbDeviceClass"",""FriendlyName"":""Android Bootloader Interface"",""InstanceId"":""USB\\VID_18D1&PID_D00D\\1384E684""}]}",absent,fastboot,24.4,22.4,List of devices attached,1384e684               fastboot
2026-09-28T11:44:34.523+00:00,2026-09-28T11:44:34.570+00:00,1171.706,present,3054.9,"{""state"":""present"",""devices"":[{""Status"":""OK"",""Class"":""AndroidUsbDeviceClass"",""FriendlyName"":""Android Bootloader Interface"",""InstanceId"":""USB\\VID_18D1&PID_D00D\\1384E684""}]}",absent,fastboot,23.7,23.3,List of devices attached,1384e684               fastboot
2026-09-28T11:44:35.523+00:00,2026-09-28T11:44:35.571+00:00,1172.706,present,3054.9,"{""state"":""present"",""devices"":[{""Status"":""OK"",""Class"":""AndroidUsbDeviceClass"",""FriendlyName"":""Android Bootloader Interface"",""InstanceId"":""USB\\VID_18D1&PID_D00D\\1384E684""}]}",absent,fastboot,25.3,22.2,List of devices attached | emulator-5568          offline transport_id:896,1384e684               fastboot
2026-09-28T11:44:36.524+00:00,2026-09-28T11:44:36.571+00:00,1173.707,present,3054.9,"{""state"":""present"",""devices"":[{""Status"":""OK"",""Class"":""AndroidUsbDeviceClass"",""FriendlyName"":""Android Bootloader Interface"",""InstanceId"":""USB\\VID_18D1&PID_D00D\\1384E684""}]}",absent,fastboot,25.3,22.0,List of devices attached,1384e684               fastboot
2026-09-28T11:44:37.524+00:00,2026-09-28T11:44:37.569+00:00,1174.705,present,3054.9,"{""state"":""present"",""devices"":[{""Status"":""OK"",""Class"":""AndroidUsbDeviceClass"",""FriendlyName"":""Android Bootloader Interface"",""InstanceId"":""USB\\VID_18D1&PID_D00D\\1384E684""}]}",absent,fastboot,23.4,21.7,List of devices attached,1384e684               fastboot
2026-09-28T11:44:38.524+00:00,2026-09-28T11:44:38.577+00:00,1175.713,present,3074.4,"{""state"":""present"",""devices"":[{""Status"":""OK"",""Class"":""AndroidUsbDeviceClass"",""FriendlyName"":""Android Bootloader Interface"",""InstanceId"":""USB\\VID_18D1&PID_D00D\\1384E684""}]}",absent,fastboot,27.7,25.2,List of devices attached,1384e684               fastboot
2026-09-28T11:44:39.525+00:00,2026-09-28T11:44:39.571+00:00,1176.706,present,3074.4,"{""state"":""present"",""devices"":[{""Status"":""OK"",""Class"":""AndroidUsbDeviceClass"",""FriendlyName"":""Android Bootloader Interface"",""InstanceId"":""USB\\VID_18D1&PID_D00D\\1384E684""}]}",absent,fastboot,23.8,22.1,List of devices attached,1384e684               fastboot
2026-09-28T11:44:40.525+00:00,2026-09-28T11:44:40.570+00:00,1177.705,present,3074.4,"{""state"":""present"",""devices"":[{""Status"":""OK"",""Class"":""AndroidUsbDeviceClass"",""FriendlyName"":""Android Bootloader Interface"",""InstanceId"":""USB\\VID_18D1&PID_D00D\\1384E684""}]}",absent,fastboot,23.3,21.2,List of devices attached | emulator-5568          offline transport_id:900,1384e684               fastboot
2026-09-28T11:44:41.525+00:00,2026-09-28T11:44:41.572+00:00,1178.707,present,3074.4,"{""state"":""present"",""devices"":[{""Status"":""OK"",""Class"":""AndroidUsbDeviceClass"",""FriendlyName"":""Android Bootloader Interface"",""InstanceId"":""USB\\VID_18D1&PID_D00D\\1384E684""}]}",absent,fastboot,23.7,22.4,List of devices attached,1384e684               fastboot
2026-09-28T11:44:42.526+00:00,2026-09-28T11:44:42.590+00:00,1179.726,present,3074.3,"{""state"":""present"",""devices"":[{""Status"":""OK"",""Class"":""AndroidUsbDeviceClass"",""FriendlyName"":""Android Bootloader Interface"",""InstanceId"":""USB\\VID_18D1&PID_D00D\\1384E684""}]}",absent,fastboot,25.0,39.5,List of devices attached,1384e684               fastboot
2026-09-28T11:44:43.526+00:00,2026-09-28T11:44:43.573+00:00,1180.709,present,3074.3,"{""state"":""present"",""devices"":[{""Status"":""OK"",""Class"":""AndroidUsbDeviceClass"",""FriendlyName"":""Android Bootloader Interface"",""InstanceId"":""USB\\VID_18D1&PID_D00D\\1384E684""}]}",absent,fastboot,25.2,22.2,List of devices attached,1384e684               fastboot
2026-09-28T11:44:44.526+00:00,2026-09-28T11:44:44.571+00:00,1181.707,present,3074.3,"{""state"":""present"",""devices"":[{""Status"":""OK"",""Class"":""AndroidUsbDeviceClass"",""FriendlyName"":""Android Bootloader Interface"",""InstanceId"":""USB\\VID_18D1&PID_D00D\\1384E684""}]}",absent,fastboot,23.2,21.6,List of devices attached,1384e684               fastboot
2026-09-28T11:44:45.527+00:00,2026-09-28T11:44:45.573+00:00,1182.708,present,3074.3,"{""state"":""present"",""devices"":[{""Status"":""OK"",""Class"":""AndroidUsbDeviceClass"",""FriendlyName"":""Android Bootloader Interface"",""InstanceId"":""USB\\VID_18D1&PID_D00D\\1384E684""}]}",absent,fastboot,24.6,21.4,List of devices attached | emulator-5568          offline transport_id:904,1384e684               fastboot
2026-09-28T11:44:46.527+00:00,2026-09-28T11:44:46.572+00:00,1183.707,present,3092.8,"{""state"":""present"",""devices"":[{""Status"":""OK"",""Class"":""AndroidUsbDeviceClass"",""FriendlyName"":""Android Bootloader Interface"",""InstanceId"":""USB\\VID_18D1&PID_D00D\\1384E684""}]}",absent,fastboot,23.7,21.3,List of devices attached,1384e684               fastboot
2026-09-28T11:44:47.527+00:00,2026-09-28T11:44:47.573+00:00,1184.708,present,3092.8,"{""state"":""present"",""devices"":[{""Status"":""OK"",""Class"":""AndroidUsbDeviceClass"",""FriendlyName"":""Android Bootloader Interface"",""InstanceId"":""USB\\VID_18D1&PID_D00D\\1384E684""}]}",absent,fastboot,23.6,22.0,List of devices attached,1384e684               fastboot
2026-09-28T11:44:48.528+00:00,2026-09-28T11:44:48.573+00:00,1185.708,present,3092.8,"{""state"":""present"",""devices"":[{""Status"":""OK"",""Class"":""AndroidUsbDeviceClass"",""FriendlyName"":""Android Bootloader Interface"",""InstanceId"":""USB\\VID_18D1&PID_D00D\\1384E684""}]}",absent,fastboot,24.0,21.3,List of devices attached,1384e684               fastboot
2026-09-28T11:44:49.528+00:00,2026-09-28T11:44:49.582+00:00,1186.717,present,3092.8,"{""state"":""present"",""devices"":[{""Status"":""OK"",""Class"":""AndroidUsbDeviceClass"",""FriendlyName"":""Android Bootloader Interface"",""InstanceId"":""USB\\VID_18D1&PID_D00D\\1384E684""}]}",absent,fastboot,24.8,28.8,List of devices attached | emulator-5568          offline transport_id:907,1384e684               fastboot
2026-09-28T11:44:50.529+00:00,2026-09-28T11:44:50.573+00:00,1187.709,present,3068.7,"{""state"":""present"",""devices"":[{""Status"":""OK"",""Class"":""AndroidUsbDeviceClass"",""FriendlyName"":""Android Bootloader Interface"",""InstanceId"":""USB\\VID_18D1&PID_D00D\\1384E684""}]}",absent,fastboot,22.4,22.1,List of devices attached,1384e684               fastboot
2026-09-28T11:44:51.529+00:00,2026-09-28T11:44:51.574+00:00,1188.710,present,3068.7,"{""state"":""present"",""devices"":[{""Status"":""OK"",""Class"":""AndroidUsbDeviceClass"",""FriendlyName"":""Android Bootloader Interface"",""InstanceId"":""USB\\VID_18D1&PID_D00D\\1384E684""}]}",absent,fastboot,22.9,22.1,List of devices attached,1384e684               fastboot
2026-09-28T11:44:52.529+00:00,2026-09-28T11:44:52.575+00:00,1189.711,present,3068.7,"{""state"":""present"",""devices"":[{""Status"":""OK"",""Class"":""AndroidUsbDeviceClass"",""FriendlyName"":""Android Bootloader Interface"",""InstanceId"":""USB\\VID_18D1&PID_D00D\\1384E684""}]}",absent,fastboot,23.8,22.1,List of devices attached,1384e684               fastboot
2026-09-28T11:44:53.530+00:00,2026-09-28T11:44:53.576+00:00,1190.711,present,3068.7,"{""state"":""present"",""devices"":[{""Status"":""OK"",""Class"":""AndroidUsbDeviceClass"",""FriendlyName"":""Android Bootloader Interface"",""InstanceId"":""USB\\VID_18D1&PID_D00D\\1384E684""}]}",absent,fastboot,23.5,22.5,List of devices attached,1384e684               fastboot
2026-09-28T11:44:54.530+00:00,2026-09-28T11:44:54.575+00:00,1191.711,present,3023.7,"{""state"":""present"",""devices"":[{""Status"":""OK"",""Class"":""AndroidUsbDeviceClass"",""FriendlyName"":""Android Bootloader Interface"",""InstanceId"":""USB\\VID_18D1&PID_D00D\\1384E684""}]}",absent,fastboot,23.1,22.0,List of devices attached | emulator-5568          offline transport_id:911,1384e684               fastboot
2026-09-28T11:44:55.530+00:00,2026-09-28T11:44:55.584+00:00,1192.720,present,3023.7,"{""state"":""present"",""devices"":[{""Status"":""OK"",""Class"":""AndroidUsbDeviceClass"",""FriendlyName"":""Android Bootloader Interface"",""InstanceId"":""USB\\VID_18D1&PID_D00D\\1384E684""}]}",absent,fastboot,23.1,30.7,List of devices attached,1384e684               fastboot
2026-09-28T11:44:56.531+00:00,2026-09-28T11:44:56.578+00:00,1193.713,present,3023.7,"{""state"":""present"",""devices"":[{""Status"":""OK"",""Class"":""AndroidUsbDeviceClass"",""FriendlyName"":""Android Bootloader Interface"",""InstanceId"":""USB\\VID_18D1&PID_D00D\\1384E684""}]}",absent,fastboot,25.4,21.5,List of devices attached,1384e684               fastboot
2026-09-28T11:44:57.531+00:00,2026-09-28T11:44:57.577+00:00,1194.713,present,3023.7,"{""state"":""present"",""devices"":[{""Status"":""OK"",""Class"":""AndroidUsbDeviceClass"",""FriendlyName"":""Android Bootloader Interface"",""InstanceId"":""USB\\VID_18D1&PID_D00D\\1384E684""}]}",absent,fastboot,23.5,22.6,List of devices attached,1384e684               fastboot
2026-09-28T11:44:58.531+00:00,2026-09-28T11:44:58.577+00:00,1195.713,present,3162.3,"{""state"":""present"",""devices"":[{""Status"":""OK"",""Class"":""AndroidUsbDeviceClass"",""FriendlyName"":""Android Bootloader Interface"",""InstanceId"":""USB\\VID_18D1&PID_D00D\\1384E684""}]}",absent,fastboot,23.8,22.5,List of devices attached,1384e684               fastboot
2026-09-28T11:44:59.531+00:00,2026-09-28T11:44:59.591+00:00,1196.727,present,3162.3,"{""state"":""present"",""devices"":[{""Status"":""OK"",""Class"":""AndroidUsbDeviceClass"",""FriendlyName"":""Android Bootloader Interface"",""InstanceId"":""USB\\VID_18D1&PID_D00D\\1384E684""}]}",absent,fastboot,38.1,21.8,List of devices attached,1384e684               fastboot
2026-09-28T11:45:00.531+00:00,2026-09-28T11:45:00.578+00:00,1197.713,present,3162.3,"{""state"":""present"",""devices"":[{""Status"":""OK"",""Class"":""AndroidUsbDeviceClass"",""FriendlyName"":""Android Bootloader Interface"",""InstanceId"":""USB\\VID_18D1&PID_D00D\\1384E684""}]}",absent,fastboot,23.9,22.3,List of devices attached,1384e684               fastboot
2026-09-28T11:45:01.531+00:00,2026-09-28T11:45:01.578+00:00,1198.713,present,3162.3,"{""state"":""present"",""devices"":[{""Status"":""OK"",""Class"":""AndroidUsbDeviceClass"",""FriendlyName"":""Android Bootloader Interface"",""InstanceId"":""USB\\VID_18D1&PID_D00D\\1384E684""}]}",absent,fastboot,24.0,22.4,List of devices attached,1384e684               fastboot
2026-09-28T11:45:02.532+00:00,2026-09-28T11:45:02.578+00:00,1199.713,present,3071.2,"{""state"":""present"",""devices"":[{""Status"":""OK"",""Class"":""AndroidUsbDeviceClass"",""FriendlyName"":""Android Bootloader Interface"",""InstanceId"":""USB\\VID_18D1&PID_D00D\\1384E684""}]}",absent,fastboot,23.4,22.5,List of devices attached,1384e684               fastboot
2026-09-28T11:45:03.532+00:00,2026-09-28T11:45:03.580+00:00,1200.715,present,3071.2,"{""state"":""present"",""devices"":[{""Status"":""OK"",""Class"":""AndroidUsbDeviceClass"",""FriendlyName"":""Android Bootloader Interface"",""InstanceId"":""USB\\VID_18D1&PID_D00D\\1384E684""}]}",absent,fastboot,24.3,23.6,List of devices attached | emulator-5568          offline transport_id:918,1384e684               fastboot
2026-09-28T11:45:04.532+00:00,2026-09-28T11:45:04.577+00:00,1201.713,present,3071.2,"{""state"":""present"",""devices"":[{""Status"":""OK"",""Class"":""AndroidUsbDeviceClass"",""FriendlyName"":""Android Bootloader Interface"",""InstanceId"":""USB\\VID_18D1&PID_D00D\\1384E684""}]}",absent,fastboot,23.2,21.8,List of devices attached,1384e684               fastboot
2026-09-28T11:45:05.532+00:00,2026-09-28T11:45:05.583+00:00,1202.718,present,3071.2,"{""state"":""present"",""devices"":[{""Status"":""OK"",""Class"":""AndroidUsbDeviceClass"",""FriendlyName"":""Android Bootloader Interface"",""InstanceId"":""USB\\VID_18D1&PID_D00D\\1384E684""}]}",absent,fastboot,24.0,26.4,List of devices attached,1384e684               fastboot
2026-09-28T11:45:06.533+00:00,2026-09-28T11:45:06.578+00:00,1203.714,present,3032.0,"{""state"":""present"",""devices"":[{""Status"":""OK"",""Class"":""AndroidUsbDeviceClass"",""FriendlyName"":""Android Bootloader Interface"",""InstanceId"":""USB\\VID_18D1&PID_D00D\\1384E684""}]}",absent,fastboot,23.5,22.2,List of devices attached,1384e684               fastboot
2026-09-28T11:45:07.533+00:00,2026-09-28T11:45:07.591+00:00,1204.726,present,3032.0,"{""state"":""present"",""devices"":[{""Status"":""OK"",""Class"":""AndroidUsbDeviceClass"",""FriendlyName"":""Android Bootloader Interface"",""InstanceId"":""USB\\VID_18D1&PID_D00D\\1384E684""}]}",absent,fastboot,23.4,34.7,List of devices attached,1384e684               fastboot
2026-09-28T11:45:08.533+00:00,2026-09-28T11:45:08.581+00:00,1205.716,present,3032.0,"{""state"":""present"",""devices"":[{""Status"":""OK"",""Class"":""AndroidUsbDeviceClass"",""FriendlyName"":""Android Bootloader Interface"",""InstanceId"":""USB\\VID_18D1&PID_D00D\\1384E684""}]}",absent,fastboot,24.1,23.0,List of devices attached | emulator-5568          offline transport_id:922,1384e684               fastboot
2026-09-28T11:45:09.534+00:00,2026-09-28T11:45:09.580+00:00,1206.715,present,2949.0,"{""state"":""present"",""devices"":[{""Status"":""OK"",""Class"":""AndroidUsbDeviceClass"",""FriendlyName"":""Android Bootloader Interface"",""InstanceId"":""USB\\VID_18D1&PID_D00D\\1384E684""}]}",absent,fastboot,24.3,21.5,List of devices attached,1384e684               fastboot
2026-09-28T11:45:10.534+00:00,2026-09-28T11:45:10.581+00:00,1207.716,present,2949.0,"{""state"":""present"",""devices"":[{""Status"":""OK"",""Class"":""AndroidUsbDeviceClass"",""FriendlyName"":""Android Bootloader Interface"",""InstanceId"":""USB\\VID_18D1&PID_D00D\\1384E684""}]}",absent,fastboot,24.2,22.2,List of devices attached,1384e684               fastboot
2026-09-28T11:45:11.534+00:00,2026-09-28T11:45:11.580+00:00,1208.716,present,2949.0,"{""state"":""present"",""devices"":[{""Status"":""OK"",""Class"":""AndroidUsbDeviceClass"",""FriendlyName"":""Android Bootloader Interface"",""InstanceId"":""USB\\VID_18D1&PID_D00D\\1384E684""}]}",absent,fastboot,24.0,21.8,List of devices attached,1384e684               fastboot
2026-09-28T11:45:12.535+00:00,2026-09-28T11:45:12.582+00:00,1209.717,present,2949.0,"{""state"":""present"",""devices"":[{""Status"":""OK"",""Class"":""AndroidUsbDeviceClass"",""FriendlyName"":""Android Bootloader Interface"",""InstanceId"":""USB\\VID_18D1&PID_D00D\\1384E684""}]}",absent,fastboot,23.7,22.8,List of devices attached,1384e684               fastboot
2026-09-28T11:45:13.535+00:00,2026-09-28T11:45:13.582+00:00,1210.717,present,3055.7,"{""state"":""present"",""devices"":[{""Status"":""OK"",""Class"":""AndroidUsbDeviceClass"",""FriendlyName"":""Android Bootloader Interface"",""InstanceId"":""USB\\VID_18D1&PID_D00D\\1384E684""}]}",absent,fastboot,24.4,22.2,List of devices attached,1384e684               fastboot
2026-09-28T11:45:14.536+00:00,2026-09-28T11:45:14.582+00:00,1211.717,present,3055.7,"{""state"":""present"",""devices"":[{""Status"":""OK"",""Class"":""AndroidUsbDeviceClass"",""FriendlyName"":""Android Bootloader Interface"",""InstanceId"":""USB\\VID_18D1&PID_D00D\\1384E684""}]}",absent,fastboot,24.4,21.6,List of devices attached,1384e684               fastboot
2026-09-28T11:45:15.536+00:00,2026-09-28T11:45:15.583+00:00,1212.718,present,3055.7,"{""state"":""present"",""devices"":[{""Status"":""OK"",""Class"":""AndroidUsbDeviceClass"",""FriendlyName"":""Android Bootloader Interface"",""InstanceId"":""USB\\VID_18D1&PID_D00D\\1384E684""}]}",absent,fastboot,24.7,21.9,List of devices attached,1384e684               fastboot
2026-09-28T11:45:16.536+00:00,2026-09-28T11:45:16.582+00:00,1213.718,present,3055.7,"{""state"":""present"",""devices"":[{""Status"":""OK"",""Class"":""AndroidUsbDeviceClass"",""FriendlyName"":""Android Bootloader Interface"",""InstanceId"":""USB\\VID_18D1&PID_D00D\\1384E684""}]}",absent,fastboot,24.7,21.1,List of devices attached,1384e684               fastboot
2026-09-28T11:45:17.537+00:00,2026-09-28T11:45:17.582+00:00,1214.718,present,3019.8,"{""state"":""present"",""devices"":[{""Status"":""OK"",""Class"":""AndroidUsbDeviceClass"",""FriendlyName"":""Android Bootloader Interface"",""InstanceId"":""USB\\VID_18D1&PID_D00D\\1384E684""}]}",absent,fastboot,23.9,21.5,List of devices attached | emulator-5568          offline transport_id:929,1384e684               fastboot
2026-09-28T11:45:18.537+00:00,2026-09-28T11:45:18.585+00:00,1215.720,present,3019.8,"{""state"":""present"",""devices"":[{""Status"":""OK"",""Class"":""AndroidUsbDeviceClass"",""FriendlyName"":""Android Bootloader Interface"",""InstanceId"":""USB\\VID_18D1&PID_D00D\\1384E684""}]}",absent,fastboot,25.1,22.4,List of devices attached,1384e684               fastboot
2026-09-28T11:45:19.538+00:00,2026-09-28T11:45:19.598+00:00,1216.733,present,3019.8,"{""state"":""present"",""devices"":[{""Status"":""OK"",""Class"":""AndroidUsbDeviceClass"",""FriendlyName"":""Android Bootloader Interface"",""InstanceId"":""USB\\VID_18D1&PID_D00D\\1384E684""}]}",absent,fastboot,38.5,21.9,List of devices attached,1384e684               fastboot
2026-09-28T11:45:20.538+00:00,2026-09-28T11:45:20.584+00:00,1217.719,present,3019.8,"{""state"":""present"",""devices"":[{""Status"":""OK"",""Class"":""AndroidUsbDeviceClass"",""FriendlyName"":""Android Bootloader Interface"",""InstanceId"":""USB\\VID_18D1&PID_D00D\\1384E684""}]}",absent,fastboot,24.7,20.9,List of devices attached,1384e684               fastboot
2026-09-28T11:45:21.538+00:00,2026-09-28T11:45:21.584+00:00,1218.720,present,3096.6,"{""state"":""present"",""devices"":[{""Status"":""OK"",""Class"":""AndroidUsbDeviceClass"",""FriendlyName"":""Android Bootloader Interface"",""InstanceId"":""USB\\VID_18D1&PID_D00D\\1384E684""}]}",absent,fastboot,24.3,21.7,List of devices attached,1384e684               fastboot
2026-09-28T11:45:22.539+00:00,2026-09-28T11:45:22.600+00:00,1219.735,present,3096.6,"{""state"":""present"",""devices"":[{""Status"":""OK"",""Class"":""AndroidUsbDeviceClass"",""FriendlyName"":""Android Bootloader Interface"",""InstanceId"":""USB\\VID_18D1&PID_D00D\\1384E684""}]}",absent,fastboot,39.0,22.2,List of devices attached | emulator-5568          offline transport_id:933,1384e684               fastboot
2026-09-28T11:45:23.539+00:00,2026-09-28T11:45:23.585+00:00,1220.721,present,3096.6,"{""state"":""present"",""devices"":[{""Status"":""OK"",""Class"":""AndroidUsbDeviceClass"",""FriendlyName"":""Android Bootloader Interface"",""InstanceId"":""USB\\VID_18D1&PID_D00D\\1384E684""}]}",absent,fastboot,25.3,20.9,List of devices attached,1384e684               fastboot
2026-09-28T11:45:24.540+00:00,2026-09-28T11:45:24.585+00:00,1221.720,present,3096.6,"{""state"":""present"",""devices"":[{""Status"":""OK"",""Class"":""AndroidUsbDeviceClass"",""FriendlyName"":""Android Bootloader Interface"",""InstanceId"":""USB\\VID_18D1&PID_D00D\\1384E684""}]}",absent,fastboot,24.8,20.7,List of devices attached,1384e684               fastboot
2026-09-28T11:45:25.540+00:00,2026-09-28T11:45:25.586+00:00,1222.722,present,3091.0,"{""state"":""present"",""devices"":[{""Status"":""OK"",""Class"":""AndroidUsbDeviceClass"",""FriendlyName"":""Android Bootloader Interface"",""InstanceId"":""USB\\VID_18D1&PID_D00D\\1384E684""}]}",absent,fastboot,24.7,21.4,List of devices attached,1384e684               fastboot
2026-09-28T11:45:26.541+00:00,2026-09-28T11:45:26.603+00:00,1223.738,present,3091.0,"{""state"":""present"",""devices"":[{""Status"":""OK"",""Class"":""AndroidUsbDeviceClass"",""FriendlyName"":""Android Bootloader Interface"",""InstanceId"":""USB\\VID_18D1&PID_D00D\\1384E684""}]}",absent,fastboot,40.1,22.2,List of devices attached | emulator-5568          offline transport_id:936,1384e684               fastboot
2026-09-28T11:45:27.541+00:00,2026-09-28T11:45:27.587+00:00,1224.722,present,3091.0,"{""state"":""present"",""devices"":[{""Status"":""OK"",""Class"":""AndroidUsbDeviceClass"",""FriendlyName"":""Android Bootloader Interface"",""InstanceId"":""USB\\VID_18D1&PID_D00D\\1384E684""}]}",absent,fastboot,25.1,21.0,List of devices attached,1384e684               fastboot
2026-09-28T11:45:28.541+00:00,2026-09-28T11:45:28.589+00:00,1225.724,present,3091.0,"{""state"":""present"",""devices"":[{""Status"":""OK"",""Class"":""AndroidUsbDeviceClass"",""FriendlyName"":""Android Bootloader Interface"",""InstanceId"":""USB\\VID_18D1&PID_D00D\\1384E684""}]}",absent,fastboot,25.1,22.6,List of devices attached,1384e684               fastboot
2026-09-28T11:45:29.542+00:00,2026-09-28T11:45:29.591+00:00,1226.726,present,3066.0,"{""state"":""present"",""devices"":[{""Status"":""OK"",""Class"":""AndroidUsbDeviceClass"",""FriendlyName"":""Android Bootloader Interface"",""InstanceId"":""USB\\VID_18D1&PID_D00D\\1384E684""}]}",absent,fastboot,26.2,22.9,List of devices attached,1384e684               fastboot
2026-09-28T11:45:30.542+00:00,2026-09-28T11:45:30.599+00:00,1227.734,present,3066.0,"{""state"":""present"",""devices"":[{""Status"":""OK"",""Class"":""AndroidUsbDeviceClass"",""FriendlyName"":""Android Bootloader Interface"",""InstanceId"":""USB\\VID_18D1&PID_D00D\\1384E684""}]}",absent,fastboot,34.1,23.0,List of devices attached,1384e684               fastboot
2026-09-28T11:45:31.542+00:00,2026-09-28T11:45:31.586+00:00,1228.721,present,3066.0,"{""state"":""present"",""devices"":[{""Status"":""OK"",""Class"":""AndroidUsbDeviceClass"",""FriendlyName"":""Android Bootloader Interface"",""InstanceId"":""USB\\VID_18D1&PID_D00D\\1384E684""}]}",absent,fastboot,23.6,20.4,List of devices attached | emulator-5568          offline transport_id:940,1384e684               fastboot
2026-09-28T11:45:32.542+00:00,2026-09-28T11:45:32.587+00:00,1229.723,present,3066.0,"{""state"":""present"",""devices"":[{""Status"":""OK"",""Class"":""AndroidUsbDeviceClass"",""FriendlyName"":""Android Bootloader Interface"",""InstanceId"":""USB\\VID_18D1&PID_D00D\\1384E684""}]}",absent,fastboot,24.2,21.1,List of devices attached,1384e684               fastboot
2026-09-28T11:45:33.542+00:00,2026-09-28T11:45:33.590+00:00,1230.725,present,3064.1,"{""state"":""present"",""devices"":[{""Status"":""OK"",""Class"":""AndroidUsbDeviceClass"",""FriendlyName"":""Android Bootloader Interface"",""InstanceId"":""USB\\VID_18D1&PID_D00D\\1384E684""}]}",absent,fastboot,25.5,22.1,List of devices attached,1384e684               fastboot
2026-09-28T11:45:34.543+00:00,2026-09-28T11:45:34.589+00:00,1231.724,present,3064.1,"{""state"":""present"",""devices"":[{""Status"":""OK"",""Class"":""AndroidUsbDeviceClass"",""FriendlyName"":""Android Bootloader Interface"",""InstanceId"":""USB\\VID_18D1&PID_D00D\\1384E684""}]}",absent,fastboot,24.6,21.5,List of devices attached,1384e684               fastboot
2026-09-28T11:45:35.543+00:00,2026-09-28T11:45:35.600+00:00,1232.736,present,3064.1,"{""state"":""present"",""devices"":[{""Status"":""OK"",""Class"":""AndroidUsbDeviceClass"",""FriendlyName"":""Android Bootloader Interface"",""InstanceId"":""USB\\VID_18D1&PID_D00D\\1384E684""}]}",absent,fastboot,35.2,22.1,List of devices attached,1384e684               fastboot
2026-09-28T11:45:36.544+00:00,2026-09-28T11:45:36.590+00:00,1233.725,present,3064.1,"{""state"":""present"",""devices"":[{""Status"":""OK"",""Class"":""AndroidUsbDeviceClass"",""FriendlyName"":""Android Bootloader Interface"",""InstanceId"":""USB\\VID_18D1&PID_D00D\\1384E684""}]}",absent,fastboot,24.3,21.7,List of devices attached | emulator-5568          offline transport_id:944,1384e684               fastboot
2026-09-28T11:45:37.544+00:00,2026-09-28T11:45:37.592+00:00,1234.728,present,3090.0,"{""state"":""present"",""devices"":[{""Status"":""OK"",""Class"":""AndroidUsbDeviceClass"",""FriendlyName"":""Android Bootloader Interface"",""InstanceId"":""USB\\VID_18D1&PID_D00D\\1384E684""}]}",absent,fastboot,26.1,22.3,List of devices attached,1384e684               fastboot
2026-09-28T11:45:38.544+00:00,2026-09-28T11:45:38.593+00:00,1235.728,present,3090.0,"{""state"":""present"",""devices"":[{""Status"":""OK"",""Class"":""AndroidUsbDeviceClass"",""FriendlyName"":""Android Bootloader Interface"",""InstanceId"":""USB\\VID_18D1&PID_D00D\\1384E684""}]}",absent,fastboot,26.2,22.5,List of devices attached,1384e684               fastboot
2026-09-28T11:45:39.544+00:00,2026-09-28T11:45:39.591+00:00,1236.726,present,3090.0,"{""state"":""present"",""devices"":[{""Status"":""OK"",""Class"":""AndroidUsbDeviceClass"",""FriendlyName"":""Android Bootloader Interface"",""InstanceId"":""USB\\VID_18D1&PID_D00D\\1384E684""}]}",absent,fastboot,25.5,20.7,List of devices attached,1384e684               fastboot
2026-09-28T11:45:40.545+00:00,2026-09-28T11:45:40.591+00:00,1237.726,present,3090.0,"{""state"":""present"",""devices"":[{""Status"":""OK"",""Class"":""AndroidUsbDeviceClass"",""FriendlyName"":""Android Bootloader Interface"",""InstanceId"":""USB\\VID_18D1&PID_D00D\\1384E684""}]}",absent,fastboot,24.6,21.0,List of devices attached | emulator-5568          offline transport_id:947,1384e684               fastboot
2026-09-28T11:45:41.545+00:00,2026-09-28T11:45:41.598+00:00,1238.733,present,3157.6,"{""state"":""present"",""devices"":[{""Status"":""OK"",""Class"":""AndroidUsbDeviceClass"",""FriendlyName"":""Android Bootloader Interface"",""InstanceId"":""USB\\VID_18D1&PID_D00D\\1384E684""}]}",absent,fastboot,29.4,22.8,List of devices attached,1384e684               fastboot
2026-09-28T11:45:42.545+00:00,2026-09-28T11:45:42.592+00:00,1239.728,present,3157.6,"{""state"":""present"",""devices"":[{""Status"":""OK"",""Class"":""AndroidUsbDeviceClass"",""FriendlyName"":""Android Bootloader Interface"",""InstanceId"":""USB\\VID_18D1&PID_D00D\\1384E684""}]}",absent,fastboot,25.3,21.5,List of devices attached,1384e684               fastboot
2026-09-28T11:45:43.546+00:00,2026-09-28T11:45:43.593+00:00,1240.729,present,3157.6,"{""state"":""present"",""devices"":[{""Status"":""OK"",""Class"":""AndroidUsbDeviceClass"",""FriendlyName"":""Android Bootloader Interface"",""InstanceId"":""USB\\VID_18D1&PID_D00D\\1384E684""}]}",absent,fastboot,25.5,21.8,List of devices attached,1384e684               fastboot
2026-09-28T11:45:44.546+00:00,2026-09-28T11:45:44.603+00:00,1241.738,present,3157.6,"{""state"":""present"",""devices"":[{""Status"":""OK"",""Class"":""AndroidUsbDeviceClass"",""FriendlyName"":""Android Bootloader Interface"",""InstanceId"":""USB\\VID_18D1&PID_D00D\\1384E684""}]}",absent,fastboot,34.4,22.1,List of devices attached,1384e684               fastboot
2026-09-28T11:45:45.546+00:00,2026-09-28T11:45:45.593+00:00,1242.728,present,3094.3,"{""state"":""present"",""devices"":[{""Status"":""OK"",""Class"":""AndroidUsbDeviceClass"",""FriendlyName"":""Android Bootloader Interface"",""InstanceId"":""USB\\VID_18D1&PID_D00D\\1384E684""}]}",absent,fastboot,23.6,22.6,List of devices attached | emulator-5568          offline transport_id:951,1384e684               fastboot
2026-09-28T11:45:46.547+00:00,2026-09-28T11:45:46.603+00:00,1243.738,present,3094.3,"{""state"":""present"",""devices"":[{""Status"":""OK"",""Class"":""AndroidUsbDeviceClass"",""FriendlyName"":""Android Bootloader Interface"",""InstanceId"":""USB\\VID_18D1&PID_D00D\\1384E684""}]}",absent,fastboot,33.3,22.6,List of devices attached,1384e684               fastboot
2026-09-28T11:45:47.547+00:00,2026-09-28T11:45:47.592+00:00,1244.727,present,3094.3,"{""state"":""present"",""devices"":[{""Status"":""OK"",""Class"":""AndroidUsbDeviceClass"",""FriendlyName"":""Android Bootloader Interface"",""InstanceId"":""USB\\VID_18D1&PID_D00D\\1384E684""}]}",absent,fastboot,23.3,21.4,List of devices attached,1384e684               fastboot
2026-09-28T11:45:48.547+00:00,2026-09-28T11:45:48.593+00:00,1245.729,present,3094.3,"{""state"":""present"",""devices"":[{""Status"":""OK"",""Class"":""AndroidUsbDeviceClass"",""FriendlyName"":""Android Bootloader Interface"",""InstanceId"":""USB\\VID_18D1&PID_D00D\\1384E684""}]}",absent,fastboot,24.5,21.5,List of devices attached,1384e684               fastboot
2026-09-28T11:45:49.548+00:00,2026-09-28T11:45:49.594+00:00,1246.730,present,3013.8,"{""state"":""present"",""devices"":[{""Status"":""OK"",""Class"":""AndroidUsbDeviceClass"",""FriendlyName"":""Android Bootloader Interface"",""InstanceId"":""USB\\VID_18D1&PID_D00D\\1384E684""}]}",absent,fastboot,24.4,22.0,List of devices attached,1384e684               fastboot
2026-09-28T11:45:50.548+00:00,2026-09-28T11:45:50.613+00:00,1247.748,present,3013.8,"{""state"":""present"",""devices"":[{""Status"":""OK"",""Class"":""AndroidUsbDeviceClass"",""FriendlyName"":""Android Bootloader Interface"",""InstanceId"":""USB\\VID_18D1&PID_D00D\\1384E684""}]}",absent,fastboot,42.4,21.8,List of devices attached | emulator-5568          offline transport_id:955,1384e684               fastboot
2026-09-28T11:45:51.549+00:00,2026-09-28T11:45:51.593+00:00,1248.728,present,3013.8,"{""state"":""present"",""devices"":[{""Status"":""OK"",""Class"":""AndroidUsbDeviceClass"",""FriendlyName"":""Android Bootloader Interface"",""InstanceId"":""USB\\VID_18D1&PID_D00D\\1384E684""}]}",absent,fastboot,23.2,20.8,List of devices attached,1384e684               fastboot
2026-09-28T11:45:52.549+00:00,2026-09-28T11:45:52.594+00:00,1249.729,present,3013.8,"{""state"":""present"",""devices"":[{""Status"":""OK"",""Class"":""AndroidUsbDeviceClass"",""FriendlyName"":""Android Bootloader Interface"",""InstanceId"":""USB\\VID_18D1&PID_D00D\\1384E684""}]}",absent,fastboot,22.9,21.6,List of devices attached,1384e684               fastboot
2026-09-28T11:45:53.549+00:00,2026-09-28T11:45:53.611+00:00,1250.747,present,3071.6,"{""state"":""present"",""devices"":[{""Status"":""OK"",""Class"":""AndroidUsbDeviceClass"",""FriendlyName"":""Android Bootloader Interface"",""InstanceId"":""USB\\VID_18D1&PID_D00D\\1384E684""}]}",absent,fastboot,38.1,23.6,List of devices attached,1384e684               fastboot
2026-09-28T11:45:54.550+00:00,2026-09-28T11:45:54.624+00:00,1251.759,present,3071.6,"{""state"":""present"",""devices"":[{""Status"":""OK"",""Class"":""AndroidUsbDeviceClass"",""FriendlyName"":""Android Bootloader Interface"",""InstanceId"":""USB\\VID_18D1&PID_D00D\\1384E684""}]}",absent,fastboot,25.2,48.6,List of devices attached | emulator-5568          offline transport_id:958,1384e684               fastboot
2026-09-28T11:45:55.550+00:00,2026-09-28T11:45:55.596+00:00,1252.731,present,3071.6,"{""state"":""present"",""devices"":[{""Status"":""OK"",""Class"":""AndroidUsbDeviceClass"",""FriendlyName"":""Android Bootloader Interface"",""InstanceId"":""USB\\VID_18D1&PID_D00D\\1384E684""}]}",absent,fastboot,24.1,21.1,List of devices attached,1384e684               fastboot
2026-09-28T11:45:56.551+00:00,2026-09-28T11:45:56.607+00:00,1253.743,present,3071.6,"{""state"":""present"",""devices"":[{""Status"":""OK"",""Class"":""AndroidUsbDeviceClass"",""FriendlyName"":""Android Bootloader Interface"",""InstanceId"":""USB\\VID_18D1&PID_D00D\\1384E684""}]}",absent,fastboot,25.0,31.5,List of devices attached,1384e684               fastboot
2026-09-28T11:45:57.551+00:00,2026-09-28T11:45:57.599+00:00,1254.734,present,3168.7,"{""state"":""present"",""devices"":[{""Status"":""OK"",""Class"":""AndroidUsbDeviceClass"",""FriendlyName"":""Android Bootloader Interface"",""InstanceId"":""USB\\VID_18D1&PID_D00D\\1384E684""}]}",absent,fastboot,24.9,22.5,List of devices attached,1384e684               fastboot
2026-09-28T11:45:58.551+00:00,2026-09-28T11:45:58.600+00:00,1255.735,present,3168.7,"{""state"":""present"",""devices"":[{""Status"":""OK"",""Class"":""AndroidUsbDeviceClass"",""FriendlyName"":""Android Bootloader Interface"",""InstanceId"":""USB\\VID_18D1&PID_D00D\\1384E684""}]}",absent,fastboot,25.6,22.7,List of devices attached,1384e684               fastboot
2026-09-28T11:45:59.552+00:00,2026-09-28T11:45:59.610+00:00,1256.745,present,3168.7,"{""state"":""present"",""devices"":[{""Status"":""OK"",""Class"":""AndroidUsbDeviceClass"",""FriendlyName"":""Android Bootloader Interface"",""InstanceId"":""USB\\VID_18D1&PID_D00D\\1384E684""}]}",absent,fastboot,24.2,33.6,List of devices attached | emulator-5568          offline transport_id:962,1384e684               fastboot
2026-09-28T11:46:00.552+00:00,2026-09-28T11:46:00.599+00:00,1257.735,present,2999.9,"{""state"":""present"",""devices"":[{""Status"":""OK"",""Class"":""AndroidUsbDeviceClass"",""FriendlyName"":""Android Bootloader Interface"",""InstanceId"":""USB\\VID_18D1&PID_D00D\\1384E684""}]}",absent,fastboot,23.7,23.4,List of devices attached,1384e684               fastboot
2026-09-28T11:46:01.553+00:00,2026-09-28T11:46:01.599+00:00,1258.734,present,2999.9,"{""state"":""present"",""devices"":[{""Status"":""OK"",""Class"":""AndroidUsbDeviceClass"",""FriendlyName"":""Android Bootloader Interface"",""InstanceId"":""USB\\VID_18D1&PID_D00D\\1384E684""}]}",absent,fastboot,23.9,22.2,List of devices attached,1384e684               fastboot
2026-09-28T11:46:02.553+00:00,2026-09-28T11:46:02.624+00:00,1259.759,present,2999.9,"{""state"":""present"",""devices"":[{""Status"":""OK"",""Class"":""AndroidUsbDeviceClass"",""FriendlyName"":""Android Bootloader Interface"",""InstanceId"":""USB\\VID_18D1&PID_D00D\\1384E684""}]}",absent,fastboot,23.7,46.9,List of devices attached,1384e684               fastboot
2026-09-28T11:46:03.554+00:00,2026-09-28T11:46:03.602+00:00,1260.737,present,2999.9,"{""state"":""present"",""devices"":[{""Status"":""OK"",""Class"":""AndroidUsbDeviceClass"",""FriendlyName"":""Android Bootloader Interface"",""InstanceId"":""USB\\VID_18D1&PID_D00D\\1384E684""}]}",absent,fastboot,25.0,23.3,List of devices attached,1384e684               fastboot
2026-09-28T11:46:04.554+00:00,2026-09-28T11:46:04.616+00:00,1261.752,present,3056.9,"{""state"":""present"",""devices"":[{""Status"":""OK"",""Class"":""AndroidUsbDeviceClass"",""FriendlyName"":""Android Bootloader Interface"",""InstanceId"":""USB\\VID_18D1&PID_D00D\\1384E684""}]}",absent,fastboot,24.3,37.8,List of devices attached | emulator-5568          offline transport_id:966,1384e684               fastboot
2026-09-28T11:46:05.554+00:00,2026-09-28T11:46:05.613+00:00,1262.748,present,3056.9,"{""state"":""present"",""devices"":[{""Status"":""OK"",""Class"":""AndroidUsbDeviceClass"",""FriendlyName"":""Android Bootloader Interface"",""InstanceId"":""USB\\VID_18D1&PID_D00D\\1384E684""}]}",absent,fastboot,35.5,22.9,List of devices attached,1384e684               fastboot
2026-09-28T11:46:06.555+00:00,2026-09-28T11:46:06.600+00:00,1263.736,present,3056.9,"{""state"":""present"",""devices"":[{""Status"":""OK"",""Class"":""AndroidUsbDeviceClass"",""FriendlyName"":""Android Bootloader Interface"",""InstanceId"":""USB\\VID_18D1&PID_D00D\\1384E684""}]}",absent,fastboot,23.4,22.1,List of devices attached,1384e684               fastboot
2026-09-28T11:46:07.555+00:00,2026-09-28T11:46:07.602+00:00,1264.738,present,3056.9,"{""state"":""present"",""devices"":[{""Status"":""OK"",""Class"":""AndroidUsbDeviceClass"",""FriendlyName"":""Android Bootloader Interface"",""InstanceId"":""USB\\VID_18D1&PID_D00D\\1384E684""}]}",absent,fastboot,24.6,22.6,List of devices attached,1384e684               fastboot
2026-09-28T11:46:08.555+00:00,2026-09-28T11:46:08.603+00:00,1265.738,present,3034.8,"{""state"":""present"",""devices"":[{""Status"":""OK"",""Class"":""AndroidUsbDeviceClass"",""FriendlyName"":""Android Bootloader Interface"",""InstanceId"":""USB\\VID_18D1&PID_D00D\\1384E684""}]}",absent,fastboot,24.6,22.5,List of devices attached | emulator-5568          offline transport_id:969,1384e684               fastboot
2026-09-28T11:46:09.556+00:00,2026-09-28T11:46:09.624+00:00,1266.759,present,3034.8,"{""state"":""present"",""devices"":[{""Status"":""OK"",""Class"":""AndroidUsbDeviceClass"",""FriendlyName"":""Android Bootloader Interface"",""InstanceId"":""USB\\VID_18D1&PID_D00D\\1384E684""}]}",absent,fastboot,25.5,42.3,List of devices attached,1384e684               fastboot
2026-09-28T11:46:10.556+00:00,2026-09-28T11:46:10.604+00:00,1267.739,present,3034.8,"{""state"":""present"",""devices"":[{""Status"":""OK"",""Class"":""AndroidUsbDeviceClass"",""FriendlyName"":""Android Bootloader Interface"",""InstanceId"":""USB\\VID_18D1&PID_D00D\\1384E684""}]}",absent,fastboot,24.9,22.6,List of devices attached,1384e684               fastboot
2026-09-28T11:46:11.556+00:00,2026-09-28T11:46:11.602+00:00,1268.738,present,3034.8,"{""state"":""present"",""devices"":[{""Status"":""OK"",""Class"":""AndroidUsbDeviceClass"",""FriendlyName"":""Android Bootloader Interface"",""InstanceId"":""USB\\VID_18D1&PID_D00D\\1384E684""}]}",absent,fastboot,23.5,22.4,List of devices attached,1384e684               fastboot
2026-09-28T11:46:12.557+00:00,2026-09-28T11:46:12.604+00:00,1269.739,present,3060.3,"{""state"":""present"",""devices"":[{""Status"":""OK"",""Class"":""AndroidUsbDeviceClass"",""FriendlyName"":""Android Bootloader Interface"",""InstanceId"":""USB\\VID_18D1&PID_D00D\\1384E684""}]}",absent,fastboot,23.9,23.5,List of devices attached,1384e684               fastboot
2026-09-28T11:46:13.557+00:00,2026-09-28T11:46:13.607+00:00,1270.742,present,3060.3,"{""state"":""present"",""devices"":[{""Status"":""OK"",""Class"":""AndroidUsbDeviceClass"",""FriendlyName"":""Android Bootloader Interface"",""InstanceId"":""USB\\VID_18D1&PID_D00D\\1384E684""}]}",absent,fastboot,25.7,24.0,List of devices attached | emulator-5568          offline transport_id:973,1384e684               fastboot
2026-09-28T11:46:14.558+00:00,2026-09-28T11:46:14.606+00:00,1271.741,present,3060.3,"{""state"":""present"",""devices"":[{""Status"":""OK"",""Class"":""AndroidUsbDeviceClass"",""FriendlyName"":""Android Bootloader Interface"",""InstanceId"":""USB\\VID_18D1&PID_D00D\\1384E684""}]}",absent,fastboot,24.4,23.6,List of devices attached,1384e684               fastboot
2026-09-28T11:46:15.558+00:00,2026-09-28T11:46:15.614+00:00,1272.749,present,3060.3,"{""state"":""present"",""devices"":[{""Status"":""OK"",""Class"":""AndroidUsbDeviceClass"",""FriendlyName"":""Android Bootloader Interface"",""InstanceId"":""USB\\VID_18D1&PID_D00D\\1384E684""}]}",absent,fastboot,23.8,32.1,List of devices attached,1384e684               fastboot
2026-09-28T11:46:16.558+00:00,2026-09-28T11:46:16.604+00:00,1273.739,present,3038.0,"{""state"":""present"",""devices"":[{""Status"":""OK"",""Class"":""AndroidUsbDeviceClass"",""FriendlyName"":""Android Bootloader Interface"",""InstanceId"":""USB\\VID_18D1&PID_D00D\\1384E684""}]}",absent,fastboot,23.1,22.7,List of devices attached,1384e684               fastboot
2026-09-28T11:46:17.559+00:00,2026-09-28T11:46:17.608+00:00,1274.743,present,3038.0,"{""state"":""present"",""devices"":[{""Status"":""OK"",""Class"":""AndroidUsbDeviceClass"",""FriendlyName"":""Android Bootloader Interface"",""InstanceId"":""USB\\VID_18D1&PID_D00D\\1384E684""}]}",absent,fastboot,23.7,25.2,List of devices attached,1384e684               fastboot
2026-09-28T11:46:18.559+00:00,2026-09-28T11:46:18.608+00:00,1275.743,present,3038.0,"{""state"":""present"",""devices"":[{""Status"":""OK"",""Class"":""AndroidUsbDeviceClass"",""FriendlyName"":""Android Bootloader Interface"",""InstanceId"":""USB\\VID_18D1&PID_D00D\\1384E684""}]}",absent,fastboot,25.7,22.7,List of devices attached | emulator-5568          offline transport_id:977,1384e684               fastboot
2026-09-28T11:46:19.559+00:00,2026-09-28T11:46:19.608+00:00,1276.743,present,3038.0,"{""state"":""present"",""devices"":[{""Status"":""OK"",""Class"":""AndroidUsbDeviceClass"",""FriendlyName"":""Android Bootloader Interface"",""InstanceId"":""USB\\VID_18D1&PID_D00D\\1384E684""}]}",absent,fastboot,24.0,24.1,List of devices attached,1384e684               fastboot
2026-09-28T11:46:20.560+00:00,2026-09-28T11:46:20.609+00:00,1277.744,present,3198.4,"{""state"":""present"",""devices"":[{""Status"":""OK"",""Class"":""AndroidUsbDeviceClass"",""FriendlyName"":""Android Bootloader Interface"",""InstanceId"":""USB\\VID_18D1&PID_D00D\\1384E684""}]}",absent,fastboot,23.4,25.8,List of devices attached,1384e684               fastboot
2026-09-28T11:46:21.560+00:00,2026-09-28T11:46:21.604+00:00,1278.739,present,3198.4,"{""state"":""present"",""devices"":[{""Status"":""OK"",""Class"":""AndroidUsbDeviceClass"",""FriendlyName"":""Android Bootloader Interface"",""InstanceId"":""USB\\VID_18D1&PID_D00D\\1384E684""}]}",absent,fastboot,22.5,21.6,List of devices attached,1384e684               fastboot
2026-09-28T11:46:22.560+00:00,2026-09-28T11:46:22.610+00:00,1279.745,present,3198.4,"{""state"":""present"",""devices"":[{""Status"":""OK"",""Class"":""AndroidUsbDeviceClass"",""FriendlyName"":""Android Bootloader Interface"",""InstanceId"":""USB\\VID_18D1&PID_D00D\\1384E684""}]}",absent,fastboot,22.6,27.1,List of devices attached | emulator-5568          offline transport_id:980,1384e684               fastboot
2026-09-28T11:46:23.560+00:00,2026-09-28T11:46:23.605+00:00,1280.740,present,3198.4,"{""state"":""present"",""devices"":[{""Status"":""OK"",""Class"":""AndroidUsbDeviceClass"",""FriendlyName"":""Android Bootloader Interface"",""InstanceId"":""USB\\VID_18D1&PID_D00D\\1384E684""}]}",absent,fastboot,22.7,21.6,List of devices attached,1384e684               fastboot
2026-09-28T11:46:24.561+00:00,2026-09-28T11:46:24.607+00:00,1281.742,present,3113.8,"{""state"":""present"",""devices"":[{""Status"":""OK"",""Class"":""AndroidUsbDeviceClass"",""FriendlyName"":""Android Bootloader Interface"",""InstanceId"":""USB\\VID_18D1&PID_D00D\\1384E684""}]}",absent,fastboot,23.4,22.7,List of devices attached,1384e684               fastboot
2026-09-28T11:46:25.561+00:00,2026-09-28T11:46:25.605+00:00,1282.741,present,3113.8,"{""state"":""present"",""devices"":[{""Status"":""OK"",""Class"":""AndroidUsbDeviceClass"",""FriendlyName"":""Android Bootloader Interface"",""InstanceId"":""USB\\VID_18D1&PID_D00D\\1384E684""}]}",absent,fastboot,22.9,21.5,List of devices attached,1384e684               fastboot
2026-09-28T11:46:26.561+00:00,2026-09-28T11:46:26.606+00:00,1283.741,present,3113.8,"{""state"":""present"",""devices"":[{""Status"":""OK"",""Class"":""AndroidUsbDeviceClass"",""FriendlyName"":""Android Bootloader Interface"",""InstanceId"":""USB\\VID_18D1&PID_D00D\\1384E684""}]}",absent,fastboot,22.8,21.7,List of devices attached,1384e684               fastboot
2026-09-28T11:46:27.562+00:00,2026-09-28T11:46:27.607+00:00,1284.742,present,3113.8,"{""state"":""present"",""devices"":[{""Status"":""OK"",""Class"":""AndroidUsbDeviceClass"",""FriendlyName"":""Android Bootloader Interface"",""InstanceId"":""USB\\VID_18D1&PID_D00D\\1384E684""}]}",absent,fastboot,22.3,22.6,List of devices attached | emulator-5568          offline transport_id:984,1384e684               fastboot
2026-09-28T11:46:28.562+00:00,2026-09-28T11:46:28.609+00:00,1285.744,present,3065.8,"{""state"":""present"",""devices"":[{""Status"":""OK"",""Class"":""AndroidUsbDeviceClass"",""FriendlyName"":""Android Bootloader Interface"",""InstanceId"":""USB\\VID_18D1&PID_D00D\\1384E684""}]}",absent,fastboot,24.0,22.8,List of devices attached,1384e684               fastboot
2026-09-28T11:46:29.562+00:00,2026-09-28T11:46:29.614+00:00,1286.749,present,3065.8,"{""state"":""present"",""devices"":[{""Status"":""OK"",""Class"":""AndroidUsbDeviceClass"",""FriendlyName"":""Android Bootloader Interface"",""InstanceId"":""USB\\VID_18D1&PID_D00D\\1384E684""}]}",absent,fastboot,22.7,28.9,List of devices attached,1384e684               fastboot
2026-09-28T11:46:30.563+00:00,2026-09-28T11:46:30.609+00:00,1287.744,present,3065.8,"{""state"":""present"",""devices"":[{""Status"":""OK"",""Class"":""AndroidUsbDeviceClass"",""FriendlyName"":""Android Bootloader Interface"",""InstanceId"":""USB\\VID_18D1&PID_D00D\\1384E684""}]}",absent,fastboot,23.1,23.0,List of devices attached,1384e684               fastboot
2026-09-28T11:46:31.563+00:00,2026-09-28T11:46:31.610+00:00,1288.745,present,3065.8,"{""state"":""present"",""devices"":[{""Status"":""OK"",""Class"":""AndroidUsbDeviceClass"",""FriendlyName"":""Android Bootloader Interface"",""InstanceId"":""USB\\VID_18D1&PID_D00D\\1384E684""}]}",absent,fastboot,24.1,23.2,List of devices attached,1384e684               fastboot
2026-09-28T11:46:32.563+00:00,2026-09-28T11:46:32.612+00:00,1289.747,present,3146.6,"{""state"":""present"",""devices"":[{""Status"":""OK"",""Class"":""AndroidUsbDeviceClass"",""FriendlyName"":""Android Bootloader Interface"",""InstanceId"":""USB\\VID_18D1&PID_D00D\\1384E684""}]}",absent,fastboot,25.1,23.5,List of devices attached | emulator-5568          offline transport_id:988,1384e684               fastboot
2026-09-28T11:46:33.563+00:00,2026-09-28T11:46:33.610+00:00,1290.746,present,3146.6,"{""state"":""present"",""devices"":[{""Status"":""OK"",""Class"":""AndroidUsbDeviceClass"",""FriendlyName"":""Android Bootloader Interface"",""InstanceId"":""USB\\VID_18D1&PID_D00D\\1384E684""}]}",absent,fastboot,24.9,21.9,List of devices attached,1384e684               fastboot
2026-09-28T11:46:34.564+00:00,2026-09-28T11:46:34.609+00:00,1291.744,present,3146.6,"{""state"":""present"",""devices"":[{""Status"":""OK"",""Class"":""AndroidUsbDeviceClass"",""FriendlyName"":""Android Bootloader Interface"",""InstanceId"":""USB\\VID_18D1&PID_D00D\\1384E684""}]}",absent,fastboot,22.7,22.3,List of devices attached,1384e684               fastboot
2026-09-28T11:46:35.564+00:00,2026-09-28T11:46:35.611+00:00,1292.746,present,3146.6,"{""state"":""present"",""devices"":[{""Status"":""OK"",""Class"":""AndroidUsbDeviceClass"",""FriendlyName"":""Android Bootloader Interface"",""InstanceId"":""USB\\VID_18D1&PID_D00D\\1384E684""}]}",absent,fastboot,23.3,23.1,List of devices attached,1384e684               fastboot
2026-09-28T11:46:36.565+00:00,2026-09-28T11:46:36.610+00:00,1293.745,present,3057.2,"{""state"":""present"",""devices"":[{""Status"":""OK"",""Class"":""AndroidUsbDeviceClass"",""FriendlyName"":""Android Bootloader Interface"",""InstanceId"":""USB\\VID_18D1&PID_D00D\\1384E684""}]}",absent,fastboot,22.6,22.5,List of devices attached | emulator-5568          offline transport_id:991,1384e684               fastboot
2026-09-28T11:46:37.565+00:00,2026-09-28T11:46:37.614+00:00,1294.749,present,3057.2,"{""state"":""present"",""devices"":[{""Status"":""OK"",""Class"":""AndroidUsbDeviceClass"",""FriendlyName"":""Android Bootloader Interface"",""InstanceId"":""USB\\VID_18D1&PID_D00D\\1384E684""}]}",absent,fastboot,24.1,24.9,List of devices attached,1384e684               fastboot
2026-09-28T11:46:38.565+00:00,2026-09-28T11:46:38.611+00:00,1295.746,present,3057.2,"{""state"":""present"",""devices"":[{""Status"":""OK"",""Class"":""AndroidUsbDeviceClass"",""FriendlyName"":""Android Bootloader Interface"",""InstanceId"":""USB\\VID_18D1&PID_D00D\\1384E684""}]}",absent,fastboot,24.3,21.7,List of devices attached,1384e684               fastboot
2026-09-28T11:46:39.565+00:00,2026-09-28T11:46:39.612+00:00,1296.747,present,3057.2,"{""state"":""present"",""devices"":[{""Status"":""OK"",""Class"":""AndroidUsbDeviceClass"",""FriendlyName"":""Android Bootloader Interface"",""InstanceId"":""USB\\VID_18D1&PID_D00D\\1384E684""}]}",absent,fastboot,23.9,22.7,List of devices attached,1384e684               fastboot
2026-09-28T11:46:40.566+00:00,2026-09-28T11:46:40.611+00:00,1297.747,present,3136.1,"{""state"":""present"",""devices"":[{""Status"":""OK"",""Class"":""AndroidUsbDeviceClass"",""FriendlyName"":""Android Bootloader Interface"",""InstanceId"":""USB\\VID_18D1&PID_D00D\\1384E684""}]}",absent,fastboot,23.0,22.7,List of devices attached,1384e684               fastboot
2026-09-28T11:46:41.566+00:00,2026-09-28T11:46:41.612+00:00,1298.747,present,3136.1,"{""state"":""present"",""devices"":[{""Status"":""OK"",""Class"":""AndroidUsbDeviceClass"",""FriendlyName"":""Android Bootloader Interface"",""InstanceId"":""USB\\VID_18D1&PID_D00D\\1384E684""}]}",absent,fastboot,23.6,22.6,List of devices attached | emulator-5568          offline transport_id:995,1384e684               fastboot
2026-09-28T11:46:42.566+00:00,2026-09-28T11:46:42.612+00:00,1299.747,present,3136.1,"{""state"":""present"",""devices"":[{""Status"":""OK"",""Class"":""AndroidUsbDeviceClass"",""FriendlyName"":""Android Bootloader Interface"",""InstanceId"":""USB\\VID_18D1&PID_D00D\\1384E684""}]}",absent,fastboot,23.4,22.5,List of devices attached,1384e684               fastboot
2026-09-28T11:46:43.566+00:00,2026-09-28T11:46:43.620+00:00,1300.755,present,3136.1,"{""state"":""present"",""devices"":[{""Status"":""OK"",""Class"":""AndroidUsbDeviceClass"",""FriendlyName"":""Android Bootloader Interface"",""InstanceId"":""USB\\VID_18D1&PID_D00D\\1384E684""}]}",absent,fastboot,24.2,29.4,List of devices attached,1384e684               fastboot
2026-09-28T11:46:44.567+00:00,2026-09-28T11:46:44.613+00:00,1301.749,present,3069.0,"{""state"":""present"",""devices"":[{""Status"":""OK"",""Class"":""AndroidUsbDeviceClass"",""FriendlyName"":""Android Bootloader Interface"",""InstanceId"":""USB\\VID_18D1&PID_D00D\\1384E684""}]}",absent,fastboot,24.0,22.6,List of devices attached,1384e684               fastboot
2026-09-28T11:46:45.567+00:00,2026-09-28T11:46:45.613+00:00,1302.749,present,3069.0,"{""state"":""present"",""devices"":[{""Status"":""OK"",""Class"":""AndroidUsbDeviceClass"",""FriendlyName"":""Android Bootloader Interface"",""InstanceId"":""USB\\VID_18D1&PID_D00D\\1384E684""}]}",absent,fastboot,24.4,22.1,List of devices attached,1384e684               fastboot
2026-09-28T11:46:46.567+00:00,2026-09-28T11:46:46.614+00:00,1303.749,present,3069.0,"{""state"":""present"",""devices"":[{""Status"":""OK"",""Class"":""AndroidUsbDeviceClass"",""FriendlyName"":""Android Bootloader Interface"",""InstanceId"":""USB\\VID_18D1&PID_D00D\\1384E684""}]}",absent,fastboot,23.6,22.9,List of devices attached | emulator-5568          offline transport_id:999,1384e684               fastboot
2026-09-28T11:46:47.568+00:00,2026-09-28T11:46:47.614+00:00,1304.749,present,3069.0,"{""state"":""present"",""devices"":[{""Status"":""OK"",""Class"":""AndroidUsbDeviceClass"",""FriendlyName"":""Android Bootloader Interface"",""InstanceId"":""USB\\VID_18D1&PID_D00D\\1384E684""}]}",absent,fastboot,23.9,22.2,List of devices attached,1384e684               fastboot
2026-09-28T11:46:48.568+00:00,2026-09-28T11:46:48.617+00:00,1305.752,present,3049.6,"{""state"":""present"",""devices"":[{""Status"":""OK"",""Class"":""AndroidUsbDeviceClass"",""FriendlyName"":""Android Bootloader Interface"",""InstanceId"":""USB\\VID_18D1&PID_D00D\\1384E684""}]}",absent,fastboot,26.2,22.6,List of devices attached,1384e684               fastboot
2026-09-28T11:46:49.568+00:00,2026-09-28T11:46:49.631+00:00,1306.767,present,3049.6,"{""state"":""present"",""devices"":[{""Status"":""OK"",""Class"":""AndroidUsbDeviceClass"",""FriendlyName"":""Android Bootloader Interface"",""InstanceId"":""USB\\VID_18D1&PID_D00D\\1384E684""}]}",absent,fastboot,40.5,22.7,List of devices attached,1384e684               fastboot
2026-09-28T11:46:50.568+00:00,2026-09-28T11:46:50.614+00:00,1307.750,present,3049.6,"{""state"":""present"",""devices"":[{""Status"":""OK"",""Class"":""AndroidUsbDeviceClass"",""FriendlyName"":""Android Bootloader Interface"",""InstanceId"":""USB\\VID_18D1&PID_D00D\\1384E684""}]}",absent,fastboot,24.1,21.7,List of devices attached | emulator-5568          offline transport_id:1002,1384e684               fastboot
2026-09-28T11:46:51.569+00:00,2026-09-28T11:46:51.613+00:00,1308.748,present,3049.6,"{""state"":""present"",""devices"":[{""Status"":""OK"",""Class"":""AndroidUsbDeviceClass"",""FriendlyName"":""Android Bootloader Interface"",""InstanceId"":""USB\\VID_18D1&PID_D00D\\1384E684""}]}",absent,fastboot,22.7,21.7,List of devices attached,1384e684               fastboot
2026-09-28T11:46:52.569+00:00,2026-09-28T11:46:52.615+00:00,1309.750,present,3014.5,"{""state"":""present"",""devices"":[{""Status"":""OK"",""Class"":""AndroidUsbDeviceClass"",""FriendlyName"":""Android Bootloader Interface"",""InstanceId"":""USB\\VID_18D1&PID_D00D\\1384E684""}]}",absent,fastboot,24.1,21.7,List of devices attached,1384e684               fastboot
2026-09-28T11:46:53.569+00:00,2026-09-28T11:46:53.632+00:00,1310.768,present,3014.5,"{""state"":""present"",""devices"":[{""Status"":""OK"",""Class"":""AndroidUsbDeviceClass"",""FriendlyName"":""Android Bootloader Interface"",""InstanceId"":""USB\\VID_18D1&PID_D00D\\1384E684""}]}",absent,fastboot,41.3,21.9,List of devices attached,1384e684               fastboot
2026-09-28T11:46:54.569+00:00,2026-09-28T11:46:54.631+00:00,1311.766,present,3014.5,"{""state"":""present"",""devices"":[{""Status"":""OK"",""Class"":""AndroidUsbDeviceClass"",""FriendlyName"":""Android Bootloader Interface"",""InstanceId"":""USB\\VID_18D1&PID_D00D\\1384E684""}]}",absent,fastboot,40.2,21.1,List of devices attached,1384e684               fastboot
2026-09-28T11:46:55.569+00:00,2026-09-28T11:46:55.615+00:00,1312.751,present,3014.5,"{""state"":""present"",""devices"":[{""Status"":""OK"",""Class"":""AndroidUsbDeviceClass"",""FriendlyName"":""Android Bootloader Interface"",""InstanceId"":""USB\\VID_18D1&PID_D00D\\1384E684""}]}",absent,fastboot,24.5,21.2,List of devices attached | emulator-5568          offline transport_id:1006,1384e684               fastboot
2026-09-28T11:46:56.570+00:00,2026-09-28T11:46:56.616+00:00,1313.752,present,3084.4,"{""state"":""present"",""devices"":[{""Status"":""OK"",""Class"":""AndroidUsbDeviceClass"",""FriendlyName"":""Android Bootloader Interface"",""InstanceId"":""USB\\VID_18D1&PID_D00D\\1384E684""}]}",absent,fastboot,24.7,21.5,List of devices attached,1384e684               fastboot
2026-09-28T11:46:57.570+00:00,2026-09-28T11:46:57.632+00:00,1314.767,present,3084.4,"{""state"":""present"",""devices"":[{""Status"":""OK"",""Class"":""AndroidUsbDeviceClass"",""FriendlyName"":""Android Bootloader Interface"",""InstanceId"":""USB\\VID_18D1&PID_D00D\\1384E684""}]}",absent,fastboot,39.9,21.8,List of devices attached,1384e684               fastboot
2026-09-28T11:46:58.570+00:00,2026-09-28T11:46:58.617+00:00,1315.752,present,3084.4,"{""state"":""present"",""devices"":[{""Status"":""OK"",""Class"":""AndroidUsbDeviceClass"",""FriendlyName"":""Android Bootloader Interface"",""InstanceId"":""USB\\VID_18D1&PID_D00D\\1384E684""}]}",absent,fastboot,25.5,21.2,List of devices attached,1384e684               fastboot
2026-09-28T11:46:59.570+00:00,2026-09-28T11:46:59.615+00:00,1316.750,present,3084.4,"{""state"":""present"",""devices"":[{""Status"":""OK"",""Class"":""AndroidUsbDeviceClass"",""FriendlyName"":""Android Bootloader Interface"",""InstanceId"":""USB\\VID_18D1&PID_D00D\\1384E684""}]}",absent,fastboot,23.7,21.1,List of devices attached,1384e684               fastboot
2026-09-28T11:47:00.570+00:00,2026-09-28T11:47:00.618+00:00,1317.753,present,3067.6,"{""state"":""present"",""devices"":[{""Status"":""OK"",""Class"":""AndroidUsbDeviceClass"",""FriendlyName"":""Android Bootloader Interface"",""InstanceId"":""USB\\VID_18D1&PID_D00D\\1384E684""}]}",absent,fastboot,24.8,22.5,List of devices attached | emulator-5568          offline transport_id:1010,1384e684               fastboot
2026-09-28T11:47:01.570+00:00,2026-09-28T11:47:01.615+00:00,1318.751,present,3067.6,"{""state"":""present"",""devices"":[{""Status"":""OK"",""Class"":""AndroidUsbDeviceClass"",""FriendlyName"":""Android Bootloader Interface"",""InstanceId"":""USB\\VID_18D1&PID_D00D\\1384E684""}]}",absent,fastboot,23.7,21.0,List of devices attached,1384e684               fastboot
2026-09-28T11:47:02.571+00:00,2026-09-28T11:47:02.616+00:00,1319.751,present,3067.6,"{""state"":""present"",""devices"":[{""Status"":""OK"",""Class"":""AndroidUsbDeviceClass"",""FriendlyName"":""Android Bootloader Interface"",""InstanceId"":""USB\\VID_18D1&PID_D00D\\1384E684""}]}",absent,fastboot,24.0,21.0,List of devices attached,1384e684               fastboot
2026-09-28T11:47:03.571+00:00,2026-09-28T11:47:03.616+00:00,1320.751,present,3067.6,"{""state"":""present"",""devices"":[{""Status"":""OK"",""Class"":""AndroidUsbDeviceClass"",""FriendlyName"":""Android Bootloader Interface"",""InstanceId"":""USB\\VID_18D1&PID_D00D\\1384E684""}]}",absent,fastboot,23.3,21.2,List of devices attached,1384e684               fastboot
2026-09-28T11:47:04.571+00:00,2026-09-28T11:47:04.617+00:00,1321.752,present,3035.8,"{""state"":""present"",""devices"":[{""Status"":""OK"",""Class"":""AndroidUsbDeviceClass"",""FriendlyName"":""Android Bootloader Interface"",""InstanceId"":""USB\\VID_18D1&PID_D00D\\1384E684""}]}",absent,fastboot,23.9,21.8,List of devices attached | emulator-5568          offline transport_id:1013,1384e684               fastboot
2026-09-28T11:47:05.572+00:00,2026-09-28T11:47:05.617+00:00,1322.752,present,3035.8,"{""state"":""present"",""devices"":[{""Status"":""OK"",""Class"":""AndroidUsbDeviceClass"",""FriendlyName"":""Android Bootloader Interface"",""InstanceId"":""USB\\VID_18D1&PID_D00D\\1384E684""}]}",absent,fastboot,24.5,20.9,List of devices attached,1384e684               fastboot
2026-09-28T11:47:06.572+00:00,2026-09-28T11:47:06.616+00:00,1323.751,present,3035.8,"{""state"":""present"",""devices"":[{""Status"":""OK"",""Class"":""AndroidUsbDeviceClass"",""FriendlyName"":""Android Bootloader Interface"",""InstanceId"":""USB\\VID_18D1&PID_D00D\\1384E684""}]}",absent,fastboot,23.6,20.2,List of devices attached,1384e684               fastboot
2026-09-28T11:47:07.572+00:00,2026-09-28T11:47:07.632+00:00,1324.767,present,3035.8,"{""state"":""present"",""devices"":[{""Status"":""OK"",""Class"":""AndroidUsbDeviceClass"",""FriendlyName"":""Android Bootloader Interface"",""InstanceId"":""USB\\VID_18D1&PID_D00D\\1384E684""}]}",absent,fastboot,37.7,22.0,List of devices attached,1384e684               fastboot
2026-09-28T11:47:08.572+00:00,2026-09-28T11:47:08.619+00:00,1325.755,present,3090.7,"{""state"":""present"",""devices"":[{""Status"":""OK"",""Class"":""AndroidUsbDeviceClass"",""FriendlyName"":""Android Bootloader Interface"",""InstanceId"":""USB\\VID_18D1&PID_D00D\\1384E684""}]}",absent,fastboot,25.6,21.5,List of devices attached,1384e684               fastboot
2026-09-28T11:47:09.572+00:00,2026-09-28T11:47:09.618+00:00,1326.753,present,3090.7,"{""state"":""present"",""devices"":[{""Status"":""OK"",""Class"":""AndroidUsbDeviceClass"",""FriendlyName"":""Android Bootloader Interface"",""InstanceId"":""USB\\VID_18D1&PID_D00D\\1384E684""}]}",absent,fastboot,24.1,21.0,List of devices attached | emulator-5568          offline transport_id:1017,1384e684               fastboot
2026-09-28T11:47:10.573+00:00,2026-09-28T11:47:10.635+00:00,1327.770,present,3090.7,"{""state"":""present"",""devices"":[{""Status"":""OK"",""Class"":""AndroidUsbDeviceClass"",""FriendlyName"":""Android Bootloader Interface"",""InstanceId"":""USB\\VID_18D1&PID_D00D\\1384E684""}]}",absent,fastboot,38.7,22.9,List of devices attached,1384e684               fastboot
2026-09-28T11:47:11.573+00:00,2026-09-28T11:47:11.619+00:00,1328.755,present,3090.7,"{""state"":""present"",""devices"":[{""Status"":""OK"",""Class"":""AndroidUsbDeviceClass"",""FriendlyName"":""Android Bootloader Interface"",""InstanceId"":""USB\\VID_18D1&PID_D00D\\1384E684""}]}",absent,fastboot,24.7,21.5,List of devices attached,1384e684               fastboot
2026-09-28T11:47:12.573+00:00,2026-09-28T11:47:12.630+00:00,1329.766,present,3045.2,"{""state"":""present"",""devices"":[{""Status"":""OK"",""Class"":""AndroidUsbDeviceClass"",""FriendlyName"":""Android Bootloader Interface"",""InstanceId"":""USB\\VID_18D1&PID_D00D\\1384E684""}]}",absent,fastboot,33.7,23.1,List of devices attached,1384e684               fastboot
2026-09-28T11:47:13.574+00:00,2026-09-28T11:47:13.636+00:00,1330.772,present,3045.2,"{""state"":""present"",""devices"":[{""Status"":""OK"",""Class"":""AndroidUsbDeviceClass"",""FriendlyName"":""Android Bootloader Interface"",""InstanceId"":""USB\\VID_18D1&PID_D00D\\1384E684""}]}",absent,fastboot,39.1,23.2,List of devices attached,1384e684               fastboot
2026-09-28T11:47:14.574+00:00,2026-09-28T11:47:14.619+00:00,1331.755,present,3045.2,"{""state"":""present"",""devices"":[{""Status"":""OK"",""Class"":""AndroidUsbDeviceClass"",""FriendlyName"":""Android Bootloader Interface"",""InstanceId"":""USB\\VID_18D1&PID_D00D\\1384E684""}]}",absent,fastboot,24.1,21.1,List of devices attached,1384e684               fastboot
2026-09-28T11:47:15.574+00:00,2026-09-28T11:47:15.633+00:00,1332.769,present,3045.2,"{""state"":""present"",""devices"":[{""Status"":""OK"",""Class"":""AndroidUsbDeviceClass"",""FriendlyName"":""Android Bootloader Interface"",""InstanceId"":""USB\\VID_18D1&PID_D00D\\1384E684""}]}",absent,fastboot,36.8,22.1,List of devices attached,1384e684               fastboot
2026-09-28T11:47:16.575+00:00,2026-09-28T11:47:16.621+00:00,1333.756,present,3050.3,"{""state"":""present"",""devices"":[{""Status"":""OK"",""Class"":""AndroidUsbDeviceClass"",""FriendlyName"":""Android Bootloader Interface"",""InstanceId"":""USB\\VID_18D1&PID_D00D\\1384E684""}]}",absent,fastboot,25.0,21.2,List of devices attached,1384e684               fastboot
2026-09-28T11:47:17.575+00:00,2026-09-28T11:47:17.621+00:00,1334.756,present,3050.3,"{""state"":""present"",""devices"":[{""Status"":""OK"",""Class"":""AndroidUsbDeviceClass"",""FriendlyName"":""Android Bootloader Interface"",""InstanceId"":""USB\\VID_18D1&PID_D00D\\1384E684""}]}",absent,fastboot,24.4,21.1,List of devices attached,1384e684               fastboot
2026-09-28T11:47:18.575+00:00,2026-09-28T11:47:18.620+00:00,1335.756,present,3050.3,"{""state"":""present"",""devices"":[{""Status"":""OK"",""Class"":""AndroidUsbDeviceClass"",""FriendlyName"":""Android Bootloader Interface"",""InstanceId"":""USB\\VID_18D1&PID_D00D\\1384E684""}]}",absent,fastboot,24.1,20.8,List of devices attached | emulator-5568          offline transport_id:1024,1384e684               fastboot
2026-09-28T11:47:19.576+00:00,2026-09-28T11:47:19.621+00:00,1336.757,present,3050.3,"{""state"":""present"",""devices"":[{""Status"":""OK"",""Class"":""AndroidUsbDeviceClass"",""FriendlyName"":""Android Bootloader Interface"",""InstanceId"":""USB\\VID_18D1&PID_D00D\\1384E684""}]}",absent,fastboot,23.9,21.6,List of devices attached,1384e684               fastboot
2026-09-28T11:47:20.576+00:00,2026-09-28T11:47:20.638+00:00,1337.773,present,3042.3,"{""state"":""present"",""devices"":[{""Status"":""OK"",""Class"":""AndroidUsbDeviceClass"",""FriendlyName"":""Android Bootloader Interface"",""InstanceId"":""USB\\VID_18D1&PID_D00D\\1384E684""}]}",absent,fastboot,38.1,24.1,List of devices attached,1384e684               fastboot
2026-09-28T11:47:21.576+00:00,2026-09-28T11:47:21.629+00:00,1338.765,present,3042.3,"{""state"":""present"",""devices"":[{""Status"":""OK"",""Class"":""AndroidUsbDeviceClass"",""FriendlyName"":""Android Bootloader Interface"",""InstanceId"":""USB\\VID_18D1&PID_D00D\\1384E684""}]}",absent,fastboot,29.9,23.3,List of devices attached,1384e684               fastboot
2026-09-28T11:47:22.576+00:00,2026-09-28T11:47:22.624+00:00,1339.760,present,3042.3,"{""state"":""present"",""devices"":[{""Status"":""OK"",""Class"":""AndroidUsbDeviceClass"",""FriendlyName"":""Android Bootloader Interface"",""InstanceId"":""USB\\VID_18D1&PID_D00D\\1384E684""}]}",absent,fastboot,25.0,22.7,List of devices attached,1384e684               fastboot
2026-09-28T11:47:23.577+00:00,2026-09-28T11:47:23.632+00:00,1340.767,present,2970.6,"{""state"":""present"",""devices"":[{""Status"":""OK"",""Class"":""AndroidUsbDeviceClass"",""FriendlyName"":""Android Bootloader Interface"",""InstanceId"":""USB\\VID_18D1&PID_D00D\\1384E684""}]}",absent,fastboot,30.4,24.1,List of devices attached | emulator-5568          offline transport_id:1028,1384e684               fastboot
2026-09-28T11:47:24.577+00:00,2026-09-28T11:47:24.625+00:00,1341.760,present,2970.6,"{""state"":""present"",""devices"":[{""Status"":""OK"",""Class"":""AndroidUsbDeviceClass"",""FriendlyName"":""Android Bootloader Interface"",""InstanceId"":""USB\\VID_18D1&PID_D00D\\1384E684""}]}",absent,fastboot,25.3,21.9,List of devices attached,1384e684               fastboot
2026-09-28T11:47:25.578+00:00,2026-09-28T11:47:25.636+00:00,1342.771,present,2970.6,"{""state"":""present"",""devices"":[{""Status"":""OK"",""Class"":""AndroidUsbDeviceClass"",""FriendlyName"":""Android Bootloader Interface"",""InstanceId"":""USB\\VID_18D1&PID_D00D\\1384E684""}]}",absent,fastboot,33.9,23.8,List of devices attached,1384e684               fastboot
2026-09-28T11:47:26.578+00:00,2026-09-28T11:47:26.625+00:00,1343.760,present,2970.6,"{""state"":""present"",""devices"":[{""Status"":""OK"",""Class"":""AndroidUsbDeviceClass"",""FriendlyName"":""Android Bootloader Interface"",""InstanceId"":""USB\\VID_18D1&PID_D00D\\1384E684""}]}",absent,fastboot,24.4,22.4,List of devices attached,1384e684               fastboot
2026-09-28T11:47:27.579+00:00,2026-09-28T11:47:27.626+00:00,1344.762,present,3062.3,"{""state"":""present"",""devices"":[{""Status"":""OK"",""Class"":""AndroidUsbDeviceClass"",""FriendlyName"":""Android Bootloader Interface"",""InstanceId"":""USB\\VID_18D1&PID_D00D\\1384E684""}]}",absent,fastboot,24.7,22.8,List of devices attached | emulator-5568          offline transport_id:1031,1384e684               fastboot
2026-09-28T11:47:28.579+00:00,2026-09-28T11:47:28.634+00:00,1345.769,present,3062.3,"{""state"":""present"",""devices"":[{""Status"":""OK"",""Class"":""AndroidUsbDeviceClass"",""FriendlyName"":""Android Bootloader Interface"",""InstanceId"":""USB\\VID_18D1&PID_D00D\\1384E684""}]}",absent,fastboot,31.7,23.5,List of devices attached,1384e684               fastboot
2026-09-28T11:47:29.579+00:00,2026-09-28T11:47:29.625+00:00,1346.760,present,3062.3,"{""state"":""present"",""devices"":[{""Status"":""OK"",""Class"":""AndroidUsbDeviceClass"",""FriendlyName"":""Android Bootloader Interface"",""InstanceId"":""USB\\VID_18D1&PID_D00D\\1384E684""}]}",absent,fastboot,24.7,21.2,List of devices attached,1384e684               fastboot
2026-09-28T11:47:30.579+00:00,2026-09-28T11:47:30.626+00:00,1347.761,present,3062.3,"{""state"":""present"",""devices"":[{""Status"":""OK"",""Class"":""AndroidUsbDeviceClass"",""FriendlyName"":""Android Bootloader Interface"",""InstanceId"":""USB\\VID_18D1&PID_D00D\\1384E684""}]}",absent,fastboot,24.6,22.1,List of devices attached,1384e684               fastboot
2026-09-28T11:47:31.579+00:00,2026-09-28T11:47:31.628+00:00,1348.763,present,3115.1,"{""state"":""present"",""devices"":[{""Status"":""OK"",""Class"":""AndroidUsbDeviceClass"",""FriendlyName"":""Android Bootloader Interface"",""InstanceId"":""USB\\VID_18D1&PID_D00D\\1384E684""}]}",absent,fastboot,25.3,23.1,List of devices attached,1384e684               fastboot
2026-09-28T11:47:32.580+00:00,2026-09-28T11:47:32.627+00:00,1349.762,present,3115.1,"{""state"":""present"",""devices"":[{""Status"":""OK"",""Class"":""AndroidUsbDeviceClass"",""FriendlyName"":""Android Bootloader Interface"",""InstanceId"":""USB\\VID_18D1&PID_D00D\\1384E684""}]}",absent,fastboot,24.0,22.6,List of devices attached | emulator-5568          offline transport_id:1035,1384e684               fastboot
2026-09-28T11:47:33.580+00:00,2026-09-28T11:47:33.628+00:00,1350.763,present,3115.1,"{""state"":""present"",""devices"":[{""Status"":""OK"",""Class"":""AndroidUsbDeviceClass"",""FriendlyName"":""Android Bootloader Interface"",""InstanceId"":""USB\\VID_18D1&PID_D00D\\1384E684""}]}",absent,fastboot,24.8,23.0,List of devices attached,1384e684               fastboot
2026-09-28T11:47:34.580+00:00,2026-09-28T11:47:34.636+00:00,1351.771,present,3115.1,"{""state"":""present"",""devices"":[{""Status"":""OK"",""Class"":""AndroidUsbDeviceClass"",""FriendlyName"":""Android Bootloader Interface"",""InstanceId"":""USB\\VID_18D1&PID_D00D\\1384E684""}]}",absent,fastboot,33.3,22.0,List of devices attached,1384e684               fastboot
2026-09-28T11:47:35.581+00:00,2026-09-28T11:47:35.628+00:00,1352.763,present,3155.2,"{""state"":""present"",""devices"":[{""Status"":""OK"",""Class"":""AndroidUsbDeviceClass"",""FriendlyName"":""Android Bootloader Interface"",""InstanceId"":""USB\\VID_18D1&PID_D00D\\1384E684""}]}",absent,fastboot,25.0,22.1,List of devices attached,1384e684               fastboot
2026-09-28T11:47:36.581+00:00,2026-09-28T11:47:36.627+00:00,1353.763,present,3155.2,"{""state"":""present"",""devices"":[{""Status"":""OK"",""Class"":""AndroidUsbDeviceClass"",""FriendlyName"":""Android Bootloader Interface"",""InstanceId"":""USB\\VID_18D1&PID_D00D\\1384E684""}]}",absent,fastboot,24.0,22.1,List of devices attached,1384e684               fastboot
2026-09-28T11:47:37.581+00:00,2026-09-28T11:47:37.626+00:00,1354.762,present,3155.2,"{""state"":""present"",""devices"":[{""Status"":""OK"",""Class"":""AndroidUsbDeviceClass"",""FriendlyName"":""Android Bootloader Interface"",""InstanceId"":""USB\\VID_18D1&PID_D00D\\1384E684""}]}",absent,fastboot,24.0,20.9,List of devices attached | emulator-5568          offline transport_id:1039,1384e684               fastboot
2026-09-28T11:47:38.581+00:00,2026-09-28T11:47:38.636+00:00,1355.771,present,3155.2,"{""state"":""present"",""devices"":[{""Status"":""OK"",""Class"":""AndroidUsbDeviceClass"",""FriendlyName"":""Android Bootloader Interface"",""InstanceId"":""USB\\VID_18D1&PID_D00D\\1384E684""}]}",absent,fastboot,33.6,20.7,List of devices attached,1384e684               fastboot
2026-09-28T11:47:39.581+00:00,2026-09-28T11:47:39.639+00:00,1356.774,present,3080.4,"{""state"":""present"",""devices"":[{""Status"":""OK"",""Class"":""AndroidUsbDeviceClass"",""FriendlyName"":""Android Bootloader Interface"",""InstanceId"":""USB\\VID_18D1&PID_D00D\\1384E684""}]}",absent,fastboot,24.1,33.0,List of devices attached,1384e684               fastboot
2026-09-28T11:47:40.582+00:00,2026-09-28T11:47:40.633+00:00,1357.768,present,3080.4,"{""state"":""present"",""devices"":[{""Status"":""OK"",""Class"":""AndroidUsbDeviceClass"",""FriendlyName"":""Android Bootloader Interface"",""InstanceId"":""USB\\VID_18D1&PID_D00D\\1384E684""}]}",absent,fastboot,28.8,22.0,List of devices attached,1384e684               fastboot
2026-09-28T11:47:41.582+00:00,2026-09-28T11:47:41.629+00:00,1358.764,present,3080.4,"{""state"":""present"",""devices"":[{""Status"":""OK"",""Class"":""AndroidUsbDeviceClass"",""FriendlyName"":""Android Bootloader Interface"",""InstanceId"":""USB\\VID_18D1&PID_D00D\\1384E684""}]}",absent,fastboot,25.1,21.6,List of devices attached | emulator-5568          offline transport_id:1042,1384e684               fastboot
2026-09-28T11:47:42.582+00:00,2026-09-28T11:47:42.629+00:00,1359.764,present,3080.4,"{""state"":""present"",""devices"":[{""Status"":""OK"",""Class"":""AndroidUsbDeviceClass"",""FriendlyName"":""Android Bootloader Interface"",""InstanceId"":""USB\\VID_18D1&PID_D00D\\1384E684""}]}",absent,fastboot,23.1,23.4,List of devices attached,1384e684               fastboot
2026-09-28T11:47:43.583+00:00,2026-09-28T11:47:43.635+00:00,1360.770,present,3138.4,"{""state"":""present"",""devices"":[{""Status"":""OK"",""Class"":""AndroidUsbDeviceClass"",""FriendlyName"":""Android Bootloader Interface"",""InstanceId"":""USB\\VID_18D1&PID_D00D\\1384E684""}]}",absent,fastboot,28.5,23.5,List of devices attached,1384e684               fastboot
2026-09-28T11:47:44.583+00:00,2026-09-28T11:47:44.641+00:00,1361.776,present,3138.4,"{""state"":""present"",""devices"":[{""Status"":""OK"",""Class"":""AndroidUsbDeviceClass"",""FriendlyName"":""Android Bootloader Interface"",""InstanceId"":""USB\\VID_18D1&PID_D00D\\1384E684""}]}",absent,fastboot,24.2,33.4,List of devices attached,1384e684               fastboot
2026-09-28T11:47:45.583+00:00,2026-09-28T11:47:45.645+00:00,1362.780,present,3138.4,"{""state"":""present"",""devices"":[{""Status"":""OK"",""Class"":""AndroidUsbDeviceClass"",""FriendlyName"":""Android Bootloader Interface"",""InstanceId"":""USB\\VID_18D1&PID_D00D\\1384E684""}]}",absent,fastboot,39.4,22.0,List of devices attached,1384e684               fastboot
2026-09-28T11:47:46.584+00:00,2026-09-28T11:47:46.632+00:00,1363.768,present,3138.4,"{""state"":""present"",""devices"":[{""Status"":""OK"",""Class"":""AndroidUsbDeviceClass"",""FriendlyName"":""Android Bootloader Interface"",""InstanceId"":""USB\\VID_18D1&PID_D00D\\1384E684""}]}",absent,fastboot,26.2,22.4,List of devices attached | emulator-5568          offline transport_id:1046,1384e684               fastboot
2026-09-28T11:47:47.584+00:00,2026-09-28T11:47:47.645+00:00,1364.781,present,3059.4,"{""state"":""present"",""devices"":[{""Status"":""OK"",""Class"":""AndroidUsbDeviceClass"",""FriendlyName"":""Android Bootloader Interface"",""InstanceId"":""USB\\VID_18D1&PID_D00D\\1384E684""}]}",absent,fastboot,38.6,22.5,List of devices attached,1384e684               fastboot
2026-09-28T11:47:48.584+00:00,2026-09-28T11:47:48.631+00:00,1365.767,present,3059.4,"{""state"":""present"",""devices"":[{""Status"":""OK"",""Class"":""AndroidUsbDeviceClass"",""FriendlyName"":""Android Bootloader Interface"",""InstanceId"":""USB\\VID_18D1&PID_D00D\\1384E684""}]}",absent,fastboot,25.0,22.1,List of devices attached,1384e684               fastboot
2026-09-28T11:47:49.585+00:00,2026-09-28T11:47:49.631+00:00,1366.766,present,3059.4,"{""state"":""present"",""devices"":[{""Status"":""OK"",""Class"":""AndroidUsbDeviceClass"",""FriendlyName"":""Android Bootloader Interface"",""InstanceId"":""USB\\VID_18D1&PID_D00D\\1384E684""}]}",absent,fastboot,23.7,22.3,List of devices attached,1384e684               fastboot
2026-09-28T11:47:50.585+00:00,2026-09-28T11:47:50.633+00:00,1367.768,present,2993.9,"{""state"":""present"",""devices"":[{""Status"":""OK"",""Class"":""AndroidUsbDeviceClass"",""FriendlyName"":""Android Bootloader Interface"",""InstanceId"":""USB\\VID_18D1&PID_D00D\\1384E684""}]}",absent,fastboot,25.4,23.0,List of devices attached,1384e684               fastboot
2026-09-28T11:47:51.585+00:00,2026-09-28T11:47:51.641+00:00,1368.777,present,2993.9,"{""state"":""present"",""devices"":[{""Status"":""OK"",""Class"":""AndroidUsbDeviceClass"",""FriendlyName"":""Android Bootloader Interface"",""InstanceId"":""USB\\VID_18D1&PID_D00D\\1384E684""}]}",absent,fastboot,25.1,30.8,List of devices attached | emulator-5568          offline transport_id:1050,1384e684               fastboot
2026-09-28T11:47:52.586+00:00,2026-09-28T11:47:52.633+00:00,1369.768,present,2993.9,"{""state"":""present"",""devices"":[{""Status"":""OK"",""Class"":""AndroidUsbDeviceClass"",""FriendlyName"":""Android Bootloader Interface"",""InstanceId"":""USB\\VID_18D1&PID_D00D\\1384E684""}]}",absent,fastboot,24.7,22.4,List of devices attached,1384e684               fastboot
2026-09-28T11:47:53.586+00:00,2026-09-28T11:47:53.636+00:00,1370.771,present,2993.9,"{""state"":""present"",""devices"":[{""Status"":""OK"",""Class"":""AndroidUsbDeviceClass"",""FriendlyName"":""Android Bootloader Interface"",""InstanceId"":""USB\\VID_18D1&PID_D00D\\1384E684""}]}",absent,fastboot,26.0,23.7,List of devices attached,1384e684               fastboot
2026-09-28T11:47:54.586+00:00,2026-09-28T11:47:54.647+00:00,1371.783,present,3160.4,"{""state"":""present"",""devices"":[{""Status"":""OK"",""Class"":""AndroidUsbDeviceClass"",""FriendlyName"":""Android Bootloader Interface"",""InstanceId"":""USB\\VID_18D1&PID_D00D\\1384E684""}]}",absent,fastboot,25.0,35.8,List of devices attached,1384e684               fastboot
2026-09-28T11:47:55.587+00:00,2026-09-28T11:47:55.635+00:00,1372.770,present,3160.4,"{""state"":""present"",""devices"":[{""Status"":""OK"",""Class"":""AndroidUsbDeviceClass"",""FriendlyName"":""Android Bootloader Interface"",""InstanceId"":""USB\\VID_18D1&PID_D00D\\1384E684""}]}",absent,fastboot,25.3,22.5,List of devices attached | emulator-5568          offline transport_id:1053,1384e684               fastboot
2026-09-28T11:47:56.587+00:00,2026-09-28T11:47:56.634+00:00,1373.770,present,3160.4,"{""state"":""present"",""devices"":[{""Status"":""OK"",""Class"":""AndroidUsbDeviceClass"",""FriendlyName"":""Android Bootloader Interface"",""InstanceId"":""USB\\VID_18D1&PID_D00D\\1384E684""}]}",absent,fastboot,23.8,23.1,List of devices attached,1384e684               fastboot
2026-09-28T11:47:57.588+00:00,2026-09-28T11:47:57.643+00:00,1374.778,present,3160.4,"{""state"":""present"",""devices"":[{""Status"":""OK"",""Class"":""AndroidUsbDeviceClass"",""FriendlyName"":""Android Bootloader Interface"",""InstanceId"":""USB\\VID_18D1&PID_D00D\\1384E684""}]}",absent,fastboot,24.9,30.3,List of devices attached,1384e684               fastboot
2026-09-28T11:47:58.588+00:00,2026-09-28T11:47:58.636+00:00,1375.771,present,3036.7,"{""state"":""present"",""devices"":[{""Status"":""OK"",""Class"":""AndroidUsbDeviceClass"",""FriendlyName"":""Android Bootloader Interface"",""InstanceId"":""USB\\VID_18D1&PID_D00D\\1384E684""}]}",absent,fastboot,24.5,23.3,List of devices attached,1384e684               fastboot
2026-09-28T11:47:59.589+00:00,2026-09-28T11:47:59.655+00:00,1376.790,present,3036.7,"{""state"":""present"",""devices"":[{""Status"":""OK"",""Class"":""AndroidUsbDeviceClass"",""FriendlyName"":""Android Bootloader Interface"",""InstanceId"":""USB\\VID_18D1&PID_D00D\\1384E684""}]}",absent,fastboot,28.2,38.2,List of devices attached,1384e684               fastboot
2026-09-28T11:48:00.589+00:00,2026-09-28T11:48:00.634+00:00,1377.770,present,3036.7,"{""state"":""present"",""devices"":[{""Status"":""OK"",""Class"":""AndroidUsbDeviceClass"",""FriendlyName"":""Android Bootloader Interface"",""InstanceId"":""USB\\VID_18D1&PID_D00D\\1384E684""}]}",absent,fastboot,23.4,22.2,List of devices attached | emulator-5568          offline transport_id:1057,1384e684               fastboot
2026-09-28T11:48:01.589+00:00,2026-09-28T11:48:01.637+00:00,1378.772,present,3036.7,"{""state"":""present"",""devices"":[{""Status"":""OK"",""Class"":""AndroidUsbDeviceClass"",""FriendlyName"":""Android Bootloader Interface"",""InstanceId"":""USB\\VID_18D1&PID_D00D\\1384E684""}]}",absent,fastboot,24.7,22.8,List of devices attached,1384e684               fastboot
2026-09-28T11:48:02.589+00:00,2026-09-28T11:48:02.635+00:00,1379.771,present,3113.2,"{""state"":""present"",""devices"":[{""Status"":""OK"",""Class"":""AndroidUsbDeviceClass"",""FriendlyName"":""Android Bootloader Interface"",""InstanceId"":""USB\\VID_18D1&PID_D00D\\1384E684""}]}",absent,fastboot,23.0,23.2,List of devices attached,1384e684               fastboot
2026-09-28T11:48:03.589+00:00,2026-09-28T11:48:03.645+00:00,1380.781,present,3113.2,"{""state"":""present"",""devices"":[{""Status"":""OK"",""Class"":""AndroidUsbDeviceClass"",""FriendlyName"":""Android Bootloader Interface"",""InstanceId"":""USB\\VID_18D1&PID_D00D\\1384E684""}]}",absent,fastboot,33.1,22.8,List of devices attached,1384e684               fastboot
2026-09-28T11:48:04.590+00:00,2026-09-28T11:48:04.649+00:00,1381.785,present,3113.2,"{""state"":""present"",""devices"":[{""Status"":""OK"",""Class"":""AndroidUsbDeviceClass"",""FriendlyName"":""Android Bootloader Interface"",""InstanceId"":""USB\\VID_18D1&PID_D00D\\1384E684""}]}",absent,fastboot,23.6,35.9,List of devices attached,1384e684               fastboot
2026-09-28T11:48:05.590+00:00,2026-09-28T11:48:05.636+00:00,1382.772,present,3113.2,"{""state"":""present"",""devices"":[{""Status"":""OK"",""Class"":""AndroidUsbDeviceClass"",""FriendlyName"":""Android Bootloader Interface"",""InstanceId"":""USB\\VID_18D1&PID_D00D\\1384E684""}]}",absent,fastboot,22.8,23.3,List of devices attached | emulator-5568          offline transport_id:1061,1384e684               fastboot
2026-09-28T11:48:06.590+00:00,2026-09-28T11:48:06.644+00:00,1383.779,present,3112.8,"{""state"":""present"",""devices"":[{""Status"":""OK"",""Class"":""AndroidUsbDeviceClass"",""FriendlyName"":""Android Bootloader Interface"",""InstanceId"":""USB\\VID_18D1&PID_D00D\\1384E684""}]}",absent,fastboot,24.6,28.3,List of devices attached,1384e684               fastboot
2026-09-28T11:48:07.591+00:00,2026-09-28T11:48:07.652+00:00,1384.787,present,3112.8,"{""state"":""present"",""devices"":[{""Status"":""OK"",""Class"":""AndroidUsbDeviceClass"",""FriendlyName"":""Android Bootloader Interface"",""InstanceId"":""USB\\VID_18D1&PID_D00D\\1384E684""}]}",absent,fastboot,24.0,37.1,List of devices attached,1384e684               fastboot
2026-09-28T11:48:08.591+00:00,2026-09-28T11:48:08.639+00:00,1385.774,present,3112.8,"{""state"":""present"",""devices"":[{""Status"":""OK"",""Class"":""AndroidUsbDeviceClass"",""FriendlyName"":""Android Bootloader Interface"",""InstanceId"":""USB\\VID_18D1&PID_D00D\\1384E684""}]}",absent,fastboot,24.6,23.2,List of devices attached,1384e684               fastboot
2026-09-28T11:48:09.591+00:00,2026-09-28T11:48:09.638+00:00,1386.773,present,3112.8,"{""state"":""present"",""devices"":[{""Status"":""OK"",""Class"":""AndroidUsbDeviceClass"",""FriendlyName"":""Android Bootloader Interface"",""InstanceId"":""USB\\VID_18D1&PID_D00D\\1384E684""}]}",absent,fastboot,24.2,22.4,List of devices attached | emulator-5568          offline transport_id:1064,1384e684               fastboot
2026-09-28T11:48:10.592+00:00,2026-09-28T11:48:10.636+00:00,1387.771,present,3134.7,"{""state"":""present"",""devices"":[{""Status"":""OK"",""Class"":""AndroidUsbDeviceClass"",""FriendlyName"":""Android Bootloader Interface"",""InstanceId"":""USB\\VID_18D1&PID_D00D\\1384E684""}]}",absent,fastboot,22.5,21.5,List of devices attached,1384e684               fastboot
2026-09-28T11:48:11.592+00:00,2026-09-28T11:48:11.641+00:00,1388.777,present,3134.7,"{""state"":""present"",""devices"":[{""Status"":""OK"",""Class"":""AndroidUsbDeviceClass"",""FriendlyName"":""Android Bootloader Interface"",""InstanceId"":""USB\\VID_18D1&PID_D00D\\1384E684""}]}",absent,fastboot,26.2,23.0,List of devices attached,1384e684               fastboot
2026-09-28T11:48:12.593+00:00,2026-09-28T11:48:12.656+00:00,1389.791,present,3134.7,"{""state"":""present"",""devices"":[{""Status"":""OK"",""Class"":""AndroidUsbDeviceClass"",""FriendlyName"":""Android Bootloader Interface"",""InstanceId"":""USB\\VID_18D1&PID_D00D\\1384E684""}]}",absent,fastboot,23.5,39.7,List of devices attached,1384e684               fastboot
2026-09-28T11:48:13.593+00:00,2026-09-28T11:48:13.643+00:00,1390.778,present,3134.7,"{""state"":""present"",""devices"":[{""Status"":""OK"",""Class"":""AndroidUsbDeviceClass"",""FriendlyName"":""Android Bootloader Interface"",""InstanceId"":""USB\\VID_18D1&PID_D00D\\1384E684""}]}",absent,fastboot,28.1,21.9,List of devices attached,1384e684               fastboot
2026-09-28T11:48:14.593+00:00,2026-09-28T11:48:14.639+00:00,1391.774,present,3075.6,"{""state"":""present"",""devices"":[{""Status"":""OK"",""Class"":""AndroidUsbDeviceClass"",""FriendlyName"":""Android Bootloader Interface"",""InstanceId"":""USB\\VID_18D1&PID_D00D\\1384E684""}]}",absent,fastboot,23.5,22.2,List of devices attached | emulator-5568          offline transport_id:1068,1384e684               fastboot
2026-09-28T11:48:15.593+00:00,2026-09-28T11:48:15.641+00:00,1392.776,present,3075.6,"{""state"":""present"",""devices"":[{""Status"":""OK"",""Class"":""AndroidUsbDeviceClass"",""FriendlyName"":""Android Bootloader Interface"",""InstanceId"":""USB\\VID_18D1&PID_D00D\\1384E684""}]}",absent,fastboot,25.0,22.6,List of devices attached,1384e684               fastboot
2026-09-28T11:48:16.594+00:00,2026-09-28T11:48:16.638+00:00,1393.773,present,3075.6,"{""state"":""present"",""devices"":[{""Status"":""OK"",""Class"":""AndroidUsbDeviceClass"",""FriendlyName"":""Android Bootloader Interface"",""InstanceId"":""USB\\VID_18D1&PID_D00D\\1384E684""}]}",absent,fastboot,22.8,21.4,List of devices attached,1384e684               fastboot
2026-09-28T11:48:17.594+00:00,2026-09-28T11:48:17.639+00:00,1394.775,present,3075.6,"{""state"":""present"",""devices"":[{""Status"":""OK"",""Class"":""AndroidUsbDeviceClass"",""FriendlyName"":""Android Bootloader Interface"",""InstanceId"":""USB\\VID_18D1&PID_D00D\\1384E684""}]}",absent,fastboot,24.2,21.4,List of devices attached,1384e684               fastboot
2026-09-28T11:48:18.594+00:00,2026-09-28T11:48:18.640+00:00,1395.775,present,3088.2,"{""state"":""present"",""devices"":[{""Status"":""OK"",""Class"":""AndroidUsbDeviceClass"",""FriendlyName"":""Android Bootloader Interface"",""InstanceId"":""USB\\VID_18D1&PID_D00D\\1384E684""}]}",absent,fastboot,24.0,21.9,List of devices attached,1384e684               fastboot
2026-09-28T11:48:19.595+00:00,2026-09-28T11:48:19.641+00:00,1396.777,present,3088.2,"{""state"":""present"",""devices"":[{""Status"":""OK"",""Class"":""AndroidUsbDeviceClass"",""FriendlyName"":""Android Bootloader Interface"",""InstanceId"":""USB\\VID_18D1&PID_D00D\\1384E684""}]}",absent,fastboot,24.0,22.8,List of devices attached | emulator-5568          offline transport_id:1072,1384e684               fastboot
2026-09-28T11:48:20.595+00:00,2026-09-28T11:48:20.641+00:00,1397.777,present,3088.2,"{""state"":""present"",""devices"":[{""Status"":""OK"",""Class"":""AndroidUsbDeviceClass"",""FriendlyName"":""Android Bootloader Interface"",""InstanceId"":""USB\\VID_18D1&PID_D00D\\1384E684""}]}",absent,fastboot,24.7,21.4,List of devices attached,1384e684               fastboot
2026-09-28T11:48:21.595+00:00,2026-09-28T11:48:21.640+00:00,1398.775,present,3088.2,"{""state"":""present"",""devices"":[{""Status"":""OK"",""Class"":""AndroidUsbDeviceClass"",""FriendlyName"":""Android Bootloader Interface"",""InstanceId"":""USB\\VID_18D1&PID_D00D\\1384E684""}]}",absent,fastboot,23.8,20.8,List of devices attached,1384e684               fastboot
2026-09-28T11:48:22.596+00:00,2026-09-28T11:48:22.648+00:00,1399.783,present,3026.3,"{""state"":""present"",""devices"":[{""Status"":""OK"",""Class"":""AndroidUsbDeviceClass"",""FriendlyName"":""Android Bootloader Interface"",""InstanceId"":""USB\\VID_18D1&PID_D00D\\1384E684""}]}",absent,fastboot,22.5,29.3,List of devices attached,1384e684               fastboot
2026-09-28T11:48:23.596+00:00,2026-09-28T11:48:23.642+00:00,1400.777,present,3026.3,"{""state"":""present"",""devices"":[{""Status"":""OK"",""Class"":""AndroidUsbDeviceClass"",""FriendlyName"":""Android Bootloader Interface"",""InstanceId"":""USB\\VID_18D1&PID_D00D\\1384E684""}]}",absent,fastboot,23.3,22.3,List of devices attached,1384e684               fastboot
2026-09-28T11:48:24.596+00:00,2026-09-28T11:48:24.645+00:00,1401.780,present,3026.3,"{""state"":""present"",""devices"":[{""Status"":""OK"",""Class"":""AndroidUsbDeviceClass"",""FriendlyName"":""Android Bootloader Interface"",""InstanceId"":""USB\\VID_18D1&PID_D00D\\1384E684""}]}",absent,fastboot,24.0,24.3,List of devices attached,1384e684               fastboot
2026-09-28T11:48:25.596+00:00,2026-09-28T11:48:25.642+00:00,1402.777,present,3026.3,"{""state"":""present"",""devices"":[{""Status"":""OK"",""Class"":""AndroidUsbDeviceClass"",""FriendlyName"":""Android Bootloader Interface"",""InstanceId"":""USB\\VID_18D1&PID_D00D\\1384E684""}]}",absent,fastboot,23.8,21.9,List of devices attached,1384e684               fastboot
2026-09-28T11:48:26.597+00:00,2026-09-28T11:48:26.646+00:00,1403.782,present,3087.8,"{""state"":""present"",""devices"":[{""Status"":""OK"",""Class"":""AndroidUsbDeviceClass"",""FriendlyName"":""Android Bootloader Interface"",""InstanceId"":""USB\\VID_18D1&PID_D00D\\1384E684""}]}",absent,fastboot,24.8,24.7,List of devices attached,1384e684               fastboot
2026-09-28T11:48:27.597+00:00,2026-09-28T11:48:27.643+00:00,1404.778,present,3087.8,"{""state"":""present"",""devices"":[{""Status"":""OK"",""Class"":""AndroidUsbDeviceClass"",""FriendlyName"":""Android Bootloader Interface"",""InstanceId"":""USB\\VID_18D1&PID_D00D\\1384E684""}]}",absent,fastboot,23.9,21.8,List of devices attached,1384e684               fastboot
2026-09-28T11:48:28.597+00:00,2026-09-28T11:48:28.648+00:00,1405.783,present,3087.8,"{""state"":""present"",""devices"":[{""Status"":""OK"",""Class"":""AndroidUsbDeviceClass"",""FriendlyName"":""Android Bootloader Interface"",""InstanceId"":""USB\\VID_18D1&PID_D00D\\1384E684""}]}",absent,fastboot,24.6,26.1,List of devices attached | emulator-5568          offline transport_id:1079,1384e684               fastboot
2026-09-28T11:48:29.598+00:00,2026-09-28T11:48:29.646+00:00,1406.781,present,3087.8,"{""state"":""present"",""devices"":[{""Status"":""OK"",""Class"":""AndroidUsbDeviceClass"",""FriendlyName"":""Android Bootloader Interface"",""InstanceId"":""USB\\VID_18D1&PID_D00D\\1384E684""}]}",absent,fastboot,25.2,23.2,List of devices attached,1384e684               fastboot
2026-09-28T11:48:30.598+00:00,2026-09-28T11:48:30.645+00:00,1407.780,present,3071.9,"{""state"":""present"",""devices"":[{""Status"":""OK"",""Class"":""AndroidUsbDeviceClass"",""FriendlyName"":""Android Bootloader Interface"",""InstanceId"":""USB\\VID_18D1&PID_D00D\\1384E684""}]}",absent,fastboot,25.1,22.0,List of devices attached,1384e684               fastboot
2026-09-28T11:48:31.598+00:00,2026-09-28T11:48:31.645+00:00,1408.780,present,3071.9,"{""state"":""present"",""devices"":[{""Status"":""OK"",""Class"":""AndroidUsbDeviceClass"",""FriendlyName"":""Android Bootloader Interface"",""InstanceId"":""USB\\VID_18D1&PID_D00D\\1384E684""}]}",absent,fastboot,24.5,22.2,List of devices attached,1384e684               fastboot
2026-09-28T11:48:32.598+00:00,2026-09-28T11:48:32.645+00:00,1409.781,present,3071.9,"{""state"":""present"",""devices"":[{""Status"":""OK"",""Class"":""AndroidUsbDeviceClass"",""FriendlyName"":""Android Bootloader Interface"",""InstanceId"":""USB\\VID_18D1&PID_D00D\\1384E684""}]}",absent,fastboot,24.0,23.1,List of devices attached,1384e684               fastboot
2026-09-28T11:48:33.599+00:00,2026-09-28T11:48:33.645+00:00,1410.780,present,3071.9,"{""state"":""present"",""devices"":[{""Status"":""OK"",""Class"":""AndroidUsbDeviceClass"",""FriendlyName"":""Android Bootloader Interface"",""InstanceId"":""USB\\VID_18D1&PID_D00D\\1384E684""}]}",absent,fastboot,24.3,22.0,List of devices attached | emulator-5568          offline transport_id:1083,1384e684               fastboot
2026-09-28T11:48:34.599+00:00,2026-09-28T11:48:34.645+00:00,1411.780,present,3060.2,"{""state"":""present"",""devices"":[{""Status"":""OK"",""Class"":""AndroidUsbDeviceClass"",""FriendlyName"":""Android Bootloader Interface"",""InstanceId"":""USB\\VID_18D1&PID_D00D\\1384E684""}]}",absent,fastboot,23.7,22.0,List of devices attached,1384e684               fastboot
2026-09-28T11:48:35.599+00:00,2026-09-28T11:48:35.647+00:00,1412.782,present,3060.2,"{""state"":""present"",""devices"":[{""Status"":""OK"",""Class"":""AndroidUsbDeviceClass"",""FriendlyName"":""Android Bootloader Interface"",""InstanceId"":""USB\\VID_18D1&PID_D00D\\1384E684""}]}",absent,fastboot,25.7,22.0,List of devices attached,1384e684               fastboot
2026-09-28T11:48:36.599+00:00,2026-09-28T11:48:36.647+00:00,1413.782,present,3060.2,"{""state"":""present"",""devices"":[{""Status"":""OK"",""Class"":""AndroidUsbDeviceClass"",""FriendlyName"":""Android Bootloader Interface"",""InstanceId"":""USB\\VID_18D1&PID_D00D\\1384E684""}]}",absent,fastboot,24.8,22.4,List of devices attached,1384e684               fastboot
2026-09-28T11:48:37.600+00:00,2026-09-28T11:48:37.647+00:00,1414.782,present,3060.2,"{""state"":""present"",""devices"":[{""Status"":""OK"",""Class"":""AndroidUsbDeviceClass"",""FriendlyName"":""Android Bootloader Interface"",""InstanceId"":""USB\\VID_18D1&PID_D00D\\1384E684""}]}",absent,fastboot,24.6,22.3,List of devices attached | emulator-5568          offline transport_id:1086,1384e684               fastboot
2026-09-28T11:48:38.600+00:00,2026-09-28T11:48:38.647+00:00,1415.782,present,3098.8,"{""state"":""present"",""devices"":[{""Status"":""OK"",""Class"":""AndroidUsbDeviceClass"",""FriendlyName"":""Android Bootloader Interface"",""InstanceId"":""USB\\VID_18D1&PID_D00D\\1384E684""}]}",absent,fastboot,24.7,22.3,List of devices attached,1384e684               fastboot
2026-09-28T11:48:39.600+00:00,2026-09-28T11:48:39.647+00:00,1416.782,present,3098.8,"{""state"":""present"",""devices"":[{""Status"":""OK"",""Class"":""AndroidUsbDeviceClass"",""FriendlyName"":""Android Bootloader Interface"",""InstanceId"":""USB\\VID_18D1&PID_D00D\\1384E684""}]}",absent,fastboot,25.4,21.4,List of devices attached,1384e684               fastboot
2026-09-28T11:48:40.600+00:00,2026-09-28T11:48:40.645+00:00,1417.781,present,3098.8,"{""state"":""present"",""devices"":[{""Status"":""OK"",""Class"":""AndroidUsbDeviceClass"",""FriendlyName"":""Android Bootloader Interface"",""InstanceId"":""USB\\VID_18D1&PID_D00D\\1384E684""}]}",absent,fastboot,23.1,21.7,List of devices attached,1384e684               fastboot
2026-09-28T11:48:41.600+00:00,2026-09-28T11:48:41.647+00:00,1418.782,present,3098.8,"{""state"":""present"",""devices"":[{""Status"":""OK"",""Class"":""AndroidUsbDeviceClass"",""FriendlyName"":""Android Bootloader Interface"",""InstanceId"":""USB\\VID_18D1&PID_D00D\\1384E684""}]}",absent,fastboot,24.2,22.5,List of devices attached,1384e684               fastboot
2026-09-28T11:48:42.601+00:00,2026-09-28T11:48:42.648+00:00,1419.784,present,3119.9,"{""state"":""present"",""devices"":[{""Status"":""OK"",""Class"":""AndroidUsbDeviceClass"",""FriendlyName"":""Android Bootloader Interface"",""InstanceId"":""USB\\VID_18D1&PID_D00D\\1384E684""}]}",absent,fastboot,25.1,22.3,List of devices attached | emulator-5568          offline transport_id:1090,1384e684               fastboot
2026-09-28T11:48:43.601+00:00,2026-09-28T11:48:43.664+00:00,1420.800,present,3119.9,"{""state"":""present"",""devices"":[{""Status"":""OK"",""Class"":""AndroidUsbDeviceClass"",""FriendlyName"":""Android Bootloader Interface"",""InstanceId"":""USB\\VID_18D1&PID_D00D\\1384E684""}]}",absent,fastboot,40.6,23.0,List of devices attached,1384e684               fastboot
2026-09-28T11:48:44.601+00:00,2026-09-28T11:48:44.647+00:00,1421.782,present,3119.9,"{""state"":""present"",""devices"":[{""Status"":""OK"",""Class"":""AndroidUsbDeviceClass"",""FriendlyName"":""Android Bootloader Interface"",""InstanceId"":""USB\\VID_18D1&PID_D00D\\1384E684""}]}",absent,fastboot,24.1,21.6,List of devices attached,1384e684               fastboot
2026-09-28T11:48:45.601+00:00,2026-09-28T11:48:45.648+00:00,1422.784,present,3119.9,"{""state"":""present"",""devices"":[{""Status"":""OK"",""Class"":""AndroidUsbDeviceClass"",""FriendlyName"":""Android Bootloader Interface"",""InstanceId"":""USB\\VID_18D1&PID_D00D\\1384E684""}]}",absent,fastboot,24.7,22.0,List of devices attached,1384e684               fastboot
2026-09-28T11:48:46.602+00:00,2026-09-28T11:48:46.648+00:00,1423.783,present,3099.5,"{""state"":""present"",""devices"":[{""Status"":""OK"",""Class"":""AndroidUsbDeviceClass"",""FriendlyName"":""Android Bootloader Interface"",""InstanceId"":""USB\\VID_18D1&PID_D00D\\1384E684""}]}",absent,fastboot,24.1,21.7,List of devices attached,1384e684               fastboot
2026-09-28T11:48:47.602+00:00,2026-09-28T11:48:47.647+00:00,1424.783,present,3099.5,"{""state"":""present"",""devices"":[{""Status"":""OK"",""Class"":""AndroidUsbDeviceClass"",""FriendlyName"":""Android Bootloader Interface"",""InstanceId"":""USB\\VID_18D1&PID_D00D\\1384E684""}]}",absent,fastboot,23.9,21.2,List of devices attached | emulator-5568          offline transport_id:1094,1384e684               fastboot
2026-09-28T11:48:48.603+00:00,2026-09-28T11:48:48.649+00:00,1425.784,present,3099.5,"{""state"":""present"",""devices"":[{""Status"":""OK"",""Class"":""AndroidUsbDeviceClass"",""FriendlyName"":""Android Bootloader Interface"",""InstanceId"":""USB\\VID_18D1&PID_D00D\\1384E684""}]}",absent,fastboot,25.9,20.4,List of devices attached,1384e684               fastboot
2026-09-28T11:48:49.603+00:00,2026-09-28T11:48:49.649+00:00,1426.785,present,3099.5,"{""state"":""present"",""devices"":[{""Status"":""OK"",""Class"":""AndroidUsbDeviceClass"",""FriendlyName"":""Android Bootloader Interface"",""InstanceId"":""USB\\VID_18D1&PID_D00D\\1384E684""}]}",absent,fastboot,25.4,20.9,List of devices attached,1384e684               fastboot
2026-09-28T11:48:50.603+00:00,2026-09-28T11:48:50.664+00:00,1427.799,present,3036.8,"{""state"":""present"",""devices"":[{""Status"":""OK"",""Class"":""AndroidUsbDeviceClass"",""FriendlyName"":""Android Bootloader Interface"",""InstanceId"":""USB\\VID_18D1&PID_D00D\\1384E684""}]}",absent,fastboot,37.0,23.5,List of devices attached,1384e684               fastboot
2026-09-28T11:48:51.604+00:00,2026-09-28T11:48:51.648+00:00,1428.784,present,3036.8,"{""state"":""present"",""devices"":[{""Status"":""OK"",""Class"":""AndroidUsbDeviceClass"",""FriendlyName"":""Android Bootloader Interface"",""InstanceId"":""USB\\VID_18D1&PID_D00D\\1384E684""}]}",absent,fastboot,24.0,20.6,List of devices attached | emulator-5568          offline transport_id:1097,1384e684               fastboot
2026-09-28T11:48:52.604+00:00,2026-09-28T11:48:52.652+00:00,1429.787,present,3036.8,"{""state"":""present"",""devices"":[{""Status"":""OK"",""Class"":""AndroidUsbDeviceClass"",""FriendlyName"":""Android Bootloader Interface"",""InstanceId"":""USB\\VID_18D1&PID_D00D\\1384E684""}]}",absent,fastboot,26.2,21.4,List of devices attached,1384e684               fastboot
2026-09-28T11:48:53.604+00:00,2026-09-28T11:48:53.653+00:00,1430.789,present,3036.8,"{""state"":""present"",""devices"":[{""Status"":""OK"",""Class"":""AndroidUsbDeviceClass"",""FriendlyName"":""Android Bootloader Interface"",""InstanceId"":""USB\\VID_18D1&PID_D00D\\1384E684""}]}",absent,fastboot,26.7,22.2,List of devices attached,1384e684               fastboot
2026-09-28T11:48:54.605+00:00,2026-09-28T11:48:54.654+00:00,1431.790,present,3106.7,"{""state"":""present"",""devices"":[{""Status"":""OK"",""Class"":""AndroidUsbDeviceClass"",""FriendlyName"":""Android Bootloader Interface"",""InstanceId"":""USB\\VID_18D1&PID_D00D\\1384E684""}]}",absent,fastboot,26.3,23.2,List of devices attached,1384e684               fastboot
2026-09-28T11:48:55.605+00:00,2026-09-28T11:48:55.651+00:00,1432.787,present,3106.7,"{""state"":""present"",""devices"":[{""Status"":""OK"",""Class"":""AndroidUsbDeviceClass"",""FriendlyName"":""Android Bootloader Interface"",""InstanceId"":""USB\\VID_18D1&PID_D00D\\1384E684""}]}",absent,fastboot,24.6,21.8,List of devices attached,1384e684               fastboot
2026-09-28T11:48:56.605+00:00,2026-09-28T11:48:56.653+00:00,1433.788,present,3106.7,"{""state"":""present"",""devices"":[{""Status"":""OK"",""Class"":""AndroidUsbDeviceClass"",""FriendlyName"":""Android Bootloader Interface"",""InstanceId"":""USB\\VID_18D1&PID_D00D\\1384E684""}]}",absent,fastboot,24.4,23.2,List of devices attached | emulator-5568          offline transport_id:1101,1384e684               fastboot
2026-09-28T11:48:57.606+00:00,2026-09-28T11:48:57.651+00:00,1434.786,present,3106.7,"{""state"":""present"",""devices"":[{""Status"":""OK"",""Class"":""AndroidUsbDeviceClass"",""FriendlyName"":""Android Bootloader Interface"",""InstanceId"":""USB\\VID_18D1&PID_D00D\\1384E684""}]}",absent,fastboot,23.5,21.5,List of devices attached,1384e684               fastboot
2026-09-28T11:48:58.606+00:00,2026-09-28T11:48:58.653+00:00,1435.789,present,3068.7,"{""state"":""present"",""devices"":[{""Status"":""OK"",""Class"":""AndroidUsbDeviceClass"",""FriendlyName"":""Android Bootloader Interface"",""InstanceId"":""USB\\VID_18D1&PID_D00D\\1384E684""}]}",absent,fastboot,25.3,21.8,List of devices attached,1384e684               fastboot
2026-09-28T11:48:59.607+00:00,2026-09-28T11:48:59.652+00:00,1436.787,present,3068.7,"{""state"":""present"",""devices"":[{""Status"":""OK"",""Class"":""AndroidUsbDeviceClass"",""FriendlyName"":""Android Bootloader Interface"",""InstanceId"":""USB\\VID_18D1&PID_D00D\\1384E684""}]}",absent,fastboot,24.0,21.5,List of devices attached,1384e684               fastboot
2026-09-28T11:49:00.607+00:00,2026-09-28T11:49:00.665+00:00,1437.800,present,3068.7,"{""state"":""present"",""devices"":[{""Status"":""OK"",""Class"":""AndroidUsbDeviceClass"",""FriendlyName"":""Android Bootloader Interface"",""InstanceId"":""USB\\VID_18D1&PID_D00D\\1384E684""}]}",absent,fastboot,34.4,23.3,List of devices attached,1384e684               fastboot
2026-09-28T11:49:01.607+00:00,2026-09-28T11:49:01.678+00:00,1438.813,present,3068.7,"{""state"":""present"",""devices"":[{""Status"":""OK"",""Class"":""AndroidUsbDeviceClass"",""FriendlyName"":""Android Bootloader Interface"",""InstanceId"":""USB\\VID_18D1&PID_D00D\\1384E684""}]}",absent,fastboot,48.2,22.4,List of devices attached | emulator-5568          offline transport_id:1105,1384e684               fastboot
2026-09-28T11:49:02.608+00:00,2026-09-28T11:49:02.654+00:00,1439.790,present,3147.6,"{""state"":""present"",""devices"":[{""Status"":""OK"",""Class"":""AndroidUsbDeviceClass"",""FriendlyName"":""Android Bootloader Interface"",""InstanceId"":""USB\\VID_18D1&PID_D00D\\1384E684""}]}",absent,fastboot,24.6,22.2,List of devices attached,1384e684               fastboot
2026-09-28T11:49:03.608+00:00,2026-09-28T11:49:03.664+00:00,1440.799,present,3147.6,"{""state"":""present"",""devices"":[{""Status"":""OK"",""Class"":""AndroidUsbDeviceClass"",""FriendlyName"":""Android Bootloader Interface"",""InstanceId"":""USB\\VID_18D1&PID_D00D\\1384E684""}]}",absent,fastboot,32.9,23.0,List of devices attached,1384e684               fastboot
2026-09-28T11:49:04.608+00:00,2026-09-28T11:49:04.653+00:00,1441.789,present,3147.6,"{""state"":""present"",""devices"":[{""Status"":""OK"",""Class"":""AndroidUsbDeviceClass"",""FriendlyName"":""Android Bootloader Interface"",""InstanceId"":""USB\\VID_18D1&PID_D00D\\1384E684""}]}",absent,fastboot,23.9,21.0,List of devices attached,1384e684               fastboot
2026-09-28T11:49:05.609+00:00,2026-09-28T11:49:05.655+00:00,1442.790,present,3147.6,"{""state"":""present"",""devices"":[{""Status"":""OK"",""Class"":""AndroidUsbDeviceClass"",""FriendlyName"":""Android Bootloader Interface"",""InstanceId"":""USB\\VID_18D1&PID_D00D\\1384E684""}]}",absent,fastboot,24.4,21.6,List of devices attached | emulator-5568          offline transport_id:1108,1384e684               fastboot
2026-09-28T11:49:06.609+00:00,2026-09-28T11:49:06.657+00:00,1443.793,present,3084.7,"{""state"":""present"",""devices"":[{""Status"":""OK"",""Class"":""AndroidUsbDeviceClass"",""FriendlyName"":""Android Bootloader Interface"",""InstanceId"":""USB\\VID_18D1&PID_D00D\\1384E684""}]}",absent,fastboot,25.2,23.0,List of devices attached,1384e684               fastboot
2026-09-28T11:49:07.609+00:00,2026-09-28T11:49:07.664+00:00,1444.800,present,3084.7,"{""state"":""present"",""devices"":[{""Status"":""OK"",""Class"":""AndroidUsbDeviceClass"",""FriendlyName"":""Android Bootloader Interface"",""InstanceId"":""USB\\VID_18D1&PID_D00D\\1384E684""}]}",absent,fastboot,32.1,23.1,List of devices attached,1384e684               fastboot
2026-09-28T11:49:08.609+00:00,2026-09-28T11:49:08.661+00:00,1445.796,present,3084.7,"{""state"":""present"",""devices"":[{""Status"":""OK"",""Class"":""AndroidUsbDeviceClass"",""FriendlyName"":""Android Bootloader Interface"",""InstanceId"":""USB\\VID_18D1&PID_D00D\\1384E684""}]}",absent,fastboot,28.7,22.8,List of devices attached,1384e684               fastboot
2026-09-28T11:49:09.610+00:00,2026-09-28T11:49:09.656+00:00,1446.791,present,3084.7,"{""state"":""present"",""devices"":[{""Status"":""OK"",""Class"":""AndroidUsbDeviceClass"",""FriendlyName"":""Android Bootloader Interface"",""InstanceId"":""USB\\VID_18D1&PID_D00D\\1384E684""}]}",absent,fastboot,24.1,22.2,List of devices attached,1384e684               fastboot
2026-09-28T11:49:10.610+00:00,2026-09-28T11:49:10.663+00:00,1447.798,present,3083.2,"{""state"":""present"",""devices"":[{""Status"":""OK"",""Class"":""AndroidUsbDeviceClass"",""FriendlyName"":""Android Bootloader Interface"",""InstanceId"":""USB\\VID_18D1&PID_D00D\\1384E684""}]}",absent,fastboot,29.2,23.2,List of devices attached | emulator-5568          offline transport_id:1112,1384e684               fastboot
2026-09-28T11:49:11.611+00:00,2026-09-28T11:49:11.660+00:00,1448.796,present,3083.2,"{""state"":""present"",""devices"":[{""Status"":""OK"",""Class"":""AndroidUsbDeviceClass"",""FriendlyName"":""Android Bootloader Interface"",""InstanceId"":""USB\\VID_18D1&PID_D00D\\1384E684""}]}",absent,fastboot,26.2,23.3,List of devices attached,1384e684               fastboot
2026-09-28T11:49:12.611+00:00,2026-09-28T11:49:12.657+00:00,1449.792,present,3083.2,"{""state"":""present"",""devices"":[{""Status"":""OK"",""Class"":""AndroidUsbDeviceClass"",""FriendlyName"":""Android Bootloader Interface"",""InstanceId"":""USB\\VID_18D1&PID_D00D\\1384E684""}]}",absent,fastboot,24.3,21.6,List of devices attached,1384e684               fastboot
2026-09-28T11:49:13.612+00:00,2026-09-28T11:49:13.673+00:00,1450.808,present,3083.2,"{""state"":""present"",""devices"":[{""Status"":""OK"",""Class"":""AndroidUsbDeviceClass"",""FriendlyName"":""Android Bootloader Interface"",""InstanceId"":""USB\\VID_18D1&PID_D00D\\1384E684""}]}",absent,fastboot,24.8,36.4,List of devices attached,1384e684               fastboot
2026-09-28T11:49:14.612+00:00,2026-09-28T11:49:14.658+00:00,1451.793,present,3103.5,"{""state"":""present"",""devices"":[{""Status"":""OK"",""Class"":""AndroidUsbDeviceClass"",""FriendlyName"":""Android Bootloader Interface"",""InstanceId"":""USB\\VID_18D1&PID_D00D\\1384E684""}]}",absent,fastboot,24.3,21.6,List of devices attached,1384e684               fastboot
2026-09-28T11:49:15.612+00:00,2026-09-28T11:49:15.663+00:00,1452.798,present,3103.5,"{""state"":""present"",""devices"":[{""Status"":""OK"",""Class"":""AndroidUsbDeviceClass"",""FriendlyName"":""Android Bootloader Interface"",""InstanceId"":""USB\\VID_18D1&PID_D00D\\1384E684""}]}",absent,fastboot,27.2,23.1,List of devices attached | emulator-5568          offline transport_id:1116,1384e684               fastboot
2026-09-28T11:49:16.613+00:00,2026-09-28T11:49:16.659+00:00,1453.795,present,3103.5,"{""state"":""present"",""devices"":[{""Status"":""OK"",""Class"":""AndroidUsbDeviceClass"",""FriendlyName"":""Android Bootloader Interface"",""InstanceId"":""USB\\VID_18D1&PID_D00D\\1384E684""}]}",absent,fastboot,24.7,21.5,List of devices attached,1384e684               fastboot
2026-09-28T11:49:17.613+00:00,2026-09-28T11:49:17.671+00:00,1454.806,present,3103.5,"{""state"":""present"",""devices"":[{""Status"":""OK"",""Class"":""AndroidUsbDeviceClass"",""FriendlyName"":""Android Bootloader Interface"",""InstanceId"":""USB\\VID_18D1&PID_D00D\\1384E684""}]}",absent,fastboot,32.6,24.7,List of devices attached,1384e684               fastboot
2026-09-28T11:49:18.614+00:00,2026-09-28T11:49:18.678+00:00,1455.813,present,3201.0,"{""state"":""present"",""devices"":[{""Status"":""OK"",""Class"":""AndroidUsbDeviceClass"",""FriendlyName"":""Android Bootloader Interface"",""InstanceId"":""USB\\VID_18D1&PID_D00D\\1384E684""}]}",absent,fastboot,34.5,29.7,List of devices attached,1384e684               fastboot
2026-09-28T11:49:19.614+00:00,2026-09-28T11:49:19.674+00:00,1456.809,present,3201.0,"{""state"":""present"",""devices"":[{""Status"":""OK"",""Class"":""AndroidUsbDeviceClass"",""FriendlyName"":""Android Bootloader Interface"",""InstanceId"":""USB\\VID_18D1&PID_D00D\\1384E684""}]}",absent,fastboot,25.5,34.4,List of devices attached | emulator-5568          offline transport_id:1119,1384e684               fastboot
2026-09-28T11:49:20.615+00:00,2026-09-28T11:49:20.664+00:00,1457.800,present,3201.0,"{""state"":""present"",""devices"":[{""Status"":""OK"",""Class"":""AndroidUsbDeviceClass"",""FriendlyName"":""Android Bootloader Interface"",""InstanceId"":""USB\\VID_18D1&PID_D00D\\1384E684""}]}",absent,fastboot,26.1,23.7,List of devices attached,1384e684               fastboot
2026-09-28T11:49:21.615+00:00,2026-09-28T11:49:21.675+00:00,1458.811,present,3201.0,"{""state"":""present"",""devices"":[{""Status"":""OK"",""Class"":""AndroidUsbDeviceClass"",""FriendlyName"":""Android Bootloader Interface"",""InstanceId"":""USB\\VID_18D1&PID_D00D\\1384E684""}]}",absent,fastboot,25.9,34.8,List of devices attached,1384e684               fastboot
2026-09-28T11:49:22.615+00:00,2026-09-28T11:49:22.669+00:00,1459.804,present,3186.2,"{""state"":""present"",""devices"":[{""Status"":""OK"",""Class"":""AndroidUsbDeviceClass"",""FriendlyName"":""Android Bootloader Interface"",""InstanceId"":""USB\\VID_18D1&PID_D00D\\1384E684""}]}",absent,fastboot,30.5,23.1,List of devices attached,1384e684               fastboot
2026-09-28T11:49:23.615+00:00,2026-09-28T11:49:23.664+00:00,1460.800,present,3186.2,"{""state"":""present"",""devices"":[{""Status"":""OK"",""Class"":""AndroidUsbDeviceClass"",""FriendlyName"":""Android Bootloader Interface"",""InstanceId"":""USB\\VID_18D1&PID_D00D\\1384E684""}]}",absent,fastboot,25.4,23.4,List of devices attached,1384e684               fastboot
2026-09-28T11:49:24.616+00:00,2026-09-28T11:49:24.664+00:00,1461.799,present,3186.2,"{""state"":""present"",""devices"":[{""Status"":""OK"",""Class"":""AndroidUsbDeviceClass"",""FriendlyName"":""Android Bootloader Interface"",""InstanceId"":""USB\\VID_18D1&PID_D00D\\1384E684""}]}",absent,fastboot,25.4,22.5,List of devices attached | emulator-5568          offline transport_id:1123,1384e684               fastboot
2026-09-28T11:49:25.616+00:00,2026-09-28T11:49:25.664+00:00,1462.799,present,3186.2,"{""state"":""present"",""devices"":[{""Status"":""OK"",""Class"":""AndroidUsbDeviceClass"",""FriendlyName"":""Android Bootloader Interface"",""InstanceId"":""USB\\VID_18D1&PID_D00D\\1384E684""}]}",absent,fastboot,25.0,22.5,List of devices attached,1384e684               fastboot
2026-09-28T11:49:26.616+00:00,2026-09-28T11:49:26.676+00:00,1463.811,present,3085.7,"{""state"":""present"",""devices"":[{""Status"":""OK"",""Class"":""AndroidUsbDeviceClass"",""FriendlyName"":""Android Bootloader Interface"",""InstanceId"":""USB\\VID_18D1&PID_D00D\\1384E684""}]}",absent,fastboot,36.5,22.8,List of devices attached,1384e684               fastboot
2026-09-28T11:49:27.617+00:00,2026-09-28T11:49:27.678+00:00,1464.813,present,3085.7,"{""state"":""present"",""devices"":[{""Status"":""OK"",""Class"":""AndroidUsbDeviceClass"",""FriendlyName"":""Android Bootloader Interface"",""InstanceId"":""USB\\VID_18D1&PID_D00D\\1384E684""}]}",absent,fastboot,24.0,37.3,List of devices attached,1384e684               fastboot
2026-09-28T11:49:28.617+00:00,2026-09-28T11:49:28.664+00:00,1465.800,present,3085.7,"{""state"":""present"",""devices"":[{""Status"":""OK"",""Class"":""AndroidUsbDeviceClass"",""FriendlyName"":""Android Bootloader Interface"",""InstanceId"":""USB\\VID_18D1&PID_D00D\\1384E684""}]}",absent,fastboot,24.7,22.5,List of devices attached,1384e684               fastboot
2026-09-28T11:49:29.617+00:00,2026-09-28T11:49:29.665+00:00,1466.801,present,3085.7,"{""state"":""present"",""devices"":[{""Status"":""OK"",""Class"":""AndroidUsbDeviceClass"",""FriendlyName"":""Android Bootloader Interface"",""InstanceId"":""USB\\VID_18D1&PID_D00D\\1384E684""}]}",absent,fastboot,25.0,22.7,List of devices attached | emulator-5568          offline transport_id:1127,1384e684               fastboot
2026-09-28T11:49:30.618+00:00,2026-09-28T11:49:30.673+00:00,1467.808,present,3074.0,"{""state"":""present"",""devices"":[{""Status"":""OK"",""Class"":""AndroidUsbDeviceClass"",""FriendlyName"":""Android Bootloader Interface"",""InstanceId"":""USB\\VID_18D1&PID_D00D\\1384E684""}]}",absent,fastboot,23.8,31.1,List of devices attached,1384e684               fastboot
2026-09-28T11:49:31.618+00:00,2026-09-28T11:49:31.665+00:00,1468.800,present,3074.0,"{""state"":""present"",""devices"":[{""Status"":""OK"",""Class"":""AndroidUsbDeviceClass"",""FriendlyName"":""Android Bootloader Interface"",""InstanceId"":""USB\\VID_18D1&PID_D00D\\1384E684""}]}",absent,fastboot,24.5,22.0,List of devices attached,1384e684               fastboot
2026-09-28T11:49:32.618+00:00,2026-09-28T11:49:32.664+00:00,1469.800,present,3074.0,"{""state"":""present"",""devices"":[{""Status"":""OK"",""Class"":""AndroidUsbDeviceClass"",""FriendlyName"":""Android Bootloader Interface"",""InstanceId"":""USB\\VID_18D1&PID_D00D\\1384E684""}]}",absent,fastboot,24.3,21.6,List of devices attached,1384e684               fastboot
2026-09-28T11:49:33.619+00:00,2026-09-28T11:49:33.678+00:00,1470.813,present,3074.0,"{""state"":""present"",""devices"":[{""Status"":""OK"",""Class"":""AndroidUsbDeviceClass"",""FriendlyName"":""Android Bootloader Interface"",""InstanceId"":""USB\\VID_18D1&PID_D00D\\1384E684""}]}",absent,fastboot,25.0,33.9,List of devices attached | emulator-5568          offline transport_id:1130,1384e684               fastboot
2026-09-28T11:49:34.619+00:00,2026-09-28T11:49:34.671+00:00,1471.807,present,3229.1,"{""state"":""present"",""devices"":[{""Status"":""OK"",""Class"":""AndroidUsbDeviceClass"",""FriendlyName"":""Android Bootloader Interface"",""InstanceId"":""USB\\VID_18D1&PID_D00D\\1384E684""}]}",absent,fastboot,28.9,23.0,List of devices attached,1384e684               fastboot
2026-09-28T11:49:35.620+00:00,2026-09-28T11:49:35.666+00:00,1472.802,present,3229.1,"{""state"":""present"",""devices"":[{""Status"":""OK"",""Class"":""AndroidUsbDeviceClass"",""FriendlyName"":""Android Bootloader Interface"",""InstanceId"":""USB\\VID_18D1&PID_D00D\\1384E684""}]}",absent,fastboot,24.0,22.5,List of devices attached,1384e684               fastboot
2026-09-28T11:49:36.620+00:00,2026-09-28T11:49:36.667+00:00,1473.803,present,3229.1,"{""state"":""present"",""devices"":[{""Status"":""OK"",""Class"":""AndroidUsbDeviceClass"",""FriendlyName"":""Android Bootloader Interface"",""InstanceId"":""USB\\VID_18D1&PID_D00D\\1384E684""}]}",absent,fastboot,25.5,22.1,List of devices attached,1384e684               fastboot
2026-09-28T11:49:37.620+00:00,2026-09-28T11:49:37.676+00:00,1474.811,present,3229.1,"{""state"":""present"",""devices"":[{""Status"":""OK"",""Class"":""AndroidUsbDeviceClass"",""FriendlyName"":""Android Bootloader Interface"",""InstanceId"":""USB\\VID_18D1&PID_D00D\\1384E684""}]}",absent,fastboot,25.3,30.2,List of devices attached,1384e684               fastboot
2026-09-28T11:49:38.620+00:00,2026-09-28T11:49:38.667+00:00,1475.802,present,3186.7,"{""state"":""present"",""devices"":[{""Status"":""OK"",""Class"":""AndroidUsbDeviceClass"",""FriendlyName"":""Android Bootloader Interface"",""InstanceId"":""USB\\VID_18D1&PID_D00D\\1384E684""}]}",absent,fastboot,23.7,22.8,List of devices attached | emulator-5568          offline transport_id:1134,1384e684               fastboot
2026-09-28T11:49:39.621+00:00,2026-09-28T11:49:39.666+00:00,1476.801,present,3186.7,"{""state"":""present"",""devices"":[{""Status"":""OK"",""Class"":""AndroidUsbDeviceClass"",""FriendlyName"":""Android Bootloader Interface"",""InstanceId"":""USB\\VID_18D1&PID_D00D\\1384E684""}]}",absent,fastboot,23.3,21.7,List of devices attached,1384e684               fastboot
2026-09-28T11:49:40.621+00:00,2026-09-28T11:49:40.669+00:00,1477.804,present,3186.7,"{""state"":""present"",""devices"":[{""Status"":""OK"",""Class"":""AndroidUsbDeviceClass"",""FriendlyName"":""Android Bootloader Interface"",""InstanceId"":""USB\\VID_18D1&PID_D00D\\1384E684""}]}",absent,fastboot,24.8,22.9,List of devices attached,1384e684               fastboot
2026-09-28T11:49:41.621+00:00,2026-09-28T11:49:41.677+00:00,1478.813,present,3186.7,"{""state"":""present"",""devices"":[{""Status"":""OK"",""Class"":""AndroidUsbDeviceClass"",""FriendlyName"":""Android Bootloader Interface"",""InstanceId"":""USB\\VID_18D1&PID_D00D\\1384E684""}]}",absent,fastboot,33.2,22.7,List of devices attached,1384e684               fastboot
2026-09-28T11:49:42.622+00:00,2026-09-28T11:49:42.681+00:00,1479.816,present,3146.5,"{""state"":""present"",""devices"":[{""Status"":""OK"",""Class"":""AndroidUsbDeviceClass"",""FriendlyName"":""Android Bootloader Interface"",""InstanceId"":""USB\\VID_18D1&PID_D00D\\1384E684""}]}",absent,fastboot,24.3,34.6,List of devices attached,1384e684               fastboot
2026-09-28T11:49:43.622+00:00,2026-09-28T11:49:43.675+00:00,1480.810,present,3146.5,"{""state"":""present"",""devices"":[{""Status"":""OK"",""Class"":""AndroidUsbDeviceClass"",""FriendlyName"":""Android Bootloader Interface"",""InstanceId"":""USB\\VID_18D1&PID_D00D\\1384E684""}]}",absent,fastboot,30.9,22.0,List of devices attached | emulator-5568          offline transport_id:1138,1384e684               fastboot
2026-09-28T11:49:44.622+00:00,2026-09-28T11:49:44.670+00:00,1481.805,present,3146.5,"{""state"":""present"",""devices"":[{""Status"":""OK"",""Class"":""AndroidUsbDeviceClass"",""FriendlyName"":""Android Bootloader Interface"",""InstanceId"":""USB\\VID_18D1&PID_D00D\\1384E684""}]}",absent,absent,23.9,23.3,List of devices attached,
2026-09-28T11:49:45.623+00:00,2026-09-28T11:49:45.673+00:00,1482.808,present,3146.5,"{""state"":""present"",""devices"":[{""Status"":""OK"",""Class"":""AndroidUsbDeviceClass"",""FriendlyName"":""Android Bootloader Interface"",""InstanceId"":""USB\\VID_18D1&PID_D00D\\1384E684""}]}",absent,absent,26.0,23.6,List of devices attached,
2026-09-28T11:49:46.623+00:00,2026-09-28T11:49:46.668+00:00,1483.803,present,3181.1,"{""state"":""present"",""devices"":[{""Status"":""OK"",""Class"":""AndroidUsbDeviceClass"",""FriendlyName"":""Android Bootloader Interface"",""InstanceId"":""USB\\VID_18D1&PID_D00D\\1384E684""}]}",absent,absent,23.4,21.3,List of devices attached,
2026-09-28T11:49:47.623+00:00,2026-09-28T11:49:47.670+00:00,1484.805,present,3181.1,"{""state"":""present"",""devices"":[{""Status"":""OK"",""Class"":""AndroidUsbDeviceClass"",""FriendlyName"":""Android Bootloader Interface"",""InstanceId"":""USB\\VID_18D1&PID_D00D\\1384E684""}]}",absent,absent,24.5,22.3,List of devices attached | emulator-5568          offline transport_id:1141,
2026-09-28T11:49:48.623+00:00,2026-09-28T11:49:48.681+00:00,1485.816,present,3181.1,"{""state"":""present"",""devices"":[{""Status"":""OK"",""Class"":""AndroidUsbDeviceClass"",""FriendlyName"":""Android Bootloader Interface"",""InstanceId"":""USB\\VID_18D1&PID_D00D\\1384E684""}]}",absent,absent,24.1,33.1,List of devices attached,
2026-09-28T11:49:49.624+00:00,2026-09-28T11:49:49.679+00:00,1486.814,present,3181.1,"{""state"":""present"",""devices"":[{""Status"":""OK"",""Class"":""AndroidUsbDeviceClass"",""FriendlyName"":""Android Bootloader Interface"",""InstanceId"":""USB\\VID_18D1&PID_D00D\\1384E684""}]}",absent,absent,24.1,30.5,List of devices attached,
2026-09-28T11:49:50.624+00:00,2026-09-28T11:49:50.670+00:00,1487.805,absent,3152.6,"{""state"":""absent"",""devices"":[]}",absent,absent,24.3,21.8,List of devices attached,
2026-09-28T11:49:51.624+00:00,2026-09-28T11:49:51.669+00:00,1488.804,absent,3152.6,"{""state"":""absent"",""devices"":[]}",absent,absent,23.2,21.5,List of devices attached,
2026-09-28T11:49:52.625+00:00,2026-09-28T11:49:52.670+00:00,1489.805,absent,3152.6,"{""state"":""absent"",""devices"":[]}",absent,absent,23.9,21.4,List of devices attached | emulator-5568          offline transport_id:1145,
2026-09-28T11:49:53.625+00:00,2026-09-28T11:49:53.688+00:00,1490.823,absent,3152.6,"{""state"":""absent"",""devices"":[]}",absent,absent,24.5,38.1,List of devices attached,
2026-09-28T11:49:54.626+00:00,2026-09-28T11:49:54.676+00:00,1491.812,absent,3166.9,"{""state"":""absent"",""devices"":[]}",absent,absent,29.0,21.5,List of devices attached,
2026-09-28T11:49:55.626+00:00,2026-09-28T11:49:55.671+00:00,1492.807,absent,3166.9,"{""state"":""absent"",""devices"":[]}",absent,absent,23.4,21.8,List of devices attached,
2026-09-28T11:49:56.626+00:00,2026-09-28T11:49:56.673+00:00,1493.809,absent,3166.9,"{""state"":""absent"",""devices"":[]}",absent,absent,24.9,22.0,List of devices attached,
2026-09-28T11:49:57.627+00:00,2026-09-28T11:49:57.686+00:00,1494.821,absent,3166.9,"{""state"":""absent"",""devices"":[]}",absent,absent,23.9,35.1,List of devices attached | emulator-5568          offline transport_id:1149,
2026-09-28T11:49:58.627+00:00,2026-09-28T11:49:58.673+00:00,1495.809,absent,3199.2,"{""state"":""absent"",""devices"":[]}",absent,absent,23.9,22.3,List of devices attached,
2026-09-28T11:49:59.627+00:00,2026-09-28T11:49:59.672+00:00,1496.807,absent,3199.2,"{""state"":""absent"",""devices"":[]}",absent,absent,22.7,21.7,List of devices attached,
2026-09-28T11:50:00.628+00:00,2026-09-28T11:50:00.672+00:00,1497.808,absent,3199.2,"{""state"":""absent"",""devices"":[]}",absent,absent,23.1,21.3,List of devices attached,
2026-09-28T11:50:01.628+00:00,2026-09-28T11:50:01.674+00:00,1498.810,absent,3199.2,"{""state"":""absent"",""devices"":[]}",absent,absent,24.1,22.4,List of devices attached | emulator-5568          offline transport_id:1152,
2026-09-28T11:50:02.628+00:00,2026-09-28T11:50:02.674+00:00,1499.810,absent,3091.8,"{""state"":""absent"",""devices"":[]}",absent,absent,24.4,21.4,List of devices attached,
2026-09-28T11:50:03.629+00:00,2026-09-28T11:50:03.676+00:00,1500.811,absent,3091.8,"{""state"":""absent"",""devices"":[]}",absent,absent,24.4,22.4,List of devices attached,
2026-09-28T11:50:04.629+00:00,2026-09-28T11:50:04.676+00:00,1501.812,absent,3091.8,"{""state"":""absent"",""devices"":[]}",absent,absent,25.5,21.7,List of devices attached,
2026-09-28T11:50:05.629+00:00,2026-09-28T11:50:05.690+00:00,1502.826,absent,3091.8,"{""state"":""absent"",""devices"":[]}",absent,absent,23.7,37.2,List of devices attached,
2026-09-28T11:50:06.630+00:00,2026-09-28T11:50:06.678+00:00,1503.814,absent,3127.5,"{""state"":""absent"",""devices"":[]}",absent,absent,26.4,22.2,List of devices attached | emulator-5568          offline transport_id:1156,
2026-09-28T11:50:07.630+00:00,2026-09-28T11:50:07.677+00:00,1504.813,absent,3127.5,"{""state"":""absent"",""devices"":[]}",absent,absent,25.1,22.2,List of devices attached,
2026-09-28T11:50:08.631+00:00,2026-09-28T11:50:08.680+00:00,1505.815,absent,3127.5,"{""state"":""absent"",""devices"":[]}",absent,absent,23.7,25.4,List of devices attached,
2026-09-28T11:50:09.631+00:00,2026-09-28T11:50:09.676+00:00,1506.811,absent,3127.5,"{""state"":""absent"",""devices"":[]}",absent,absent,23.9,21.1,List of devices attached,
2026-09-28T11:50:10.631+00:00,2026-09-28T11:50:10.677+00:00,1507.812,absent,3102.4,"{""state"":""absent"",""devices"":[]}",absent,absent,24.1,21.3,List of devices attached,
2026-09-28T11:50:11.632+00:00,2026-09-28T11:50:11.677+00:00,1508.812,absent,3102.4,"{""state"":""absent"",""devices"":[]}",absent,absent,24.8,20.5,List of devices attached | emulator-5568          offline transport_id:1160,
2026-09-28T11:50:12.632+00:00,2026-09-28T11:50:12.675+00:00,1509.810,absent,3102.4,"{""state"":""absent"",""devices"":[]}",absent,absent,23.1,20.0,List of devices attached,
2026-09-28T11:50:13.632+00:00,2026-09-28T11:50:13.679+00:00,1510.814,absent,3102.4,"{""state"":""absent"",""devices"":[]}",absent,absent,25.3,21.2,List of devices attached,
2026-09-28T11:50:14.632+00:00,2026-09-28T11:50:14.679+00:00,1511.815,absent,3162.2,"{""state"":""absent"",""devices"":[]}",absent,absent,25.0,22.0,List of devices attached,
2026-09-28T11:50:15.632+00:00,2026-09-28T11:50:15.679+00:00,1512.815,absent,3162.2,"{""state"":""absent"",""devices"":[]}",absent,absent,25.4,21.6,List of devices attached | emulator-5568          offline transport_id:1163,
2026-09-28T11:50:16.633+00:00,2026-09-28T11:50:16.677+00:00,1513.812,absent,3162.2,"{""state"":""absent"",""devices"":[]}",absent,absent,23.3,21.0,List of devices attached,
2026-09-28T11:50:17.633+00:00,2026-09-28T11:50:17.680+00:00,1514.815,absent,3162.2,"{""state"":""absent"",""devices"":[]}",absent,absent,25.4,21.5,List of devices attached,
2026-09-28T11:50:18.633+00:00,2026-09-28T11:50:18.680+00:00,1515.815,absent,3194.1,"{""state"":""absent"",""devices"":[]}",absent,absent,25.0,20.9,List of devices attached,
2026-09-28T11:50:19.634+00:00,2026-09-28T11:50:19.681+00:00,1516.816,absent,3194.1,"{""state"":""absent"",""devices"":[]}",absent,absent,25.7,21.6,List of devices attached,
2026-09-28T11:50:20.634+00:00,2026-09-28T11:50:20.682+00:00,1517.818,absent,3194.1,"{""state"":""absent"",""devices"":[]}",absent,absent,27.0,21.3,List of devices attached | emulator-5568          offline transport_id:1167,
2026-09-28T11:50:21.635+00:00,2026-09-28T11:50:21.683+00:00,1518.818,absent,3194.1,"{""state"":""absent"",""devices"":[]}",absent,absent,25.9,22.4,List of devices attached,
2026-09-28T11:50:22.635+00:00,2026-09-28T11:50:22.682+00:00,1519.818,absent,3511.2,"{""state"":""absent"",""devices"":[]}",absent,absent,25.8,21.5,List of devices attached,
2026-09-28T11:50:23.635+00:00,2026-09-28T11:50:23.684+00:00,1520.819,absent,3511.2,"{""state"":""absent"",""devices"":[]}",absent,absent,26.3,21.9,List of devices attached,
2026-09-28T11:50:24.636+00:00,2026-09-28T11:50:24.684+00:00,1521.819,absent,3511.2,"{""state"":""absent"",""devices"":[]}",absent,absent,26.9,21.0,List of devices attached,
2026-09-28T11:50:25.636+00:00,2026-09-28T11:50:25.698+00:00,1522.833,absent,3511.2,"{""state"":""absent"",""devices"":[]}",absent,absent,39.4,22.2,List of devices attached | emulator-5568          offline transport_id:1171,
2026-09-28T11:50:26.636+00:00,2026-09-28T11:50:26.683+00:00,1523.819,absent,3548.6,"{""state"":""absent"",""devices"":[]}",absent,absent,25.8,21.0,List of devices attached,
2026-09-28T11:50:27.637+00:00,2026-09-28T11:50:27.684+00:00,1524.819,absent,3548.6,"{""state"":""absent"",""devices"":[]}",absent,absent,25.5,21.9,List of devices attached,
2026-09-28T11:50:28.637+00:00,2026-09-28T11:50:28.687+00:00,1525.823,absent,3548.6,"{""state"":""absent"",""devices"":[]}",absent,absent,25.2,25.5,List of devices attached,
2026-09-28T11:50:29.637+00:00,2026-09-28T11:50:29.682+00:00,1526.818,absent,3548.6,"{""state"":""absent"",""devices"":[]}",absent,absent,24.9,20.5,List of devices attached | emulator-5568          offline transport_id:1174,
2026-09-28T11:50:30.637+00:00,2026-09-28T11:50:30.686+00:00,1527.821,absent,3546.2,"{""state"":""absent"",""devices"":[]}",absent,absent,26.6,22.0,List of devices attached,
2026-09-28T11:50:31.637+00:00,2026-09-28T11:50:31.682+00:00,1528.817,absent,3546.2,"{""state"":""absent"",""devices"":[]}",absent,absent,24.2,20.4,List of devices attached,
2026-09-28T11:50:32.638+00:00,2026-09-28T11:50:32.684+00:00,1529.819,absent,3546.2,"{""state"":""absent"",""devices"":[]}",absent,absent,24.9,20.8,List of devices attached,
2026-09-28T11:50:33.638+00:00,2026-09-28T11:50:33.684+00:00,1530.820,absent,3546.2,"{""state"":""absent"",""devices"":[]}",absent,absent,25.8,20.5,List of devices attached,
2026-09-28T11:50:34.638+00:00,2026-09-28T11:50:34.685+00:00,1531.820,absent,3465.4,"{""state"":""absent"",""devices"":[]}",absent,absent,25.7,20.7,List of devices attached | emulator-5568          offline transport_id:1178,
2026-09-28T11:50:35.638+00:00,2026-09-28T11:50:35.685+00:00,1532.820,absent,3465.4,"{""state"":""absent"",""devices"":[]}",absent,absent,25.3,21.3,List of devices attached,
2026-09-28T11:50:36.639+00:00,2026-09-28T11:50:36.683+00:00,1533.818,absent,3465.4,"{""state"":""absent"",""devices"":[]}",absent,absent,23.6,20.6,List of devices attached,
2026-09-28T11:50:37.639+00:00,2026-09-28T11:50:37.684+00:00,1534.820,absent,3465.4,"{""state"":""absent"",""devices"":[]}",absent,absent,24.7,20.5,List of devices attached,
2026-09-28T11:50:38.639+00:00,2026-09-28T11:50:38.692+00:00,1535.827,absent,3412.7,"{""state"":""absent"",""devices"":[]}",absent,absent,28.1,24.0,List of devices attached,
2026-09-28T11:50:39.640+00:00,2026-09-28T11:50:39.703+00:00,1536.839,absent,3412.7,"{""state"":""absent"",""devices"":[]}",absent,absent,40.4,23.0,List of devices attached | emulator-5568          offline transport_id:1182,
2026-09-28T11:50:40.640+00:00,2026-09-28T11:50:40.690+00:00,1537.825,absent,3412.7,"{""state"":""absent"",""devices"":[]}",absent,absent,27.8,22.0,List of devices attached,
2026-09-28T11:50:41.640+00:00,2026-09-28T11:50:41.689+00:00,1538.824,absent,3412.7,"{""state"":""absent"",""devices"":[]}",absent,absent,26.1,22.4,List of devices attached,
2026-09-28T11:50:42.640+00:00,2026-09-28T11:50:42.697+00:00,1539.832,absent,3623.7,"{""state"":""absent"",""devices"":[]}",absent,absent,31.8,24.2,List of devices attached,
2026-09-28T11:50:43.641+00:00,2026-09-28T11:50:43.710+00:00,1540.845,absent,3623.7,"{""state"":""absent"",""devices"":[]}",absent,absent,47.1,21.5,List of devices attached | emulator-5568          offline transport_id:1185,
2026-09-28T11:50:44.641+00:00,2026-09-28T11:50:44.689+00:00,1541.824,absent,3623.7,"{""state"":""absent"",""devices"":[]}",absent,absent,26.8,20.7,List of devices attached,
2026-09-28T11:50:45.641+00:00,2026-09-28T11:50:45.686+00:00,1542.821,absent,3623.7,"{""state"":""absent"",""devices"":[]}",absent,absent,24.5,20.2,List of devices attached,
2026-09-28T11:50:46.641+00:00,2026-09-28T11:50:46.689+00:00,1543.825,absent,3468.9,"{""state"":""absent"",""devices"":[]}",absent,absent,25.2,22.7,List of devices attached,
2026-09-28T11:50:47.642+00:00,2026-09-28T11:50:47.688+00:00,1544.823,absent,3468.9,"{""state"":""absent"",""devices"":[]}",absent,absent,24.8,20.8,List of devices attached,
2026-09-28T11:50:48.642+00:00,2026-09-28T11:50:48.690+00:00,1545.825,absent,3468.9,"{""state"":""absent"",""devices"":[]}",absent,absent,26.9,20.9,List of devices attached | emulator-5568          offline transport_id:1189,
2026-09-28T11:50:49.643+00:00,2026-09-28T11:50:49.691+00:00,1546.826,absent,3468.9,"{""state"":""absent"",""devices"":[]}",absent,absent,26.2,21.6,List of devices attached,
2026-09-28T11:50:50.643+00:00,2026-09-28T11:50:50.690+00:00,1547.825,absent,3487.4,"{""state"":""absent"",""devices"":[]}",absent,absent,25.1,21.7,List of devices attached,
2026-09-28T11:50:51.643+00:00,2026-09-28T11:50:51.689+00:00,1548.825,absent,3487.4,"{""state"":""absent"",""devices"":[]}",absent,absent,25.3,21.1,List of devices attached,
2026-09-28T11:50:52.643+00:00,2026-09-28T11:50:52.709+00:00,1549.845,absent,3487.4,"{""state"":""absent"",""devices"":[]}",absent,absent,42.9,23.1,List of devices attached,
2026-09-28T11:50:53.644+00:00,2026-09-28T11:50:53.691+00:00,1550.826,absent,3487.4,"{""state"":""absent"",""devices"":[]}",absent,absent,25.9,21.4,List of devices attached | emulator-5568          offline transport_id:1193,
2026-09-28T11:50:54.644+00:00,2026-09-28T11:50:54.692+00:00,1551.827,absent,3449.3,"{""state"":""absent"",""devices"":[]}",absent,absent,25.7,22.0,List of devices attached,
2026-09-28T11:50:55.644+00:00,2026-09-28T11:50:55.696+00:00,1552.831,absent,3449.3,"{""state"":""absent"",""devices"":[]}",absent,absent,28.8,23.0,List of devices attached,
2026-09-28T11:50:56.644+00:00,2026-09-28T11:50:56.694+00:00,1553.829,absent,3449.3,"{""state"":""absent"",""devices"":[]}",absent,absent,27.2,22.5,List of devices attached,
2026-09-28T11:50:57.645+00:00,2026-09-28T11:50:57.698+00:00,1554.833,absent,3449.3,"{""state"":""absent"",""devices"":[]}",absent,absent,31.5,21.6,List of devices attached | emulator-5568          offline transport_id:1196,
2026-09-28T11:50:58.645+00:00,2026-09-28T11:50:58.694+00:00,1555.830,absent,3503.8,"{""state"":""absent"",""devices"":[]}",absent,absent,27.2,21.7,List of devices attached,
2026-09-28T11:50:59.645+00:00,2026-09-28T11:50:59.696+00:00,1556.831,absent,3503.8,"{""state"":""absent"",""devices"":[]}",absent,absent,27.6,22.9,List of devices attached,
2026-09-28T11:51:00.646+00:00,2026-09-28T11:51:00.698+00:00,1557.834,absent,3503.8,"{""state"":""absent"",""devices"":[]}",absent,absent,29.8,22.7,List of devices attached,
2026-09-28T11:51:01.646+00:00,2026-09-28T11:51:01.694+00:00,1558.829,absent,3503.8,"{""state"":""absent"",""devices"":[]}",absent,absent,25.3,22.6,List of devices attached,
2026-09-28T11:51:02.646+00:00,2026-09-28T11:51:02.694+00:00,1559.830,absent,3519.6,"{""state"":""absent"",""devices"":[]}",absent,absent,26.0,21.9,List of devices attached | emulator-5568          offline transport_id:1200,
2026-09-28T11:51:03.647+00:00,2026-09-28T11:51:03.704+00:00,1560.839,absent,3519.6,"{""state"":""absent"",""devices"":[]}",absent,absent,35.3,21.6,List of devices attached,
2026-09-28T11:51:04.647+00:00,2026-09-28T11:51:04.694+00:00,1561.829,absent,3519.6,"{""state"":""absent"",""devices"":[]}",absent,absent,26.0,21.2,List of devices attached,
2026-09-28T11:51:05.647+00:00,2026-09-28T11:51:05.694+00:00,1562.830,absent,3519.6,"{""state"":""absent"",""devices"":[]}",absent,absent,26.3,21.2,List of devices attached,
2026-09-28T11:51:06.647+00:00,2026-09-28T11:51:06.708+00:00,1563.843,absent,3514.7,"{""state"":""absent"",""devices"":[]}",absent,absent,26.3,34.2,List of devices attached,
2026-09-28T11:51:07.648+00:00,2026-09-28T11:51:07.705+00:00,1564.840,absent,3514.7,"{""state"":""absent"",""devices"":[]}",absent,absent,25.7,31.1,List of devices attached | emulator-5568          offline transport_id:1204,
2026-09-28T11:51:08.648+00:00,2026-09-28T11:51:08.695+00:00,1565.830,absent,3514.7,"{""state"":""absent"",""devices"":[]}",absent,absent,26.1,20.6,List of devices attached,
2026-09-28T11:51:09.649+00:00,2026-09-28T11:51:09.696+00:00,1566.831,absent,3514.7,"{""state"":""absent"",""devices"":[]}",absent,absent,25.6,21.8,List of devices attached,
2026-09-28T11:51:10.649+00:00,2026-09-28T11:51:10.710+00:00,1567.846,absent,3553.7,"{""state"":""absent"",""devices"":[]}",absent,absent,25.4,35.9,List of devices attached,
2026-09-28T11:51:11.649+00:00,2026-09-28T11:51:11.695+00:00,1568.830,absent,3553.7,"{""state"":""absent"",""devices"":[]}",absent,absent,23.9,21.7,List of devices attached | emulator-5568          offline transport_id:1207,
2026-09-28T11:51:12.650+00:00,2026-09-28T11:51:12.720+00:00,1569.856,absent,3553.7,"{""state"":""absent"",""devices"":[]}",absent,absent,25.4,45.3,List of devices attached,
2026-09-28T11:51:13.650+00:00,2026-09-28T11:51:13.702+00:00,1570.837,absent,3553.7,"{""state"":""absent"",""devices"":[]}",absent,absent,26.0,25.9,List of devices attached,
2026-09-28T11:51:14.650+00:00,2026-09-28T11:51:14.700+00:00,1571.835,absent,3415.8,"{""state"":""absent"",""devices"":[]}",absent,absent,25.7,24.1,List of devices attached,
2026-09-28T11:51:15.650+00:00,2026-09-28T11:51:15.705+00:00,1572.840,absent,3415.8,"{""state"":""absent"",""devices"":[]}",absent,absent,26.0,28.7,List of devices attached,
2026-09-28T11:51:16.651+00:00,2026-09-28T11:51:16.696+00:00,1573.832,absent,3415.8,"{""state"":""absent"",""devices"":[]}",absent,absent,24.1,21.6,List of devices attached | emulator-5568          offline transport_id:1211,
2026-09-28T11:51:17.651+00:00,2026-09-28T11:51:17.699+00:00,1574.835,absent,3415.8,"{""state"":""absent"",""devices"":[]}",absent,absent,25.3,23.3,List of devices attached,
2026-09-28T11:51:18.651+00:00,2026-09-28T11:51:18.712+00:00,1575.847,absent,3536.9,"{""state"":""absent"",""devices"":[]}",absent,absent,26.7,34.0,List of devices attached,
2026-09-28T11:51:19.651+00:00,2026-09-28T11:51:19.712+00:00,1576.848,absent,3536.9,"{""state"":""absent"",""devices"":[]}",absent,absent,25.5,35.7,List of devices attached,
2026-09-28T11:51:20.651+00:00,2026-09-28T11:51:20.710+00:00,1577.845,absent,3536.9,"{""state"":""absent"",""devices"":[]}",absent,absent,36.2,22.1,List of devices attached,
2026-09-28T11:51:21.652+00:00,2026-09-28T11:51:21.707+00:00,1578.843,absent,3536.9,"{""state"":""absent"",""devices"":[]}",absent,absent,25.5,30.0,List of devices attached | emulator-5568          offline transport_id:1215,
2026-09-28T11:51:22.652+00:00,2026-09-28T11:51:22.701+00:00,1579.836,absent,3477.1,"{""state"":""absent"",""devices"":[]}",absent,absent,26.3,22.5,List of devices attached,
2026-09-28T11:51:23.652+00:00,2026-09-28T11:51:23.703+00:00,1580.839,absent,3477.1,"{""state"":""absent"",""devices"":[]}",absent,absent,28.2,22.9,List of devices attached,
2026-09-28T11:51:24.652+00:00,2026-09-28T11:51:24.706+00:00,1581.841,absent,3477.1,"{""state"":""absent"",""devices"":[]}",absent,absent,26.1,27.2,List of devices attached,
2026-09-28T11:51:25.653+00:00,2026-09-28T11:51:25.700+00:00,1582.836,absent,3477.1,"{""state"":""absent"",""devices"":[]}",absent,absent,25.6,21.8,List of devices attached | emulator-5568          offline transport_id:1218,
2026-09-28T11:51:26.653+00:00,2026-09-28T11:51:26.712+00:00,1583.847,absent,3474.1,"{""state"":""absent"",""devices"":[]}",absent,absent,25.2,32.7,List of devices attached,
2026-09-28T11:51:27.654+00:00,2026-09-28T11:51:27.701+00:00,1584.837,absent,3474.1,"{""state"":""absent"",""devices"":[]}",absent,absent,25.3,22.0,List of devices attached,
2026-09-28T11:51:28.654+00:00,2026-09-28T11:51:28.715+00:00,1585.851,absent,3474.1,"{""state"":""absent"",""devices"":[]}",absent,absent,39.3,21.9,List of devices attached,
2026-09-28T11:51:29.654+00:00,2026-09-28T11:51:29.702+00:00,1586.837,absent,3474.1,"{""state"":""absent"",""devices"":[]}",absent,absent,25.0,22.7,List of devices attached,
2026-09-28T11:51:30.655+00:00,2026-09-28T11:51:30.711+00:00,1587.846,absent,3425.8,"{""state"":""absent"",""devices"":[]}",absent,absent,25.2,31.1,List of devices attached | emulator-5568          offline transport_id:1222,
2026-09-28T11:51:31.655+00:00,2026-09-28T11:51:31.706+00:00,1588.841,absent,3425.8,"{""state"":""absent"",""devices"":[]}",absent,absent,25.8,24.9,List of devices attached,
2026-09-28T11:51:32.656+00:00,2026-09-28T11:51:32.703+00:00,1589.839,absent,3425.8,"{""state"":""absent"",""devices"":[]}",absent,absent,25.0,22.6,List of devices attached,
2026-09-28T11:51:33.656+00:00,2026-09-28T11:51:33.704+00:00,1590.840,absent,3425.8,"{""state"":""absent"",""devices"":[]}",absent,absent,26.0,22.0,List of devices attached,
2026-09-28T11:51:34.657+00:00,2026-09-28T11:51:34.705+00:00,1591.840,absent,3504.4,"{""state"":""absent"",""devices"":[]}",absent,absent,25.1,23.2,List of devices attached,
2026-09-28T11:51:35.657+00:00,2026-09-28T11:51:35.706+00:00,1592.841,absent,3504.4,"{""state"":""absent"",""devices"":[]}",absent,absent,25.5,23.5,List of devices attached | emulator-5568          offline transport_id:1226,
2026-09-28T11:51:36.657+00:00,2026-09-28T11:51:36.705+00:00,1593.840,absent,3504.4,"{""state"":""absent"",""devices"":[]}",absent,absent,24.3,23.2,List of devices attached,
2026-09-28T11:51:37.657+00:00,2026-09-28T11:51:37.705+00:00,1594.841,absent,3504.4,"{""state"":""absent"",""devices"":[]}",absent,absent,26.2,22.0,List of devices attached,
2026-09-28T11:51:38.658+00:00,2026-09-28T11:51:38.707+00:00,1595.842,absent,3451.2,"{""state"":""absent"",""devices"":[]}",absent,absent,24.7,24.4,List of devices attached,
2026-09-28T11:51:39.658+00:00,2026-09-28T11:51:39.706+00:00,1596.841,absent,3451.2,"{""state"":""absent"",""devices"":[]}",absent,absent,24.9,22.5,List of devices attached | emulator-5568          offline transport_id:1229,
2026-09-28T11:51:40.658+00:00,2026-09-28T11:51:40.709+00:00,1597.844,absent,3451.2,"{""state"":""absent"",""devices"":[]}",absent,absent,26.5,24.2,List of devices attached,
2026-09-28T11:51:41.659+00:00,2026-09-28T11:51:41.706+00:00,1598.842,absent,3451.2,"{""state"":""absent"",""devices"":[]}",absent,absent,25.7,21.8,List of devices attached,
2026-09-28T11:51:42.659+00:00,2026-09-28T11:51:42.707+00:00,1599.843,absent,3403.5,"{""state"":""absent"",""devices"":[]}",absent,absent,24.7,23.8,List of devices attached,
2026-09-28T11:51:43.659+00:00,2026-09-28T11:51:43.708+00:00,1600.843,absent,3403.5,"{""state"":""absent"",""devices"":[]}",absent,absent,26.3,22.8,List of devices attached,
2026-09-28T11:51:44.659+00:00,2026-09-28T11:51:44.705+00:00,1601.841,absent,3403.5,"{""state"":""absent"",""devices"":[]}",absent,absent,24.2,21.6,List of devices attached | emulator-5568          offline transport_id:1233,
2026-09-28T11:51:45.660+00:00,2026-09-28T11:51:45.706+00:00,1602.842,absent,3403.5,"{""state"":""absent"",""devices"":[]}",absent,absent,23.9,22.7,List of devices attached,
2026-09-28T11:51:46.660+00:00,2026-09-28T11:51:46.706+00:00,1603.842,absent,3583.1,"{""state"":""absent"",""devices"":[]}",absent,absent,24.3,21.9,List of devices attached,
2026-09-28T11:51:47.660+00:00,2026-09-28T11:51:47.707+00:00,1604.842,absent,3583.1,"{""state"":""absent"",""devices"":[]}",absent,absent,25.2,21.5,List of devices attached,
2026-09-28T11:51:48.661+00:00,2026-09-28T11:51:48.707+00:00,1605.842,absent,3583.1,"{""state"":""absent"",""devices"":[]}",absent,absent,25.1,21.0,List of devices attached,
2026-09-28T11:51:49.661+00:00,2026-09-28T11:51:49.720+00:00,1606.855,absent,3583.1,"{""state"":""absent"",""devices"":[]}",absent,absent,24.1,34.9,List of devices attached | emulator-5568          offline transport_id:1237,
2026-09-28T11:51:50.661+00:00,2026-09-28T11:51:50.708+00:00,1607.844,absent,3471.2,"{""state"":""absent"",""devices"":[]}",absent,absent,24.5,22.5,List of devices attached,
2026-09-28T11:51:51.661+00:00,2026-09-28T11:51:51.712+00:00,1608.848,absent,3471.2,"{""state"":""absent"",""devices"":[]}",absent,absent,27.7,23.3,List of devices attached,
2026-09-28T11:51:52.662+00:00,2026-09-28T11:51:52.709+00:00,1609.844,absent,3471.2,"{""state"":""absent"",""devices"":[]}",absent,absent,25.5,21.7,List of devices attached,
2026-09-28T11:51:53.662+00:00,2026-09-28T11:51:53.714+00:00,1610.849,absent,3471.2,"{""state"":""absent"",""devices"":[]}",absent,absent,25.6,26.1,List of devices attached | emulator-5568          offline transport_id:1240,
2026-09-28T11:51:54.663+00:00,2026-09-28T11:51:54.711+00:00,1611.847,absent,3554.2,"{""state"":""absent"",""devices"":[]}",absent,absent,24.7,23.8,List of devices attached,
2026-09-28T11:51:55.663+00:00,2026-09-28T11:51:55.713+00:00,1612.848,absent,3554.2,"{""state"":""absent"",""devices"":[]}",absent,absent,26.6,23.2,List of devices attached,
2026-09-28T11:51:56.663+00:00,2026-09-28T11:51:56.710+00:00,1613.846,absent,3554.2,"{""state"":""absent"",""devices"":[]}",absent,absent,25.5,21.6,List of devices attached,
2026-09-28T11:51:57.664+00:00,2026-09-28T11:51:57.710+00:00,1614.846,absent,3554.2,"{""state"":""absent"",""devices"":[]}",absent,absent,24.3,22.5,List of devices attached,
2026-09-28T11:51:58.664+00:00,2026-09-28T11:51:58.712+00:00,1615.847,absent,3496.4,"{""state"":""absent"",""devices"":[]}",absent,absent,25.5,22.5,List of devices attached | emulator-5568          offline transport_id:1244,
2026-09-28T11:51:59.664+00:00,2026-09-28T11:51:59.712+00:00,1616.848,absent,3496.4,"{""state"":""absent"",""devices"":[]}",absent,absent,26.4,21.8,List of devices attached,
2026-09-28T11:52:00.664+00:00,2026-09-28T11:52:00.716+00:00,1617.851,absent,3496.4,"{""state"":""absent"",""devices"":[]}",absent,absent,29.0,22.7,List of devices attached,
2026-09-28T11:52:01.665+00:00,2026-09-28T11:52:01.713+00:00,1618.849,absent,3496.4,"{""state"":""absent"",""devices"":[]}",absent,absent,27.0,21.6,List of devices attached,
2026-09-28T11:52:02.665+00:00,2026-09-28T11:52:02.711+00:00,1619.847,absent,3538.6,"{""state"":""absent"",""devices"":[]}",absent,absent,24.7,21.4,List of devices attached | emulator-5568          offline transport_id:1247,
2026-09-28T11:52:03.666+00:00,2026-09-28T11:52:03.715+00:00,1620.851,absent,3538.6,"{""state"":""absent"",""devices"":[]}",absent,absent,28.2,21.7,List of devices attached,
2026-09-28T11:52:04.666+00:00,2026-09-28T11:52:04.728+00:00,1621.864,absent,3538.6,"{""state"":""absent"",""devices"":[]}",absent,absent,40.7,21.9,List of devices attached,
2026-09-28T11:52:05.666+00:00,2026-09-28T11:52:05.716+00:00,1622.852,absent,3538.6,"{""state"":""absent"",""devices"":[]}",absent,absent,25.5,24.8,List of devices attached,
2026-09-28T11:52:06.666+00:00,2026-09-28T11:52:06.720+00:00,1623.855,absent,3550.5,"{""state"":""absent"",""devices"":[]}",absent,absent,25.5,28.2,List of devices attached,
2026-09-28T11:52:07.666+00:00,2026-09-28T11:52:07.714+00:00,1624.850,absent,3550.5,"{""state"":""absent"",""devices"":[]}",absent,absent,25.8,21.9,List of devices attached | emulator-5568          offline transport_id:1251,
2026-09-28T11:52:08.667+00:00,2026-09-28T11:52:08.715+00:00,1625.850,absent,3550.5,"{""state"":""absent"",""devices"":[]}",absent,absent,26.4,21.5,List of devices attached,
2026-09-28T11:52:09.667+00:00,2026-09-28T11:52:09.715+00:00,1626.850,absent,3550.5,"{""state"":""absent"",""devices"":[]}",absent,absent,25.8,21.6,List of devices attached,
2026-09-28T11:52:10.668+00:00,2026-09-28T11:52:10.715+00:00,1627.850,absent,3499.3,"{""state"":""absent"",""devices"":[]}",absent,absent,25.3,21.9,List of devices attached,
2026-09-28T11:52:11.668+00:00,2026-09-28T11:52:11.716+00:00,1628.851,absent,3499.3,"{""state"":""absent"",""devices"":[]}",absent,absent,26.1,21.7,List of devices attached,
2026-09-28T11:52:12.668+00:00,2026-09-28T11:52:12.716+00:00,1629.852,absent,3499.3,"{""state"":""absent"",""devices"":[]}",absent,absent,27.0,21.3,List of devices attached | emulator-5568          offline transport_id:1255,
2026-09-28T11:52:13.668+00:00,2026-09-28T11:52:13.715+00:00,1630.850,absent,3499.3,"{""state"":""absent"",""devices"":[]}",absent,absent,25.9,20.7,List of devices attached,
2026-09-28T11:52:14.668+00:00,2026-09-28T11:52:14.716+00:00,1631.851,absent,3473.1,"{""state"":""absent"",""devices"":[]}",absent,absent,26.4,21.1,List of devices attached,
2026-09-28T11:52:15.668+00:00,2026-09-28T11:52:15.729+00:00,1632.864,absent,3473.1,"{""state"":""absent"",""devices"":[]}",absent,absent,39.8,20.8,List of devices attached,
2026-09-28T11:52:16.669+00:00,2026-09-28T11:52:16.715+00:00,1633.850,absent,3473.1,"{""state"":""absent"",""devices"":[]}",absent,absent,25.5,20.7,List of devices attached | emulator-5568          offline transport_id:1258,
2026-09-28T11:52:17.669+00:00,2026-09-28T11:52:17.730+00:00,1634.865,absent,3473.1,"{""state"":""absent"",""devices"":[]}",absent,absent,39.7,21.2,List of devices attached,
2026-09-28T11:52:18.669+00:00,2026-09-28T11:52:18.716+00:00,1635.852,absent,3513.3,"{""state"":""absent"",""devices"":[]}",absent,absent,26.3,21.1,List of devices attached,
2026-09-28T11:52:19.670+00:00,2026-09-28T11:52:19.717+00:00,1636.852,absent,3513.3,"{""state"":""absent"",""devices"":[]}",absent,absent,26.6,20.4,List of devices attached,
2026-09-28T11:52:20.670+00:00,2026-09-28T11:52:20.716+00:00,1637.851,absent,3513.3,"{""state"":""absent"",""devices"":[]}",absent,absent,25.4,20.3,List of devices attached,
2026-09-28T11:52:21.671+00:00,2026-09-28T11:52:21.719+00:00,1638.854,absent,3513.3,"{""state"":""absent"",""devices"":[]}",absent,absent,26.2,21.8,List of devices attached | emulator-5568          offline transport_id:1262,
2026-09-28T11:52:22.671+00:00,2026-09-28T11:52:22.718+00:00,1639.853,absent,3519.3,"{""state"":""absent"",""devices"":[]}",absent,absent,25.0,21.7,List of devices attached,
2026-09-28T11:52:23.671+00:00,2026-09-28T11:52:23.719+00:00,1640.854,absent,3519.3,"{""state"":""absent"",""devices"":[]}",absent,absent,26.6,21.2,List of devices attached,
2026-09-28T11:52:24.671+00:00,2026-09-28T11:52:24.718+00:00,1641.853,absent,3519.3,"{""state"":""absent"",""devices"":[]}",absent,absent,25.8,20.4,List of devices attached,
2026-09-28T11:52:25.672+00:00,2026-09-28T11:52:25.717+00:00,1642.852,absent,3519.3,"{""state"":""absent"",""devices"":[]}",absent,absent,24.8,20.6,List of devices attached,
2026-09-28T11:52:26.672+00:00,2026-09-28T11:52:26.719+00:00,1643.854,absent,3447.2,"{""state"":""absent"",""devices"":[]}",absent,absent,24.9,22.0,List of devices attached | emulator-5568          offline transport_id:1266,
2026-09-28T11:52:27.673+00:00,2026-09-28T11:52:27.721+00:00,1644.856,absent,3447.2,"{""state"":""absent"",""devices"":[]}",absent,absent,25.8,22.7,List of devices attached,
2026-09-28T11:52:28.673+00:00,2026-09-28T11:52:28.720+00:00,1645.856,absent,3447.2,"{""state"":""absent"",""devices"":[]}",absent,absent,25.5,21.8,List of devices attached,
2026-09-28T11:52:29.674+00:00,2026-09-28T11:52:29.722+00:00,1646.857,absent,3447.2,"{""state"":""absent"",""devices"":[]}",absent,absent,26.4,21.8,List of devices attached,
2026-09-28T11:52:30.674+00:00,2026-09-28T11:52:30.731+00:00,1647.866,absent,3568.4,"{""state"":""absent"",""devices"":[]}",absent,absent,34.1,23.0,List of devices attached,
2026-09-28T11:52:31.674+00:00,2026-09-28T11:52:31.722+00:00,1648.857,absent,3568.4,"{""state"":""absent"",""devices"":[]}",absent,absent,26.3,21.3,List of devices attached,
2026-09-28T11:52:32.675+00:00,2026-09-28T11:52:32.722+00:00,1649.858,absent,3568.4,"{""state"":""absent"",""devices"":[]}",absent,absent,25.7,22.0,List of devices attached,
2026-09-28T11:52:33.675+00:00,2026-09-28T11:52:33.724+00:00,1650.859,absent,3568.4,"{""state"":""absent"",""devices"":[]}",absent,absent,26.0,22.6,List of devices attached,
2026-09-28T11:52:34.675+00:00,2026-09-28T11:52:34.723+00:00,1651.859,absent,3497.4,"{""state"":""absent"",""devices"":[]}",absent,absent,25.7,22.4,List of devices attached,
2026-09-28T11:52:35.675+00:00,2026-09-28T11:52:35.726+00:00,1652.861,absent,3497.4,"{""state"":""absent"",""devices"":[]}",absent,absent,28.3,22.0,List of devices attached | emulator-5568          offline transport_id:1273,
2026-09-28T11:52:36.676+00:00,2026-09-28T11:52:36.724+00:00,1653.859,absent,3497.4,"{""state"":""absent"",""devices"":[]}",absent,absent,27.0,20.9,List of devices attached,
2026-09-28T11:52:37.676+00:00,2026-09-28T11:52:37.726+00:00,1654.861,absent,3497.4,"{""state"":""absent"",""devices"":[]}",absent,absent,25.9,24.1,List of devices attached,
2026-09-28T11:52:38.676+00:00,2026-09-28T11:52:38.726+00:00,1655.861,absent,3499.9,"{""state"":""absent"",""devices"":[]}",absent,absent,27.8,22.3,List of devices attached,
2026-09-28T11:52:39.676+00:00,2026-09-28T11:52:39.724+00:00,1656.860,absent,3499.9,"{""state"":""absent"",""devices"":[]}",absent,absent,26.2,22.1,List of devices attached,
2026-09-28T11:52:40.677+00:00,2026-09-28T11:52:40.727+00:00,1657.863,absent,3499.9,"{""state"":""absent"",""devices"":[]}",absent,absent,28.7,21.9,List of devices attached | emulator-5568          offline transport_id:1277,
2026-09-28T11:52:41.677+00:00,2026-09-28T11:52:41.724+00:00,1658.859,absent,3499.9,"{""state"":""absent"",""devices"":[]}",absent,absent,24.7,22.6,List of devices attached,
2026-09-28T11:52:42.677+00:00,2026-09-28T11:52:42.727+00:00,1659.862,absent,3436.3,"{""state"":""absent"",""devices"":[]}",absent,absent,27.6,22.4,List of devices attached,
2026-09-28T11:52:43.677+00:00,2026-09-28T11:52:43.740+00:00,1660.875,absent,3436.3,"{""state"":""absent"",""devices"":[]}",absent,absent,27.1,35.6,List of devices attached,
2026-09-28T11:52:44.677+00:00,2026-09-28T11:52:44.728+00:00,1661.863,absent,3436.3,"{""state"":""absent"",""devices"":[]}",absent,absent,28.0,22.6,List of devices attached,
2026-09-28T11:52:45.677+00:00,2026-09-28T11:52:45.737+00:00,1662.872,absent,3436.3,"{""state"":""absent"",""devices"":[]}",absent,absent,36.8,22.8,List of devices attached | emulator-5568          offline transport_id:1281,
2026-09-28T11:52:46.678+00:00,2026-09-28T11:52:46.727+00:00,1663.862,absent,3487.6,"{""state"":""absent"",""devices"":[]}",absent,absent,26.0,23.0,List of devices attached,
2026-09-28T11:52:47.678+00:00,2026-09-28T11:52:47.729+00:00,1664.864,absent,3487.6,"{""state"":""absent"",""devices"":[]}",absent,absent,28.8,22.0,List of devices attached,
2026-09-28T11:52:48.678+00:00,2026-09-28T11:52:48.729+00:00,1665.864,absent,3487.6,"{""state"":""absent"",""devices"":[]}",absent,absent,29.1,21.0,List of devices attached,
2026-09-28T11:52:49.679+00:00,2026-09-28T11:52:49.726+00:00,1666.862,absent,3487.6,"{""state"":""absent"",""devices"":[]}",absent,absent,25.7,21.7,List of devices attached | emulator-5568          offline transport_id:1284,
2026-09-28T11:52:50.679+00:00,2026-09-28T11:52:50.728+00:00,1667.863,absent,3465.6,"{""state"":""absent"",""devices"":[]}",absent,absent,25.6,23.0,List of devices attached,
2026-09-28T11:52:51.679+00:00,2026-09-28T11:52:51.729+00:00,1668.864,absent,3465.6,"{""state"":""absent"",""devices"":[]}",absent,absent,26.8,22.8,List of devices attached,
2026-09-28T11:52:52.680+00:00,2026-09-28T11:52:52.736+00:00,1669.871,absent,3465.6,"{""state"":""absent"",""devices"":[]}",absent,absent,33.6,22.1,List of devices attached,
2026-09-28T11:52:53.680+00:00,2026-09-28T11:52:53.731+00:00,1670.866,absent,3465.6,"{""state"":""absent"",""devices"":[]}",absent,absent,27.7,22.6,List of devices attached,
2026-09-28T11:52:54.681+00:00,2026-09-28T11:52:54.728+00:00,1671.863,absent,3491.8,"{""state"":""absent"",""devices"":[]}",absent,absent,25.0,21.9,List of devices attached | emulator-5568          offline transport_id:1288,
2026-09-28T11:52:55.681+00:00,2026-09-28T11:52:55.732+00:00,1672.867,absent,3491.8,"{""state"":""absent"",""devices"":[]}",absent,absent,27.5,23.3,List of devices attached,
2026-09-28T11:52:56.681+00:00,2026-09-28T11:52:56.729+00:00,1673.864,absent,3491.8,"{""state"":""absent"",""devices"":[]}",absent,absent,25.1,22.1,List of devices attached,
2026-09-28T11:52:57.682+00:00,2026-09-28T11:52:57.735+00:00,1674.870,absent,3491.8,"{""state"":""absent"",""devices"":[]}",absent,absent,31.0,21.8,List of devices attached,
2026-09-28T11:52:58.682+00:00,2026-09-28T11:52:58.732+00:00,1675.867,absent,3496.8,"{""state"":""absent"",""devices"":[]}",absent,absent,27.9,21.9,List of devices attached,
2026-09-28T11:52:59.682+00:00,2026-09-28T11:52:59.728+00:00,1676.864,absent,3496.8,"{""state"":""absent"",""devices"":[]}",absent,absent,24.5,21.4,List of devices attached | emulator-5568          offline transport_id:1292,
2026-09-28T11:53:00.683+00:00,2026-09-28T11:53:00.731+00:00,1677.866,absent,3496.8,"{""state"":""absent"",""devices"":[]}",absent,absent,26.4,21.6,List of devices attached,
2026-09-28T11:53:01.683+00:00,2026-09-28T11:53:01.740+00:00,1678.875,absent,3496.8,"{""state"":""absent"",""devices"":[]}",absent,absent,35.2,21.2,List of devices attached,
2026-09-28T11:53:02.684+00:00,2026-09-28T11:53:02.732+00:00,1679.867,absent,3439.6,"{""state"":""absent"",""devices"":[]}",absent,absent,25.8,21.9,List of devices attached,
2026-09-28T11:53:03.684+00:00,2026-09-28T11:53:03.736+00:00,1680.871,absent,3439.6,"{""state"":""absent"",""devices"":[]}",absent,absent,30.0,21.9,List of devices attached | emulator-5568          offline transport_id:1295,
2026-09-28T11:53:04.685+00:00,2026-09-28T11:53:04.733+00:00,1681.868,absent,3439.6,"{""state"":""absent"",""devices"":[]}",absent,absent,27.0,21.4,List of devices attached,
2026-09-28T11:53:05.685+00:00,2026-09-28T11:53:05.733+00:00,1682.868,absent,3439.6,"{""state"":""absent"",""devices"":[]}",absent,absent,25.5,22.3,List of devices attached,
2026-09-28T11:53:06.685+00:00,2026-09-28T11:53:06.742+00:00,1683.877,absent,3504.0,"{""state"":""absent"",""devices"":[]}",absent,absent,25.6,30.8,List of devices attached,
2026-09-28T11:53:07.685+00:00,2026-09-28T11:53:07.732+00:00,1684.867,absent,3504.0,"{""state"":""absent"",""devices"":[]}",absent,absent,24.9,21.9,List of devices attached,
2026-09-28T11:53:08.686+00:00,2026-09-28T11:53:08.735+00:00,1685.870,absent,3504.0,"{""state"":""absent"",""devices"":[]}",absent,absent,27.1,21.9,List of devices attached | emulator-5568          offline transport_id:1299,
2026-09-28T11:53:09.686+00:00,2026-09-28T11:53:09.732+00:00,1686.867,absent,3504.0,"{""state"":""absent"",""devices"":[]}",absent,absent,23.5,22.3,List of devices attached,
2026-09-28T11:53:10.686+00:00,2026-09-28T11:53:10.733+00:00,1687.868,absent,3420.5,"{""state"":""absent"",""devices"":[]}",absent,absent,24.7,21.9,List of devices attached,
2026-09-28T11:53:11.687+00:00,2026-09-28T11:53:11.739+00:00,1688.874,absent,3420.5,"{""state"":""absent"",""devices"":[]}",absent,absent,25.5,26.4,List of devices attached,
2026-09-28T11:53:12.687+00:00,2026-09-28T11:53:12.734+00:00,1689.870,absent,3420.5,"{""state"":""absent"",""devices"":[]}",absent,absent,25.0,22.4,List of devices attached,
2026-09-28T11:53:13.687+00:00,2026-09-28T11:53:13.735+00:00,1690.870,absent,3420.5,"{""state"":""absent"",""devices"":[]}",absent,absent,25.1,22.2,List of devices attached | emulator-5568          offline transport_id:1303,
2026-09-28T11:53:14.688+00:00,2026-09-28T11:53:14.745+00:00,1691.880,absent,3510.2,"{""state"":""absent"",""devices"":[]}",absent,absent,24.9,32.0,List of devices attached,
2026-09-28T11:53:15.688+00:00,2026-09-28T11:53:15.737+00:00,1692.872,absent,3510.2,"{""state"":""absent"",""devices"":[]}",absent,absent,25.8,22.5,List of devices attached,
2026-09-28T11:53:16.689+00:00,2026-09-28T11:53:16.734+00:00,1693.870,absent,3510.2,"{""state"":""absent"",""devices"":[]}",absent,absent,23.4,22.2,List of devices attached,
2026-09-28T11:53:17.689+00:00,2026-09-28T11:53:17.737+00:00,1694.872,absent,3510.2,"{""state"":""absent"",""devices"":[]}",absent,absent,25.0,22.5,List of devices attached | emulator-5568          offline transport_id:1306,
2026-09-28T11:53:18.690+00:00,2026-09-28T11:53:18.742+00:00,1695.877,absent,3494.4,"{""state"":""absent"",""devices"":[]}",absent,absent,28.9,23.2,List of devices attached,
2026-09-28T11:53:19.690+00:00,2026-09-28T11:53:19.739+00:00,1696.875,absent,3494.4,"{""state"":""absent"",""devices"":[]}",absent,absent,25.9,23.0,List of devices attached,
2026-09-28T11:53:20.691+00:00,2026-09-28T11:53:20.740+00:00,1697.876,absent,3494.4,"{""state"":""absent"",""devices"":[]}",absent,absent,26.0,23.5,List of devices attached,
2026-09-28T11:53:21.691+00:00,2026-09-28T11:53:21.740+00:00,1698.875,absent,3494.4,"{""state"":""absent"",""devices"":[]}",absent,absent,25.3,23.5,List of devices attached,
2026-09-28T11:53:22.691+00:00,2026-09-28T11:53:22.742+00:00,1699.877,absent,3452.2,"{""state"":""absent"",""devices"":[]}",absent,absent,27.9,22.7,List of devices attached | emulator-5568          offline transport_id:1310,
2026-09-28T11:53:23.692+00:00,2026-09-28T11:53:23.740+00:00,1700.875,absent,3452.2,"{""state"":""absent"",""devices"":[]}",absent,absent,25.3,22.9,List of devices attached,
2026-09-28T11:53:24.692+00:00,2026-09-28T11:53:24.747+00:00,1701.882,absent,3452.2,"{""state"":""absent"",""devices"":[]}",absent,absent,23.6,31.6,List of devices attached,
2026-09-28T11:53:25.692+00:00,2026-09-28T11:53:25.741+00:00,1702.877,absent,3452.2,"{""state"":""absent"",""devices"":[]}",absent,absent,26.1,22.8,List of devices attached,
2026-09-28T11:53:26.693+00:00,2026-09-28T11:53:26.741+00:00,1703.876,absent,3481.0,"{""state"":""absent"",""devices"":[]}",absent,absent,25.6,22.4,List of devices attached,
2026-09-28T11:53:27.693+00:00,2026-09-28T11:53:27.742+00:00,1704.877,absent,3481.0,"{""state"":""absent"",""devices"":[]}",absent,absent,25.7,22.6,List of devices attached | emulator-5568          offline transport_id:1314,
2026-09-28T11:53:28.694+00:00,2026-09-28T11:53:28.742+00:00,1705.877,absent,3481.0,"{""state"":""absent"",""devices"":[]}",absent,absent,24.0,23.9,List of devices attached,
2026-09-28T11:53:29.694+00:00,2026-09-28T11:53:29.741+00:00,1706.876,absent,3481.0,"{""state"":""absent"",""devices"":[]}",absent,absent,25.0,21.6,List of devices attached,
2026-09-28T11:53:30.694+00:00,2026-09-28T11:53:30.741+00:00,1707.876,absent,3505.4,"{""state"":""absent"",""devices"":[]}",absent,absent,24.8,21.4,List of devices attached,
2026-09-28T11:53:31.694+00:00,2026-09-28T11:53:31.750+00:00,1708.886,absent,3505.4,"{""state"":""absent"",""devices"":[]}",absent,absent,30.6,25.1,List of devices attached | emulator-5568          offline transport_id:1317,
2026-09-28T11:53:32.695+00:00,2026-09-28T11:53:32.741+00:00,1709.876,absent,3505.4,"{""state"":""absent"",""devices"":[]}",absent,absent,24.3,22.0,List of devices attached,
2026-09-28T11:53:33.695+00:00,2026-09-28T11:53:33.741+00:00,1710.876,absent,3505.4,"{""state"":""absent"",""devices"":[]}",absent,absent,23.8,22.1,List of devices attached,
2026-09-28T11:53:34.695+00:00,2026-09-28T11:53:34.741+00:00,1711.876,absent,3438.5,"{""state"":""absent"",""devices"":[]}",absent,absent,23.7,21.9,List of devices attached,
2026-09-28T11:53:35.696+00:00,2026-09-28T11:53:35.752+00:00,1712.888,absent,3438.5,"{""state"":""absent"",""devices"":[]}",absent,absent,26.1,30.5,List of devices attached,
2026-09-28T11:53:36.696+00:00,2026-09-28T11:53:36.744+00:00,1713.879,absent,3438.5,"{""state"":""absent"",""devices"":[]}",absent,absent,26.2,21.4,List of devices attached | emulator-5568          offline transport_id:1321,
2026-09-28T11:53:37.696+00:00,2026-09-28T11:53:37.744+00:00,1714.879,absent,3438.5,"{""state"":""absent"",""devices"":[]}",absent,absent,26.2,21.8,List of devices attached,
2026-09-28T11:53:38.696+00:00,2026-09-28T11:53:38.746+00:00,1715.881,absent,3459.3,"{""state"":""absent"",""devices"":[]}",absent,absent,27.8,21.6,List of devices attached,
2026-09-28T11:53:39.696+00:00,2026-09-28T11:53:39.745+00:00,1716.880,absent,3459.3,"{""state"":""absent"",""devices"":[]}",absent,absent,26.4,22.4,List of devices attached,
2026-09-28T11:53:40.697+00:00,2026-09-28T11:53:40.742+00:00,1717.877,absent,3459.3,"{""state"":""absent"",""devices"":[]}",absent,absent,24.4,21.1,List of devices attached,
2026-09-28T11:53:41.697+00:00,2026-09-28T11:53:41.742+00:00,1718.878,absent,3459.3,"{""state"":""absent"",""devices"":[]}",absent,absent,24.4,21.0,List of devices attached,
2026-09-28T11:53:42.697+00:00,2026-09-28T11:53:42.749+00:00,1719.884,absent,3448.3,"{""state"":""absent"",""devices"":[]}",absent,absent,24.3,26.7,List of devices attached,
2026-09-28T11:53:43.698+00:00,2026-09-28T11:53:43.746+00:00,1720.882,absent,3448.3,"{""state"":""absent"",""devices"":[]}",absent,absent,26.3,22.1,List of devices attached,
2026-09-28T11:53:44.698+00:00,2026-09-28T11:53:44.744+00:00,1721.879,absent,3448.3,"{""state"":""absent"",""devices"":[]}",absent,absent,25.0,20.8,List of devices attached,
2026-09-28T11:53:45.698+00:00,2026-09-28T11:53:45.750+00:00,1722.885,absent,3448.3,"{""state"":""absent"",""devices"":[]}",absent,absent,28.2,23.1,List of devices attached | emulator-5568          offline transport_id:1328,
2026-09-28T11:53:46.699+00:00,2026-09-28T11:53:46.746+00:00,1723.882,absent,3527.5,"{""state"":""absent"",""devices"":[]}",absent,absent,25.9,21.6,List of devices attached,
2026-09-28T11:53:47.699+00:00,2026-09-28T11:53:47.747+00:00,1724.882,absent,3527.5,"{""state"":""absent"",""devices"":[]}",absent,absent,25.8,22.4,List of devices attached,
2026-09-28T11:53:48.699+00:00,2026-09-28T11:53:48.745+00:00,1725.881,absent,3527.5,"{""state"":""absent"",""devices"":[]}",absent,absent,25.8,20.6,List of devices attached,
2026-09-28T11:53:49.699+00:00,2026-09-28T11:53:49.749+00:00,1726.884,absent,3527.5,"{""state"":""absent"",""devices"":[]}",absent,absent,24.7,24.9,List of devices attached,
2026-09-28T11:53:50.699+00:00,2026-09-28T11:53:50.747+00:00,1727.882,absent,3528.5,"{""state"":""absent"",""devices"":[]}",absent,absent,25.9,21.7,List of devices attached | emulator-5568          offline transport_id:1332,
2026-09-28T11:53:51.699+00:00,2026-09-28T11:53:51.747+00:00,1728.882,absent,3528.5,"{""state"":""absent"",""devices"":[]}",absent,absent,25.1,22.1,List of devices attached,
2026-09-28T11:53:52.702+00:00,2026-09-28T11:53:52.864+00:00,1730.000,absent,3528.5,"{""state"":""absent"",""devices"":[]}",absent,absent,101.4,59.9,List of devices attached,
2026-09-28T11:53:53.702+00:00,2026-09-28T11:53:53.822+00:00,1730.958,absent,3528.5,"{""state"":""absent"",""devices"":[]}",absent,absent,40.3,79.8,List of devices attached,
2026-09-28T11:53:54.703+00:00,2026-09-28T11:53:54.752+00:00,1731.887,absent,3731.2,"{""state"":""absent"",""devices"":[]}",absent,absent,25.9,23.5,List of devices attached | emulator-5568          offline transport_id:1335,
2026-09-28T11:53:55.703+00:00,2026-09-28T11:53:55.750+00:00,1732.886,absent,3731.2,"{""state"":""absent"",""devices"":[]}",absent,absent,25.7,21.9,List of devices attached,
2026-09-28T11:53:56.703+00:00,2026-09-28T11:53:56.767+00:00,1733.903,absent,3731.2,"{""state"":""absent"",""devices"":[]}",absent,absent,41.4,22.7,List of devices attached,
2026-09-28T11:53:57.703+00:00,2026-09-28T11:53:57.750+00:00,1734.886,absent,3731.2,"{""state"":""absent"",""devices"":[]}",absent,absent,25.6,21.4,List of devices attached,
2026-09-28T11:53:58.704+00:00,2026-09-28T11:53:58.752+00:00,1735.887,absent,3744.6,"{""state"":""absent"",""devices"":[]}",absent,absent,25.4,22.7,List of devices attached,
2026-09-28T11:53:59.704+00:00,2026-09-28T11:53:59.749+00:00,1736.885,absent,3744.6,"{""state"":""absent"",""devices"":[]}",absent,absent,24.7,20.8,List of devices attached | emulator-5568          offline transport_id:1339,
2026-09-28T11:54:00.704+00:00,2026-09-28T11:54:00.759+00:00,1737.895,absent,3744.6,"{""state"":""absent"",""devices"":[]}",absent,absent,29.8,25.1,List of devices attached,
2026-09-28T11:54:01.705+00:00,2026-09-28T11:54:01.752+00:00,1738.887,absent,3744.6,"{""state"":""absent"",""devices"":[]}",absent,absent,26.1,21.1,List of devices attached,
2026-09-28T11:54:02.705+00:00,2026-09-28T11:54:02.764+00:00,1739.899,absent,3702.5,"{""state"":""absent"",""devices"":[]}",absent,absent,35.5,23.1,List of devices attached,
2026-09-28T11:54:03.706+00:00,2026-09-28T11:54:03.752+00:00,1740.887,absent,3702.5,"{""state"":""absent"",""devices"":[]}",absent,absent,24.8,21.6,List of devices attached,
2026-09-28T11:54:04.706+00:00,2026-09-28T11:54:04.767+00:00,1741.902,absent,3702.5,"{""state"":""absent"",""devices"":[]}",absent,absent,37.5,23.6,List of devices attached | emulator-5568          offline transport_id:1343,
2026-09-28T11:54:05.706+00:00,2026-09-28T11:54:05.769+00:00,1742.904,absent,3702.5,"{""state"":""absent"",""devices"":[]}",absent,absent,41.4,21.7,List of devices attached,
2026-09-28T11:54:06.706+00:00,2026-09-28T11:54:06.756+00:00,1743.891,absent,3694.7,"{""state"":""absent"",""devices"":[]}",absent,absent,26.6,23.1,List of devices attached,
2026-09-28T11:54:07.706+00:00,2026-09-28T11:54:07.754+00:00,1744.890,absent,3694.7,"{""state"":""absent"",""devices"":[]}",absent,absent,26.0,22.1,List of devices attached,
2026-09-28T11:54:08.706+00:00,2026-09-28T11:54:08.766+00:00,1745.901,absent,3694.7,"{""state"":""absent"",""devices"":[]}",absent,absent,34.9,24.4,List of devices attached | emulator-5568          offline transport_id:1346,
2026-09-28T11:54:09.707+00:00,2026-09-28T11:54:09.755+00:00,1746.890,absent,3694.7,"{""state"":""absent"",""devices"":[]}",absent,absent,26.5,21.0,List of devices attached,
2026-09-28T11:54:10.707+00:00,2026-09-28T11:54:10.757+00:00,1747.893,absent,3687.5,"{""state"":""absent"",""devices"":[]}",absent,absent,25.6,24.1,List of devices attached,
2026-09-28T11:54:11.708+00:00,2026-09-28T11:54:11.755+00:00,1748.890,absent,3687.5,"{""state"":""absent"",""devices"":[]}",absent,absent,25.6,21.7,List of devices attached,
2026-09-28T11:54:12.708+00:00,2026-09-28T11:54:12.756+00:00,1749.892,absent,3687.5,"{""state"":""absent"",""devices"":[]}",absent,absent,25.8,22.4,List of devices attached,
2026-09-28T11:54:13.708+00:00,2026-09-28T11:54:13.757+00:00,1750.893,absent,3687.5,"{""state"":""absent"",""devices"":[]}",absent,absent,27.9,21.2,List of devices attached | emulator-5568          offline transport_id:1350,
2026-09-28T11:54:14.708+00:00,2026-09-28T11:54:14.755+00:00,1751.891,absent,3667.6,"{""state"":""absent"",""devices"":[]}",absent,absent,25.5,21.3,List of devices attached,
2026-09-28T11:54:15.709+00:00,2026-09-28T11:54:15.754+00:00,1752.890,absent,3667.6,"{""state"":""absent"",""devices"":[]}",absent,absent,24.6,20.7,List of devices attached,
2026-09-28T11:54:16.709+00:00,2026-09-28T11:54:16.758+00:00,1753.893,absent,3667.6,"{""state"":""absent"",""devices"":[]}",absent,absent,25.7,23.0,List of devices attached,
2026-09-28T11:54:17.709+00:00,2026-09-28T11:54:17.755+00:00,1754.891,absent,3667.6,"{""state"":""absent"",""devices"":[]}",absent,absent,25.0,20.7,List of devices attached,
2026-09-28T11:54:18.710+00:00,2026-09-28T11:54:18.772+00:00,1755.907,absent,3715.5,"{""state"":""absent"",""devices"":[]}",absent,absent,25.8,35.9,List of devices attached | emulator-5568          offline transport_id:1354,
2026-09-28T11:54:19.710+00:00,2026-09-28T11:54:19.756+00:00,1756.891,absent,3715.5,"{""state"":""absent"",""devices"":[]}",absent,absent,24.6,21.5,List of devices attached,
2026-09-28T11:54:20.710+00:00,2026-09-28T11:54:20.771+00:00,1757.907,absent,3715.5,"{""state"":""absent"",""devices"":[]}",absent,absent,26.5,34.7,List of devices attached,
2026-09-28T11:54:21.710+00:00,2026-09-28T11:54:21.757+00:00,1758.892,absent,3715.5,"{""state"":""absent"",""devices"":[]}",absent,absent,24.0,22.6,List of devices attached,
2026-09-28T11:54:22.711+00:00,2026-09-28T11:54:22.767+00:00,1759.902,absent,3636.2,"{""state"":""absent"",""devices"":[]}",absent,absent,33.9,22.0,List of devices attached | emulator-5568          offline transport_id:1357,
2026-09-28T11:54:23.711+00:00,2026-09-28T11:54:23.756+00:00,1760.891,absent,3636.2,"{""state"":""absent"",""devices"":[]}",absent,absent,24.1,20.8,List of devices attached,
2026-09-28T11:54:24.711+00:00,2026-09-28T11:54:24.758+00:00,1761.894,absent,3636.2,"{""state"":""absent"",""devices"":[]}",absent,absent,24.1,23.2,List of devices attached,
2026-09-28T11:54:25.711+00:00,2026-09-28T11:54:25.767+00:00,1762.902,absent,3636.2,"{""state"":""absent"",""devices"":[]}",absent,absent,33.6,21.4,List of devices attached,
2026-09-28T11:54:26.712+00:00,2026-09-28T11:54:26.759+00:00,1763.894,absent,3674.5,"{""state"":""absent"",""devices"":[]}",absent,absent,23.8,22.8,List of devices attached,
2026-09-28T11:54:27.712+00:00,2026-09-28T11:54:27.764+00:00,1764.900,absent,3674.5,"{""state"":""absent"",""devices"":[]}",absent,absent,30.6,21.3,List of devices attached | emulator-5568          offline transport_id:1361,
2026-09-28T11:54:28.713+00:00,2026-09-28T11:54:28.761+00:00,1765.896,absent,3674.5,"{""state"":""absent"",""devices"":[]}",absent,absent,25.4,22.5,List of devices attached,
2026-09-28T11:54:29.713+00:00,2026-09-28T11:54:29.769+00:00,1766.904,absent,3674.5,"{""state"":""absent"",""devices"":[]}",absent,absent,34.3,21.6,List of devices attached,
2026-09-28T11:54:30.713+00:00,2026-09-28T11:54:30.777+00:00,1767.912,absent,3715.6,"{""state"":""absent"",""devices"":[]}",absent,absent,24.6,38.6,List of devices attached,
2026-09-28T11:54:31.714+00:00,2026-09-28T11:54:31.762+00:00,1768.898,absent,3715.6,"{""state"":""absent"",""devices"":[]}",absent,absent,26.7,21.8,List of devices attached,
2026-09-28T11:54:32.714+00:00,2026-09-28T11:54:32.775+00:00,1769.910,absent,3715.6,"{""state"":""absent"",""devices"":[]}",absent,absent,36.5,24.0,List of devices attached,
2026-09-28T11:54:33.714+00:00,2026-09-28T11:54:33.760+00:00,1770.895,absent,3715.6,"{""state"":""absent"",""devices"":[]}",absent,absent,24.7,20.9,List of devices attached,
2026-09-28T11:54:34.715+00:00,2026-09-28T11:54:34.770+00:00,1771.905,absent,3710.6,"{""state"":""absent"",""devices"":[]}",absent,absent,26.0,29.0,List of devices attached,
2026-09-28T11:54:35.715+00:00,2026-09-28T11:54:35.761+00:00,1772.896,absent,3710.6,"{""state"":""absent"",""devices"":[]}",absent,absent,24.8,20.9,List of devices attached,
2026-09-28T11:54:36.716+00:00,2026-09-28T11:54:36.781+00:00,1773.917,absent,3710.6,"{""state"":""absent"",""devices"":[]}",absent,absent,29.0,36.5,List of devices attached | emulator-5568          offline transport_id:1368,
2026-09-28T11:54:37.716+00:00,2026-09-28T11:54:37.764+00:00,1774.899,absent,3710.6,"{""state"":""absent"",""devices"":[]}",absent,absent,25.8,22.1,List of devices attached,
2026-09-28T11:54:38.716+00:00,2026-09-28T11:54:38.776+00:00,1775.911,absent,3692.3,"{""state"":""absent"",""devices"":[]}",absent,absent,35.8,23.5,List of devices attached,
2026-09-28T11:54:39.716+00:00,2026-09-28T11:54:39.763+00:00,1776.898,absent,3692.3,"{""state"":""absent"",""devices"":[]}",absent,absent,25.2,21.4,List of devices attached,
2026-09-28T11:54:40.717+00:00,2026-09-28T11:54:40.767+00:00,1777.902,absent,3692.3,"{""state"":""absent"",""devices"":[]}",absent,absent,27.2,22.8,List of devices attached,
2026-09-28T11:54:41.717+00:00,2026-09-28T11:54:41.773+00:00,1778.908,absent,3692.3,"{""state"":""absent"",""devices"":[]}",absent,absent,25.9,29.7,List of devices attached | emulator-5568          offline transport_id:1372,
2026-09-28T11:54:42.717+00:00,2026-09-28T11:54:42.774+00:00,1779.909,absent,3638.4,"{""state"":""absent"",""devices"":[]}",absent,absent,25.9,30.8,List of devices attached,
2026-09-28T11:54:43.718+00:00,2026-09-28T11:54:43.766+00:00,1780.901,absent,3638.4,"{""state"":""absent"",""devices"":[]}",absent,absent,25.6,22.4,List of devices attached,
2026-09-28T11:54:44.718+00:00,2026-09-28T11:54:44.775+00:00,1781.911,absent,3638.4,"{""state"":""absent"",""devices"":[]}",absent,absent,26.6,30.8,List of devices attached,
2026-09-28T11:54:45.718+00:00,2026-09-28T11:54:45.772+00:00,1782.908,absent,3638.4,"{""state"":""absent"",""devices"":[]}",absent,absent,29.2,24.7,List of devices attached | emulator-5568          offline transport_id:1375,
2026-09-28T11:54:46.719+00:00,2026-09-28T11:54:46.772+00:00,1783.907,absent,3681.7,"{""state"":""absent"",""devices"":[]}",absent,absent,25.5,27.3,List of devices attached,
2026-09-28T11:54:47.719+00:00,2026-09-28T11:54:47.764+00:00,1784.900,absent,3681.7,"{""state"":""absent"",""devices"":[]}",absent,absent,23.9,21.3,List of devices attached,
2026-09-28T11:54:48.719+00:00,2026-09-28T11:54:48.774+00:00,1785.909,absent,3681.7,"{""state"":""absent"",""devices"":[]}",absent,absent,32.3,21.9,List of devices attached,
2026-09-28T11:54:49.720+00:00,2026-09-28T11:54:49.767+00:00,1786.902,absent,3681.7,"{""state"":""absent"",""devices"":[]}",absent,absent,25.3,21.6,List of devices attached,
2026-09-28T11:54:50.720+00:00,2026-09-28T11:54:50.768+00:00,1787.903,absent,3687.4,"{""state"":""absent"",""devices"":[]}",absent,absent,25.8,21.9,List of devices attached | emulator-5568          offline transport_id:1379,
2026-09-28T11:54:51.720+00:00,2026-09-28T11:54:51.775+00:00,1788.911,absent,3687.4,"{""state"":""absent"",""devices"":[]}",absent,absent,25.0,29.7,List of devices attached,
2026-09-28T11:54:52.721+00:00,2026-09-28T11:54:52.770+00:00,1789.905,absent,3687.4,"{""state"":""absent"",""devices"":[]}",absent,absent,26.0,22.8,List of devices attached,
2026-09-28T11:54:53.721+00:00,2026-09-28T11:54:53.768+00:00,1790.904,absent,3687.4,"{""state"":""absent"",""devices"":[]}",absent,absent,24.9,22.0,List of devices attached,
2026-09-28T11:54:54.722+00:00,2026-09-28T11:54:54.768+00:00,1791.903,absent,3637.2,"{""state"":""absent"",""devices"":[]}",absent,absent,25.4,20.7,List of devices attached,
2026-09-28T11:54:55.722+00:00,2026-09-28T11:54:55.770+00:00,1792.905,absent,3637.2,"{""state"":""absent"",""devices"":[]}",absent,absent,25.1,22.8,List of devices attached | emulator-5568          offline transport_id:1383,
2026-09-28T11:54:56.722+00:00,2026-09-28T11:54:56.770+00:00,1793.905,absent,3637.2,"{""state"":""absent"",""devices"":[]}",absent,absent,26.0,21.4,List of devices attached,
2026-09-28T11:54:57.722+00:00,2026-09-28T11:54:57.768+00:00,1794.903,absent,3637.2,"{""state"":""absent"",""devices"":[]}",absent,absent,24.8,20.8,List of devices attached,
2026-09-28T11:54:58.723+00:00,2026-09-28T11:54:58.771+00:00,1795.906,absent,3735.7,"{""state"":""absent"",""devices"":[]}",absent,absent,25.3,22.6,List of devices attached,
2026-09-28T11:54:59.723+00:00,2026-09-28T11:54:59.768+00:00,1796.903,absent,3735.7,"{""state"":""absent"",""devices"":[]}",absent,absent,24.6,20.2,List of devices attached,
2026-09-28T11:55:00.724+00:00,2026-09-28T11:55:00.785+00:00,1797.921,absent,3735.7,"{""state"":""absent"",""devices"":[]}",absent,absent,24.9,36.8,List of devices attached | emulator-5568          offline transport_id:1387,
2026-09-28T11:55:01.724+00:00,2026-09-28T11:55:01.770+00:00,1798.905,absent,3735.7,"{""state"":""absent"",""devices"":[]}",absent,absent,24.8,20.8,List of devices attached,
2026-09-28T11:55:02.724+00:00,2026-09-28T11:55:02.771+00:00,1799.907,absent,3688.8,"{""state"":""absent"",""devices"":[]}",absent,absent,24.7,22.1,List of devices attached,
