sample_started_utc,sample_finished_utc,elapsed_seconds,usb_pnp_state,usb_query_ms,usb_pnp_output,adb_state,fastboot_state,adb_query_ms,fastboot_query_ms,adb_output,fastboot_output
2026-09-27T13:19:00.744+00:00,2026-09-27T13:19:00.835+00:00,0.095,query_pending,,initial PnP query pending,absent,fastboot,62.9,27.2,List of devices attached,1384e684               fastboot
2026-09-27T13:19:01.744+00:00,2026-09-27T13:19:01.792+00:00,1.053,query_pending,,initial PnP query pending,absent,fastboot,24.6,23.2,List of devices attached,1384e684               fastboot
2026-09-27T13:19:02.744+00:00,2026-09-27T13:19:02.805+00:00,2.066,query_pending,,initial PnP query pending,absent,fastboot,38.3,22.2,List of devices attached,1384e684               fastboot
2026-09-27T13:19:03.744+00:00,2026-09-27T13:19:03.801+00:00,3.062,query_pending,,initial PnP query pending,absent,fastboot,24.3,32.0,List of devices attached,1384e684               fastboot
2026-09-27T13:19:04.744+00:00,2026-09-27T13:19:04.791+00:00,4.052,query_pending,,initial PnP query pending,absent,fastboot,24.7,22.3,List of devices attached,1384e684               fastboot
2026-09-27T13:19:05.745+00:00,2026-09-27T13:19:05.791+00:00,5.052,present,4656.0,"{""state"":""present"",""devices"":[{""Status"":""OK"",""Class"":""AndroidUsbDeviceClass"",""FriendlyName"":""Android Bootloader Interface"",""InstanceId"":""USB\\VID_18D1&PID_D00D\\1384E684""}]}",absent,fastboot,24.4,22.3,List of devices attached,1384e684               fastboot
2026-09-27T13:19:06.745+00:00,2026-09-27T13:19:06.793+00:00,6.053,present,4656.0,"{""state"":""present"",""devices"":[{""Status"":""OK"",""Class"":""AndroidUsbDeviceClass"",""FriendlyName"":""Android Bootloader Interface"",""InstanceId"":""USB\\VID_18D1&PID_D00D\\1384E684""}]}",absent,fastboot,23.7,23.8,List of devices attached,1384e684               fastboot
2026-09-27T13:19:07.745+00:00,2026-09-27T13:19:07.793+00:00,7.053,present,4656.0,"{""state"":""present"",""devices"":[{""Status"":""OK"",""Class"":""AndroidUsbDeviceClass"",""FriendlyName"":""Android Bootloader Interface"",""InstanceId"":""USB\\VID_18D1&PID_D00D\\1384E684""}]}",absent,fastboot,25.4,22.2,List of devices attached,1384e684               fastboot
2026-09-27T13:19:08.745+00:00,2026-09-27T13:19:08.798+00:00,8.059,present,4656.0,"{""state"":""present"",""devices"":[{""Status"":""OK"",""Class"":""AndroidUsbDeviceClass"",""FriendlyName"":""Android Bootloader Interface"",""InstanceId"":""USB\\VID_18D1&PID_D00D\\1384E684""}]}",absent,fastboot,30.5,22.4,List of devices attached,1384e684               fastboot
2026-09-27T13:19:09.745+00:00,2026-09-27T13:19:09.793+00:00,9.054,present,4656.0,"{""state"":""present"",""devices"":[{""Status"":""OK"",""Class"":""AndroidUsbDeviceClass"",""FriendlyName"":""Android Bootloader Interface"",""InstanceId"":""USB\\VID_18D1&PID_D00D\\1384E684""}]}",absent,fastboot,25.3,22.1,List of devices attached,1384e684               fastboot
2026-09-27T13:19:10.746+00:00,2026-09-27T13:19:10.803+00:00,10.064,present,4066.2,"{""state"":""present"",""devices"":[{""Status"":""OK"",""Class"":""AndroidUsbDeviceClass"",""FriendlyName"":""Android Bootloader Interface"",""InstanceId"":""USB\\VID_18D1&PID_D00D\\1384E684""}]}",absent,fastboot,24.9,32.2,List of devices attached,1384e684               fastboot
2026-09-27T13:19:11.746+00:00,2026-09-27T13:19:11.795+00:00,11.056,present,4066.2,"{""state"":""present"",""devices"":[{""Status"":""OK"",""Class"":""AndroidUsbDeviceClass"",""FriendlyName"":""Android Bootloader Interface"",""InstanceId"":""USB\\VID_18D1&PID_D00D\\1384E684""}]}",absent,fastboot,26.0,23.2,List of devices attached,1384e684               fastboot
2026-09-27T13:19:12.746+00:00,2026-09-27T13:19:12.791+00:00,12.052,present,4066.2,"{""state"":""present"",""devices"":[{""Status"":""OK"",""Class"":""AndroidUsbDeviceClass"",""FriendlyName"":""Android Bootloader Interface"",""InstanceId"":""USB\\VID_18D1&PID_D00D\\1384E684""}]}",absent,fastboot,23.2,21.8,List of devices attached,1384e684               fastboot
2026-09-27T13:19:13.746+00:00,2026-09-27T13:19:13.794+00:00,13.054,present,4066.2,"{""state"":""present"",""devices"":[{""Status"":""OK"",""Class"":""AndroidUsbDeviceClass"",""FriendlyName"":""Android Bootloader Interface"",""InstanceId"":""USB\\VID_18D1&PID_D00D\\1384E684""}]}",absent,fastboot,24.4,22.8,List of devices attached,1384e684               fastboot
2026-09-27T13:19:14.747+00:00,2026-09-27T13:19:14.793+00:00,14.053,present,4066.2,"{""state"":""present"",""devices"":[{""Status"":""OK"",""Class"":""AndroidUsbDeviceClass"",""FriendlyName"":""Android Bootloader Interface"",""InstanceId"":""USB\\VID_18D1&PID_D00D\\1384E684""}]}",absent,fastboot,23.6,22.0,List of devices attached,1384e684               fastboot
2026-09-27T13:19:15.747+00:00,2026-09-27T13:19:15.802+00:00,15.063,present,4023.9,"{""state"":""present"",""devices"":[{""Status"":""OK"",""Class"":""AndroidUsbDeviceClass"",""FriendlyName"":""Android Bootloader Interface"",""InstanceId"":""USB\\VID_18D1&PID_D00D\\1384E684""}]}",absent,fastboot,23.4,31.1,List of devices attached,1384e684               fastboot
2026-09-27T13:19:16.747+00:00,2026-09-27T13:19:16.797+00:00,16.058,present,4023.9,"{""state"":""present"",""devices"":[{""Status"":""OK"",""Class"":""AndroidUsbDeviceClass"",""FriendlyName"":""Android Bootloader Interface"",""InstanceId"":""USB\\VID_18D1&PID_D00D\\1384E684""}]}",absent,absent,26.8,22.8,List of devices attached,
2026-09-27T13:19:17.748+00:00,2026-09-27T13:19:17.794+00:00,17.055,present,4023.9,"{""state"":""present"",""devices"":[{""Status"":""OK"",""Class"":""AndroidUsbDeviceClass"",""FriendlyName"":""Android Bootloader Interface"",""InstanceId"":""USB\\VID_18D1&PID_D00D\\1384E684""}]}",absent,absent,25.6,20.4,List of devices attached,
2026-09-27T13:19:18.748+00:00,2026-09-27T13:19:18.799+00:00,18.060,present,4023.9,"{""state"":""present"",""devices"":[{""Status"":""OK"",""Class"":""AndroidUsbDeviceClass"",""FriendlyName"":""Android Bootloader Interface"",""InstanceId"":""USB\\VID_18D1&PID_D00D\\1384E684""}]}",absent,absent,26.4,24.4,List of devices attached,
2026-09-27T13:19:19.748+00:00,2026-09-27T13:19:19.793+00:00,19.053,present,4023.9,"{""state"":""present"",""devices"":[{""Status"":""OK"",""Class"":""AndroidUsbDeviceClass"",""FriendlyName"":""Android Bootloader Interface"",""InstanceId"":""USB\\VID_18D1&PID_D00D\\1384E684""}]}",absent,absent,23.9,20.5,List of devices attached,
2026-09-27T13:19:20.749+00:00,2026-09-27T13:19:20.793+00:00,20.054,absent,4010.3,"{""state"":""absent"",""devices"":[]}",absent,absent,24.2,20.2,List of devices attached,
2026-09-27T13:19:21.749+00:00,2026-09-27T13:19:21.794+00:00,21.055,absent,4010.3,"{""state"":""absent"",""devices"":[]}",absent,absent,23.6,21.4,List of devices attached,
2026-09-27T13:19:22.750+00:00,2026-09-27T13:19:22.795+00:00,22.056,absent,4010.3,"{""state"":""absent"",""devices"":[]}",absent,absent,24.4,21.5,List of devices attached,
2026-09-27T13:19:23.750+00:00,2026-09-27T13:19:23.795+00:00,23.056,absent,4010.3,"{""state"":""absent"",""devices"":[]}",absent,absent,23.6,21.3,List of devices attached,
2026-09-27T13:19:24.750+00:00,2026-09-27T13:19:24.798+00:00,24.059,absent,4010.3,"{""state"":""absent"",""devices"":[]}",absent,absent,25.7,21.7,List of devices attached,
2026-09-27T13:19:25.750+00:00,2026-09-27T13:19:25.798+00:00,25.059,absent,4066.6,"{""state"":""absent"",""devices"":[]}",absent,absent,25.6,22.1,List of devices attached,
2026-09-27T13:19:26.751+00:00,2026-09-27T13:19:26.797+00:00,26.057,absent,4066.6,"{""state"":""absent"",""devices"":[]}",absent,absent,24.2,21.4,List of devices attached,
2026-09-27T13:19:27.751+00:00,2026-09-27T13:19:27.794+00:00,27.055,absent,4066.6,"{""state"":""absent"",""devices"":[]}",absent,absent,23.0,20.1,List of devices attached,
2026-09-27T13:19:28.752+00:00,2026-09-27T13:19:28.798+00:00,28.059,absent,4066.6,"{""state"":""absent"",""devices"":[]}",absent,absent,24.3,21.9,List of devices attached,
2026-09-27T13:19:29.752+00:00,2026-09-27T13:19:29.797+00:00,29.057,absent,3920.1,"{""state"":""absent"",""devices"":[]}",absent,absent,23.1,21.6,List of devices attached,
2026-09-27T13:19:30.752+00:00,2026-09-27T13:19:30.800+00:00,30.061,absent,3920.1,"{""state"":""absent"",""devices"":[]}",absent,absent,25.5,22.2,List of devices attached,
2026-09-27T13:19:31.752+00:00,2026-09-27T13:19:31.800+00:00,31.061,absent,3920.1,"{""state"":""absent"",""devices"":[]}",absent,absent,25.6,21.7,List of devices attached,
2026-09-27T13:19:32.753+00:00,2026-09-27T13:19:32.800+00:00,32.061,absent,3920.1,"{""state"":""absent"",""devices"":[]}",absent,absent,24.9,22.8,List of devices attached,
2026-09-27T13:19:33.753+00:00,2026-09-27T13:19:33.801+00:00,33.062,absent,3947.5,"{""state"":""absent"",""devices"":[]}",absent,absent,25.7,22.1,List of devices attached,
2026-09-27T13:19:34.753+00:00,2026-09-27T13:19:34.800+00:00,34.061,absent,3947.5,"{""state"":""absent"",""devices"":[]}",absent,absent,26.0,20.7,List of devices attached,
2026-09-27T13:19:35.753+00:00,2026-09-27T13:19:35.800+00:00,35.061,absent,3947.5,"{""state"":""absent"",""devices"":[]}",absent,absent,24.2,22.3,List of devices attached,
2026-09-27T13:19:36.754+00:00,2026-09-27T13:19:36.800+00:00,36.061,absent,3947.5,"{""state"":""absent"",""devices"":[]}",absent,absent,25.2,21.5,List of devices attached,
2026-09-27T13:19:37.754+00:00,2026-09-27T13:19:37.800+00:00,37.061,absent,3947.5,"{""state"":""absent"",""devices"":[]}",absent,absent,24.0,22.2,List of devices attached,
2026-09-27T13:19:38.754+00:00,2026-09-27T13:19:38.811+00:00,38.072,absent,4103.1,"{""state"":""absent"",""devices"":[]}",absent,absent,33.8,23.4,List of devices attached,
2026-09-27T13:19:39.754+00:00,2026-09-27T13:19:39.800+00:00,39.060,absent,4103.1,"{""state"":""absent"",""devices"":[]}",absent,absent,24.2,21.1,List of devices attached,
2026-09-27T13:19:40.754+00:00,2026-09-27T13:19:40.800+00:00,40.061,absent,4103.1,"{""state"":""absent"",""devices"":[]}",absent,absent,25.2,20.9,List of devices attached,
2026-09-27T13:19:41.755+00:00,2026-09-27T13:19:41.803+00:00,41.064,absent,4103.1,"{""state"":""absent"",""devices"":[]}",absent,absent,26.8,21.3,List of devices attached,
2026-09-27T13:19:42.755+00:00,2026-09-27T13:19:42.802+00:00,42.063,absent,4103.1,"{""state"":""absent"",""devices"":[]}",absent,absent,24.9,21.7,List of devices attached,
2026-09-27T13:19:43.756+00:00,2026-09-27T13:19:43.803+00:00,43.064,absent,4058.8,"{""state"":""absent"",""devices"":[]}",absent,absent,27.2,20.2,List of devices attached,
2026-09-27T13:19:44.756+00:00,2026-09-27T13:19:44.807+00:00,44.068,absent,4058.8,"{""state"":""absent"",""devices"":[]}",absent,absent,26.3,24.7,List of devices attached,
2026-09-27T13:19:45.756+00:00,2026-09-27T13:19:45.801+00:00,45.062,absent,4058.8,"{""state"":""absent"",""devices"":[]}",absent,absent,24.2,21.0,List of devices attached,
2026-09-27T13:19:46.756+00:00,2026-09-27T13:19:46.803+00:00,46.064,absent,4058.8,"{""state"":""absent"",""devices"":[]}",absent,absent,25.5,21.6,List of devices attached,
2026-09-27T13:19:47.756+00:00,2026-09-27T13:19:47.805+00:00,47.066,absent,4058.8,"{""state"":""absent"",""devices"":[]}",absent,absent,25.3,23.4,List of devices attached,
2026-09-27T13:19:48.757+00:00,2026-09-27T13:19:48.805+00:00,48.065,absent,4096.2,"{""state"":""absent"",""devices"":[]}",absent,absent,24.8,23.0,List of devices attached,
2026-09-27T13:19:49.757+00:00,2026-09-27T13:19:49.809+00:00,49.070,absent,4096.2,"{""state"":""absent"",""devices"":[]}",absent,absent,31.5,20.7,List of devices attached,
2026-09-27T13:19:50.757+00:00,2026-09-27T13:19:50.805+00:00,50.066,absent,4096.2,"{""state"":""absent"",""devices"":[]}",absent,absent,24.1,23.5,List of devices attached,
2026-09-27T13:19:51.758+00:00,2026-09-27T13:19:51.810+00:00,51.071,absent,4096.2,"{""state"":""absent"",""devices"":[]}",absent,absent,25.5,27.0,List of devices attached,
2026-09-27T13:19:52.758+00:00,2026-09-27T13:19:52.826+00:00,52.087,absent,3956.3,"{""state"":""absent"",""devices"":[]}",absent,absent,27.9,40.2,List of devices attached,
2026-09-27T13:19:53.759+00:00,2026-09-27T13:19:53.802+00:00,53.063,absent,3956.3,"{""state"":""absent"",""devices"":[]}",absent,absent,22.9,20.5,List of devices attached,
2026-09-27T13:19:54.759+00:00,2026-09-27T13:19:54.803+00:00,54.064,absent,3956.3,"{""state"":""absent"",""devices"":[]}",absent,absent,24.0,19.8,List of devices attached,
2026-09-27T13:19:55.759+00:00,2026-09-27T13:19:55.806+00:00,55.067,absent,3956.3,"{""state"":""absent"",""devices"":[]}",absent,absent,25.4,21.1,List of devices attached,
2026-09-27T13:19:56.760+00:00,2026-09-27T13:19:56.819+00:00,56.080,absent,3956.3,"{""state"":""absent"",""devices"":[]}",unauthorized,absent,30.6,28.4,List of devices attached | 1384e684               unauthorized transport_id:1,
2026-09-27T13:19:57.760+00:00,2026-09-27T13:19:57.816+00:00,57.077,absent,4035.3,"{""state"":""absent"",""devices"":[]}",unauthorized,absent,25.0,31.0,List of devices attached | 1384e684               unauthorized transport_id:1,
2026-09-27T13:19:58.760+00:00,2026-09-27T13:19:58.807+00:00,58.068,absent,4035.3,"{""state"":""absent"",""devices"":[]}",unauthorized,absent,24.7,22.1,List of devices attached | 1384e684               unauthorized transport_id:1,
2026-09-27T13:19:59.761+00:00,2026-09-27T13:19:59.808+00:00,59.068,absent,4035.3,"{""state"":""absent"",""devices"":[]}",unauthorized,absent,24.0,22.5,List of devices attached | 1384e684               unauthorized transport_id:1,
2026-09-27T13:20:00.761+00:00,2026-09-27T13:20:00.808+00:00,60.068,absent,4035.3,"{""state"":""absent"",""devices"":[]}",unauthorized,absent,25.6,20.9,List of devices attached | 1384e684               unauthorized transport_id:1,
2026-09-27T13:20:01.761+00:00,2026-09-27T13:20:01.808+00:00,61.069,present,3925.4,"{""state"":""present"",""devices"":[{""Status"":""OK"",""Class"":""AndroidUsbDeviceClass"",""FriendlyName"":""Android Composite ADB Interface"",""InstanceId"":""USB\\VID_18D1&PID_D001\\1384E684""}]}",unauthorized,absent,24.6,22.0,List of devices attached | 1384e684               unauthorized transport_id:1,
2026-09-27T13:20:02.762+00:00,2026-09-27T13:20:02.806+00:00,62.067,present,3925.4,"{""state"":""present"",""devices"":[{""Status"":""OK"",""Class"":""AndroidUsbDeviceClass"",""FriendlyName"":""Android Composite ADB Interface"",""InstanceId"":""USB\\VID_18D1&PID_D001\\1384E684""}]}",unauthorized,absent,23.9,20.5,List of devices attached | 1384e684               unauthorized transport_id:1,
2026-09-27T13:20:03.762+00:00,2026-09-27T13:20:03.809+00:00,63.070,present,3925.4,"{""state"":""present"",""devices"":[{""Status"":""OK"",""Class"":""AndroidUsbDeviceClass"",""FriendlyName"":""Android Composite ADB Interface"",""InstanceId"":""USB\\VID_18D1&PID_D001\\1384E684""}]}",unauthorized,absent,26.0,21.4,List of devices attached | 1384e684               unauthorized transport_id:1,
2026-09-27T13:20:04.762+00:00,2026-09-27T13:20:04.816+00:00,64.077,present,3925.4,"{""state"":""present"",""devices"":[{""Status"":""OK"",""Class"":""AndroidUsbDeviceClass"",""FriendlyName"":""Android Composite ADB Interface"",""InstanceId"":""USB\\VID_18D1&PID_D001\\1384E684""}]}",unauthorized,absent,24.6,29.4,List of devices attached | 1384e684               unauthorized transport_id:1,
2026-09-27T13:20:05.763+00:00,2026-09-27T13:20:05.810+00:00,65.071,present,3904.7,"{""state"":""present"",""devices"":[{""Status"":""OK"",""Class"":""AndroidUsbDeviceClass"",""FriendlyName"":""Android Composite ADB Interface"",""InstanceId"":""USB\\VID_18D1&PID_D001\\1384E684""}]}",unauthorized,absent,25.5,21.7,List of devices attached | 1384e684               unauthorized transport_id:1,
2026-09-27T13:20:06.763+00:00,2026-09-27T13:20:06.808+00:00,66.069,present,3904.7,"{""state"":""present"",""devices"":[{""Status"":""OK"",""Class"":""AndroidUsbDeviceClass"",""FriendlyName"":""Android Composite ADB Interface"",""InstanceId"":""USB\\VID_18D1&PID_D001\\1384E684""}]}",unauthorized,absent,24.3,21.1,List of devices attached | 1384e684               unauthorized transport_id:1,
2026-09-27T13:20:07.763+00:00,2026-09-27T13:20:07.818+00:00,67.079,present,3904.7,"{""state"":""present"",""devices"":[{""Status"":""OK"",""Class"":""AndroidUsbDeviceClass"",""FriendlyName"":""Android Composite ADB Interface"",""InstanceId"":""USB\\VID_18D1&PID_D001\\1384E684""}]}",unauthorized,absent,33.3,21.4,List of devices attached | 1384e684               unauthorized transport_id:1,
2026-09-27T13:20:08.764+00:00,2026-09-27T13:20:08.810+00:00,68.071,present,3904.7,"{""state"":""present"",""devices"":[{""Status"":""OK"",""Class"":""AndroidUsbDeviceClass"",""FriendlyName"":""Android Composite ADB Interface"",""InstanceId"":""USB\\VID_18D1&PID_D001\\1384E684""}]}",unauthorized,absent,25.0,21.2,List of devices attached | 1384e684               unauthorized transport_id:1,
2026-09-27T13:20:09.764+00:00,2026-09-27T13:20:09.809+00:00,69.070,present,3904.7,"{""state"":""present"",""devices"":[{""Status"":""OK"",""Class"":""AndroidUsbDeviceClass"",""FriendlyName"":""Android Composite ADB Interface"",""InstanceId"":""USB\\VID_18D1&PID_D001\\1384E684""}]}",unauthorized,absent,25.1,19.7,List of devices attached | 1384e684               unauthorized transport_id:1,
2026-09-27T13:20:10.764+00:00,2026-09-27T13:20:10.811+00:00,70.072,present,4013.0,"{""state"":""present"",""devices"":[{""Status"":""OK"",""Class"":""AndroidUsbDeviceClass"",""FriendlyName"":""Android Composite ADB Interface"",""InstanceId"":""USB\\VID_18D1&PID_D001\\1384E684""}]}",unauthorized,absent,24.8,21.9,List of devices attached | 1384e684               unauthorized transport_id:1,
2026-09-27T13:20:11.764+00:00,2026-09-27T13:20:11.811+00:00,71.072,present,4013.0,"{""state"":""present"",""devices"":[{""Status"":""OK"",""Class"":""AndroidUsbDeviceClass"",""FriendlyName"":""Android Composite ADB Interface"",""InstanceId"":""USB\\VID_18D1&PID_D001\\1384E684""}]}",unauthorized,absent,24.7,22.2,List of devices attached | 1384e684               unauthorized transport_id:1,
2026-09-27T13:20:12.765+00:00,2026-09-27T13:20:12.810+00:00,72.071,present,4013.0,"{""state"":""present"",""devices"":[{""Status"":""OK"",""Class"":""AndroidUsbDeviceClass"",""FriendlyName"":""Android Composite ADB Interface"",""InstanceId"":""USB\\VID_18D1&PID_D001\\1384E684""}]}",unauthorized,absent,24.7,20.8,List of devices attached | 1384e684               unauthorized transport_id:1,
2026-09-27T13:20:13.765+00:00,2026-09-27T13:20:13.813+00:00,73.074,present,4013.0,"{""state"":""present"",""devices"":[{""Status"":""OK"",""Class"":""AndroidUsbDeviceClass"",""FriendlyName"":""Android Composite ADB Interface"",""InstanceId"":""USB\\VID_18D1&PID_D001\\1384E684""}]}",unauthorized,absent,25.1,22.8,List of devices attached | 1384e684               unauthorized transport_id:1,
2026-09-27T13:20:14.765+00:00,2026-09-27T13:20:14.810+00:00,74.071,present,3920.6,"{""state"":""present"",""devices"":[{""Status"":""OK"",""Class"":""AndroidUsbDeviceClass"",""FriendlyName"":""Android Composite ADB Interface"",""InstanceId"":""USB\\VID_18D1&PID_D001\\1384E684""}]}",unauthorized,absent,23.2,21.7,List of devices attached | 1384e684               unauthorized transport_id:1,
2026-09-27T13:20:15.766+00:00,2026-09-27T13:20:15.818+00:00,75.079,present,3920.6,"{""state"":""present"",""devices"":[{""Status"":""OK"",""Class"":""AndroidUsbDeviceClass"",""FriendlyName"":""Android Composite ADB Interface"",""InstanceId"":""USB\\VID_18D1&PID_D001\\1384E684""}]}",unauthorized,absent,26.7,25.3,List of devices attached | 1384e684               unauthorized transport_id:1,
2026-09-27T13:20:16.766+00:00,2026-09-27T13:20:16.819+00:00,76.080,present,3920.6,"{""state"":""present"",""devices"":[{""Status"":""OK"",""Class"":""AndroidUsbDeviceClass"",""FriendlyName"":""Android Composite ADB Interface"",""InstanceId"":""USB\\VID_18D1&PID_D001\\1384E684""}]}",unauthorized,absent,28.9,24.4,List of devices attached | 1384e684               unauthorized transport_id:1,
2026-09-27T13:20:17.766+00:00,2026-09-27T13:20:17.814+00:00,77.075,present,3920.6,"{""state"":""present"",""devices"":[{""Status"":""OK"",""Class"":""AndroidUsbDeviceClass"",""FriendlyName"":""Android Composite ADB Interface"",""InstanceId"":""USB\\VID_18D1&PID_D001\\1384E684""}]}",unauthorized,absent,25.7,22.0,List of devices attached | 1384e684               unauthorized transport_id:1,
2026-09-27T13:20:18.767+00:00,2026-09-27T13:20:18.813+00:00,78.073,present,3965.3,"{""state"":""present"",""devices"":[{""Status"":""OK"",""Class"":""AndroidUsbDeviceClass"",""FriendlyName"":""Android Composite ADB Interface"",""InstanceId"":""USB\\VID_18D1&PID_D001\\1384E684""}]}",unauthorized,absent,24.3,21.6,List of devices attached | 1384e684               unauthorized transport_id:1,
2026-09-27T13:20:19.767+00:00,2026-09-27T13:20:19.815+00:00,79.076,present,3965.3,"{""state"":""present"",""devices"":[{""Status"":""OK"",""Class"":""AndroidUsbDeviceClass"",""FriendlyName"":""Android Composite ADB Interface"",""InstanceId"":""USB\\VID_18D1&PID_D001\\1384E684""}]}",unauthorized,absent,25.1,22.9,List of devices attached | 1384e684               unauthorized transport_id:1,
2026-09-27T13:20:20.768+00:00,2026-09-27T13:20:20.814+00:00,80.075,present,3965.3,"{""state"":""present"",""devices"":[{""Status"":""OK"",""Class"":""AndroidUsbDeviceClass"",""FriendlyName"":""Android Composite ADB Interface"",""InstanceId"":""USB\\VID_18D1&PID_D001\\1384E684""}]}",unauthorized,absent,25.2,21.4,List of devices attached | 1384e684               unauthorized transport_id:1,
2026-09-27T13:20:21.768+00:00,2026-09-27T13:20:21.814+00:00,81.075,present,3965.3,"{""state"":""present"",""devices"":[{""Status"":""OK"",""Class"":""AndroidUsbDeviceClass"",""FriendlyName"":""Android Composite ADB Interface"",""InstanceId"":""USB\\VID_18D1&PID_D001\\1384E684""}]}",unauthorized,absent,24.5,21.5,List of devices attached | 1384e684               unauthorized transport_id:1,
2026-09-27T13:20:22.768+00:00,2026-09-27T13:20:22.815+00:00,82.076,present,3976.3,"{""state"":""present"",""devices"":[{""Status"":""OK"",""Class"":""AndroidUsbDeviceClass"",""FriendlyName"":""Android Composite ADB Interface"",""InstanceId"":""USB\\VID_18D1&PID_D001\\1384E684""}]}",unauthorized,absent,24.1,22.8,List of devices attached | 1384e684               unauthorized transport_id:1,
2026-09-27T13:20:23.769+00:00,2026-09-27T13:20:23.814+00:00,83.075,present,3976.3,"{""state"":""present"",""devices"":[{""Status"":""OK"",""Class"":""AndroidUsbDeviceClass"",""FriendlyName"":""Android Composite ADB Interface"",""InstanceId"":""USB\\VID_18D1&PID_D001\\1384E684""}]}",unauthorized,absent,23.2,22.0,List of devices attached | 1384e684               unauthorized transport_id:1,
2026-09-27T13:20:24.769+00:00,2026-09-27T13:20:24.817+00:00,84.077,present,3976.3,"{""state"":""present"",""devices"":[{""Status"":""OK"",""Class"":""AndroidUsbDeviceClass"",""FriendlyName"":""Android Composite ADB Interface"",""InstanceId"":""USB\\VID_18D1&PID_D001\\1384E684""}]}",unauthorized,absent,25.7,21.7,List of devices attached | 1384e684               unauthorized transport_id:1,
2026-09-27T13:20:25.769+00:00,2026-09-27T13:20:25.815+00:00,85.076,present,3976.3,"{""state"":""present"",""devices"":[{""Status"":""OK"",""Class"":""AndroidUsbDeviceClass"",""FriendlyName"":""Android Composite ADB Interface"",""InstanceId"":""USB\\VID_18D1&PID_D001\\1384E684""}]}",unauthorized,absent,23.9,21.4,List of devices attached | 1384e684               unauthorized transport_id:1,
2026-09-27T13:20:26.770+00:00,2026-09-27T13:20:26.816+00:00,86.077,present,3976.3,"{""state"":""present"",""devices"":[{""Status"":""OK"",""Class"":""AndroidUsbDeviceClass"",""FriendlyName"":""Android Composite ADB Interface"",""InstanceId"":""USB\\VID_18D1&PID_D001\\1384E684""}]}",unauthorized,absent,24.7,21.5,List of devices attached | 1384e684               unauthorized transport_id:1,
2026-09-27T13:20:27.770+00:00,2026-09-27T13:20:27.819+00:00,87.080,present,4022.8,"{""state"":""present"",""devices"":[{""Status"":""OK"",""Class"":""AndroidUsbDeviceClass"",""FriendlyName"":""Android Composite ADB Interface"",""InstanceId"":""USB\\VID_18D1&PID_D001\\1384E684""}]}",unauthorized,absent,25.2,23.6,List of devices attached | 1384e684               unauthorized transport_id:1,
2026-09-27T13:20:28.770+00:00,2026-09-27T13:20:28.820+00:00,88.080,present,4022.8,"{""state"":""present"",""devices"":[{""Status"":""OK"",""Class"":""AndroidUsbDeviceClass"",""FriendlyName"":""Android Composite ADB Interface"",""InstanceId"":""USB\\VID_18D1&PID_D001\\1384E684""}]}",unauthorized,absent,25.3,24.0,List of devices attached | 1384e684               unauthorized transport_id:1,
2026-09-27T13:20:29.771+00:00,2026-09-27T13:20:29.833+00:00,89.093,present,4022.8,"{""state"":""present"",""devices"":[{""Status"":""OK"",""Class"":""AndroidUsbDeviceClass"",""FriendlyName"":""Android Composite ADB Interface"",""InstanceId"":""USB\\VID_18D1&PID_D001\\1384E684""}]}",unauthorized,absent,24.5,37.4,List of devices attached | 1384e684               unauthorized transport_id:1,
2026-09-27T13:20:30.771+00:00,2026-09-27T13:20:30.827+00:00,90.088,present,4022.8,"{""state"":""present"",""devices"":[{""Status"":""OK"",""Class"":""AndroidUsbDeviceClass"",""FriendlyName"":""Android Composite ADB Interface"",""InstanceId"":""USB\\VID_18D1&PID_D001\\1384E684""}]}",unauthorized,absent,25.3,31.1,List of devices attached | 1384e684               unauthorized transport_id:1,
2026-09-27T13:20:31.771+00:00,2026-09-27T13:20:31.817+00:00,91.077,present,4022.8,"{""state"":""present"",""devices"":[{""Status"":""OK"",""Class"":""AndroidUsbDeviceClass"",""FriendlyName"":""Android Composite ADB Interface"",""InstanceId"":""USB\\VID_18D1&PID_D001\\1384E684""}]}",unauthorized,absent,23.7,21.8,List of devices attached | 1384e684               unauthorized transport_id:1,
2026-09-27T13:20:32.771+00:00,2026-09-27T13:20:32.823+00:00,92.083,present,4027.3,"{""state"":""present"",""devices"":[{""Status"":""OK"",""Class"":""AndroidUsbDeviceClass"",""FriendlyName"":""Android Composite ADB Interface"",""InstanceId"":""USB\\VID_18D1&PID_D001\\1384E684""}]}",unauthorized,absent,27.0,24.2,List of devices attached | 1384e684               unauthorized transport_id:1,
2026-09-27T13:20:33.772+00:00,2026-09-27T13:20:33.816+00:00,93.076,present,4027.3,"{""state"":""present"",""devices"":[{""Status"":""OK"",""Class"":""AndroidUsbDeviceClass"",""FriendlyName"":""Android Composite ADB Interface"",""InstanceId"":""USB\\VID_18D1&PID_D001\\1384E684""}]}",unauthorized,absent,24.3,19.6,List of devices attached | 1384e684               unauthorized transport_id:1,
2026-09-27T13:20:34.772+00:00,2026-09-27T13:20:34.816+00:00,94.077,present,4027.3,"{""state"":""present"",""devices"":[{""Status"":""OK"",""Class"":""AndroidUsbDeviceClass"",""FriendlyName"":""Android Composite ADB Interface"",""InstanceId"":""USB\\VID_18D1&PID_D001\\1384E684""}]}",unauthorized,absent,23.6,21.1,List of devices attached | 1384e684               unauthorized transport_id:1,
2026-09-27T13:20:35.772+00:00,2026-09-27T13:20:35.818+00:00,95.078,present,4027.3,"{""state"":""present"",""devices"":[{""Status"":""OK"",""Class"":""AndroidUsbDeviceClass"",""FriendlyName"":""Android Composite ADB Interface"",""InstanceId"":""USB\\VID_18D1&PID_D001\\1384E684""}]}",unauthorized,absent,24.5,21.1,List of devices attached | 1384e684               unauthorized transport_id:1,
2026-09-27T13:20:36.772+00:00,2026-09-27T13:20:36.817+00:00,96.077,present,4027.3,"{""state"":""present"",""devices"":[{""Status"":""OK"",""Class"":""AndroidUsbDeviceClass"",""FriendlyName"":""Android Composite ADB Interface"",""InstanceId"":""USB\\VID_18D1&PID_D001\\1384E684""}]}",unauthorized,absent,23.9,20.5,List of devices attached | 1384e684               unauthorized transport_id:1,
2026-09-27T13:20:37.772+00:00,2026-09-27T13:20:37.816+00:00,97.077,present,4053.6,"{""state"":""present"",""devices"":[{""Status"":""OK"",""Class"":""AndroidUsbDeviceClass"",""FriendlyName"":""Android Composite ADB Interface"",""InstanceId"":""USB\\VID_18D1&PID_D001\\1384E684""}]}",unauthorized,absent,23.8,20.1,List of devices attached | 1384e684               unauthorized transport_id:1,
2026-09-27T13:20:38.773+00:00,2026-09-27T13:20:38.816+00:00,98.077,present,4053.6,"{""state"":""present"",""devices"":[{""Status"":""OK"",""Class"":""AndroidUsbDeviceClass"",""FriendlyName"":""Android Composite ADB Interface"",""InstanceId"":""USB\\VID_18D1&PID_D001\\1384E684""}]}",unauthorized,absent,23.7,20.1,List of devices attached | 1384e684               unauthorized transport_id:1,
2026-09-27T13:20:39.773+00:00,2026-09-27T13:20:39.817+00:00,99.078,present,4053.6,"{""state"":""present"",""devices"":[{""Status"":""OK"",""Class"":""AndroidUsbDeviceClass"",""FriendlyName"":""Android Composite ADB Interface"",""InstanceId"":""USB\\VID_18D1&PID_D001\\1384E684""}]}",unauthorized,absent,23.4,20.4,List of devices attached | 1384e684               unauthorized transport_id:1,
2026-09-27T13:20:40.774+00:00,2026-09-27T13:20:40.818+00:00,100.079,present,4053.6,"{""state"":""present"",""devices"":[{""Status"":""OK"",""Class"":""AndroidUsbDeviceClass"",""FriendlyName"":""Android Composite ADB Interface"",""InstanceId"":""USB\\VID_18D1&PID_D001\\1384E684""}]}",unauthorized,absent,24.1,20.1,List of devices attached | 1384e684               unauthorized transport_id:1,
2026-09-27T13:20:41.774+00:00,2026-09-27T13:20:41.819+00:00,101.079,present,4053.6,"{""state"":""present"",""devices"":[{""Status"":""OK"",""Class"":""AndroidUsbDeviceClass"",""FriendlyName"":""Android Composite ADB Interface"",""InstanceId"":""USB\\VID_18D1&PID_D001\\1384E684""}]}",unauthorized,absent,24.1,20.6,List of devices attached | 1384e684               unauthorized transport_id:1,
2026-09-27T13:20:42.774+00:00,2026-09-27T13:20:42.817+00:00,102.078,present,4065.5,"{""state"":""present"",""devices"":[{""Status"":""OK"",""Class"":""AndroidUsbDeviceClass"",""FriendlyName"":""Android Composite ADB Interface"",""InstanceId"":""USB\\VID_18D1&PID_D001\\1384E684""}]}",unauthorized,absent,22.2,20.5,List of devices attached | 1384e684               unauthorized transport_id:1,
2026-09-27T13:20:43.774+00:00,2026-09-27T13:20:43.818+00:00,103.079,present,4065.5,"{""state"":""present"",""devices"":[{""Status"":""OK"",""Class"":""AndroidUsbDeviceClass"",""FriendlyName"":""Android Composite ADB Interface"",""InstanceId"":""USB\\VID_18D1&PID_D001\\1384E684""}]}",unauthorized,absent,23.1,20.7,List of devices attached | 1384e684               unauthorized transport_id:1,
2026-09-27T13:20:44.775+00:00,2026-09-27T13:20:44.818+00:00,104.078,present,4065.5,"{""state"":""present"",""devices"":[{""Status"":""OK"",""Class"":""AndroidUsbDeviceClass"",""FriendlyName"":""Android Composite ADB Interface"",""InstanceId"":""USB\\VID_18D1&PID_D001\\1384E684""}]}",unauthorized,absent,23.5,19.2,List of devices attached | 1384e684               unauthorized transport_id:1,
2026-09-27T13:20:45.775+00:00,2026-09-27T13:20:45.818+00:00,105.079,present,4065.5,"{""state"":""present"",""devices"":[{""Status"":""OK"",""Class"":""AndroidUsbDeviceClass"",""FriendlyName"":""Android Composite ADB Interface"",""InstanceId"":""USB\\VID_18D1&PID_D001\\1384E684""}]}",unauthorized,absent,23.2,19.9,List of devices attached | 1384e684               unauthorized transport_id:1,
2026-09-27T13:20:46.775+00:00,2026-09-27T13:20:46.820+00:00,106.081,present,4065.5,"{""state"":""present"",""devices"":[{""Status"":""OK"",""Class"":""AndroidUsbDeviceClass"",""FriendlyName"":""Android Composite ADB Interface"",""InstanceId"":""USB\\VID_18D1&PID_D001\\1384E684""}]}",unauthorized,absent,22.6,22.1,List of devices attached | 1384e684               unauthorized transport_id:1,
2026-09-27T13:20:47.776+00:00,2026-09-27T13:20:47.820+00:00,107.081,present,4033.0,"{""state"":""present"",""devices"":[{""Status"":""OK"",""Class"":""AndroidUsbDeviceClass"",""FriendlyName"":""Android Composite ADB Interface"",""InstanceId"":""USB\\VID_18D1&PID_D001\\1384E684""}]}",unauthorized,absent,23.9,20.7,List of devices attached | 1384e684               unauthorized transport_id:1,
2026-09-27T13:20:48.776+00:00,2026-09-27T13:20:48.821+00:00,108.082,present,4033.0,"{""state"":""present"",""devices"":[{""Status"":""OK"",""Class"":""AndroidUsbDeviceClass"",""FriendlyName"":""Android Composite ADB Interface"",""InstanceId"":""USB\\VID_18D1&PID_D001\\1384E684""}]}",unauthorized,absent,24.4,20.5,List of devices attached | 1384e684               unauthorized transport_id:1,
2026-09-27T13:20:49.777+00:00,2026-09-27T13:20:49.822+00:00,109.083,present,4033.0,"{""state"":""present"",""devices"":[{""Status"":""OK"",""Class"":""AndroidUsbDeviceClass"",""FriendlyName"":""Android Composite ADB Interface"",""InstanceId"":""USB\\VID_18D1&PID_D001\\1384E684""}]}",unauthorized,absent,24.7,21.1,List of devices attached | 1384e684               unauthorized transport_id:1,
2026-09-27T13:20:50.777+00:00,2026-09-27T13:20:50.823+00:00,110.084,present,4033.0,"{""state"":""present"",""devices"":[{""Status"":""OK"",""Class"":""AndroidUsbDeviceClass"",""FriendlyName"":""Android Composite ADB Interface"",""InstanceId"":""USB\\VID_18D1&PID_D001\\1384E684""}]}",unauthorized,absent,24.8,20.8,List of devices attached | 1384e684               unauthorized transport_id:1,
2026-09-27T13:20:51.777+00:00,2026-09-27T13:20:51.823+00:00,111.084,present,4033.0,"{""state"":""present"",""devices"":[{""Status"":""OK"",""Class"":""AndroidUsbDeviceClass"",""FriendlyName"":""Android Composite ADB Interface"",""InstanceId"":""USB\\VID_18D1&PID_D001\\1384E684""}]}",unauthorized,absent,24.1,21.6,List of devices attached | 1384e684               unauthorized transport_id:1,
2026-09-27T13:20:52.778+00:00,2026-09-27T13:20:52.821+00:00,112.082,present,4015.0,"{""state"":""present"",""devices"":[{""Status"":""OK"",""Class"":""AndroidUsbDeviceClass"",""FriendlyName"":""Android Composite ADB Interface"",""InstanceId"":""USB\\VID_18D1&PID_D001\\1384E684""}]}",unauthorized,absent,22.4,21.0,List of devices attached | 1384e684               unauthorized transport_id:1,
2026-09-27T13:20:53.778+00:00,2026-09-27T13:20:53.826+00:00,113.087,present,4015.0,"{""state"":""present"",""devices"":[{""Status"":""OK"",""Class"":""AndroidUsbDeviceClass"",""FriendlyName"":""Android Composite ADB Interface"",""InstanceId"":""USB\\VID_18D1&PID_D001\\1384E684""}]}",unauthorized,absent,24.9,22.7,List of devices attached | 1384e684               unauthorized transport_id:1,
2026-09-27T13:20:54.779+00:00,2026-09-27T13:20:54.822+00:00,114.083,present,4015.0,"{""state"":""present"",""devices"":[{""Status"":""OK"",""Class"":""AndroidUsbDeviceClass"",""FriendlyName"":""Android Composite ADB Interface"",""InstanceId"":""USB\\VID_18D1&PID_D001\\1384E684""}]}",unauthorized,absent,23.1,19.8,List of devices attached | 1384e684               unauthorized transport_id:1,
2026-09-27T13:20:55.779+00:00,2026-09-27T13:20:55.822+00:00,115.083,present,4015.0,"{""state"":""present"",""devices"":[{""Status"":""OK"",""Class"":""AndroidUsbDeviceClass"",""FriendlyName"":""Android Composite ADB Interface"",""InstanceId"":""USB\\VID_18D1&PID_D001\\1384E684""}]}",unauthorized,absent,22.9,19.6,List of devices attached | 1384e684               unauthorized transport_id:1,
2026-09-27T13:20:56.779+00:00,2026-09-27T13:20:56.828+00:00,116.088,present,4015.0,"{""state"":""present"",""devices"":[{""Status"":""OK"",""Class"":""AndroidUsbDeviceClass"",""FriendlyName"":""Android Composite ADB Interface"",""InstanceId"":""USB\\VID_18D1&PID_D001\\1384E684""}]}",unauthorized,absent,26.3,22.0,List of devices attached | 1384e684               unauthorized transport_id:1,
2026-09-27T13:20:57.779+00:00,2026-09-27T13:20:57.825+00:00,117.085,present,4032.8,"{""state"":""present"",""devices"":[{""Status"":""OK"",""Class"":""AndroidUsbDeviceClass"",""FriendlyName"":""Android Composite ADB Interface"",""InstanceId"":""USB\\VID_18D1&PID_D001\\1384E684""}]}",unauthorized,absent,23.9,21.1,List of devices attached | 1384e684               unauthorized transport_id:1,
2026-09-27T13:20:58.780+00:00,2026-09-27T13:20:58.824+00:00,118.085,present,4032.8,"{""state"":""present"",""devices"":[{""Status"":""OK"",""Class"":""AndroidUsbDeviceClass"",""FriendlyName"":""Android Composite ADB Interface"",""InstanceId"":""USB\\VID_18D1&PID_D001\\1384E684""}]}",unauthorized,absent,22.5,21.8,List of devices attached | 1384e684               unauthorized transport_id:1,
2026-09-27T13:20:59.780+00:00,2026-09-27T13:20:59.830+00:00,119.091,present,4032.8,"{""state"":""present"",""devices"":[{""Status"":""OK"",""Class"":""AndroidUsbDeviceClass"",""FriendlyName"":""Android Composite ADB Interface"",""InstanceId"":""USB\\VID_18D1&PID_D001\\1384E684""}]}",unauthorized,absent,25.3,24.6,List of devices attached | 1384e684               unauthorized transport_id:1,
2026-09-27T13:21:00.780+00:00,2026-09-27T13:21:00.830+00:00,120.090,present,4032.8,"{""state"":""present"",""devices"":[{""Status"":""OK"",""Class"":""AndroidUsbDeviceClass"",""FriendlyName"":""Android Composite ADB Interface"",""InstanceId"":""USB\\VID_18D1&PID_D001\\1384E684""}]}",unauthorized,absent,24.6,24.4,List of devices attached | 1384e684               unauthorized transport_id:1,
2026-09-27T13:21:01.781+00:00,2026-09-27T13:21:01.828+00:00,121.089,present,4032.8,"{""state"":""present"",""devices"":[{""Status"":""OK"",""Class"":""AndroidUsbDeviceClass"",""FriendlyName"":""Android Composite ADB Interface"",""InstanceId"":""USB\\VID_18D1&PID_D001\\1384E684""}]}",unauthorized,absent,23.4,23.8,List of devices attached | 1384e684               unauthorized transport_id:1,
2026-09-27T13:21:02.781+00:00,2026-09-27T13:21:02.829+00:00,122.090,present,4014.4,"{""state"":""present"",""devices"":[{""Status"":""OK"",""Class"":""AndroidUsbDeviceClass"",""FriendlyName"":""Android Composite ADB Interface"",""InstanceId"":""USB\\VID_18D1&PID_D001\\1384E684""}]}",unauthorized,absent,23.8,24.1,List of devices attached | 1384e684               unauthorized transport_id:1,
2026-09-27T13:21:03.781+00:00,2026-09-27T13:21:03.831+00:00,123.092,present,4014.4,"{""state"":""present"",""devices"":[{""Status"":""OK"",""Class"":""AndroidUsbDeviceClass"",""FriendlyName"":""Android Composite ADB Interface"",""InstanceId"":""USB\\VID_18D1&PID_D001\\1384E684""}]}",unauthorized,absent,25.1,24.6,List of devices attached | 1384e684               unauthorized transport_id:1,
2026-09-27T13:21:04.781+00:00,2026-09-27T13:21:04.827+00:00,124.087,present,4014.4,"{""state"":""present"",""devices"":[{""Status"":""OK"",""Class"":""AndroidUsbDeviceClass"",""FriendlyName"":""Android Composite ADB Interface"",""InstanceId"":""USB\\VID_18D1&PID_D001\\1384E684""}]}",unauthorized,absent,23.1,22.1,List of devices attached | 1384e684               unauthorized transport_id:1,
2026-09-27T13:21:05.782+00:00,2026-09-27T13:21:05.827+00:00,125.087,present,4014.4,"{""state"":""present"",""devices"":[{""Status"":""OK"",""Class"":""AndroidUsbDeviceClass"",""FriendlyName"":""Android Composite ADB Interface"",""InstanceId"":""USB\\VID_18D1&PID_D001\\1384E684""}]}",unauthorized,absent,23.2,21.7,List of devices attached | 1384e684               unauthorized transport_id:1,
2026-09-27T13:21:06.782+00:00,2026-09-27T13:21:06.826+00:00,126.087,present,4014.4,"{""state"":""present"",""devices"":[{""Status"":""OK"",""Class"":""AndroidUsbDeviceClass"",""FriendlyName"":""Android Composite ADB Interface"",""InstanceId"":""USB\\VID_18D1&PID_D001\\1384E684""}]}",unauthorized,absent,23.8,20.5,List of devices attached | 1384e684               unauthorized transport_id:1,
2026-09-27T13:21:07.782+00:00,2026-09-27T13:21:07.828+00:00,127.089,present,4015.8,"{""state"":""present"",""devices"":[{""Status"":""OK"",""Class"":""AndroidUsbDeviceClass"",""FriendlyName"":""Android Composite ADB Interface"",""InstanceId"":""USB\\VID_18D1&PID_D001\\1384E684""}]}",unauthorized,absent,23.7,22.0,List of devices attached | 1384e684               unauthorized transport_id:1,
2026-09-27T13:21:08.782+00:00,2026-09-27T13:21:08.827+00:00,128.088,present,4015.8,"{""state"":""present"",""devices"":[{""Status"":""OK"",""Class"":""AndroidUsbDeviceClass"",""FriendlyName"":""Android Composite ADB Interface"",""InstanceId"":""USB\\VID_18D1&PID_D001\\1384E684""}]}",unauthorized,absent,23.8,20.7,List of devices attached | 1384e684               unauthorized transport_id:1,
2026-09-27T13:21:09.783+00:00,2026-09-27T13:21:09.829+00:00,129.089,present,4015.8,"{""state"":""present"",""devices"":[{""Status"":""OK"",""Class"":""AndroidUsbDeviceClass"",""FriendlyName"":""Android Composite ADB Interface"",""InstanceId"":""USB\\VID_18D1&PID_D001\\1384E684""}]}",unauthorized,absent,24.2,21.8,List of devices attached | 1384e684               unauthorized transport_id:1,
2026-09-27T13:21:10.783+00:00,2026-09-27T13:21:10.827+00:00,130.088,present,4015.8,"{""state"":""present"",""devices"":[{""Status"":""OK"",""Class"":""AndroidUsbDeviceClass"",""FriendlyName"":""Android Composite ADB Interface"",""InstanceId"":""USB\\VID_18D1&PID_D001\\1384E684""}]}",unauthorized,absent,23.2,20.5,List of devices attached | 1384e684               unauthorized transport_id:1,
2026-09-27T13:21:11.783+00:00,2026-09-27T13:21:11.834+00:00,131.094,present,4015.8,"{""state"":""present"",""devices"":[{""Status"":""OK"",""Class"":""AndroidUsbDeviceClass"",""FriendlyName"":""Android Composite ADB Interface"",""InstanceId"":""USB\\VID_18D1&PID_D001\\1384E684""}]}",unauthorized,absent,25.6,24.8,List of devices attached | 1384e684               unauthorized transport_id:1,
2026-09-27T13:21:12.783+00:00,2026-09-27T13:21:12.828+00:00,132.089,present,4042.4,"{""state"":""present"",""devices"":[{""Status"":""OK"",""Class"":""AndroidUsbDeviceClass"",""FriendlyName"":""Android Composite ADB Interface"",""InstanceId"":""USB\\VID_18D1&PID_D001\\1384E684""}]}",unauthorized,absent,23.0,21.3,List of devices attached | 1384e684               unauthorized transport_id:1,
2026-09-27T13:21:13.784+00:00,2026-09-27T13:21:13.828+00:00,133.089,present,4042.4,"{""state"":""present"",""devices"":[{""Status"":""OK"",""Class"":""AndroidUsbDeviceClass"",""FriendlyName"":""Android Composite ADB Interface"",""InstanceId"":""USB\\VID_18D1&PID_D001\\1384E684""}]}",unauthorized,absent,23.8,20.8,List of devices attached | 1384e684               unauthorized transport_id:1,
2026-09-27T13:21:14.784+00:00,2026-09-27T13:21:14.832+00:00,134.093,present,4042.4,"{""state"":""present"",""devices"":[{""Status"":""OK"",""Class"":""AndroidUsbDeviceClass"",""FriendlyName"":""Android Composite ADB Interface"",""InstanceId"":""USB\\VID_18D1&PID_D001\\1384E684""}]}",unauthorized,absent,25.3,22.5,List of devices attached | 1384e684               unauthorized transport_id:1,
2026-09-27T13:21:15.784+00:00,2026-09-27T13:21:15.828+00:00,135.089,present,4042.4,"{""state"":""present"",""devices"":[{""Status"":""OK"",""Class"":""AndroidUsbDeviceClass"",""FriendlyName"":""Android Composite ADB Interface"",""InstanceId"":""USB\\VID_18D1&PID_D001\\1384E684""}]}",unauthorized,absent,23.5,20.8,List of devices attached | 1384e684               unauthorized transport_id:1,
2026-09-27T13:21:16.784+00:00,2026-09-27T13:21:16.832+00:00,136.093,present,4042.4,"{""state"":""present"",""devices"":[{""Status"":""OK"",""Class"":""AndroidUsbDeviceClass"",""FriendlyName"":""Android Composite ADB Interface"",""InstanceId"":""USB\\VID_18D1&PID_D001\\1384E684""}]}",unauthorized,absent,24.7,23.0,List of devices attached | 1384e684               unauthorized transport_id:1,
2026-09-27T13:21:17.784+00:00,2026-09-27T13:21:17.835+00:00,137.096,present,4033.1,"{""state"":""present"",""devices"":[{""Status"":""OK"",""Class"":""AndroidUsbDeviceClass"",""FriendlyName"":""Android Composite ADB Interface"",""InstanceId"":""USB\\VID_18D1&PID_D001\\1384E684""}]}",unauthorized,absent,27.9,22.7,List of devices attached | 1384e684               unauthorized transport_id:1,
2026-09-27T13:21:18.785+00:00,2026-09-27T13:21:18.833+00:00,138.094,present,4033.1,"{""state"":""present"",""devices"":[{""Status"":""OK"",""Class"":""AndroidUsbDeviceClass"",""FriendlyName"":""Android Composite ADB Interface"",""InstanceId"":""USB\\VID_18D1&PID_D001\\1384E684""}]}",unauthorized,absent,24.0,24.3,List of devices attached | 1384e684               unauthorized transport_id:1,
2026-09-27T13:21:19.785+00:00,2026-09-27T13:21:19.830+00:00,139.090,present,4033.1,"{""state"":""present"",""devices"":[{""Status"":""OK"",""Class"":""AndroidUsbDeviceClass"",""FriendlyName"":""Android Composite ADB Interface"",""InstanceId"":""USB\\VID_18D1&PID_D001\\1384E684""}]}",unauthorized,absent,23.1,21.0,List of devices attached | 1384e684               unauthorized transport_id:1,
2026-09-27T13:21:20.786+00:00,2026-09-27T13:21:20.835+00:00,140.096,present,4033.1,"{""state"":""present"",""devices"":[{""Status"":""OK"",""Class"":""AndroidUsbDeviceClass"",""FriendlyName"":""Android Composite ADB Interface"",""InstanceId"":""USB\\VID_18D1&PID_D001\\1384E684""}]}",unauthorized,absent,26.0,23.2,List of devices attached | 1384e684               unauthorized transport_id:1,
2026-09-27T13:21:21.786+00:00,2026-09-27T13:21:21.831+00:00,141.092,present,4033.1,"{""state"":""present"",""devices"":[{""Status"":""OK"",""Class"":""AndroidUsbDeviceClass"",""FriendlyName"":""Android Composite ADB Interface"",""InstanceId"":""USB\\VID_18D1&PID_D001\\1384E684""}]}",unauthorized,absent,23.8,20.8,List of devices attached | 1384e684               unauthorized transport_id:1,
2026-09-27T13:21:22.786+00:00,2026-09-27T13:21:22.831+00:00,142.092,present,4149.8,"{""state"":""present"",""devices"":[{""Status"":""OK"",""Class"":""AndroidUsbDeviceClass"",""FriendlyName"":""Android Composite ADB Interface"",""InstanceId"":""USB\\VID_18D1&PID_D001\\1384E684""}]}",unauthorized,absent,23.8,20.6,List of devices attached | 1384e684               unauthorized transport_id:1,
2026-09-27T13:21:23.787+00:00,2026-09-27T13:21:23.838+00:00,143.099,present,4149.8,"{""state"":""present"",""devices"":[{""Status"":""OK"",""Class"":""AndroidUsbDeviceClass"",""FriendlyName"":""Android Composite ADB Interface"",""InstanceId"":""USB\\VID_18D1&PID_D001\\1384E684""}]}",unauthorized,absent,29.5,21.7,List of devices attached | 1384e684               unauthorized transport_id:1,
2026-09-27T13:21:24.787+00:00,2026-09-27T13:21:24.835+00:00,144.095,present,4149.8,"{""state"":""present"",""devices"":[{""Status"":""OK"",""Class"":""AndroidUsbDeviceClass"",""FriendlyName"":""Android Composite ADB Interface"",""InstanceId"":""USB\\VID_18D1&PID_D001\\1384E684""}]}",unauthorized,absent,25.5,22.2,List of devices attached | 1384e684               unauthorized transport_id:1,
2026-09-27T13:21:25.787+00:00,2026-09-27T13:21:25.843+00:00,145.104,present,4149.8,"{""state"":""present"",""devices"":[{""Status"":""OK"",""Class"":""AndroidUsbDeviceClass"",""FriendlyName"":""Android Composite ADB Interface"",""InstanceId"":""USB\\VID_18D1&PID_D001\\1384E684""}]}",unauthorized,absent,24.2,31.2,List of devices attached | 1384e684               unauthorized transport_id:1,
2026-09-27T13:21:26.788+00:00,2026-09-27T13:21:26.833+00:00,146.094,present,4149.8,"{""state"":""present"",""devices"":[{""Status"":""OK"",""Class"":""AndroidUsbDeviceClass"",""FriendlyName"":""Android Composite ADB Interface"",""InstanceId"":""USB\\VID_18D1&PID_D001\\1384E684""}]}",unauthorized,absent,23.5,21.7,List of devices attached | 1384e684               unauthorized transport_id:1,
2026-09-27T13:21:27.788+00:00,2026-09-27T13:21:27.843+00:00,147.103,present,4054.6,"{""state"":""present"",""devices"":[{""Status"":""OK"",""Class"":""AndroidUsbDeviceClass"",""FriendlyName"":""Android Composite ADB Interface"",""InstanceId"":""USB\\VID_18D1&PID_D001\\1384E684""}]}",unauthorized,absent,29.4,24.7,List of devices attached | 1384e684               unauthorized transport_id:1,
2026-09-27T13:21:28.789+00:00,2026-09-27T13:21:28.834+00:00,148.095,present,4054.6,"{""state"":""present"",""devices"":[{""Status"":""OK"",""Class"":""AndroidUsbDeviceClass"",""FriendlyName"":""Android Composite ADB Interface"",""InstanceId"":""USB\\VID_18D1&PID_D001\\1384E684""}]}",unauthorized,absent,24.7,20.2,List of devices attached | 1384e684               unauthorized transport_id:1,
2026-09-27T13:21:29.789+00:00,2026-09-27T13:21:29.833+00:00,149.094,present,4054.6,"{""state"":""present"",""devices"":[{""Status"":""OK"",""Class"":""AndroidUsbDeviceClass"",""FriendlyName"":""Android Composite ADB Interface"",""InstanceId"":""USB\\VID_18D1&PID_D001\\1384E684""}]}",unauthorized,absent,23.3,20.9,List of devices attached | 1384e684               unauthorized transport_id:1,
2026-09-27T13:21:30.790+00:00,2026-09-27T13:21:30.841+00:00,150.102,present,4054.6,"{""state"":""present"",""devices"":[{""Status"":""OK"",""Class"":""AndroidUsbDeviceClass"",""FriendlyName"":""Android Composite ADB Interface"",""InstanceId"":""USB\\VID_18D1&PID_D001\\1384E684""}]}",unauthorized,absent,28.2,22.8,List of devices attached | 1384e684               unauthorized transport_id:1,
2026-09-27T13:21:31.790+00:00,2026-09-27T13:21:31.842+00:00,151.103,present,4054.6,"{""state"":""present"",""devices"":[{""Status"":""OK"",""Class"":""AndroidUsbDeviceClass"",""FriendlyName"":""Android Composite ADB Interface"",""InstanceId"":""USB\\VID_18D1&PID_D001\\1384E684""}]}",unauthorized,absent,28.8,23.3,List of devices attached | 1384e684               unauthorized transport_id:1,
2026-09-27T13:21:32.790+00:00,2026-09-27T13:21:32.836+00:00,152.097,present,4046.0,"{""state"":""present"",""devices"":[{""Status"":""OK"",""Class"":""AndroidUsbDeviceClass"",""FriendlyName"":""Android Composite ADB Interface"",""InstanceId"":""USB\\VID_18D1&PID_D001\\1384E684""}]}",unauthorized,absent,24.8,21.0,List of devices attached | 1384e684               unauthorized transport_id:1,
2026-09-27T13:21:33.790+00:00,2026-09-27T13:21:33.841+00:00,153.102,present,4046.0,"{""state"":""present"",""devices"":[{""Status"":""OK"",""Class"":""AndroidUsbDeviceClass"",""FriendlyName"":""Android Composite ADB Interface"",""InstanceId"":""USB\\VID_18D1&PID_D001\\1384E684""}]}",unauthorized,absent,26.2,24.5,List of devices attached | 1384e684               unauthorized transport_id:1,
2026-09-27T13:21:34.791+00:00,2026-09-27T13:21:34.847+00:00,154.108,present,4046.0,"{""state"":""present"",""devices"":[{""Status"":""OK"",""Class"":""AndroidUsbDeviceClass"",""FriendlyName"":""Android Composite ADB Interface"",""InstanceId"":""USB\\VID_18D1&PID_D001\\1384E684""}]}",unauthorized,absent,23.9,32.2,List of devices attached | 1384e684               unauthorized transport_id:1,
2026-09-27T13:21:35.792+00:00,2026-09-27T13:21:35.835+00:00,155.096,present,4046.0,"{""state"":""present"",""devices"":[{""Status"":""OK"",""Class"":""AndroidUsbDeviceClass"",""FriendlyName"":""Android Composite ADB Interface"",""InstanceId"":""USB\\VID_18D1&PID_D001\\1384E684""}]}",unauthorized,absent,23.5,19.7,List of devices attached | 1384e684               unauthorized transport_id:1,
2026-09-27T13:21:36.792+00:00,2026-09-27T13:21:36.839+00:00,156.100,present,4046.0,"{""state"":""present"",""devices"":[{""Status"":""OK"",""Class"":""AndroidUsbDeviceClass"",""FriendlyName"":""Android Composite ADB Interface"",""InstanceId"":""USB\\VID_18D1&PID_D001\\1384E684""}]}",unauthorized,absent,26.3,20.4,List of devices attached | 1384e684               unauthorized transport_id:1,
2026-09-27T13:21:37.792+00:00,2026-09-27T13:21:37.839+00:00,157.100,present,4078.5,"{""state"":""present"",""devices"":[{""Status"":""OK"",""Class"":""AndroidUsbDeviceClass"",""FriendlyName"":""Android Composite ADB Interface"",""InstanceId"":""USB\\VID_18D1&PID_D001\\1384E684""}]}",unauthorized,absent,24.4,22.8,List of devices attached | 1384e684               unauthorized transport_id:1,
2026-09-27T13:21:38.792+00:00,2026-09-27T13:21:38.837+00:00,158.098,present,4078.5,"{""state"":""present"",""devices"":[{""Status"":""OK"",""Class"":""AndroidUsbDeviceClass"",""FriendlyName"":""Android Composite ADB Interface"",""InstanceId"":""USB\\VID_18D1&PID_D001\\1384E684""}]}",unauthorized,absent,24.1,20.5,List of devices attached | 1384e684               unauthorized transport_id:1,
2026-09-27T13:21:39.792+00:00,2026-09-27T13:21:39.837+00:00,159.098,present,4078.5,"{""state"":""present"",""devices"":[{""Status"":""OK"",""Class"":""AndroidUsbDeviceClass"",""FriendlyName"":""Android Composite ADB Interface"",""InstanceId"":""USB\\VID_18D1&PID_D001\\1384E684""}]}",unauthorized,absent,23.6,21.1,List of devices attached | 1384e684               unauthorized transport_id:1,
2026-09-27T13:21:40.793+00:00,2026-09-27T13:21:40.838+00:00,160.098,present,4078.5,"{""state"":""present"",""devices"":[{""Status"":""OK"",""Class"":""AndroidUsbDeviceClass"",""FriendlyName"":""Android Composite ADB Interface"",""InstanceId"":""USB\\VID_18D1&PID_D001\\1384E684""}]}",unauthorized,absent,23.7,21.1,List of devices attached | 1384e684               unauthorized transport_id:1,
2026-09-27T13:21:41.793+00:00,2026-09-27T13:21:41.837+00:00,161.098,present,4078.5,"{""state"":""present"",""devices"":[{""Status"":""OK"",""Class"":""AndroidUsbDeviceClass"",""FriendlyName"":""Android Composite ADB Interface"",""InstanceId"":""USB\\VID_18D1&PID_D001\\1384E684""}]}",unauthorized,absent,24.3,20.0,List of devices attached | 1384e684               unauthorized transport_id:1,
2026-09-27T13:21:42.793+00:00,2026-09-27T13:21:42.838+00:00,162.099,present,4015.5,"{""state"":""present"",""devices"":[{""Status"":""OK"",""Class"":""AndroidUsbDeviceClass"",""FriendlyName"":""Android Composite ADB Interface"",""InstanceId"":""USB\\VID_18D1&PID_D001\\1384E684""}]}",unauthorized,absent,23.2,21.2,List of devices attached | 1384e684               unauthorized transport_id:1,
2026-09-27T13:21:43.794+00:00,2026-09-27T13:21:43.838+00:00,163.099,present,4015.5,"{""state"":""present"",""devices"":[{""Status"":""OK"",""Class"":""AndroidUsbDeviceClass"",""FriendlyName"":""Android Composite ADB Interface"",""InstanceId"":""USB\\VID_18D1&PID_D001\\1384E684""}]}",unauthorized,absent,24.3,20.3,List of devices attached | 1384e684               unauthorized transport_id:1,
2026-09-27T13:21:44.794+00:00,2026-09-27T13:21:44.837+00:00,164.098,present,4015.5,"{""state"":""present"",""devices"":[{""Status"":""OK"",""Class"":""AndroidUsbDeviceClass"",""FriendlyName"":""Android Composite ADB Interface"",""InstanceId"":""USB\\VID_18D1&PID_D001\\1384E684""}]}",unauthorized,absent,23.2,20.3,List of devices attached | 1384e684               unauthorized transport_id:1,
2026-09-27T13:21:45.794+00:00,2026-09-27T13:21:45.840+00:00,165.101,present,4015.5,"{""state"":""present"",""devices"":[{""Status"":""OK"",""Class"":""AndroidUsbDeviceClass"",""FriendlyName"":""Android Composite ADB Interface"",""InstanceId"":""USB\\VID_18D1&PID_D001\\1384E684""}]}",unauthorized,absent,24.8,21.0,List of devices attached | 1384e684               unauthorized transport_id:1,
2026-09-27T13:21:46.795+00:00,2026-09-27T13:21:46.841+00:00,166.102,present,4015.5,"{""state"":""present"",""devices"":[{""Status"":""OK"",""Class"":""AndroidUsbDeviceClass"",""FriendlyName"":""Android Composite ADB Interface"",""InstanceId"":""USB\\VID_18D1&PID_D001\\1384E684""}]}",unauthorized,absent,23.9,22.2,List of devices attached | 1384e684               unauthorized transport_id:1,
2026-09-27T13:21:47.795+00:00,2026-09-27T13:21:47.845+00:00,167.106,present,4037.1,"{""state"":""present"",""devices"":[{""Status"":""OK"",""Class"":""AndroidUsbDeviceClass"",""FriendlyName"":""Android Composite ADB Interface"",""InstanceId"":""USB\\VID_18D1&PID_D001\\1384E684""}]}",unauthorized,absent,26.4,24.1,List of devices attached | 1384e684               unauthorized transport_id:1,
2026-09-27T13:21:48.795+00:00,2026-09-27T13:21:48.842+00:00,168.103,present,4037.1,"{""state"":""present"",""devices"":[{""Status"":""OK"",""Class"":""AndroidUsbDeviceClass"",""FriendlyName"":""Android Composite ADB Interface"",""InstanceId"":""USB\\VID_18D1&PID_D001\\1384E684""}]}",unauthorized,absent,24.4,23.0,List of devices attached | 1384e684               unauthorized transport_id:1,
2026-09-27T13:21:49.795+00:00,2026-09-27T13:21:49.842+00:00,169.103,present,4037.1,"{""state"":""present"",""devices"":[{""Status"":""OK"",""Class"":""AndroidUsbDeviceClass"",""FriendlyName"":""Android Composite ADB Interface"",""InstanceId"":""USB\\VID_18D1&PID_D001\\1384E684""}]}",unauthorized,absent,25.3,22.0,List of devices attached | 1384e684               unauthorized transport_id:1,
2026-09-27T13:21:50.795+00:00,2026-09-27T13:21:50.846+00:00,170.107,present,4037.1,"{""state"":""present"",""devices"":[{""Status"":""OK"",""Class"":""AndroidUsbDeviceClass"",""FriendlyName"":""Android Composite ADB Interface"",""InstanceId"":""USB\\VID_18D1&PID_D001\\1384E684""}]}",unauthorized,absent,28.3,22.0,List of devices attached | 1384e684               unauthorized transport_id:1,
2026-09-27T13:21:51.796+00:00,2026-09-27T13:21:51.841+00:00,171.102,present,3881.2,"{""state"":""present"",""devices"":[{""Status"":""OK"",""Class"":""AndroidUsbDeviceClass"",""FriendlyName"":""Android Composite ADB Interface"",""InstanceId"":""USB\\VID_18D1&PID_D001\\1384E684""}]}",unauthorized,absent,24.5,20.7,List of devices attached | 1384e684               unauthorized transport_id:1,
2026-09-27T13:21:52.796+00:00,2026-09-27T13:21:52.845+00:00,172.106,present,3881.2,"{""state"":""present"",""devices"":[{""Status"":""OK"",""Class"":""AndroidUsbDeviceClass"",""FriendlyName"":""Android Composite ADB Interface"",""InstanceId"":""USB\\VID_18D1&PID_D001\\1384E684""}]}",unauthorized,absent,25.3,23.3,List of devices attached | 1384e684               unauthorized transport_id:1,
2026-09-27T13:21:53.796+00:00,2026-09-27T13:21:53.846+00:00,173.107,present,3881.2,"{""state"":""present"",""devices"":[{""Status"":""OK"",""Class"":""AndroidUsbDeviceClass"",""FriendlyName"":""Android Composite ADB Interface"",""InstanceId"":""USB\\VID_18D1&PID_D001\\1384E684""}]}",unauthorized,absent,26.1,23.4,List of devices attached | 1384e684               unauthorized transport_id:1,
2026-09-27T13:21:54.797+00:00,2026-09-27T13:21:54.844+00:00,174.104,present,3881.2,"{""state"":""present"",""devices"":[{""Status"":""OK"",""Class"":""AndroidUsbDeviceClass"",""FriendlyName"":""Android Composite ADB Interface"",""InstanceId"":""USB\\VID_18D1&PID_D001\\1384E684""}]}",unauthorized,absent,24.5,22.2,List of devices attached | 1384e684               unauthorized transport_id:1,
2026-09-27T13:21:55.797+00:00,2026-09-27T13:21:55.842+00:00,175.103,present,3791.3,"{""state"":""present"",""devices"":[{""Status"":""OK"",""Class"":""AndroidUsbDeviceClass"",""FriendlyName"":""Android Composite ADB Interface"",""InstanceId"":""USB\\VID_18D1&PID_D001\\1384E684""}]}",unauthorized,absent,23.8,21.2,List of devices attached | 1384e684               unauthorized transport_id:1,
2026-09-27T13:21:56.797+00:00,2026-09-27T13:21:56.846+00:00,176.106,present,3791.3,"{""state"":""present"",""devices"":[{""Status"":""OK"",""Class"":""AndroidUsbDeviceClass"",""FriendlyName"":""Android Composite ADB Interface"",""InstanceId"":""USB\\VID_18D1&PID_D001\\1384E684""}]}",unauthorized,absent,26.2,22.4,List of devices attached | 1384e684               unauthorized transport_id:1,
2026-09-27T13:21:57.797+00:00,2026-09-27T13:21:57.841+00:00,177.102,present,3791.3,"{""state"":""present"",""devices"":[{""Status"":""OK"",""Class"":""AndroidUsbDeviceClass"",""FriendlyName"":""Android Composite ADB Interface"",""InstanceId"":""USB\\VID_18D1&PID_D001\\1384E684""}]}",unauthorized,absent,23.2,20.1,List of devices attached | 1384e684               unauthorized transport_id:1,
2026-09-27T13:21:58.798+00:00,2026-09-27T13:21:58.846+00:00,178.107,present,3791.3,"{""state"":""present"",""devices"":[{""Status"":""OK"",""Class"":""AndroidUsbDeviceClass"",""FriendlyName"":""Android Composite ADB Interface"",""InstanceId"":""USB\\VID_18D1&PID_D001\\1384E684""}]}",unauthorized,absent,25.1,23.1,List of devices attached | 1384e684               unauthorized transport_id:1,
2026-09-27T13:21:59.798+00:00,2026-09-27T13:21:59.844+00:00,179.104,present,4000.7,"{""state"":""present"",""devices"":[{""Status"":""OK"",""Class"":""AndroidUsbDeviceClass"",""FriendlyName"":""Android Composite ADB Interface"",""InstanceId"":""USB\\VID_18D1&PID_D001\\1384E684""}]}",unauthorized,absent,23.9,21.7,List of devices attached | 1384e684               unauthorized transport_id:1,
2026-09-27T13:22:00.798+00:00,2026-09-27T13:22:00.843+00:00,180.104,present,4000.7,"{""state"":""present"",""devices"":[{""Status"":""OK"",""Class"":""AndroidUsbDeviceClass"",""FriendlyName"":""Android Composite ADB Interface"",""InstanceId"":""USB\\VID_18D1&PID_D001\\1384E684""}]}",unauthorized,absent,24.0,20.6,List of devices attached | 1384e684               unauthorized transport_id:1,
2026-09-27T13:22:01.799+00:00,2026-09-27T13:22:01.844+00:00,181.105,present,4000.7,"{""state"":""present"",""devices"":[{""Status"":""OK"",""Class"":""AndroidUsbDeviceClass"",""FriendlyName"":""Android Composite ADB Interface"",""InstanceId"":""USB\\VID_18D1&PID_D001\\1384E684""}]}",unauthorized,absent,24.2,20.8,List of devices attached | 1384e684               unauthorized transport_id:1,
2026-09-27T13:22:02.799+00:00,2026-09-27T13:22:02.845+00:00,182.106,present,4000.7,"{""state"":""present"",""devices"":[{""Status"":""OK"",""Class"":""AndroidUsbDeviceClass"",""FriendlyName"":""Android Composite ADB Interface"",""InstanceId"":""USB\\VID_18D1&PID_D001\\1384E684""}]}",unauthorized,absent,24.0,22.4,List of devices attached | 1384e684               unauthorized transport_id:1,
2026-09-27T13:22:03.799+00:00,2026-09-27T13:22:03.846+00:00,183.107,present,3888.7,"{""state"":""present"",""devices"":[{""Status"":""OK"",""Class"":""AndroidUsbDeviceClass"",""FriendlyName"":""Android Composite ADB Interface"",""InstanceId"":""USB\\VID_18D1&PID_D001\\1384E684""}]}",unauthorized,absent,24.7,22.1,List of devices attached | 1384e684               unauthorized transport_id:1,
2026-09-27T13:22:04.799+00:00,2026-09-27T13:22:04.844+00:00,184.105,present,3888.7,"{""state"":""present"",""devices"":[{""Status"":""OK"",""Class"":""AndroidUsbDeviceClass"",""FriendlyName"":""Android Composite ADB Interface"",""InstanceId"":""USB\\VID_18D1&PID_D001\\1384E684""}]}",unauthorized,absent,23.1,21.4,List of devices attached | 1384e684               unauthorized transport_id:1,
2026-09-27T13:22:05.799+00:00,2026-09-27T13:22:05.845+00:00,185.105,present,3888.7,"{""state"":""present"",""devices"":[{""Status"":""OK"",""Class"":""AndroidUsbDeviceClass"",""FriendlyName"":""Android Composite ADB Interface"",""InstanceId"":""USB\\VID_18D1&PID_D001\\1384E684""}]}",unauthorized,absent,24.1,21.0,List of devices attached | 1384e684               unauthorized transport_id:1,
2026-09-27T13:22:06.800+00:00,2026-09-27T13:22:06.846+00:00,186.107,present,3888.7,"{""state"":""present"",""devices"":[{""Status"":""OK"",""Class"":""AndroidUsbDeviceClass"",""FriendlyName"":""Android Composite ADB Interface"",""InstanceId"":""USB\\VID_18D1&PID_D001\\1384E684""}]}",unauthorized,absent,25.5,20.9,List of devices attached | 1384e684               unauthorized transport_id:1,
2026-09-27T13:22:07.800+00:00,2026-09-27T13:22:07.851+00:00,187.112,present,3972.1,"{""state"":""present"",""devices"":[{""Status"":""OK"",""Class"":""AndroidUsbDeviceClass"",""FriendlyName"":""Android Composite ADB Interface"",""InstanceId"":""USB\\VID_18D1&PID_D001\\1384E684""}]}",unauthorized,absent,27.9,23.4,List of devices attached | 1384e684               unauthorized transport_id:1,
2026-09-27T13:22:08.800+00:00,2026-09-27T13:22:08.846+00:00,188.107,present,3972.1,"{""state"":""present"",""devices"":[{""Status"":""OK"",""Class"":""AndroidUsbDeviceClass"",""FriendlyName"":""Android Composite ADB Interface"",""InstanceId"":""USB\\VID_18D1&PID_D001\\1384E684""}]}",unauthorized,absent,25.0,20.7,List of devices attached | 1384e684               unauthorized transport_id:1,
2026-09-27T13:22:09.801+00:00,2026-09-27T13:22:09.850+00:00,189.110,present,3972.1,"{""state"":""present"",""devices"":[{""Status"":""OK"",""Class"":""AndroidUsbDeviceClass"",""FriendlyName"":""Android Composite ADB Interface"",""InstanceId"":""USB\\VID_18D1&PID_D001\\1384E684""}]}",unauthorized,absent,26.2,22.7,List of devices attached | 1384e684               unauthorized transport_id:1,
2026-09-27T13:22:10.801+00:00,2026-09-27T13:22:10.847+00:00,190.108,present,3972.1,"{""state"":""present"",""devices"":[{""Status"":""OK"",""Class"":""AndroidUsbDeviceClass"",""FriendlyName"":""Android Composite ADB Interface"",""InstanceId"":""USB\\VID_18D1&PID_D001\\1384E684""}]}",unauthorized,absent,24.2,21.7,List of devices attached | 1384e684               unauthorized transport_id:1,
2026-09-27T13:22:11.801+00:00,2026-09-27T13:22:11.851+00:00,191.112,present,3861.6,"{""state"":""present"",""devices"":[{""Status"":""OK"",""Class"":""AndroidUsbDeviceClass"",""FriendlyName"":""Android Composite ADB Interface"",""InstanceId"":""USB\\VID_18D1&PID_D001\\1384E684""}]}",unauthorized,absent,26.1,23.6,List of devices attached | 1384e684               unauthorized transport_id:1,
2026-09-27T13:22:12.802+00:00,2026-09-27T13:22:12.847+00:00,192.108,present,3861.6,"{""state"":""present"",""devices"":[{""Status"":""OK"",""Class"":""AndroidUsbDeviceClass"",""FriendlyName"":""Android Composite ADB Interface"",""InstanceId"":""USB\\VID_18D1&PID_D001\\1384E684""}]}",unauthorized,absent,23.6,21.4,List of devices attached | 1384e684               unauthorized transport_id:1,
2026-09-27T13:22:13.802+00:00,2026-09-27T13:22:13.849+00:00,193.110,present,3861.6,"{""state"":""present"",""devices"":[{""Status"":""OK"",""Class"":""AndroidUsbDeviceClass"",""FriendlyName"":""Android Composite ADB Interface"",""InstanceId"":""USB\\VID_18D1&PID_D001\\1384E684""}]}",unauthorized,absent,24.9,21.8,List of devices attached | 1384e684               unauthorized transport_id:1,
2026-09-27T13:22:14.802+00:00,2026-09-27T13:22:14.847+00:00,194.108,present,3861.6,"{""state"":""present"",""devices"":[{""Status"":""OK"",""Class"":""AndroidUsbDeviceClass"",""FriendlyName"":""Android Composite ADB Interface"",""InstanceId"":""USB\\VID_18D1&PID_D001\\1384E684""}]}",unauthorized,absent,23.4,21.1,List of devices attached | 1384e684               unauthorized transport_id:1,
2026-09-27T13:22:15.803+00:00,2026-09-27T13:22:15.849+00:00,195.109,present,3975.3,"{""state"":""present"",""devices"":[{""Status"":""OK"",""Class"":""AndroidUsbDeviceClass"",""FriendlyName"":""Android Composite ADB Interface"",""InstanceId"":""USB\\VID_18D1&PID_D001\\1384E684""}]}",unauthorized,absent,24.6,21.0,List of devices attached | 1384e684               unauthorized transport_id:1,
2026-09-27T13:22:16.803+00:00,2026-09-27T13:22:16.847+00:00,196.108,present,3975.3,"{""state"":""present"",""devices"":[{""Status"":""OK"",""Class"":""AndroidUsbDeviceClass"",""FriendlyName"":""Android Composite ADB Interface"",""InstanceId"":""USB\\VID_18D1&PID_D001\\1384E684""}]}",unauthorized,absent,23.4,20.2,List of devices attached | 1384e684               unauthorized transport_id:1,
2026-09-27T13:22:17.804+00:00,2026-09-27T13:22:17.846+00:00,197.107,present,3975.3,"{""state"":""present"",""devices"":[{""Status"":""OK"",""Class"":""AndroidUsbDeviceClass"",""FriendlyName"":""Android Composite ADB Interface"",""InstanceId"":""USB\\VID_18D1&PID_D001\\1384E684""}]}",unauthorized,absent,23.2,19.6,List of devices attached | 1384e684               unauthorized transport_id:1,
2026-09-27T13:22:18.804+00:00,2026-09-27T13:22:18.849+00:00,198.109,present,3975.3,"{""state"":""present"",""devices"":[{""Status"":""OK"",""Class"":""AndroidUsbDeviceClass"",""FriendlyName"":""Android Composite ADB Interface"",""InstanceId"":""USB\\VID_18D1&PID_D001\\1384E684""}]}",unauthorized,absent,23.6,20.8,List of devices attached | 1384e684               unauthorized transport_id:1,
2026-09-27T13:22:19.804+00:00,2026-09-27T13:22:19.849+00:00,199.110,present,3975.3,"{""state"":""present"",""devices"":[{""Status"":""OK"",""Class"":""AndroidUsbDeviceClass"",""FriendlyName"":""Android Composite ADB Interface"",""InstanceId"":""USB\\VID_18D1&PID_D001\\1384E684""}]}",unauthorized,absent,24.2,20.3,List of devices attached | 1384e684               unauthorized transport_id:1,
2026-09-27T13:22:20.804+00:00,2026-09-27T13:22:20.848+00:00,200.108,present,4075.4,"{""state"":""present"",""devices"":[{""Status"":""OK"",""Class"":""AndroidUsbDeviceClass"",""FriendlyName"":""Android Composite ADB Interface"",""InstanceId"":""USB\\VID_18D1&PID_D001\\1384E684""}]}",unauthorized,absent,22.7,20.3,List of devices attached | 1384e684               unauthorized transport_id:1,
2026-09-27T13:22:21.805+00:00,2026-09-27T13:22:21.850+00:00,201.110,present,4075.4,"{""state"":""present"",""devices"":[{""Status"":""OK"",""Class"":""AndroidUsbDeviceClass"",""FriendlyName"":""Android Composite ADB Interface"",""InstanceId"":""USB\\VID_18D1&PID_D001\\1384E684""}]}",unauthorized,absent,24.6,20.2,List of devices attached | 1384e684               unauthorized transport_id:1,
2026-09-27T13:22:22.805+00:00,2026-09-27T13:22:22.862+00:00,202.123,present,4075.4,"{""state"":""present"",""devices"":[{""Status"":""OK"",""Class"":""AndroidUsbDeviceClass"",""FriendlyName"":""Android Composite ADB Interface"",""InstanceId"":""USB\\VID_18D1&PID_D001\\1384E684""}]}",unauthorized,absent,32.1,25.0,List of devices attached | 1384e684               unauthorized transport_id:1,
2026-09-27T13:22:23.805+00:00,2026-09-27T13:22:23.855+00:00,203.116,present,4075.4,"{""state"":""present"",""devices"":[{""Status"":""OK"",""Class"":""AndroidUsbDeviceClass"",""FriendlyName"":""Android Composite ADB Interface"",""InstanceId"":""USB\\VID_18D1&PID_D001\\1384E684""}]}",unauthorized,absent,25.6,23.6,List of devices attached | 1384e684               unauthorized transport_id:1,
2026-09-27T13:22:24.806+00:00,2026-09-27T13:22:24.854+00:00,204.114,present,3901.4,"{""state"":""present"",""devices"":[{""Status"":""OK"",""Class"":""AndroidUsbDeviceClass"",""FriendlyName"":""Android Composite ADB Interface"",""InstanceId"":""USB\\VID_18D1&PID_D001\\1384E684""}]}",unauthorized,absent,24.2,23.3,List of devices attached | 1384e684               unauthorized transport_id:1,
2026-09-27T13:22:25.806+00:00,2026-09-27T13:22:25.856+00:00,205.117,present,3901.4,"{""state"":""present"",""devices"":[{""Status"":""OK"",""Class"":""AndroidUsbDeviceClass"",""FriendlyName"":""Android Composite ADB Interface"",""InstanceId"":""USB\\VID_18D1&PID_D001\\1384E684""}]}",unauthorized,absent,26.3,23.2,List of devices attached | 1384e684               unauthorized transport_id:1,
2026-09-27T13:22:26.807+00:00,2026-09-27T13:22:26.867+00:00,206.128,present,3901.4,"{""state"":""present"",""devices"":[{""Status"":""OK"",""Class"":""AndroidUsbDeviceClass"",""FriendlyName"":""Android Composite ADB Interface"",""InstanceId"":""USB\\VID_18D1&PID_D001\\1384E684""}]}",unauthorized,absent,38.5,22.2,List of devices attached | 1384e684               unauthorized transport_id:1,
2026-09-27T13:22:27.807+00:00,2026-09-27T13:22:27.852+00:00,207.112,present,3901.4,"{""state"":""present"",""devices"":[{""Status"":""OK"",""Class"":""AndroidUsbDeviceClass"",""FriendlyName"":""Android Composite ADB Interface"",""InstanceId"":""USB\\VID_18D1&PID_D001\\1384E684""}]}",unauthorized,absent,23.6,21.1,List of devices attached | 1384e684               unauthorized transport_id:1,
2026-09-27T13:22:28.807+00:00,2026-09-27T13:22:28.853+00:00,208.114,present,3901.4,"{""state"":""present"",""devices"":[{""Status"":""OK"",""Class"":""AndroidUsbDeviceClass"",""FriendlyName"":""Android Composite ADB Interface"",""InstanceId"":""USB\\VID_18D1&PID_D001\\1384E684""}]}",unauthorized,absent,24.0,21.7,List of devices attached | 1384e684               unauthorized transport_id:1,
2026-09-27T13:22:29.808+00:00,2026-09-27T13:22:29.853+00:00,209.114,present,4342.2,"{""state"":""present"",""devices"":[{""Status"":""OK"",""Class"":""AndroidUsbDeviceClass"",""FriendlyName"":""Android Composite ADB Interface"",""InstanceId"":""USB\\VID_18D1&PID_D001\\1384E684""}]}",unauthorized,absent,23.7,21.2,List of devices attached | 1384e684               unauthorized transport_id:1,
2026-09-27T13:22:30.808+00:00,2026-09-27T13:22:30.855+00:00,210.116,present,4342.2,"{""state"":""present"",""devices"":[{""Status"":""OK"",""Class"":""AndroidUsbDeviceClass"",""FriendlyName"":""Android Composite ADB Interface"",""InstanceId"":""USB\\VID_18D1&PID_D001\\1384E684""}]}",unauthorized,absent,25.4,21.4,List of devices attached | 1384e684               unauthorized transport_id:1,
2026-09-27T13:22:31.808+00:00,2026-09-27T13:22:31.859+00:00,211.120,present,4342.2,"{""state"":""present"",""devices"":[{""Status"":""OK"",""Class"":""AndroidUsbDeviceClass"",""FriendlyName"":""Android Composite ADB Interface"",""InstanceId"":""USB\\VID_18D1&PID_D001\\1384E684""}]}",unauthorized,absent,27.2,23.5,List of devices attached | 1384e684               unauthorized transport_id:1,
2026-09-27T13:22:32.809+00:00,2026-09-27T13:22:32.860+00:00,212.121,present,4342.2,"{""state"":""present"",""devices"":[{""Status"":""OK"",""Class"":""AndroidUsbDeviceClass"",""FriendlyName"":""Android Composite ADB Interface"",""InstanceId"":""USB\\VID_18D1&PID_D001\\1384E684""}]}",unauthorized,absent,29.8,21.9,List of devices attached | 1384e684               unauthorized transport_id:1,
2026-09-27T13:22:33.809+00:00,2026-09-27T13:22:33.871+00:00,213.132,present,3904.9,"{""state"":""present"",""devices"":[{""Status"":""OK"",""Class"":""AndroidUsbDeviceClass"",""FriendlyName"":""Android Composite ADB Interface"",""InstanceId"":""USB\\VID_18D1&PID_D001\\1384E684""}]}",unauthorized,absent,40.0,22.2,List of devices attached | 1384e684               unauthorized transport_id:1,
2026-09-27T13:22:34.809+00:00,2026-09-27T13:22:34.873+00:00,214.134,present,3904.9,"{""state"":""present"",""devices"":[{""Status"":""OK"",""Class"":""AndroidUsbDeviceClass"",""FriendlyName"":""Android Composite ADB Interface"",""InstanceId"":""USB\\VID_18D1&PID_D001\\1384E684""}]}",unauthorized,absent,26.9,36.7,List of devices attached | 1384e684               unauthorized transport_id:1,
2026-09-27T13:22:35.809+00:00,2026-09-27T13:22:35.866+00:00,215.127,present,3904.9,"{""state"":""present"",""devices"":[{""Status"":""OK"",""Class"":""AndroidUsbDeviceClass"",""FriendlyName"":""Android Composite ADB Interface"",""InstanceId"":""USB\\VID_18D1&PID_D001\\1384E684""}]}",unauthorized,absent,24.5,32.0,List of devices attached | 1384e684               unauthorized transport_id:1,
2026-09-27T13:22:36.810+00:00,2026-09-27T13:22:36.859+00:00,216.120,present,3904.9,"{""state"":""present"",""devices"":[{""Status"":""OK"",""Class"":""AndroidUsbDeviceClass"",""FriendlyName"":""Android Composite ADB Interface"",""InstanceId"":""USB\\VID_18D1&PID_D001\\1384E684""}]}",unauthorized,absent,27.2,22.5,List of devices attached | 1384e684               unauthorized transport_id:1,
2026-09-27T13:22:37.810+00:00,2026-09-27T13:22:37.858+00:00,217.119,present,3956.3,"{""state"":""present"",""devices"":[{""Status"":""OK"",""Class"":""AndroidUsbDeviceClass"",""FriendlyName"":""Android Composite ADB Interface"",""InstanceId"":""USB\\VID_18D1&PID_D001\\1384E684""}]}",unauthorized,absent,24.8,23.0,List of devices attached | 1384e684               unauthorized transport_id:1,
2026-09-27T13:22:38.810+00:00,2026-09-27T13:22:38.862+00:00,218.123,present,3956.3,"{""state"":""present"",""devices"":[{""Status"":""OK"",""Class"":""AndroidUsbDeviceClass"",""FriendlyName"":""Android Composite ADB Interface"",""InstanceId"":""USB\\VID_18D1&PID_D001\\1384E684""}]}",unauthorized,absent,25.6,26.4,List of devices attached | 1384e684               unauthorized transport_id:1,
2026-09-27T13:22:39.810+00:00,2026-09-27T13:22:39.856+00:00,219.116,present,3956.3,"{""state"":""present"",""devices"":[{""Status"":""OK"",""Class"":""AndroidUsbDeviceClass"",""FriendlyName"":""Android Composite ADB Interface"",""InstanceId"":""USB\\VID_18D1&PID_D001\\1384E684""}]}",unauthorized,absent,24.1,21.1,List of devices attached | 1384e684               unauthorized transport_id:1,
2026-09-27T13:22:40.810+00:00,2026-09-27T13:22:40.855+00:00,220.115,present,3956.3,"{""state"":""present"",""devices"":[{""Status"":""OK"",""Class"":""AndroidUsbDeviceClass"",""FriendlyName"":""Android Composite ADB Interface"",""InstanceId"":""USB\\VID_18D1&PID_D001\\1384E684""}]}",unauthorized,absent,24.0,20.1,List of devices attached | 1384e684               unauthorized transport_id:1,
2026-09-27T13:22:41.811+00:00,2026-09-27T13:22:41.854+00:00,221.115,present,3951.1,"{""state"":""present"",""devices"":[{""Status"":""OK"",""Class"":""AndroidUsbDeviceClass"",""FriendlyName"":""Android Composite ADB Interface"",""InstanceId"":""USB\\VID_18D1&PID_D001\\1384E684""}]}",unauthorized,absent,23.6,20.2,List of devices attached | 1384e684               unauthorized transport_id:1,
2026-09-27T13:22:42.811+00:00,2026-09-27T13:22:42.854+00:00,222.115,present,3951.1,"{""state"":""present"",""devices"":[{""Status"":""OK"",""Class"":""AndroidUsbDeviceClass"",""FriendlyName"":""Android Composite ADB Interface"",""InstanceId"":""USB\\VID_18D1&PID_D001\\1384E684""}]}",unauthorized,absent,23.1,20.2,List of devices attached | 1384e684               unauthorized transport_id:1,
2026-09-27T13:22:43.811+00:00,2026-09-27T13:22:43.854+00:00,223.115,present,3951.1,"{""state"":""present"",""devices"":[{""Status"":""OK"",""Class"":""AndroidUsbDeviceClass"",""FriendlyName"":""Android Composite ADB Interface"",""InstanceId"":""USB\\VID_18D1&PID_D001\\1384E684""}]}",unauthorized,absent,23.3,19.8,List of devices attached | 1384e684               unauthorized transport_id:1,
2026-09-27T13:22:44.812+00:00,2026-09-27T13:22:44.856+00:00,224.117,present,3951.1,"{""state"":""present"",""devices"":[{""Status"":""OK"",""Class"":""AndroidUsbDeviceClass"",""FriendlyName"":""Android Composite ADB Interface"",""InstanceId"":""USB\\VID_18D1&PID_D001\\1384E684""}]}",unauthorized,absent,23.0,21.3,List of devices attached | 1384e684               unauthorized transport_id:1,
2026-09-27T13:22:45.812+00:00,2026-09-27T13:22:45.856+00:00,225.117,present,3951.1,"{""state"":""present"",""devices"":[{""Status"":""OK"",""Class"":""AndroidUsbDeviceClass"",""FriendlyName"":""Android Composite ADB Interface"",""InstanceId"":""USB\\VID_18D1&PID_D001\\1384E684""}]}",unauthorized,absent,23.1,21.0,List of devices attached | 1384e684               unauthorized transport_id:1,
2026-09-27T13:22:46.813+00:00,2026-09-27T13:22:46.860+00:00,226.121,present,4027.5,"{""state"":""present"",""devices"":[{""Status"":""OK"",""Class"":""AndroidUsbDeviceClass"",""FriendlyName"":""Android Composite ADB Interface"",""InstanceId"":""USB\\VID_18D1&PID_D001\\1384E684""}]}",unauthorized,absent,24.7,22.8,List of devices attached | 1384e684               unauthorized transport_id:1,
2026-09-27T13:22:47.813+00:00,2026-09-27T13:22:47.867+00:00,227.128,present,4027.5,"{""state"":""present"",""devices"":[{""Status"":""OK"",""Class"":""AndroidUsbDeviceClass"",""FriendlyName"":""Android Composite ADB Interface"",""InstanceId"":""USB\\VID_18D1&PID_D001\\1384E684""}]}",unauthorized,absent,33.4,20.4,List of devices attached | 1384e684               unauthorized transport_id:1,
2026-09-27T13:22:48.814+00:00,2026-09-27T13:22:48.858+00:00,228.119,present,4027.5,"{""state"":""present"",""devices"":[{""Status"":""OK"",""Class"":""AndroidUsbDeviceClass"",""FriendlyName"":""Android Composite ADB Interface"",""InstanceId"":""USB\\VID_18D1&PID_D001\\1384E684""}]}",unauthorized,absent,23.5,20.9,List of devices attached | 1384e684               unauthorized transport_id:1,
2026-09-27T13:22:49.814+00:00,2026-09-27T13:22:49.875+00:00,229.135,present,4027.5,"{""state"":""present"",""devices"":[{""Status"":""OK"",""Class"":""AndroidUsbDeviceClass"",""FriendlyName"":""Android Composite ADB Interface"",""InstanceId"":""USB\\VID_18D1&PID_D001\\1384E684""}]}",absent,absent,23.4,37.3,List of devices attached,
2026-09-27T13:22:50.814+00:00,2026-09-27T13:22:50.859+00:00,230.120,present,4027.5,"{""state"":""present"",""devices"":[{""Status"":""OK"",""Class"":""AndroidUsbDeviceClass"",""FriendlyName"":""Android Composite ADB Interface"",""InstanceId"":""USB\\VID_18D1&PID_D001\\1384E684""}]}",absent,absent,23.7,21.3,List of devices attached,
2026-09-27T13:22:51.814+00:00,2026-09-27T13:22:51.858+00:00,231.119,absent,4053.0,"{""state"":""absent"",""devices"":[]}",absent,absent,23.4,20.3,List of devices attached,
2026-09-27T13:22:52.814+00:00,2026-09-27T13:22:52.860+00:00,232.121,absent,4053.0,"{""state"":""absent"",""devices"":[]}",absent,fastboot,23.1,22.2,List of devices attached,1384e684               fastboot
2026-09-27T13:22:53.815+00:00,2026-09-27T13:22:53.862+00:00,233.123,absent,4053.0,"{""state"":""absent"",""devices"":[]}",absent,fastboot,25.1,22.2,List of devices attached,1384e684               fastboot
2026-09-27T13:22:54.815+00:00,2026-09-27T13:22:54.861+00:00,234.122,absent,4053.0,"{""state"":""absent"",""devices"":[]}",absent,fastboot,24.1,21.3,List of devices attached,1384e684               fastboot
2026-09-27T13:22:55.815+00:00,2026-09-27T13:22:55.860+00:00,235.121,absent,4053.0,"{""state"":""absent"",""devices"":[]}",absent,fastboot,23.3,20.8,List of devices attached,1384e684               fastboot
2026-09-27T13:22:56.816+00:00,2026-09-27T13:22:56.863+00:00,236.124,absent,4007.2,"{""state"":""absent"",""devices"":[]}",absent,fastboot,24.1,23.0,List of devices attached,1384e684               fastboot
2026-09-27T13:22:57.816+00:00,2026-09-27T13:22:57.878+00:00,237.139,absent,4007.2,"{""state"":""absent"",""devices"":[]}",absent,fastboot,34.6,26.8,List of devices attached,1384e684               fastboot
2026-09-27T13:22:58.817+00:00,2026-09-27T13:22:58.873+00:00,238.134,absent,4007.2,"{""state"":""absent"",""devices"":[]}",absent,fastboot,24.7,31.8,List of devices attached,1384e684               fastboot
2026-09-27T13:22:59.817+00:00,2026-09-27T13:22:59.884+00:00,239.145,absent,4007.2,"{""state"":""absent"",""devices"":[]}",absent,fastboot,26.1,41.0,List of devices attached,1384e684               fastboot
2026-09-27T13:23:00.817+00:00,2026-09-27T13:23:00.867+00:00,240.128,present,3988.4,"{""state"":""present"",""devices"":[{""Status"":""OK"",""Class"":""AndroidUsbDeviceClass"",""FriendlyName"":""Android Bootloader Interface"",""InstanceId"":""USB\\VID_18D1&PID_D00D\\1384E684""}]}",absent,fastboot,25.8,23.8,List of devices attached,1384e684               fastboot
2026-09-27T13:23:01.818+00:00,2026-09-27T13:23:01.863+00:00,241.124,present,3988.4,"{""state"":""present"",""devices"":[{""Status"":""OK"",""Class"":""AndroidUsbDeviceClass"",""FriendlyName"":""Android Bootloader Interface"",""InstanceId"":""USB\\VID_18D1&PID_D00D\\1384E684""}]}",absent,fastboot,23.5,22.3,List of devices attached,1384e684               fastboot
2026-09-27T13:23:02.818+00:00,2026-09-27T13:23:02.867+00:00,242.127,present,3988.4,"{""state"":""present"",""devices"":[{""Status"":""OK"",""Class"":""AndroidUsbDeviceClass"",""FriendlyName"":""Android Bootloader Interface"",""InstanceId"":""USB\\VID_18D1&PID_D00D\\1384E684""}]}",absent,fastboot,25.1,23.2,List of devices attached,1384e684               fastboot
2026-09-27T13:23:03.818+00:00,2026-09-27T13:23:03.877+00:00,243.138,present,3988.4,"{""state"":""present"",""devices"":[{""Status"":""OK"",""Class"":""AndroidUsbDeviceClass"",""FriendlyName"":""Android Bootloader Interface"",""InstanceId"":""USB\\VID_18D1&PID_D00D\\1384E684""}]}",absent,fastboot,23.6,34.8,List of devices attached,1384e684               fastboot
2026-09-27T13:23:04.819+00:00,2026-09-27T13:23:04.866+00:00,244.127,present,3988.4,"{""state"":""present"",""devices"":[{""Status"":""OK"",""Class"":""AndroidUsbDeviceClass"",""FriendlyName"":""Android Bootloader Interface"",""InstanceId"":""USB\\VID_18D1&PID_D00D\\1384E684""}]}",absent,fastboot,24.8,22.3,List of devices attached,1384e684               fastboot
2026-09-27T13:23:05.819+00:00,2026-09-27T13:23:05.867+00:00,245.127,present,4028.5,"{""state"":""present"",""devices"":[{""Status"":""OK"",""Class"":""AndroidUsbDeviceClass"",""FriendlyName"":""Android Bootloader Interface"",""InstanceId"":""USB\\VID_18D1&PID_D00D\\1384E684""}]}",absent,fastboot,24.4,23.3,List of devices attached,1384e684               fastboot
2026-09-27T13:23:06.819+00:00,2026-09-27T13:23:06.869+00:00,246.130,present,4028.5,"{""state"":""present"",""devices"":[{""Status"":""OK"",""Class"":""AndroidUsbDeviceClass"",""FriendlyName"":""Android Bootloader Interface"",""InstanceId"":""USB\\VID_18D1&PID_D00D\\1384E684""}]}",absent,fastboot,26.7,23.1,List of devices attached,1384e684               fastboot
2026-09-27T13:23:07.819+00:00,2026-09-27T13:23:07.864+00:00,247.125,present,4028.5,"{""state"":""present"",""devices"":[{""Status"":""OK"",""Class"":""AndroidUsbDeviceClass"",""FriendlyName"":""Android Bootloader Interface"",""InstanceId"":""USB\\VID_18D1&PID_D00D\\1384E684""}]}",absent,fastboot,23.2,21.4,List of devices attached,1384e684               fastboot
2026-09-27T13:23:08.820+00:00,2026-09-27T13:23:08.880+00:00,248.140,present,4028.5,"{""state"":""present"",""devices"":[{""Status"":""OK"",""Class"":""AndroidUsbDeviceClass"",""FriendlyName"":""Android Bootloader Interface"",""InstanceId"":""USB\\VID_18D1&PID_D00D\\1384E684""}]}",absent,fastboot,26.9,33.1,List of devices attached,1384e684               fastboot
2026-09-27T13:23:09.820+00:00,2026-09-27T13:23:09.864+00:00,249.125,present,4028.5,"{""state"":""present"",""devices"":[{""Status"":""OK"",""Class"":""AndroidUsbDeviceClass"",""FriendlyName"":""Android Bootloader Interface"",""InstanceId"":""USB\\VID_18D1&PID_D00D\\1384E684""}]}",absent,fastboot,22.8,21.4,List of devices attached,1384e684               fastboot
2026-09-27T13:23:10.820+00:00,2026-09-27T13:23:10.866+00:00,250.126,present,4054.2,"{""state"":""present"",""devices"":[{""Status"":""OK"",""Class"":""AndroidUsbDeviceClass"",""FriendlyName"":""Android Bootloader Interface"",""InstanceId"":""USB\\VID_18D1&PID_D00D\\1384E684""}]}",absent,fastboot,23.5,22.1,List of devices attached,1384e684               fastboot
2026-09-27T13:23:11.820+00:00,2026-09-27T13:23:11.874+00:00,251.135,present,4054.2,"{""state"":""present"",""devices"":[{""Status"":""OK"",""Class"":""AndroidUsbDeviceClass"",""FriendlyName"":""Android Bootloader Interface"",""InstanceId"":""USB\\VID_18D1&PID_D00D\\1384E684""}]}",absent,fastboot,28.1,25.6,List of devices attached,1384e684               fastboot
2026-09-27T13:23:12.821+00:00,2026-09-27T13:23:12.869+00:00,252.129,present,4054.2,"{""state"":""present"",""devices"":[{""Status"":""OK"",""Class"":""AndroidUsbDeviceClass"",""FriendlyName"":""Android Bootloader Interface"",""InstanceId"":""USB\\VID_18D1&PID_D00D\\1384E684""}]}",absent,fastboot,24.2,23.5,List of devices attached,1384e684               fastboot
2026-09-27T13:23:13.821+00:00,2026-09-27T13:23:13.871+00:00,253.132,present,4054.2,"{""state"":""present"",""devices"":[{""Status"":""OK"",""Class"":""AndroidUsbDeviceClass"",""FriendlyName"":""Android Bootloader Interface"",""InstanceId"":""USB\\VID_18D1&PID_D00D\\1384E684""}]}",absent,fastboot,25.3,24.0,List of devices attached,1384e684               fastboot
2026-09-27T13:23:14.822+00:00,2026-09-27T13:23:14.869+00:00,254.130,present,4054.2,"{""state"":""present"",""devices"":[{""Status"":""OK"",""Class"":""AndroidUsbDeviceClass"",""FriendlyName"":""Android Bootloader Interface"",""InstanceId"":""USB\\VID_18D1&PID_D00D\\1384E684""}]}",absent,fastboot,23.4,23.8,List of devices attached,1384e684               fastboot
2026-09-27T13:23:15.822+00:00,2026-09-27T13:23:15.872+00:00,255.133,present,4064.2,"{""state"":""present"",""devices"":[{""Status"":""OK"",""Class"":""AndroidUsbDeviceClass"",""FriendlyName"":""Android Bootloader Interface"",""InstanceId"":""USB\\VID_18D1&PID_D00D\\1384E684""}]}",absent,fastboot,26.3,23.6,List of devices attached,1384e684               fastboot
2026-09-27T13:23:16.822+00:00,2026-09-27T13:23:16.887+00:00,256.147,present,4064.2,"{""state"":""present"",""devices"":[{""Status"":""OK"",""Class"":""AndroidUsbDeviceClass"",""FriendlyName"":""Android Bootloader Interface"",""InstanceId"":""USB\\VID_18D1&PID_D00D\\1384E684""}]}",absent,fastboot,29.2,35.0,List of devices attached,1384e684               fastboot
2026-09-27T13:23:17.823+00:00,2026-09-27T13:23:17.871+00:00,257.132,present,4064.2,"{""state"":""present"",""devices"":[{""Status"":""OK"",""Class"":""AndroidUsbDeviceClass"",""FriendlyName"":""Android Bootloader Interface"",""InstanceId"":""USB\\VID_18D1&PID_D00D\\1384E684""}]}",absent,fastboot,26.2,22.1,List of devices attached,1384e684               fastboot
2026-09-27T13:23:18.823+00:00,2026-09-27T13:23:18.873+00:00,258.134,present,4064.2,"{""state"":""present"",""devices"":[{""Status"":""OK"",""Class"":""AndroidUsbDeviceClass"",""FriendlyName"":""Android Bootloader Interface"",""InstanceId"":""USB\\VID_18D1&PID_D00D\\1384E684""}]}",absent,fastboot,26.4,23.9,List of devices attached,1384e684               fastboot
2026-09-27T13:23:19.823+00:00,2026-09-27T13:23:19.872+00:00,259.133,present,3935.6,"{""state"":""present"",""devices"":[{""Status"":""OK"",""Class"":""AndroidUsbDeviceClass"",""FriendlyName"":""Android Bootloader Interface"",""InstanceId"":""USB\\VID_18D1&PID_D00D\\1384E684""}]}",absent,fastboot,25.2,23.4,List of devices attached,1384e684               fastboot
2026-09-27T13:23:20.823+00:00,2026-09-27T13:23:20.873+00:00,260.134,present,3935.6,"{""state"":""present"",""devices"":[{""Status"":""OK"",""Class"":""AndroidUsbDeviceClass"",""FriendlyName"":""Android Bootloader Interface"",""InstanceId"":""USB\\VID_18D1&PID_D00D\\1384E684""}]}",absent,fastboot,26.4,23.4,List of devices attached,1384e684               fastboot
2026-09-27T13:23:21.824+00:00,2026-09-27T13:23:21.870+00:00,261.131,present,3935.6,"{""state"":""present"",""devices"":[{""Status"":""OK"",""Class"":""AndroidUsbDeviceClass"",""FriendlyName"":""Android Bootloader Interface"",""InstanceId"":""USB\\VID_18D1&PID_D00D\\1384E684""}]}",absent,fastboot,26.2,20.3,List of devices attached,1384e684               fastboot
2026-09-27T13:23:22.824+00:00,2026-09-27T13:23:22.869+00:00,262.130,present,3935.6,"{""state"":""present"",""devices"":[{""Status"":""OK"",""Class"":""AndroidUsbDeviceClass"",""FriendlyName"":""Android Bootloader Interface"",""InstanceId"":""USB\\VID_18D1&PID_D00D\\1384E684""}]}",absent,fastboot,23.9,20.6,List of devices attached,1384e684               fastboot
2026-09-27T13:23:23.825+00:00,2026-09-27T13:23:23.872+00:00,263.133,present,3967.2,"{""state"":""present"",""devices"":[{""Status"":""OK"",""Class"":""AndroidUsbDeviceClass"",""FriendlyName"":""Android Bootloader Interface"",""InstanceId"":""USB\\VID_18D1&PID_D00D\\1384E684""}]}",absent,fastboot,25.7,21.6,List of devices attached,1384e684               fastboot
2026-09-27T13:23:24.825+00:00,2026-09-27T13:23:24.873+00:00,264.133,present,3967.2,"{""state"":""present"",""devices"":[{""Status"":""OK"",""Class"":""AndroidUsbDeviceClass"",""FriendlyName"":""Android Bootloader Interface"",""InstanceId"":""USB\\VID_18D1&PID_D00D\\1384E684""}]}",absent,fastboot,24.1,23.2,List of devices attached,1384e684               fastboot
2026-09-27T13:23:25.826+00:00,2026-09-27T13:23:25.877+00:00,265.138,present,3967.2,"{""state"":""present"",""devices"":[{""Status"":""OK"",""Class"":""AndroidUsbDeviceClass"",""FriendlyName"":""Android Bootloader Interface"",""InstanceId"":""USB\\VID_18D1&PID_D00D\\1384E684""}]}",absent,fastboot,25.7,25.3,List of devices attached,1384e684               fastboot
2026-09-27T13:23:26.826+00:00,2026-09-27T13:23:26.873+00:00,266.134,present,3967.2,"{""state"":""present"",""devices"":[{""Status"":""OK"",""Class"":""AndroidUsbDeviceClass"",""FriendlyName"":""Android Bootloader Interface"",""InstanceId"":""USB\\VID_18D1&PID_D00D\\1384E684""}]}",absent,fastboot,25.5,21.9,List of devices attached,1384e684               fastboot
2026-09-27T13:23:27.826+00:00,2026-09-27T13:23:27.882+00:00,267.143,present,3967.2,"{""state"":""present"",""devices"":[{""Status"":""OK"",""Class"":""AndroidUsbDeviceClass"",""FriendlyName"":""Android Bootloader Interface"",""InstanceId"":""USB\\VID_18D1&PID_D00D\\1384E684""}]}",absent,fastboot,27.8,28.6,List of devices attached,1384e684               fastboot
2026-09-27T13:23:28.826+00:00,2026-09-27T13:23:28.875+00:00,268.136,present,4167.4,"{""state"":""present"",""devices"":[{""Status"":""OK"",""Class"":""AndroidUsbDeviceClass"",""FriendlyName"":""Android Bootloader Interface"",""InstanceId"":""USB\\VID_18D1&PID_D00D\\1384E684""}]}",absent,fastboot,25.3,23.6,List of devices attached,1384e684               fastboot
2026-09-27T13:23:29.826+00:00,2026-09-27T13:23:29.877+00:00,269.138,present,4167.4,"{""state"":""present"",""devices"":[{""Status"":""OK"",""Class"":""AndroidUsbDeviceClass"",""FriendlyName"":""Android Bootloader Interface"",""InstanceId"":""USB\\VID_18D1&PID_D00D\\1384E684""}]}",absent,fastboot,25.0,25.9,List of devices attached,1384e684               fastboot
2026-09-27T13:23:30.827+00:00,2026-09-27T13:23:30.883+00:00,270.143,present,4167.4,"{""state"":""present"",""devices"":[{""Status"":""OK"",""Class"":""AndroidUsbDeviceClass"",""FriendlyName"":""Android Bootloader Interface"",""InstanceId"":""USB\\VID_18D1&PID_D00D\\1384E684""}]}",absent,fastboot,26.9,28.7,List of devices attached,1384e684               fastboot
2026-09-27T13:23:31.827+00:00,2026-09-27T13:23:31.884+00:00,271.145,present,4167.4,"{""state"":""present"",""devices"":[{""Status"":""OK"",""Class"":""AndroidUsbDeviceClass"",""FriendlyName"":""Android Bootloader Interface"",""InstanceId"":""USB\\VID_18D1&PID_D00D\\1384E684""}]}",absent,fastboot,29.7,27.0,List of devices attached,1384e684               fastboot
2026-09-27T13:23:32.828+00:00,2026-09-27T13:23:32.878+00:00,272.139,present,3892.8,"{""state"":""present"",""devices"":[{""Status"":""OK"",""Class"":""AndroidUsbDeviceClass"",""FriendlyName"":""Android Bootloader Interface"",""InstanceId"":""USB\\VID_18D1&PID_D00D\\1384E684""}]}",absent,fastboot,25.8,24.2,List of devices attached,1384e684               fastboot
2026-09-27T13:23:33.828+00:00,2026-09-27T13:23:33.875+00:00,273.136,present,3892.8,"{""state"":""present"",""devices"":[{""Status"":""OK"",""Class"":""AndroidUsbDeviceClass"",""FriendlyName"":""Android Bootloader Interface"",""InstanceId"":""USB\\VID_18D1&PID_D00D\\1384E684""}]}",absent,fastboot,24.7,22.2,List of devices attached,1384e684               fastboot
2026-09-27T13:23:34.829+00:00,2026-09-27T13:23:34.878+00:00,274.139,present,3892.8,"{""state"":""present"",""devices"":[{""Status"":""OK"",""Class"":""AndroidUsbDeviceClass"",""FriendlyName"":""Android Bootloader Interface"",""InstanceId"":""USB\\VID_18D1&PID_D00D\\1384E684""}]}",absent,fastboot,26.5,23.1,List of devices attached,1384e684               fastboot
2026-09-27T13:23:35.829+00:00,2026-09-27T13:23:35.877+00:00,275.138,present,3892.8,"{""state"":""present"",""devices"":[{""Status"":""OK"",""Class"":""AndroidUsbDeviceClass"",""FriendlyName"":""Android Bootloader Interface"",""InstanceId"":""USB\\VID_18D1&PID_D00D\\1384E684""}]}",absent,fastboot,24.8,22.7,List of devices attached,1384e684               fastboot
2026-09-27T13:23:36.829+00:00,2026-09-27T13:23:36.876+00:00,276.137,present,4001.3,"{""state"":""present"",""devices"":[{""Status"":""OK"",""Class"":""AndroidUsbDeviceClass"",""FriendlyName"":""Android Bootloader Interface"",""InstanceId"":""USB\\VID_18D1&PID_D00D\\1384E684""}]}",absent,absent,24.3,22.3,List of devices attached,
2026-09-27T13:23:37.830+00:00,2026-09-27T13:23:37.878+00:00,277.138,present,4001.3,"{""state"":""present"",""devices"":[{""Status"":""OK"",""Class"":""AndroidUsbDeviceClass"",""FriendlyName"":""Android Bootloader Interface"",""InstanceId"":""USB\\VID_18D1&PID_D00D\\1384E684""}]}",absent,absent,24.2,23.7,List of devices attached,
2026-09-27T13:23:38.830+00:00,2026-09-27T13:23:38.887+00:00,278.148,present,4001.3,"{""state"":""present"",""devices"":[{""Status"":""OK"",""Class"":""AndroidUsbDeviceClass"",""FriendlyName"":""Android Bootloader Interface"",""InstanceId"":""USB\\VID_18D1&PID_D00D\\1384E684""}]}",absent,absent,23.8,33.6,List of devices attached,
2026-09-27T13:23:39.830+00:00,2026-09-27T13:23:39.879+00:00,279.140,present,4001.3,"{""state"":""present"",""devices"":[{""Status"":""OK"",""Class"":""AndroidUsbDeviceClass"",""FriendlyName"":""Android Bootloader Interface"",""InstanceId"":""USB\\VID_18D1&PID_D00D\\1384E684""}]}",absent,absent,25.1,23.8,List of devices attached,
2026-09-27T13:23:40.831+00:00,2026-09-27T13:23:40.877+00:00,280.138,present,4001.3,"{""state"":""present"",""devices"":[{""Status"":""OK"",""Class"":""AndroidUsbDeviceClass"",""FriendlyName"":""Android Bootloader Interface"",""InstanceId"":""USB\\VID_18D1&PID_D00D\\1384E684""}]}",absent,absent,23.9,22.4,List of devices attached,
2026-09-27T13:23:41.831+00:00,2026-09-27T13:23:42.970+00:00,282.231,present,4092.0,"{""state"":""present"",""devices"":[{""Status"":""OK"",""Class"":""AndroidUsbDeviceClass"",""FriendlyName"":""Android Bootloader Interface"",""InstanceId"":""USB\\VID_18D1&PID_D00D\\1384E684""}]}",absent,absent,24.8,1113.9,List of devices attached,????????????           fastboot
2026-09-27T13:23:42.970+00:00,2026-09-27T13:23:43.022+00:00,282.283,present,4092.0,"{""state"":""present"",""devices"":[{""Status"":""OK"",""Class"":""AndroidUsbDeviceClass"",""FriendlyName"":""Android Bootloader Interface"",""InstanceId"":""USB\\VID_18D1&PID_D00D\\1384E684""}]}",absent,absent,28.1,24.4,List of devices attached,
2026-09-27T13:23:43.971+00:00,2026-09-27T13:23:44.029+00:00,283.290,present,4092.0,"{""state"":""present"",""devices"":[{""Status"":""OK"",""Class"":""AndroidUsbDeviceClass"",""FriendlyName"":""Android Bootloader Interface"",""InstanceId"":""USB\\VID_18D1&PID_D00D\\1384E684""}]}",absent,absent,34.0,24.1,List of devices attached,
2026-09-27T13:23:44.971+00:00,2026-09-27T13:23:45.017+00:00,284.278,present,4092.0,"{""state"":""present"",""devices"":[{""Status"":""OK"",""Class"":""AndroidUsbDeviceClass"",""FriendlyName"":""Android Bootloader Interface"",""InstanceId"":""USB\\VID_18D1&PID_D00D\\1384E684""}]}",absent,absent,23.5,22.8,List of devices attached,
2026-09-27T13:23:45.971+00:00,2026-09-27T13:23:46.024+00:00,285.284,present,3999.6,"{""state"":""present"",""devices"":[{""Status"":""OK"",""Class"":""AndroidUsbDeviceClass"",""FriendlyName"":""Android Bootloader Interface"",""InstanceId"":""USB\\VID_18D1&PID_D00D\\1384E684""}]}",absent,absent,26.3,26.0,List of devices attached,
2026-09-27T13:23:46.972+00:00,2026-09-27T13:23:47.022+00:00,286.282,present,3999.6,"{""state"":""present"",""devices"":[{""Status"":""OK"",""Class"":""AndroidUsbDeviceClass"",""FriendlyName"":""Android Bootloader Interface"",""InstanceId"":""USB\\VID_18D1&PID_D00D\\1384E684""}]}",absent,absent,25.9,24.1,List of devices attached,
2026-09-27T13:23:47.972+00:00,2026-09-27T13:23:48.025+00:00,287.286,present,3999.6,"{""state"":""present"",""devices"":[{""Status"":""OK"",""Class"":""AndroidUsbDeviceClass"",""FriendlyName"":""Android Bootloader Interface"",""InstanceId"":""USB\\VID_18D1&PID_D00D\\1384E684""}]}",absent,absent,27.9,25.5,List of devices attached,
2026-09-27T13:23:48.972+00:00,2026-09-27T13:23:49.023+00:00,288.283,present,3999.6,"{""state"":""present"",""devices"":[{""Status"":""OK"",""Class"":""AndroidUsbDeviceClass"",""FriendlyName"":""Android Bootloader Interface"",""InstanceId"":""USB\\VID_18D1&PID_D00D\\1384E684""}]}",absent,absent,25.9,24.8,List of devices attached,
2026-09-27T13:23:49.972+00:00,2026-09-27T13:23:50.020+00:00,289.281,present,3999.6,"{""state"":""present"",""devices"":[{""Status"":""OK"",""Class"":""AndroidUsbDeviceClass"",""FriendlyName"":""Android Bootloader Interface"",""InstanceId"":""USB\\VID_18D1&PID_D00D\\1384E684""}]}",absent,absent,25.5,22.6,List of devices attached,
2026-09-27T13:23:50.972+00:00,2026-09-27T13:23:51.031+00:00,290.292,absent,4114.2,"{""state"":""absent"",""devices"":[]}",absent,absent,35.8,23.0,List of devices attached,
2026-09-27T13:23:51.973+00:00,2026-09-27T13:23:52.024+00:00,291.285,absent,4114.2,"{""state"":""absent"",""devices"":[]}",absent,absent,25.3,25.8,List of devices attached,
2026-09-27T13:23:52.973+00:00,2026-09-27T13:23:53.020+00:00,292.281,absent,4114.2,"{""state"":""absent"",""devices"":[]}",absent,absent,24.8,22.1,List of devices attached,
2026-09-27T13:23:53.973+00:00,2026-09-27T13:23:54.022+00:00,293.283,absent,4114.2,"{""state"":""absent"",""devices"":[]}",absent,absent,26.3,22.5,List of devices attached,
2026-09-27T13:23:54.974+00:00,2026-09-27T13:23:55.026+00:00,294.287,absent,4114.2,"{""state"":""absent"",""devices"":[]}",absent,absent,25.8,26.2,List of devices attached,
2026-09-27T13:23:55.974+00:00,2026-09-27T13:23:56.021+00:00,295.282,present,4013.0,"{""state"":""present"",""devices"":[{""Status"":""OK"",""Class"":""WPD"",""FriendlyName"":""THYME_DIAG"",""InstanceId"":""SWD\\WPDBUSENUM\\_??_USBSTOR#DISK&VEN_SONY_MIC&PROD_ROVAULT&REV_#1384E684&0#{53F56307-B6BF-11D0-94F2-00A0C91EFB8B}""},{""Status"":""OK"",""Class"":""Volume"",""FriendlyName"":""Volume"",""InstanceId"":""STORAGE\\VOLUME\\_??_USBSTOR#DISK&VEN_SONY_MIC&PROD_ROVAULT&REV_#1384E684&0#{53F56307-B6BF-11D0-94F2-00A0C91EFB8B}""},{""Status"":""OK"",""Class"":""DiskDrive"",""FriendlyName"":""Sony Mic roVault USB Device"",""InstanceId"":""USBSTOR\\DISK&VEN_SONY_MIC&PROD_ROVAULT&REV_\\1384E684&0""},{""Status"":""OK"",""Class"":""USB"",""FriendlyName"":""Sony USB HiFD Drive"",""InstanceId"":""USB\\VID_054C&PID_0022\\1384E684""}]}",absent,absent,25.0,21.8,List of devices attached,
2026-09-27T13:23:56.974+00:00,2026-09-27T13:23:57.022+00:00,296.283,present,4013.0,"{""state"":""present"",""devices"":[{""Status"":""OK"",""Class"":""WPD"",""FriendlyName"":""THYME_DIAG"",""InstanceId"":""SWD\\WPDBUSENUM\\_??_USBSTOR#DISK&VEN_SONY_MIC&PROD_ROVAULT&REV_#1384E684&0#{53F56307-B6BF-11D0-94F2-00A0C91EFB8B}""},{""Status"":""OK"",""Class"":""Volume"",""FriendlyName"":""Volume"",""InstanceId"":""STORAGE\\VOLUME\\_??_USBSTOR#DISK&VEN_SONY_MIC&PROD_ROVAULT&REV_#1384E684&0#{53F56307-B6BF-11D0-94F2-00A0C91EFB8B}""},{""Status"":""OK"",""Class"":""DiskDrive"",""FriendlyName"":""Sony Mic roVault USB Device"",""InstanceId"":""USBSTOR\\DISK&VEN_SONY_MIC&PROD_ROVAULT&REV_\\1384E684&0""},{""Status"":""OK"",""Class"":""USB"",""FriendlyName"":""Sony USB HiFD Drive"",""InstanceId"":""USB\\VID_054C&PID_0022\\1384E684""}]}",absent,absent,25.7,21.7,List of devices attached,
2026-09-27T13:23:57.975+00:00,2026-09-27T13:23:58.035+00:00,297.296,present,4013.0,"{""state"":""present"",""devices"":[{""Status"":""OK"",""Class"":""WPD"",""FriendlyName"":""THYME_DIAG"",""InstanceId"":""SWD\\WPDBUSENUM\\_??_USBSTOR#DISK&VEN_SONY_MIC&PROD_ROVAULT&REV_#1384E684&0#{53F56307-B6BF-11D0-94F2-00A0C91EFB8B}""},{""Status"":""OK"",""Class"":""Volume"",""FriendlyName"":""Volume"",""InstanceId"":""STORAGE\\VOLUME\\_??_USBSTOR#DISK&VEN_SONY_MIC&PROD_ROVAULT&REV_#1384E684&0#{53F56307-B6BF-11D0-94F2-00A0C91EFB8B}""},{""Status"":""OK"",""Class"":""DiskDrive"",""FriendlyName"":""Sony Mic roVault USB Device"",""InstanceId"":""USBSTOR\\DISK&VEN_SONY_MIC&PROD_ROVAULT&REV_\\1384E684&0""},{""Status"":""OK"",""Class"":""USB"",""FriendlyName"":""Sony USB HiFD Drive"",""InstanceId"":""USB\\VID_054C&PID_0022\\1384E684""}]}",absent,absent,38.4,21.9,List of devices attached,
2026-09-27T13:23:58.975+00:00,2026-09-27T13:23:59.027+00:00,298.288,present,4013.0,"{""state"":""present"",""devices"":[{""Status"":""OK"",""Class"":""WPD"",""FriendlyName"":""THYME_DIAG"",""InstanceId"":""SWD\\WPDBUSENUM\\_??_USBSTOR#DISK&VEN_SONY_MIC&PROD_ROVAULT&REV_#1384E684&0#{53F56307-B6BF-11D0-94F2-00A0C91EFB8B}""},{""Status"":""OK"",""Class"":""Volume"",""FriendlyName"":""Volume"",""InstanceId"":""STORAGE\\VOLUME\\_??_USBSTOR#DISK&VEN_SONY_MIC&PROD_ROVAULT&REV_#1384E684&0#{53F56307-B6BF-11D0-94F2-00A0C91EFB8B}""},{""Status"":""OK"",""Class"":""DiskDrive"",""FriendlyName"":""Sony Mic roVault USB Device"",""InstanceId"":""USBSTOR\\DISK&VEN_SONY_MIC&PROD_ROVAULT&REV_\\1384E684&0""},{""Status"":""OK"",""Class"":""USB"",""FriendlyName"":""Sony USB HiFD Drive"",""InstanceId"":""USB\\VID_054C&PID_0022\\1384E684""}]}",absent,absent,25.4,26.6,List of devices attached,
2026-09-27T13:23:59.976+00:00,2026-09-27T13:24:00.023+00:00,299.284,present,4013.0,"{""state"":""present"",""devices"":[{""Status"":""OK"",""Class"":""WPD"",""FriendlyName"":""THYME_DIAG"",""InstanceId"":""SWD\\WPDBUSENUM\\_??_USBSTOR#DISK&VEN_SONY_MIC&PROD_ROVAULT&REV_#1384E684&0#{53F56307-B6BF-11D0-94F2-00A0C91EFB8B}""},{""Status"":""OK"",""Class"":""Volume"",""FriendlyName"":""Volume"",""InstanceId"":""STORAGE\\VOLUME\\_??_USBSTOR#DISK&VEN_SONY_MIC&PROD_ROVAULT&REV_#1384E684&0#{53F56307-B6BF-11D0-94F2-00A0C91EFB8B}""},{""Status"":""OK"",""Class"":""DiskDrive"",""FriendlyName"":""Sony Mic roVault USB Device"",""InstanceId"":""USBSTOR\\DISK&VEN_SONY_MIC&PROD_ROVAULT&REV_\\1384E684&0""},{""Status"":""OK"",""Class"":""USB"",""FriendlyName"":""Sony USB HiFD Drive"",""InstanceId"":""USB\\VID_054C&PID_0022\\1384E684""}]}",absent,absent,24.6,22.5,List of devices attached,
2026-09-27T13:24:00.976+00:00,2026-09-27T13:24:01.025+00:00,300.286,present,4074.9,"{""state"":""present"",""devices"":[{""Status"":""OK"",""Class"":""WPD"",""FriendlyName"":""THYME_DIAG"",""InstanceId"":""SWD\\WPDBUSENUM\\_??_USBSTOR#DISK&VEN_SONY_MIC&PROD_ROVAULT&REV_#1384E684&0#{53F56307-B6BF-11D0-94F2-00A0C91EFB8B}""},{""Status"":""OK"",""Class"":""Volume"",""FriendlyName"":""Volume"",""InstanceId"":""STORAGE\\VOLUME\\_??_USBSTOR#DISK&VEN_SONY_MIC&PROD_ROVAULT&REV_#1384E684&0#{53F56307-B6BF-11D0-94F2-00A0C91EFB8B}""},{""Status"":""OK"",""Class"":""DiskDrive"",""FriendlyName"":""Sony Mic roVault USB Device"",""InstanceId"":""USBSTOR\\DISK&VEN_SONY_MIC&PROD_ROVAULT&REV_\\1384E684&0""},{""Status"":""OK"",""Class"":""USB"",""FriendlyName"":""Sony USB HiFD Drive"",""InstanceId"":""USB\\VID_054C&PID_0022\\1384E684""}]}",absent,absent,25.0,23.4,List of devices attached,
2026-09-27T13:24:01.976+00:00,2026-09-27T13:24:02.030+00:00,301.291,present,4074.9,"{""state"":""present"",""devices"":[{""Status"":""OK"",""Class"":""WPD"",""FriendlyName"":""THYME_DIAG"",""InstanceId"":""SWD\\WPDBUSENUM\\_??_USBSTOR#DISK&VEN_SONY_MIC&PROD_ROVAULT&REV_#1384E684&0#{53F56307-B6BF-11D0-94F2-00A0C91EFB8B}""},{""Status"":""OK"",""Class"":""Volume"",""FriendlyName"":""Volume"",""InstanceId"":""STORAGE\\VOLUME\\_??_USBSTOR#DISK&VEN_SONY_MIC&PROD_ROVAULT&REV_#1384E684&0#{53F56307-B6BF-11D0-94F2-00A0C91EFB8B}""},{""Status"":""OK"",""Class"":""DiskDrive"",""FriendlyName"":""Sony Mic roVault USB Device"",""InstanceId"":""USBSTOR\\DISK&VEN_SONY_MIC&PROD_ROVAULT&REV_\\1384E684&0""},{""Status"":""OK"",""Class"":""USB"",""FriendlyName"":""Sony USB HiFD Drive"",""InstanceId"":""USB\\VID_054C&PID_0022\\1384E684""}]}",absent,absent,28.9,24.6,List of devices attached,
2026-09-27T13:24:02.977+00:00,2026-09-27T13:24:03.022+00:00,302.283,present,4074.9,"{""state"":""present"",""devices"":[{""Status"":""OK"",""Class"":""WPD"",""FriendlyName"":""THYME_DIAG"",""InstanceId"":""SWD\\WPDBUSENUM\\_??_USBSTOR#DISK&VEN_SONY_MIC&PROD_ROVAULT&REV_#1384E684&0#{53F56307-B6BF-11D0-94F2-00A0C91EFB8B}""},{""Status"":""OK"",""Class"":""Volume"",""FriendlyName"":""Volume"",""InstanceId"":""STORAGE\\VOLUME\\_??_USBSTOR#DISK&VEN_SONY_MIC&PROD_ROVAULT&REV_#1384E684&0#{53F56307-B6BF-11D0-94F2-00A0C91EFB8B}""},{""Status"":""OK"",""Class"":""DiskDrive"",""FriendlyName"":""Sony Mic roVault USB Device"",""InstanceId"":""USBSTOR\\DISK&VEN_SONY_MIC&PROD_ROVAULT&REV_\\1384E684&0""},{""Status"":""OK"",""Class"":""USB"",""FriendlyName"":""Sony USB HiFD Drive"",""InstanceId"":""USB\\VID_054C&PID_0022\\1384E684""}]}",absent,absent,23.9,20.9,List of devices attached,
2026-09-27T13:24:03.977+00:00,2026-09-27T13:24:04.026+00:00,303.287,present,4074.9,"{""state"":""present"",""devices"":[{""Status"":""OK"",""Class"":""WPD"",""FriendlyName"":""THYME_DIAG"",""InstanceId"":""SWD\\WPDBUSENUM\\_??_USBSTOR#DISK&VEN_SONY_MIC&PROD_ROVAULT&REV_#1384E684&0#{53F56307-B6BF-11D0-94F2-00A0C91EFB8B}""},{""Status"":""OK"",""Class"":""Volume"",""FriendlyName"":""Volume"",""InstanceId"":""STORAGE\\VOLUME\\_??_USBSTOR#DISK&VEN_SONY_MIC&PROD_ROVAULT&REV_#1384E684&0#{53F56307-B6BF-11D0-94F2-00A0C91EFB8B}""},{""Status"":""OK"",""Class"":""DiskDrive"",""FriendlyName"":""Sony Mic roVault USB Device"",""InstanceId"":""USBSTOR\\DISK&VEN_SONY_MIC&PROD_ROVAULT&REV_\\1384E684&0""},{""Status"":""OK"",""Class"":""USB"",""FriendlyName"":""Sony USB HiFD Drive"",""InstanceId"":""USB\\VID_054C&PID_0022\\1384E684""}]}",absent,absent,25.7,23.0,List of devices attached,
