sample_started_utc,sample_finished_utc,elapsed_seconds,usb_pnp_state,usb_query_ms,usb_pnp_output,adb_state,fastboot_state,adb_query_ms,fastboot_query_ms,adb_output,fastboot_output
2026-09-27T11:57:01.123+00:00,2026-09-27T11:57:01.266+00:00,0.145,query_pending,,initial PnP query pending,absent,fastboot,116.9,24.8,List of devices attached,1384e684               fastboot
2026-09-27T11:57:02.124+00:00,2026-09-27T11:57:02.172+00:00,1.051,query_pending,,initial PnP query pending,absent,fastboot,25.4,22.6,List of devices attached,1384e684               fastboot
2026-09-27T11:57:03.124+00:00,2026-09-27T11:57:03.170+00:00,2.049,query_pending,,initial PnP query pending,absent,fastboot,24.7,21.2,List of devices attached,1384e684               fastboot
2026-09-27T11:57:04.124+00:00,2026-09-27T11:57:04.172+00:00,3.051,query_pending,,initial PnP query pending,absent,fastboot,24.4,22.8,List of devices attached,1384e684               fastboot
2026-09-27T11:57:05.125+00:00,2026-09-27T11:57:05.172+00:00,4.051,query_pending,,initial PnP query pending,absent,fastboot,24.0,22.9,List of devices attached,1384e684               fastboot
2026-09-27T11:57:06.125+00:00,2026-09-27T11:57:06.169+00:00,5.049,query_pending,,initial PnP query pending,absent,fastboot,23.2,20.9,List of devices attached,1384e684               fastboot
2026-09-27T11:57:07.125+00:00,2026-09-27T11:57:07.174+00:00,6.054,present,5164.3,"{""state"":""present"",""devices"":[{""Status"":""OK"",""Class"":""AndroidUsbDeviceClass"",""FriendlyName"":""Android Bootloader Interface"",""InstanceId"":""USB\\VID_18D1&PID_D00D\\1384E684""}]}",absent,fastboot,26.3,22.4,List of devices attached,1384e684               fastboot
2026-09-27T11:57:08.126+00:00,2026-09-27T11:57:08.173+00:00,7.052,present,5164.3,"{""state"":""present"",""devices"":[{""Status"":""OK"",""Class"":""AndroidUsbDeviceClass"",""FriendlyName"":""Android Bootloader Interface"",""InstanceId"":""USB\\VID_18D1&PID_D00D\\1384E684""}]}",absent,fastboot,24.5,22.7,List of devices attached,1384e684               fastboot
2026-09-27T11:57:09.126+00:00,2026-09-27T11:57:09.174+00:00,8.053,present,5164.3,"{""state"":""present"",""devices"":[{""Status"":""OK"",""Class"":""AndroidUsbDeviceClass"",""FriendlyName"":""Android Bootloader Interface"",""InstanceId"":""USB\\VID_18D1&PID_D00D\\1384E684""}]}",absent,fastboot,25.6,21.8,List of devices attached,1384e684               fastboot
2026-09-27T11:57:10.126+00:00,2026-09-27T11:57:10.170+00:00,9.050,present,5164.3,"{""state"":""present"",""devices"":[{""Status"":""OK"",""Class"":""AndroidUsbDeviceClass"",""FriendlyName"":""Android Bootloader Interface"",""InstanceId"":""USB\\VID_18D1&PID_D00D\\1384E684""}]}",absent,fastboot,23.8,20.2,List of devices attached,1384e684               fastboot
2026-09-27T11:57:11.126+00:00,2026-09-27T11:57:11.171+00:00,10.050,present,3481.7,"{""state"":""present"",""devices"":[{""Status"":""OK"",""Class"":""AndroidUsbDeviceClass"",""FriendlyName"":""Android Bootloader Interface"",""InstanceId"":""USB\\VID_18D1&PID_D00D\\1384E684""}]}",absent,fastboot,23.4,21.0,List of devices attached,1384e684               fastboot
2026-09-27T11:57:12.127+00:00,2026-09-27T11:57:12.175+00:00,11.055,present,3481.7,"{""state"":""present"",""devices"":[{""Status"":""OK"",""Class"":""AndroidUsbDeviceClass"",""FriendlyName"":""Android Bootloader Interface"",""InstanceId"":""USB\\VID_18D1&PID_D00D\\1384E684""}]}",absent,fastboot,24.8,23.5,List of devices attached,1384e684               fastboot
2026-09-27T11:57:13.127+00:00,2026-09-27T11:57:13.176+00:00,12.055,present,3481.7,"{""state"":""present"",""devices"":[{""Status"":""OK"",""Class"":""AndroidUsbDeviceClass"",""FriendlyName"":""Android Bootloader Interface"",""InstanceId"":""USB\\VID_18D1&PID_D00D\\1384E684""}]}",absent,fastboot,26.4,22.4,List of devices attached,1384e684               fastboot
2026-09-27T11:57:14.127+00:00,2026-09-27T11:57:14.176+00:00,13.055,present,3481.7,"{""state"":""present"",""devices"":[{""Status"":""OK"",""Class"":""AndroidUsbDeviceClass"",""FriendlyName"":""Android Bootloader Interface"",""InstanceId"":""USB\\VID_18D1&PID_D00D\\1384E684""}]}",absent,fastboot,25.9,22.5,List of devices attached,1384e684               fastboot
2026-09-27T11:57:15.128+00:00,2026-09-27T11:57:15.176+00:00,14.055,present,3825.7,"{""state"":""present"",""devices"":[{""Status"":""OK"",""Class"":""AndroidUsbDeviceClass"",""FriendlyName"":""Android Bootloader Interface"",""InstanceId"":""USB\\VID_18D1&PID_D00D\\1384E684""}]}",absent,fastboot,25.5,22.9,List of devices attached,1384e684               fastboot
2026-09-27T11:57:16.128+00:00,2026-09-27T11:57:16.178+00:00,15.057,present,3825.7,"{""state"":""present"",""devices"":[{""Status"":""OK"",""Class"":""AndroidUsbDeviceClass"",""FriendlyName"":""Android Bootloader Interface"",""InstanceId"":""USB\\VID_18D1&PID_D00D\\1384E684""}]}",absent,fastboot,25.7,24.2,List of devices attached,1384e684               fastboot
2026-09-27T11:57:17.128+00:00,2026-09-27T11:57:17.177+00:00,16.057,present,3825.7,"{""state"":""present"",""devices"":[{""Status"":""OK"",""Class"":""AndroidUsbDeviceClass"",""FriendlyName"":""Android Bootloader Interface"",""InstanceId"":""USB\\VID_18D1&PID_D00D\\1384E684""}]}",absent,fastboot,26.8,22.4,List of devices attached,1384e684               fastboot
2026-09-27T11:57:18.128+00:00,2026-09-27T11:57:18.182+00:00,17.062,present,3825.7,"{""state"":""present"",""devices"":[{""Status"":""OK"",""Class"":""AndroidUsbDeviceClass"",""FriendlyName"":""Android Bootloader Interface"",""InstanceId"":""USB\\VID_18D1&PID_D00D\\1384E684""}]}",absent,fastboot,27.3,26.7,List of devices attached,1384e684               fastboot
2026-09-27T11:57:19.129+00:00,2026-09-27T11:57:19.183+00:00,18.062,present,3977.9,"{""state"":""present"",""devices"":[{""Status"":""OK"",""Class"":""AndroidUsbDeviceClass"",""FriendlyName"":""Android Bootloader Interface"",""InstanceId"":""USB\\VID_18D1&PID_D00D\\1384E684""}]}",absent,fastboot,27.7,26.3,List of devices attached,1384e684               fastboot
2026-09-27T11:57:20.129+00:00,2026-09-27T11:57:20.181+00:00,19.060,present,3977.9,"{""state"":""present"",""devices"":[{""Status"":""OK"",""Class"":""AndroidUsbDeviceClass"",""FriendlyName"":""Android Bootloader Interface"",""InstanceId"":""USB\\VID_18D1&PID_D00D\\1384E684""}]}",absent,absent,27.5,24.4,List of devices attached,
2026-09-27T11:57:21.129+00:00,2026-09-27T11:57:21.179+00:00,20.058,present,3977.9,"{""state"":""present"",""devices"":[{""Status"":""OK"",""Class"":""AndroidUsbDeviceClass"",""FriendlyName"":""Android Bootloader Interface"",""InstanceId"":""USB\\VID_18D1&PID_D00D\\1384E684""}]}",absent,absent,26.6,23.1,List of devices attached,
2026-09-27T11:57:22.129+00:00,2026-09-27T11:57:22.178+00:00,21.057,present,3977.9,"{""state"":""present"",""devices"":[{""Status"":""OK"",""Class"":""AndroidUsbDeviceClass"",""FriendlyName"":""Android Bootloader Interface"",""InstanceId"":""USB\\VID_18D1&PID_D00D\\1384E684""}]}",absent,absent,26.0,22.2,List of devices attached,
2026-09-27T11:57:23.130+00:00,2026-09-27T11:57:23.172+00:00,22.052,present,3977.9,"{""state"":""present"",""devices"":[{""Status"":""OK"",""Class"":""AndroidUsbDeviceClass"",""FriendlyName"":""Android Bootloader Interface"",""InstanceId"":""USB\\VID_18D1&PID_D00D\\1384E684""}]}",absent,absent,23.7,18.9,List of devices attached,
2026-09-27T11:57:24.130+00:00,2026-09-27T11:57:24.177+00:00,23.056,absent,4023.1,"{""state"":""absent"",""devices"":[]}",absent,absent,24.2,22.4,List of devices attached,
2026-09-27T11:57:25.131+00:00,2026-09-27T11:57:25.176+00:00,24.056,absent,4023.1,"{""state"":""absent"",""devices"":[]}",absent,absent,25.2,20.5,List of devices attached,
2026-09-27T11:57:26.131+00:00,2026-09-27T11:57:26.181+00:00,25.060,absent,4023.1,"{""state"":""absent"",""devices"":[]}",absent,absent,26.6,23.0,List of devices attached,
2026-09-27T11:57:27.131+00:00,2026-09-27T11:57:27.178+00:00,26.057,absent,4023.1,"{""state"":""absent"",""devices"":[]}",absent,absent,25.0,21.0,List of devices attached,
2026-09-27T11:57:28.132+00:00,2026-09-27T11:57:28.174+00:00,27.054,absent,3501.0,"{""state"":""absent"",""devices"":[]}",absent,absent,22.8,19.8,List of devices attached,
2026-09-27T11:57:29.132+00:00,2026-09-27T11:57:29.175+00:00,28.054,absent,3501.0,"{""state"":""absent"",""devices"":[]}",absent,absent,23.7,19.2,List of devices attached,
2026-09-27T11:57:30.132+00:00,2026-09-27T11:57:30.179+00:00,29.058,absent,3501.0,"{""state"":""absent"",""devices"":[]}",absent,absent,25.5,20.9,List of devices attached,
2026-09-27T11:57:31.133+00:00,2026-09-27T11:57:31.175+00:00,30.054,absent,3501.0,"{""state"":""absent"",""devices"":[]}",absent,absent,23.1,19.0,List of devices attached,
2026-09-27T11:57:32.133+00:00,2026-09-27T11:57:32.178+00:00,31.057,absent,3398.5,"{""state"":""absent"",""devices"":[]}",absent,absent,23.3,21.4,List of devices attached,
2026-09-27T11:57:33.133+00:00,2026-09-27T11:57:33.175+00:00,32.054,absent,3398.5,"{""state"":""absent"",""devices"":[]}",absent,absent,22.7,19.0,List of devices attached,
2026-09-27T11:57:34.134+00:00,2026-09-27T11:57:34.178+00:00,33.057,absent,3398.5,"{""state"":""absent"",""devices"":[]}",absent,absent,24.2,20.2,List of devices attached,
2026-09-27T11:57:35.134+00:00,2026-09-27T11:57:35.178+00:00,34.058,absent,3398.5,"{""state"":""absent"",""devices"":[]}",absent,absent,23.5,21.0,List of devices attached,
2026-09-27T11:57:36.134+00:00,2026-09-27T11:57:36.181+00:00,35.060,absent,3350.0,"{""state"":""absent"",""devices"":[]}",absent,absent,25.1,21.6,List of devices attached,
2026-09-27T11:57:37.134+00:00,2026-09-27T11:57:37.179+00:00,36.058,absent,3350.0,"{""state"":""absent"",""devices"":[]}",absent,absent,24.3,20.4,List of devices attached,
2026-09-27T11:57:38.135+00:00,2026-09-27T11:57:38.180+00:00,37.059,absent,3350.0,"{""state"":""absent"",""devices"":[]}",absent,absent,24.2,20.7,List of devices attached,
2026-09-27T11:57:39.135+00:00,2026-09-27T11:57:39.179+00:00,38.058,absent,3350.0,"{""state"":""absent"",""devices"":[]}",absent,absent,23.7,20.5,List of devices attached,
2026-09-27T11:57:40.135+00:00,2026-09-27T11:57:40.182+00:00,39.062,absent,3590.1,"{""state"":""absent"",""devices"":[]}",absent,absent,23.8,23.3,List of devices attached,
2026-09-27T11:57:41.135+00:00,2026-09-27T11:57:41.184+00:00,40.063,absent,3590.1,"{""state"":""absent"",""devices"":[]}",absent,absent,25.2,23.0,List of devices attached,
2026-09-27T11:57:42.136+00:00,2026-09-27T11:57:42.179+00:00,41.059,absent,3590.1,"{""state"":""absent"",""devices"":[]}",absent,absent,23.2,20.3,List of devices attached,
2026-09-27T11:57:43.136+00:00,2026-09-27T11:57:43.187+00:00,42.067,absent,3590.1,"{""state"":""absent"",""devices"":[]}",absent,absent,29.7,21.6,List of devices attached,
2026-09-27T11:57:44.136+00:00,2026-09-27T11:57:44.196+00:00,43.075,absent,3968.9,"{""state"":""absent"",""devices"":[]}",absent,absent,24.5,34.8,List of devices attached,
2026-09-27T11:57:45.137+00:00,2026-09-27T11:57:45.183+00:00,44.063,absent,3968.9,"{""state"":""absent"",""devices"":[]}",absent,absent,24.4,22.1,List of devices attached,
2026-09-27T11:57:46.137+00:00,2026-09-27T11:57:46.181+00:00,45.060,absent,3968.9,"{""state"":""absent"",""devices"":[]}",absent,absent,24.1,19.5,List of devices attached,
2026-09-27T11:57:47.137+00:00,2026-09-27T11:57:47.180+00:00,46.060,absent,3968.9,"{""state"":""absent"",""devices"":[]}",absent,absent,24.0,19.1,List of devices attached,
2026-09-27T11:57:48.137+00:00,2026-09-27T11:57:48.182+00:00,47.062,absent,3771.9,"{""state"":""absent"",""devices"":[]}",absent,absent,23.4,21.3,List of devices attached,
2026-09-27T11:57:49.138+00:00,2026-09-27T11:57:49.184+00:00,48.064,absent,3771.9,"{""state"":""absent"",""devices"":[]}",absent,absent,24.9,21.6,List of devices attached,
2026-09-27T11:57:50.138+00:00,2026-09-27T11:57:50.183+00:00,49.062,absent,3771.9,"{""state"":""absent"",""devices"":[]}",absent,absent,23.3,21.6,List of devices attached,
2026-09-27T11:57:51.138+00:00,2026-09-27T11:57:51.182+00:00,50.062,absent,3771.9,"{""state"":""absent"",""devices"":[]}",absent,absent,23.7,20.2,List of devices attached,
2026-09-27T11:57:52.139+00:00,2026-09-27T11:57:52.183+00:00,51.062,absent,3661.2,"{""state"":""absent"",""devices"":[]}",absent,absent,22.9,21.3,List of devices attached,
2026-09-27T11:57:53.139+00:00,2026-09-27T11:57:53.183+00:00,52.062,absent,3661.2,"{""state"":""absent"",""devices"":[]}",absent,absent,23.6,20.2,List of devices attached,
2026-09-27T11:57:54.139+00:00,2026-09-27T11:57:54.186+00:00,53.065,absent,3661.2,"{""state"":""absent"",""devices"":[]}",absent,absent,24.6,21.9,List of devices attached,
2026-09-27T11:57:55.140+00:00,2026-09-27T11:57:55.183+00:00,54.062,absent,3661.2,"{""state"":""absent"",""devices"":[]}",absent,absent,23.2,19.2,List of devices attached,
2026-09-27T11:57:56.141+00:00,2026-09-27T11:57:56.186+00:00,55.065,absent,3726.1,"{""state"":""absent"",""devices"":[]}",absent,absent,23.4,21.6,List of devices attached,
2026-09-27T11:57:57.141+00:00,2026-09-27T11:57:57.185+00:00,56.065,absent,3726.1,"{""state"":""absent"",""devices"":[]}",absent,absent,23.3,20.9,List of devices attached,
2026-09-27T11:57:58.141+00:00,2026-09-27T11:57:58.186+00:00,57.065,absent,3726.1,"{""state"":""absent"",""devices"":[]}",absent,absent,24.7,19.9,List of devices attached,
2026-09-27T11:57:59.142+00:00,2026-09-27T11:57:59.186+00:00,58.066,absent,3726.1,"{""state"":""absent"",""devices"":[]}",absent,absent,23.5,20.9,List of devices attached,
2026-09-27T11:58:00.142+00:00,2026-09-27T11:58:00.192+00:00,59.071,absent,3747.3,"{""state"":""absent"",""devices"":[]}",absent,absent,27.4,22.2,List of devices attached,
2026-09-27T11:58:01.143+00:00,2026-09-27T11:58:01.186+00:00,60.065,absent,3747.3,"{""state"":""absent"",""devices"":[]}",absent,absent,23.1,20.2,List of devices attached,
2026-09-27T11:58:02.143+00:00,2026-09-27T11:58:02.187+00:00,61.066,absent,3747.3,"{""state"":""absent"",""devices"":[]}",absent,absent,22.9,20.8,List of devices attached,
2026-09-27T11:58:03.144+00:00,2026-09-27T11:58:03.186+00:00,62.066,absent,3747.3,"{""state"":""absent"",""devices"":[]}",absent,absent,22.2,20.2,List of devices attached,
2026-09-27T11:58:04.144+00:00,2026-09-27T11:58:04.189+00:00,63.068,absent,3797.4,"{""state"":""absent"",""devices"":[]}",absent,absent,23.6,21.0,List of devices attached,
2026-09-27T11:58:05.144+00:00,2026-09-27T11:58:05.187+00:00,64.066,absent,3797.4,"{""state"":""absent"",""devices"":[]}",absent,absent,22.8,19.8,List of devices attached,
2026-09-27T11:58:06.145+00:00,2026-09-27T11:58:06.188+00:00,65.068,absent,3797.4,"{""state"":""absent"",""devices"":[]}",absent,absent,23.3,20.4,List of devices attached,
2026-09-27T11:58:07.145+00:00,2026-09-27T11:58:07.190+00:00,66.069,absent,3797.4,"{""state"":""absent"",""devices"":[]}",absent,absent,24.5,20.4,List of devices attached,
2026-09-27T11:58:08.146+00:00,2026-09-27T11:58:08.190+00:00,67.069,absent,3679.5,"{""state"":""absent"",""devices"":[]}",absent,absent,23.5,20.9,List of devices attached,
2026-09-27T11:58:09.146+00:00,2026-09-27T11:58:09.191+00:00,68.070,absent,3679.5,"{""state"":""absent"",""devices"":[]}",absent,absent,22.8,22.1,List of devices attached,
2026-09-27T11:58:10.146+00:00,2026-09-27T11:58:10.190+00:00,69.069,absent,3679.5,"{""state"":""absent"",""devices"":[]}",absent,absent,23.9,19.8,List of devices attached,
2026-09-27T11:58:11.146+00:00,2026-09-27T11:58:11.190+00:00,70.069,absent,3679.5,"{""state"":""absent"",""devices"":[]}",absent,absent,23.4,20.0,List of devices attached,
2026-09-27T11:58:12.147+00:00,2026-09-27T11:58:12.192+00:00,71.072,absent,3674.8,"{""state"":""absent"",""devices"":[]}",absent,absent,23.7,21.8,List of devices attached,
2026-09-27T11:58:13.147+00:00,2026-09-27T11:58:13.191+00:00,72.070,absent,3674.8,"{""state"":""absent"",""devices"":[]}",absent,absent,23.2,20.7,List of devices attached,
2026-09-27T11:58:14.147+00:00,2026-09-27T11:58:14.192+00:00,73.072,absent,3674.8,"{""state"":""absent"",""devices"":[]}",absent,absent,23.2,21.9,List of devices attached,
2026-09-27T11:58:15.147+00:00,2026-09-27T11:58:15.190+00:00,74.069,absent,3674.8,"{""state"":""absent"",""devices"":[]}",absent,absent,22.9,19.7,List of devices attached,
2026-09-27T11:58:16.148+00:00,2026-09-27T11:58:16.193+00:00,75.073,absent,3670.2,"{""state"":""absent"",""devices"":[]}",absent,absent,24.0,21.8,List of devices attached,
2026-09-27T11:58:17.148+00:00,2026-09-27T11:58:17.193+00:00,76.072,absent,3670.2,"{""state"":""absent"",""devices"":[]}",absent,absent,24.1,20.6,List of devices attached,
2026-09-27T11:58:18.148+00:00,2026-09-27T11:58:18.193+00:00,77.073,absent,3670.2,"{""state"":""absent"",""devices"":[]}",absent,absent,23.7,21.1,List of devices attached,
2026-09-27T11:58:19.149+00:00,2026-09-27T11:58:19.204+00:00,78.083,absent,3670.2,"{""state"":""absent"",""devices"":[]}",absent,absent,29.9,24.9,List of devices attached,
2026-09-27T11:58:20.149+00:00,2026-09-27T11:58:20.203+00:00,79.082,absent,3670.2,"{""state"":""absent"",""devices"":[]}",absent,absent,29.3,24.3,List of devices attached,
2026-09-27T11:58:21.149+00:00,2026-09-27T11:58:21.207+00:00,80.086,absent,4123.7,"{""state"":""absent"",""devices"":[]}",absent,absent,30.7,26.6,List of devices attached,
2026-09-27T11:58:22.149+00:00,2026-09-27T11:58:22.203+00:00,81.082,absent,4123.7,"{""state"":""absent"",""devices"":[]}",absent,absent,29.7,23.4,List of devices attached,
2026-09-27T11:58:23.149+00:00,2026-09-27T11:58:23.198+00:00,82.078,absent,4123.7,"{""state"":""absent"",""devices"":[]}",absent,absent,26.2,22.6,List of devices attached,
2026-09-27T11:58:24.150+00:00,2026-09-27T11:58:24.203+00:00,83.082,absent,4123.7,"{""state"":""absent"",""devices"":[]}",absent,absent,28.4,25.1,List of devices attached,
2026-09-27T11:58:25.150+00:00,2026-09-27T11:58:25.203+00:00,84.082,absent,4123.7,"{""state"":""absent"",""devices"":[]}",absent,absent,28.9,24.1,List of devices attached,
2026-09-27T11:58:26.150+00:00,2026-09-27T11:58:26.197+00:00,85.077,absent,4176.0,"{""state"":""absent"",""devices"":[]}",absent,absent,25.1,22.0,List of devices attached,
2026-09-27T11:58:27.151+00:00,2026-09-27T11:58:27.198+00:00,86.078,absent,4176.0,"{""state"":""absent"",""devices"":[]}",absent,absent,25.0,22.5,List of devices attached,
2026-09-27T11:58:28.151+00:00,2026-09-27T11:58:28.199+00:00,87.079,absent,4176.0,"{""state"":""absent"",""devices"":[]}",absent,absent,25.2,23.2,List of devices attached,
2026-09-27T11:58:29.151+00:00,2026-09-27T11:58:29.198+00:00,88.077,absent,4176.0,"{""state"":""absent"",""devices"":[]}",absent,absent,24.4,22.6,List of devices attached,
2026-09-27T11:58:30.151+00:00,2026-09-27T11:58:30.201+00:00,89.080,absent,3641.6,"{""state"":""absent"",""devices"":[]}",absent,absent,27.0,22.1,List of devices attached,
2026-09-27T11:58:31.152+00:00,2026-09-27T11:58:31.198+00:00,90.078,absent,3641.6,"{""state"":""absent"",""devices"":[]}",absent,absent,24.6,22.1,List of devices attached,
2026-09-27T11:58:32.152+00:00,2026-09-27T11:58:32.197+00:00,91.077,absent,3641.6,"{""state"":""absent"",""devices"":[]}",absent,absent,23.9,21.5,List of devices attached,
2026-09-27T11:58:33.152+00:00,2026-09-27T11:58:33.196+00:00,92.075,absent,3641.6,"{""state"":""absent"",""devices"":[]}",absent,absent,22.8,20.7,List of devices attached,
2026-09-27T11:58:34.152+00:00,2026-09-27T11:58:34.197+00:00,93.077,absent,3509.5,"{""state"":""absent"",""devices"":[]}",absent,absent,23.8,21.1,List of devices attached,
2026-09-27T11:58:35.152+00:00,2026-09-27T11:58:35.198+00:00,94.077,absent,3509.5,"{""state"":""absent"",""devices"":[]}",absent,absent,23.7,21.3,List of devices attached,
2026-09-27T11:58:36.153+00:00,2026-09-27T11:58:36.201+00:00,95.081,absent,3509.5,"{""state"":""absent"",""devices"":[]}",absent,absent,25.8,22.8,List of devices attached,
2026-09-27T11:58:37.153+00:00,2026-09-27T11:58:37.199+00:00,96.078,absent,3509.5,"{""state"":""absent"",""devices"":[]}",absent,absent,23.6,22.3,List of devices attached,
2026-09-27T11:58:38.153+00:00,2026-09-27T11:58:38.198+00:00,97.078,absent,3751.5,"{""state"":""absent"",""devices"":[]}",absent,absent,23.9,21.4,List of devices attached,
2026-09-27T11:58:39.153+00:00,2026-09-27T11:58:39.199+00:00,98.078,absent,3751.5,"{""state"":""absent"",""devices"":[]}",absent,absent,24.0,21.2,List of devices attached,
2026-09-27T11:58:40.154+00:00,2026-09-27T11:58:40.199+00:00,99.079,absent,3751.5,"{""state"":""absent"",""devices"":[]}",absent,absent,23.9,21.5,List of devices attached,
2026-09-27T11:58:41.154+00:00,2026-09-27T11:58:41.199+00:00,100.078,absent,3751.5,"{""state"":""absent"",""devices"":[]}",absent,absent,23.9,20.6,List of devices attached,
2026-09-27T11:58:42.154+00:00,2026-09-27T11:58:42.200+00:00,101.080,absent,3967.8,"{""state"":""absent"",""devices"":[]}",absent,absent,24.7,21.4,List of devices attached,
2026-09-27T11:58:43.155+00:00,2026-09-27T11:58:43.200+00:00,102.080,absent,3967.8,"{""state"":""absent"",""devices"":[]}",absent,absent,24.6,21.1,List of devices attached,
2026-09-27T11:58:44.155+00:00,2026-09-27T11:58:44.202+00:00,103.081,absent,3967.8,"{""state"":""absent"",""devices"":[]}",absent,absent,25.5,21.2,List of devices attached,
2026-09-27T11:58:45.155+00:00,2026-09-27T11:58:45.205+00:00,104.084,absent,3967.8,"{""state"":""absent"",""devices"":[]}",absent,absent,26.4,23.1,List of devices attached,
2026-09-27T11:58:46.155+00:00,2026-09-27T11:58:46.211+00:00,105.090,absent,3986.8,"{""state"":""absent"",""devices"":[]}",absent,absent,30.9,24.3,List of devices attached,
2026-09-27T11:58:47.156+00:00,2026-09-27T11:58:47.202+00:00,106.081,absent,3986.8,"{""state"":""absent"",""devices"":[]}",absent,absent,24.5,21.5,List of devices attached,
2026-09-27T11:58:48.156+00:00,2026-09-27T11:58:48.207+00:00,107.086,absent,3986.8,"{""state"":""absent"",""devices"":[]}",absent,absent,26.9,23.9,List of devices attached,
2026-09-27T11:58:49.156+00:00,2026-09-27T11:58:49.207+00:00,108.087,absent,3986.8,"{""state"":""absent"",""devices"":[]}",absent,absent,27.0,23.8,List of devices attached,
2026-09-27T11:58:50.157+00:00,2026-09-27T11:58:50.209+00:00,109.088,absent,3975.5,"{""state"":""absent"",""devices"":[]}",absent,absent,28.3,23.8,List of devices attached,
2026-09-27T11:58:51.157+00:00,2026-09-27T11:58:51.201+00:00,110.080,absent,3975.5,"{""state"":""absent"",""devices"":[]}",absent,absent,23.0,21.0,List of devices attached,
2026-09-27T11:58:52.157+00:00,2026-09-27T11:58:52.204+00:00,111.083,absent,3975.5,"{""state"":""absent"",""devices"":[]}",absent,absent,25.3,21.3,List of devices attached,
2026-09-27T11:58:53.157+00:00,2026-09-27T11:58:53.202+00:00,112.081,absent,3975.5,"{""state"":""absent"",""devices"":[]}",absent,absent,24.3,20.2,List of devices attached,
2026-09-27T11:58:54.158+00:00,2026-09-27T11:58:54.204+00:00,113.083,absent,3941.8,"{""state"":""absent"",""devices"":[]}",absent,absent,24.3,22.1,List of devices attached,
2026-09-27T11:58:55.158+00:00,2026-09-27T11:58:55.204+00:00,114.083,absent,3941.8,"{""state"":""absent"",""devices"":[]}",absent,absent,23.2,22.6,List of devices attached,
2026-09-27T11:58:56.159+00:00,2026-09-27T11:58:56.208+00:00,115.087,absent,3941.8,"{""state"":""absent"",""devices"":[]}",absent,absent,25.9,23.4,List of devices attached,
2026-09-27T11:58:57.159+00:00,2026-09-27T11:58:57.213+00:00,116.092,absent,3941.8,"{""state"":""absent"",""devices"":[]}",absent,absent,29.8,24.2,List of devices attached,
2026-09-27T11:58:58.159+00:00,2026-09-27T11:58:58.209+00:00,117.088,absent,3968.8,"{""state"":""absent"",""devices"":[]}",absent,absent,26.7,22.8,List of devices attached,
2026-09-27T11:58:59.160+00:00,2026-09-27T11:58:59.212+00:00,118.091,absent,3968.8,"{""state"":""absent"",""devices"":[]}",absent,absent,27.9,24.3,List of devices attached,
2026-09-27T11:59:00.160+00:00,2026-09-27T11:59:00.211+00:00,119.091,absent,3968.8,"{""state"":""absent"",""devices"":[]}",absent,absent,26.4,24.8,List of devices attached,
2026-09-27T11:59:01.160+00:00,2026-09-27T11:59:01.205+00:00,120.084,absent,3968.8,"{""state"":""absent"",""devices"":[]}",absent,absent,24.0,20.7,List of devices attached,
2026-09-27T11:59:02.161+00:00,2026-09-27T11:59:02.207+00:00,121.086,absent,3814.4,"{""state"":""absent"",""devices"":[]}",absent,absent,24.7,21.5,List of devices attached,
2026-09-27T11:59:03.161+00:00,2026-09-27T11:59:03.211+00:00,122.091,absent,3814.4,"{""state"":""absent"",""devices"":[]}",absent,absent,27.0,23.2,List of devices attached,
2026-09-27T11:59:04.162+00:00,2026-09-27T11:59:04.213+00:00,123.093,absent,3814.4,"{""state"":""absent"",""devices"":[]}",absent,absent,27.4,24.0,List of devices attached,
2026-09-27T11:59:05.162+00:00,2026-09-27T11:59:05.224+00:00,124.104,absent,3814.4,"{""state"":""absent"",""devices"":[]}",absent,absent,36.7,25.9,List of devices attached,
2026-09-27T11:59:06.162+00:00,2026-09-27T11:59:06.210+00:00,125.089,absent,3814.4,"{""state"":""absent"",""devices"":[]}",absent,absent,26.6,21.3,List of devices attached,
2026-09-27T11:59:07.163+00:00,2026-09-27T11:59:07.211+00:00,126.091,absent,4003.0,"{""state"":""absent"",""devices"":[]}",absent,absent,25.3,23.3,List of devices attached,
2026-09-27T11:59:08.163+00:00,2026-09-27T11:59:08.208+00:00,127.088,absent,4003.0,"{""state"":""absent"",""devices"":[]}",absent,absent,24.4,20.6,List of devices attached,
2026-09-27T11:59:09.163+00:00,2026-09-27T11:59:09.208+00:00,128.088,absent,4003.0,"{""state"":""absent"",""devices"":[]}",absent,absent,24.7,19.9,List of devices attached,
2026-09-27T11:59:10.164+00:00,2026-09-27T11:59:10.209+00:00,129.088,absent,4003.0,"{""state"":""absent"",""devices"":[]}",absent,absent,24.4,20.8,List of devices attached,
2026-09-27T11:59:11.164+00:00,2026-09-27T11:59:11.208+00:00,130.087,absent,3909.3,"{""state"":""absent"",""devices"":[]}",absent,absent,23.7,20.2,List of devices attached,
2026-09-27T11:59:12.164+00:00,2026-09-27T11:59:12.211+00:00,131.090,absent,3909.3,"{""state"":""absent"",""devices"":[]}",absent,absent,25.2,21.7,List of devices attached,
2026-09-27T11:59:13.165+00:00,2026-09-27T11:59:13.209+00:00,132.088,absent,3909.3,"{""state"":""absent"",""devices"":[]}",absent,absent,24.5,20.0,List of devices attached,
2026-09-27T11:59:14.165+00:00,2026-09-27T11:59:14.210+00:00,133.089,absent,3909.3,"{""state"":""absent"",""devices"":[]}",absent,absent,24.2,21.2,List of devices attached,
2026-09-27T11:59:15.165+00:00,2026-09-27T11:59:15.210+00:00,134.090,absent,3909.3,"{""state"":""absent"",""devices"":[]}",absent,absent,23.5,21.9,List of devices attached,
2026-09-27T11:59:16.165+00:00,2026-09-27T11:59:16.211+00:00,135.090,absent,4008.1,"{""state"":""absent"",""devices"":[]}",absent,absent,24.4,21.0,List of devices attached,
2026-09-27T11:59:17.165+00:00,2026-09-27T11:59:17.210+00:00,136.090,absent,4008.1,"{""state"":""absent"",""devices"":[]}",absent,absent,24.0,20.9,List of devices attached,
2026-09-27T11:59:18.166+00:00,2026-09-27T11:59:18.211+00:00,137.090,absent,4008.1,"{""state"":""absent"",""devices"":[]}",absent,absent,24.6,20.4,List of devices attached,
2026-09-27T11:59:19.166+00:00,2026-09-27T11:59:19.212+00:00,138.091,absent,4008.1,"{""state"":""absent"",""devices"":[]}",absent,absent,24.4,21.2,List of devices attached,
2026-09-27T11:59:20.167+00:00,2026-09-27T11:59:20.218+00:00,139.097,absent,4008.1,"{""state"":""absent"",""devices"":[]}",absent,absent,27.9,23.3,List of devices attached,
2026-09-27T11:59:21.167+00:00,2026-09-27T11:59:21.214+00:00,140.094,absent,4056.8,"{""state"":""absent"",""devices"":[]}",absent,absent,25.1,22.2,List of devices attached,
2026-09-27T11:59:22.168+00:00,2026-09-27T11:59:22.212+00:00,141.092,absent,4056.8,"{""state"":""absent"",""devices"":[]}",absent,absent,24.1,20.7,List of devices attached,
2026-09-27T11:59:23.168+00:00,2026-09-27T11:59:23.212+00:00,142.091,absent,4056.8,"{""state"":""absent"",""devices"":[]}",absent,absent,23.4,20.5,List of devices attached,
2026-09-27T11:59:24.168+00:00,2026-09-27T11:59:24.212+00:00,143.091,absent,4056.8,"{""state"":""absent"",""devices"":[]}",absent,absent,23.5,20.2,List of devices attached,
2026-09-27T11:59:25.168+00:00,2026-09-27T11:59:25.212+00:00,144.091,absent,3706.5,"{""state"":""absent"",""devices"":[]}",absent,absent,23.2,20.1,List of devices attached,
2026-09-27T11:59:26.169+00:00,2026-09-27T11:59:26.215+00:00,145.095,absent,3706.5,"{""state"":""absent"",""devices"":[]}",absent,absent,25.0,21.7,List of devices attached,
2026-09-27T11:59:27.169+00:00,2026-09-27T11:59:27.215+00:00,146.095,absent,3706.5,"{""state"":""absent"",""devices"":[]}",absent,absent,24.4,22.3,List of devices attached,
2026-09-27T11:59:28.169+00:00,2026-09-27T11:59:28.215+00:00,147.094,absent,3706.5,"{""state"":""absent"",""devices"":[]}",absent,absent,24.4,21.5,List of devices attached,
2026-09-27T11:59:29.169+00:00,2026-09-27T11:59:29.213+00:00,148.092,absent,3730.3,"{""state"":""absent"",""devices"":[]}",absent,absent,23.1,20.8,List of devices attached,
2026-09-27T11:59:30.169+00:00,2026-09-27T11:59:30.213+00:00,149.092,absent,3730.3,"{""state"":""absent"",""devices"":[]}",absent,absent,23.0,20.8,List of devices attached,
2026-09-27T11:59:31.169+00:00,2026-09-27T11:59:31.215+00:00,150.095,absent,3730.3,"{""state"":""absent"",""devices"":[]}",absent,absent,24.6,21.7,List of devices attached,
2026-09-27T11:59:32.170+00:00,2026-09-27T11:59:32.216+00:00,151.095,absent,3730.3,"{""state"":""absent"",""devices"":[]}",absent,absent,24.3,21.6,List of devices attached,
2026-09-27T11:59:33.170+00:00,2026-09-27T11:59:33.218+00:00,152.097,absent,3707.2,"{""state"":""absent"",""devices"":[]}",absent,absent,24.6,23.2,List of devices attached,
2026-09-27T11:59:34.170+00:00,2026-09-27T11:59:34.217+00:00,153.096,absent,3707.2,"{""state"":""absent"",""devices"":[]}",absent,absent,24.4,22.1,List of devices attached,
2026-09-27T11:59:35.171+00:00,2026-09-27T11:59:35.217+00:00,154.097,absent,3707.2,"{""state"":""absent"",""devices"":[]}",absent,absent,25.3,21.3,List of devices attached,
2026-09-27T11:59:36.171+00:00,2026-09-27T11:59:36.217+00:00,155.096,absent,3707.2,"{""state"":""absent"",""devices"":[]}",absent,absent,24.8,21.5,List of devices attached,
2026-09-27T11:59:37.171+00:00,2026-09-27T11:59:37.215+00:00,156.095,absent,3639.6,"{""state"":""absent"",""devices"":[]}",absent,absent,24.4,19.9,List of devices attached,
2026-09-27T11:59:38.171+00:00,2026-09-27T11:59:38.217+00:00,157.097,absent,3639.6,"{""state"":""absent"",""devices"":[]}",absent,absent,23.5,22.6,List of devices attached,
2026-09-27T11:59:39.171+00:00,2026-09-27T11:59:39.218+00:00,158.098,absent,3639.6,"{""state"":""absent"",""devices"":[]}",absent,absent,25.7,21.3,List of devices attached,
2026-09-27T11:59:40.172+00:00,2026-09-27T11:59:40.219+00:00,159.098,absent,3639.6,"{""state"":""absent"",""devices"":[]}",absent,absent,25.5,21.5,List of devices attached,
2026-09-27T11:59:41.172+00:00,2026-09-27T11:59:41.217+00:00,160.096,absent,3849.1,"{""state"":""absent"",""devices"":[]}",absent,absent,23.8,21.1,List of devices attached,
2026-09-27T11:59:42.172+00:00,2026-09-27T11:59:42.217+00:00,161.097,absent,3849.1,"{""state"":""absent"",""devices"":[]}",absent,absent,23.9,21.3,List of devices attached,
2026-09-27T11:59:43.172+00:00,2026-09-27T11:59:43.219+00:00,162.099,absent,3849.1,"{""state"":""absent"",""devices"":[]}",absent,absent,24.6,22.6,List of devices attached,
2026-09-27T11:59:44.172+00:00,2026-09-27T11:59:44.218+00:00,163.097,absent,3849.1,"{""state"":""absent"",""devices"":[]}",absent,absent,24.7,20.6,List of devices attached,
2026-09-27T11:59:45.173+00:00,2026-09-27T11:59:45.218+00:00,164.097,absent,3700.4,"{""state"":""absent"",""devices"":[]}",absent,absent,23.5,21.5,List of devices attached,
2026-09-27T11:59:46.173+00:00,2026-09-27T11:59:46.217+00:00,165.096,absent,3700.4,"{""state"":""absent"",""devices"":[]}",absent,absent,23.1,21.1,List of devices attached,
2026-09-27T11:59:47.173+00:00,2026-09-27T11:59:47.219+00:00,166.098,absent,3700.4,"{""state"":""absent"",""devices"":[]}",absent,absent,24.5,20.9,List of devices attached,
2026-09-27T11:59:48.174+00:00,2026-09-27T11:59:48.220+00:00,167.099,absent,3700.4,"{""state"":""absent"",""devices"":[]}",absent,absent,24.6,21.5,List of devices attached,
2026-09-27T11:59:49.174+00:00,2026-09-27T11:59:49.220+00:00,168.099,absent,3630.3,"{""state"":""absent"",""devices"":[]}",absent,absent,23.7,21.8,List of devices attached,
2026-09-27T11:59:50.174+00:00,2026-09-27T11:59:50.218+00:00,169.097,absent,3630.3,"{""state"":""absent"",""devices"":[]}",absent,absent,23.9,19.6,List of devices attached,
2026-09-27T11:59:51.175+00:00,2026-09-27T11:59:51.219+00:00,170.098,absent,3630.3,"{""state"":""absent"",""devices"":[]}",absent,absent,23.3,20.8,List of devices attached,
2026-09-27T11:59:52.175+00:00,2026-09-27T11:59:52.222+00:00,171.101,absent,3630.3,"{""state"":""absent"",""devices"":[]}",absent,absent,26.2,20.8,List of devices attached,
2026-09-27T11:59:53.175+00:00,2026-09-27T11:59:53.221+00:00,172.101,absent,3707.3,"{""state"":""absent"",""devices"":[]}",absent,absent,24.0,22.3,List of devices attached,
2026-09-27T11:59:54.175+00:00,2026-09-27T11:59:54.219+00:00,173.098,absent,3707.3,"{""state"":""absent"",""devices"":[]}",absent,absent,22.7,20.6,List of devices attached,
2026-09-27T11:59:55.176+00:00,2026-09-27T11:59:55.221+00:00,174.101,absent,3707.3,"{""state"":""absent"",""devices"":[]}",absent,absent,24.2,21.3,List of devices attached,
2026-09-27T11:59:56.176+00:00,2026-09-27T11:59:56.221+00:00,175.101,absent,3707.3,"{""state"":""absent"",""devices"":[]}",absent,absent,23.9,21.0,List of devices attached,
2026-09-27T11:59:57.176+00:00,2026-09-27T11:59:57.222+00:00,176.101,absent,3847.4,"{""state"":""absent"",""devices"":[]}",absent,absent,24.3,20.9,List of devices attached,
2026-09-27T11:59:58.177+00:00,2026-09-27T11:59:58.224+00:00,177.103,absent,3847.4,"{""state"":""absent"",""devices"":[]}",absent,absent,25.4,21.6,List of devices attached,
2026-09-27T11:59:59.177+00:00,2026-09-27T11:59:59.225+00:00,178.104,absent,3847.4,"{""state"":""absent"",""devices"":[]}",absent,absent,25.4,21.8,List of devices attached,
2026-09-27T12:00:00.178+00:00,2026-09-27T12:00:00.220+00:00,179.100,absent,3847.4,"{""state"":""absent"",""devices"":[]}",absent,absent,22.5,20.0,List of devices attached,
2026-09-27T12:00:01.178+00:00,2026-09-27T12:00:01.226+00:00,180.106,absent,3807.0,"{""state"":""absent"",""devices"":[]}",absent,absent,25.7,22.8,List of devices attached,
2026-09-27T12:00:02.178+00:00,2026-09-27T12:00:02.225+00:00,181.104,absent,3807.0,"{""state"":""absent"",""devices"":[]}",absent,absent,24.6,22.0,List of devices attached,
2026-09-27T12:00:03.179+00:00,2026-09-27T12:00:03.223+00:00,182.102,absent,3807.0,"{""state"":""absent"",""devices"":[]}",absent,absent,23.2,21.2,List of devices attached,
2026-09-27T12:00:04.179+00:00,2026-09-27T12:00:04.224+00:00,183.103,absent,3807.0,"{""state"":""absent"",""devices"":[]}",absent,absent,24.4,20.9,List of devices attached,
2026-09-27T12:00:05.179+00:00,2026-09-27T12:00:05.224+00:00,184.103,absent,3909.9,"{""state"":""absent"",""devices"":[]}",absent,absent,23.7,21.1,List of devices attached,
2026-09-27T12:00:06.179+00:00,2026-09-27T12:00:06.223+00:00,185.102,absent,3909.9,"{""state"":""absent"",""devices"":[]}",absent,absent,23.3,20.8,List of devices attached,
2026-09-27T12:00:07.179+00:00,2026-09-27T12:00:07.225+00:00,186.105,absent,3909.9,"{""state"":""absent"",""devices"":[]}",absent,absent,24.8,21.3,List of devices attached,
2026-09-27T12:00:08.179+00:00,2026-09-27T12:00:08.222+00:00,187.102,absent,3909.9,"{""state"":""absent"",""devices"":[]}",absent,absent,22.3,20.5,List of devices attached,
2026-09-27T12:00:09.179+00:00,2026-09-27T12:00:09.224+00:00,188.103,absent,3840.0,"{""state"":""absent"",""devices"":[]}",absent,absent,23.5,20.8,List of devices attached,
2026-09-27T12:00:10.180+00:00,2026-09-27T12:00:10.226+00:00,189.105,absent,3840.0,"{""state"":""absent"",""devices"":[]}",absent,absent,24.7,21.0,List of devices attached,
2026-09-27T12:00:11.180+00:00,2026-09-27T12:00:11.226+00:00,190.105,absent,3840.0,"{""state"":""absent"",""devices"":[]}",absent,absent,23.8,21.9,List of devices attached,
2026-09-27T12:00:12.180+00:00,2026-09-27T12:00:12.229+00:00,191.108,absent,3840.0,"{""state"":""absent"",""devices"":[]}",absent,absent,26.0,22.0,List of devices attached,
2026-09-27T12:00:13.181+00:00,2026-09-27T12:00:13.229+00:00,192.108,absent,3840.0,"{""state"":""absent"",""devices"":[]}",absent,absent,25.9,21.7,List of devices attached,
2026-09-27T12:00:14.181+00:00,2026-09-27T12:00:14.226+00:00,193.105,absent,4219.2,"{""state"":""absent"",""devices"":[]}",absent,absent,23.8,20.9,List of devices attached,
2026-09-27T12:00:15.181+00:00,2026-09-27T12:00:15.227+00:00,194.107,absent,4219.2,"{""state"":""absent"",""devices"":[]}",absent,absent,25.0,21.0,List of devices attached,
2026-09-27T12:00:16.181+00:00,2026-09-27T12:00:16.227+00:00,195.106,absent,4219.2,"{""state"":""absent"",""devices"":[]}",absent,absent,23.9,21.1,List of devices attached,
2026-09-27T12:00:17.182+00:00,2026-09-27T12:00:17.227+00:00,196.107,absent,4219.2,"{""state"":""absent"",""devices"":[]}",absent,absent,24.4,21.1,List of devices attached,
2026-09-27T12:00:18.182+00:00,2026-09-27T12:00:18.226+00:00,197.106,absent,4219.2,"{""state"":""absent"",""devices"":[]}",absent,absent,23.1,21.0,List of devices attached,
2026-09-27T12:00:19.182+00:00,2026-09-27T12:00:19.230+00:00,198.110,absent,4052.9,"{""state"":""absent"",""devices"":[]}",absent,absent,24.6,23.2,List of devices attached,
2026-09-27T12:00:20.183+00:00,2026-09-27T12:00:20.230+00:00,199.110,absent,4052.9,"{""state"":""absent"",""devices"":[]}",absent,absent,25.2,22.2,List of devices attached,
2026-09-27T12:00:21.183+00:00,2026-09-27T12:00:21.229+00:00,200.108,absent,4052.9,"{""state"":""absent"",""devices"":[]}",absent,absent,25.2,20.7,List of devices attached,
2026-09-27T12:00:22.183+00:00,2026-09-27T12:00:22.232+00:00,201.111,absent,4052.9,"{""state"":""absent"",""devices"":[]}",absent,absent,27.3,21.4,List of devices attached,
2026-09-27T12:00:23.184+00:00,2026-09-27T12:00:23.231+00:00,202.110,absent,4052.9,"{""state"":""absent"",""devices"":[]}",absent,absent,24.2,23.0,List of devices attached,
2026-09-27T12:00:24.184+00:00,2026-09-27T12:00:24.231+00:00,203.111,absent,4263.8,"{""state"":""absent"",""devices"":[]}",absent,absent,24.7,22.5,List of devices attached,
2026-09-27T12:00:25.184+00:00,2026-09-27T12:00:25.229+00:00,204.108,absent,4263.8,"{""state"":""absent"",""devices"":[]}",absent,absent,22.6,21.7,List of devices attached,
2026-09-27T12:00:26.185+00:00,2026-09-27T12:00:26.230+00:00,205.109,absent,4263.8,"{""state"":""absent"",""devices"":[]}",absent,absent,23.6,21.3,List of devices attached,
2026-09-27T12:00:27.185+00:00,2026-09-27T12:00:27.228+00:00,206.108,absent,4263.8,"{""state"":""absent"",""devices"":[]}",absent,absent,22.9,20.1,List of devices attached,
2026-09-27T12:00:28.185+00:00,2026-09-27T12:00:28.229+00:00,207.109,absent,3770.7,"{""state"":""absent"",""devices"":[]}",absent,absent,23.1,20.8,List of devices attached,
2026-09-27T12:00:29.186+00:00,2026-09-27T12:00:29.232+00:00,208.111,absent,3770.7,"{""state"":""absent"",""devices"":[]}",absent,absent,24.1,21.8,List of devices attached,
2026-09-27T12:00:30.186+00:00,2026-09-27T12:00:30.232+00:00,209.112,absent,3770.7,"{""state"":""absent"",""devices"":[]}",absent,absent,23.7,22.7,List of devices attached,
2026-09-27T12:00:31.186+00:00,2026-09-27T12:00:31.232+00:00,210.111,absent,3770.7,"{""state"":""absent"",""devices"":[]}",absent,absent,23.8,21.7,List of devices attached,
2026-09-27T12:00:32.186+00:00,2026-09-27T12:00:32.232+00:00,211.111,absent,3795.2,"{""state"":""absent"",""devices"":[]}",absent,absent,25.0,20.2,List of devices attached,
2026-09-27T12:00:33.187+00:00,2026-09-27T12:00:33.232+00:00,212.111,absent,3795.2,"{""state"":""absent"",""devices"":[]}",absent,absent,24.8,20.7,List of devices attached,
2026-09-27T12:00:34.187+00:00,2026-09-27T12:00:34.232+00:00,213.111,absent,3795.2,"{""state"":""absent"",""devices"":[]}",absent,absent,23.4,21.6,List of devices attached,
2026-09-27T12:00:35.187+00:00,2026-09-27T12:00:35.235+00:00,214.114,absent,3795.2,"{""state"":""absent"",""devices"":[]}",absent,absent,25.2,21.8,List of devices attached,
2026-09-27T12:00:36.188+00:00,2026-09-27T12:00:36.240+00:00,215.120,absent,3827.2,"{""state"":""absent"",""devices"":[]}",absent,absent,27.8,24.9,List of devices attached,
2026-09-27T12:00:37.188+00:00,2026-09-27T12:00:37.234+00:00,216.114,absent,3827.2,"{""state"":""absent"",""devices"":[]}",absent,absent,25.1,21.2,List of devices attached,
2026-09-27T12:00:38.188+00:00,2026-09-27T12:00:38.236+00:00,217.115,absent,3827.2,"{""state"":""absent"",""devices"":[]}",absent,absent,25.3,22.7,List of devices attached,
2026-09-27T12:00:39.188+00:00,2026-09-27T12:00:39.248+00:00,218.127,absent,3827.2,"{""state"":""absent"",""devices"":[]}",absent,absent,34.1,25.4,List of devices attached,
2026-09-27T12:00:40.188+00:00,2026-09-27T12:00:40.233+00:00,219.112,absent,3732.7,"{""state"":""absent"",""devices"":[]}",absent,absent,23.5,20.8,List of devices attached,
2026-09-27T12:00:41.189+00:00,2026-09-27T12:00:41.236+00:00,220.115,absent,3732.7,"{""state"":""absent"",""devices"":[]}",absent,absent,25.3,21.9,List of devices attached,
2026-09-27T12:00:42.189+00:00,2026-09-27T12:00:42.239+00:00,221.118,absent,3732.7,"{""state"":""absent"",""devices"":[]}",absent,absent,26.5,23.4,List of devices attached,
2026-09-27T12:00:43.189+00:00,2026-09-27T12:00:43.236+00:00,222.116,absent,3732.7,"{""state"":""absent"",""devices"":[]}",absent,absent,23.8,22.8,List of devices attached,
2026-09-27T12:00:44.190+00:00,2026-09-27T12:00:44.237+00:00,223.117,absent,3672.0,"{""state"":""absent"",""devices"":[]}",absent,absent,25.7,21.5,List of devices attached,
2026-09-27T12:00:45.190+00:00,2026-09-27T12:00:45.244+00:00,224.123,absent,3672.0,"{""state"":""absent"",""devices"":[]}",absent,absent,28.3,25.3,List of devices attached,
2026-09-27T12:00:46.190+00:00,2026-09-27T12:00:46.238+00:00,225.118,absent,3672.0,"{""state"":""absent"",""devices"":[]}",absent,absent,26.6,21.2,List of devices attached,
2026-09-27T12:00:47.190+00:00,2026-09-27T12:00:47.239+00:00,226.119,absent,3672.0,"{""state"":""absent"",""devices"":[]}",absent,absent,26.9,22.0,List of devices attached,
2026-09-27T12:00:48.191+00:00,2026-09-27T12:00:48.236+00:00,227.115,absent,3746.3,"{""state"":""absent"",""devices"":[]}",absent,absent,23.8,20.8,List of devices attached,
2026-09-27T12:00:49.191+00:00,2026-09-27T12:00:49.239+00:00,228.119,absent,3746.3,"{""state"":""absent"",""devices"":[]}",absent,absent,25.9,22.2,List of devices attached,
2026-09-27T12:00:50.192+00:00,2026-09-27T12:00:50.242+00:00,229.121,absent,3746.3,"{""state"":""absent"",""devices"":[]}",absent,absent,25.2,24.7,List of devices attached,
2026-09-27T12:00:51.192+00:00,2026-09-27T12:00:51.238+00:00,230.117,absent,3746.3,"{""state"":""absent"",""devices"":[]}",absent,absent,24.6,21.7,List of devices attached,
2026-09-27T12:00:52.192+00:00,2026-09-27T12:00:52.239+00:00,231.119,absent,3741.8,"{""state"":""absent"",""devices"":[]}",absent,absent,24.5,23.0,List of devices attached,
2026-09-27T12:00:53.192+00:00,2026-09-27T12:00:53.244+00:00,232.124,absent,3741.8,"{""state"":""absent"",""devices"":[]}",absent,absent,27.9,24.3,List of devices attached,
2026-09-27T12:00:54.192+00:00,2026-09-27T12:00:54.242+00:00,233.121,absent,3741.8,"{""state"":""absent"",""devices"":[]}",absent,absent,25.6,23.8,List of devices attached,
2026-09-27T12:00:55.193+00:00,2026-09-27T12:00:55.242+00:00,234.121,absent,3741.8,"{""state"":""absent"",""devices"":[]}",absent,absent,25.3,23.6,List of devices attached,
2026-09-27T12:00:56.193+00:00,2026-09-27T12:00:56.251+00:00,235.131,absent,3705.5,"{""state"":""absent"",""devices"":[]}",absent,absent,33.2,24.8,List of devices attached,
2026-09-27T12:00:57.193+00:00,2026-09-27T12:00:57.241+00:00,236.121,absent,3705.5,"{""state"":""absent"",""devices"":[]}",absent,absent,24.9,23.0,List of devices attached,
2026-09-27T12:00:58.194+00:00,2026-09-27T12:00:58.252+00:00,237.131,absent,3705.5,"{""state"":""absent"",""devices"":[]}",absent,absent,24.8,33.2,List of devices attached,
2026-09-27T12:00:59.194+00:00,2026-09-27T12:00:59.244+00:00,238.124,absent,3705.5,"{""state"":""absent"",""devices"":[]}",absent,absent,26.7,23.7,List of devices attached,
2026-09-27T12:01:00.194+00:00,2026-09-27T12:01:00.242+00:00,239.121,absent,3779.6,"{""state"":""absent"",""devices"":[]}",absent,absent,25.7,21.8,List of devices attached,
2026-09-27T12:01:01.194+00:00,2026-09-27T12:01:01.242+00:00,240.121,absent,3779.6,"{""state"":""absent"",""devices"":[]}",absent,absent,25.0,22.6,List of devices attached,
2026-09-27T12:01:02.194+00:00,2026-09-27T12:01:02.241+00:00,241.120,absent,3779.6,"{""state"":""absent"",""devices"":[]}",absent,absent,25.0,21.6,List of devices attached,
2026-09-27T12:01:03.195+00:00,2026-09-27T12:01:03.244+00:00,242.123,absent,3779.6,"{""state"":""absent"",""devices"":[]}",absent,absent,25.8,23.5,List of devices attached,
2026-09-27T12:01:04.195+00:00,2026-09-27T12:01:04.244+00:00,243.123,absent,3779.6,"{""state"":""absent"",""devices"":[]}",absent,absent,25.4,23.5,List of devices attached,
2026-09-27T12:01:05.196+00:00,2026-09-27T12:01:05.244+00:00,244.124,absent,4071.3,"{""state"":""absent"",""devices"":[]}",absent,absent,26.4,22.4,List of devices attached,
2026-09-27T12:01:06.196+00:00,2026-09-27T12:01:06.244+00:00,245.123,absent,4071.3,"{""state"":""absent"",""devices"":[]}",absent,absent,26.0,22.2,List of devices attached,
2026-09-27T12:01:07.196+00:00,2026-09-27T12:01:07.244+00:00,246.123,absent,4071.3,"{""state"":""absent"",""devices"":[]}",absent,absent,26.1,21.4,List of devices attached,
2026-09-27T12:01:08.196+00:00,2026-09-27T12:01:08.257+00:00,247.136,absent,4071.3,"{""state"":""absent"",""devices"":[]}",absent,absent,38.3,22.3,List of devices attached,
2026-09-27T12:01:09.196+00:00,2026-09-27T12:01:09.242+00:00,248.122,absent,3706.7,"{""state"":""absent"",""devices"":[]}",absent,absent,25.2,21.0,List of devices attached,
2026-09-27T12:01:10.196+00:00,2026-09-27T12:01:10.245+00:00,249.124,absent,3706.7,"{""state"":""absent"",""devices"":[]}",absent,absent,25.1,23.5,List of devices attached,
2026-09-27T12:01:11.197+00:00,2026-09-27T12:01:11.256+00:00,250.135,absent,3706.7,"{""state"":""absent"",""devices"":[]}",absent,absent,24.8,34.3,List of devices attached,
2026-09-27T12:01:12.197+00:00,2026-09-27T12:01:12.243+00:00,251.122,absent,3706.7,"{""state"":""absent"",""devices"":[]}",absent,absent,24.7,21.0,List of devices attached,
2026-09-27T12:01:13.197+00:00,2026-09-27T12:01:13.250+00:00,252.129,absent,3540.3,"{""state"":""absent"",""devices"":[]}",absent,absent,25.8,26.7,List of devices attached,
2026-09-27T12:01:14.197+00:00,2026-09-27T12:01:14.247+00:00,253.126,absent,3540.3,"{""state"":""absent"",""devices"":[]}",absent,absent,27.6,22.1,List of devices attached,
2026-09-27T12:01:15.198+00:00,2026-09-27T12:01:15.244+00:00,254.123,absent,3540.3,"{""state"":""absent"",""devices"":[]}",absent,absent,24.1,21.9,List of devices attached,
2026-09-27T12:01:16.198+00:00,2026-09-27T12:01:16.259+00:00,255.138,absent,3540.3,"{""state"":""absent"",""devices"":[]}",absent,absent,39.3,21.3,List of devices attached,
2026-09-27T12:01:17.199+00:00,2026-09-27T12:01:17.251+00:00,256.131,absent,3982.4,"{""state"":""absent"",""devices"":[]}",absent,absent,23.8,28.8,List of devices attached,
2026-09-27T12:01:18.199+00:00,2026-09-27T12:01:18.242+00:00,257.122,absent,3982.4,"{""state"":""absent"",""devices"":[]}",absent,absent,23.4,19.9,List of devices attached,
2026-09-27T12:01:19.199+00:00,2026-09-27T12:01:19.248+00:00,258.127,absent,3982.4,"{""state"":""absent"",""devices"":[]}",absent,absent,25.6,22.7,List of devices attached,
2026-09-27T12:01:20.200+00:00,2026-09-27T12:01:20.245+00:00,259.124,absent,3982.4,"{""state"":""absent"",""devices"":[]}",absent,absent,24.5,20.4,List of devices attached,
2026-09-27T12:01:21.200+00:00,2026-09-27T12:01:21.249+00:00,260.128,absent,3894.1,"{""state"":""absent"",""devices"":[]}",absent,absent,25.0,23.3,List of devices attached,
2026-09-27T12:01:22.201+00:00,2026-09-27T12:01:22.248+00:00,261.128,absent,3894.1,"{""state"":""absent"",""devices"":[]}",absent,absent,24.2,23.4,List of devices attached,
2026-09-27T12:01:23.201+00:00,2026-09-27T12:01:23.258+00:00,262.137,absent,3894.1,"{""state"":""absent"",""devices"":[]}",absent,absent,26.2,30.6,List of devices attached,
2026-09-27T12:01:24.201+00:00,2026-09-27T12:01:24.246+00:00,263.126,absent,3894.1,"{""state"":""absent"",""devices"":[]}",absent,absent,23.1,21.8,List of devices attached,
2026-09-27T12:01:25.202+00:00,2026-09-27T12:01:25.249+00:00,264.128,absent,3816.7,"{""state"":""absent"",""devices"":[]}",absent,absent,25.2,21.8,List of devices attached,
2026-09-27T12:01:26.202+00:00,2026-09-27T12:01:26.248+00:00,265.127,absent,3816.7,"{""state"":""absent"",""devices"":[]}",absent,absent,25.4,20.4,List of devices attached,
2026-09-27T12:01:27.202+00:00,2026-09-27T12:01:27.246+00:00,266.126,absent,3816.7,"{""state"":""absent"",""devices"":[]}",absent,absent,23.2,20.8,List of devices attached,
2026-09-27T12:01:28.202+00:00,2026-09-27T12:01:28.256+00:00,267.136,absent,3816.7,"{""state"":""absent"",""devices"":[]}",absent,absent,23.9,30.2,List of devices attached,
2026-09-27T12:01:29.203+00:00,2026-09-27T12:01:29.246+00:00,268.125,absent,3927.9,"{""state"":""absent"",""devices"":[]}",absent,absent,23.5,19.9,List of devices attached,
2026-09-27T12:01:30.203+00:00,2026-09-27T12:01:30.247+00:00,269.126,absent,3927.9,"{""state"":""absent"",""devices"":[]}",absent,absent,23.5,20.4,List of devices attached,
2026-09-27T12:01:31.203+00:00,2026-09-27T12:01:31.248+00:00,270.128,absent,3927.9,"{""state"":""absent"",""devices"":[]}",absent,absent,24.6,20.4,List of devices attached,
2026-09-27T12:01:32.204+00:00,2026-09-27T12:01:32.251+00:00,271.130,absent,3927.9,"{""state"":""absent"",""devices"":[]}",absent,absent,26.1,20.8,List of devices attached,
2026-09-27T12:01:33.204+00:00,2026-09-27T12:01:33.249+00:00,272.128,absent,3925.9,"{""state"":""absent"",""devices"":[]}",absent,absent,22.8,21.9,List of devices attached,
2026-09-27T12:01:34.204+00:00,2026-09-27T12:01:34.250+00:00,273.129,absent,3925.9,"{""state"":""absent"",""devices"":[]}",absent,absent,24.5,21.3,List of devices attached,
2026-09-27T12:01:35.204+00:00,2026-09-27T12:01:35.248+00:00,274.127,absent,3925.9,"{""state"":""absent"",""devices"":[]}",absent,absent,23.6,20.1,List of devices attached,
2026-09-27T12:01:36.205+00:00,2026-09-27T12:01:36.250+00:00,275.129,absent,3925.9,"{""state"":""absent"",""devices"":[]}",absent,absent,24.9,20.2,List of devices attached,
2026-09-27T12:01:37.205+00:00,2026-09-27T12:01:37.248+00:00,276.127,absent,3896.0,"{""state"":""absent"",""devices"":[]}",absent,absent,22.7,19.9,List of devices attached,
2026-09-27T12:01:38.205+00:00,2026-09-27T12:01:38.249+00:00,277.128,absent,3896.0,"{""state"":""absent"",""devices"":[]}",absent,absent,23.4,20.2,List of devices attached,
2026-09-27T12:01:39.206+00:00,2026-09-27T12:01:39.268+00:00,278.148,absent,3896.0,"{""state"":""absent"",""devices"":[]}",absent,absent,40.7,21.7,List of devices attached,
2026-09-27T12:01:40.206+00:00,2026-09-27T12:01:40.255+00:00,279.134,absent,3896.0,"{""state"":""absent"",""devices"":[]}",absent,absent,23.3,25.0,List of devices attached,
2026-09-27T12:01:41.207+00:00,2026-09-27T12:01:41.251+00:00,280.131,absent,3929.0,"{""state"":""absent"",""devices"":[]}",absent,absent,23.2,21.2,List of devices attached,
2026-09-27T12:01:42.207+00:00,2026-09-27T12:01:42.253+00:00,281.132,absent,3929.0,"{""state"":""absent"",""devices"":[]}",absent,absent,23.3,22.2,List of devices attached,
2026-09-27T12:01:43.208+00:00,2026-09-27T12:01:43.253+00:00,282.132,absent,3929.0,"{""state"":""absent"",""devices"":[]}",absent,absent,23.5,21.7,List of devices attached,
2026-09-27T12:01:44.208+00:00,2026-09-27T12:01:44.253+00:00,283.132,absent,3929.0,"{""state"":""absent"",""devices"":[]}",absent,absent,23.9,21.3,List of devices attached,
2026-09-27T12:01:45.208+00:00,2026-09-27T12:01:45.252+00:00,284.132,absent,3937.5,"{""state"":""absent"",""devices"":[]}",absent,absent,23.5,20.6,List of devices attached,
2026-09-27T12:01:46.208+00:00,2026-09-27T12:01:46.253+00:00,285.132,absent,3937.5,"{""state"":""absent"",""devices"":[]}",absent,absent,23.4,21.0,List of devices attached,
2026-09-27T12:01:47.209+00:00,2026-09-27T12:01:47.252+00:00,286.132,absent,3937.5,"{""state"":""absent"",""devices"":[]}",absent,absent,23.7,20.0,List of devices attached,
2026-09-27T12:01:48.209+00:00,2026-09-27T12:01:48.252+00:00,287.132,absent,3937.5,"{""state"":""absent"",""devices"":[]}",absent,absent,23.0,20.6,List of devices attached,
2026-09-27T12:01:49.209+00:00,2026-09-27T12:01:49.255+00:00,288.134,absent,3901.5,"{""state"":""absent"",""devices"":[]}",absent,absent,24.7,20.8,List of devices attached,
2026-09-27T12:01:50.210+00:00,2026-09-27T12:01:50.255+00:00,289.134,absent,3901.5,"{""state"":""absent"",""devices"":[]}",absent,absent,23.4,21.8,List of devices attached,
2026-09-27T12:01:51.210+00:00,2026-09-27T12:01:51.254+00:00,290.134,absent,3901.5,"{""state"":""absent"",""devices"":[]}",absent,absent,23.5,20.9,List of devices attached,
2026-09-27T12:01:52.210+00:00,2026-09-27T12:01:52.256+00:00,291.136,absent,3901.5,"{""state"":""absent"",""devices"":[]}",absent,absent,25.3,20.9,List of devices attached,
2026-09-27T12:01:53.210+00:00,2026-09-27T12:01:53.254+00:00,292.134,absent,3841.1,"{""state"":""absent"",""devices"":[]}",absent,absent,23.3,20.8,List of devices attached,
2026-09-27T12:01:54.210+00:00,2026-09-27T12:01:54.253+00:00,293.133,absent,3841.1,"{""state"":""absent"",""devices"":[]}",absent,absent,23.7,19.3,List of devices attached,
2026-09-27T12:01:55.210+00:00,2026-09-27T12:01:55.253+00:00,294.132,absent,3841.1,"{""state"":""absent"",""devices"":[]}",absent,absent,23.2,19.5,List of devices attached,
2026-09-27T12:01:56.211+00:00,2026-09-27T12:01:56.253+00:00,295.133,absent,3841.1,"{""state"":""absent"",""devices"":[]}",absent,absent,23.2,19.6,List of devices attached,
2026-09-27T12:01:57.211+00:00,2026-09-27T12:01:57.256+00:00,296.135,absent,3868.2,"{""state"":""absent"",""devices"":[]}",absent,absent,23.8,21.1,List of devices attached,
2026-09-27T12:01:58.211+00:00,2026-09-27T12:01:58.259+00:00,297.138,absent,3868.2,"{""state"":""absent"",""devices"":[]}",absent,absent,25.3,22.5,List of devices attached,
2026-09-27T12:01:59.211+00:00,2026-09-27T12:01:59.260+00:00,298.140,absent,3868.2,"{""state"":""absent"",""devices"":[]}",absent,absent,26.1,22.7,List of devices attached,
2026-09-27T12:02:00.212+00:00,2026-09-27T12:02:00.257+00:00,299.137,absent,3868.2,"{""state"":""absent"",""devices"":[]}",absent,absent,24.6,21.2,List of devices attached,
2026-09-27T12:02:01.212+00:00,2026-09-27T12:02:01.256+00:00,300.135,absent,3636.6,"{""state"":""absent"",""devices"":[]}",absent,absent,23.1,20.9,List of devices attached,
2026-09-27T12:02:02.212+00:00,2026-09-27T12:02:02.256+00:00,301.135,absent,3636.6,"{""state"":""absent"",""devices"":[]}",absent,absent,22.8,20.6,List of devices attached,
2026-09-27T12:02:03.213+00:00,2026-09-27T12:02:03.257+00:00,302.137,absent,3636.6,"{""state"":""absent"",""devices"":[]}",absent,absent,23.3,21.3,List of devices attached,
2026-09-27T12:02:04.213+00:00,2026-09-27T12:02:04.257+00:00,303.136,absent,3636.6,"{""state"":""absent"",""devices"":[]}",absent,absent,23.4,20.4,List of devices attached,
2026-09-27T12:02:05.213+00:00,2026-09-27T12:02:05.259+00:00,304.139,absent,3699.1,"{""state"":""absent"",""devices"":[]}",absent,absent,24.8,21.1,List of devices attached,
2026-09-27T12:02:06.214+00:00,2026-09-27T12:02:06.257+00:00,305.136,absent,3699.1,"{""state"":""absent"",""devices"":[]}",absent,absent,22.9,20.4,List of devices attached,
2026-09-27T12:02:07.214+00:00,2026-09-27T12:02:07.257+00:00,306.136,absent,3699.1,"{""state"":""absent"",""devices"":[]}",absent,absent,22.6,19.9,List of devices attached,
2026-09-27T12:02:08.215+00:00,2026-09-27T12:02:08.259+00:00,307.139,absent,3699.1,"{""state"":""absent"",""devices"":[]}",absent,absent,24.0,20.6,List of devices attached,
2026-09-27T12:02:09.215+00:00,2026-09-27T12:02:09.259+00:00,308.138,absent,3577.4,"{""state"":""absent"",""devices"":[]}",absent,absent,23.4,20.3,List of devices attached,
2026-09-27T12:02:10.216+00:00,2026-09-27T12:02:10.260+00:00,309.140,absent,3577.4,"{""state"":""absent"",""devices"":[]}",absent,absent,23.1,21.3,List of devices attached,
2026-09-27T12:02:11.216+00:00,2026-09-27T12:02:11.260+00:00,310.140,absent,3577.4,"{""state"":""absent"",""devices"":[]}",absent,absent,23.3,21.0,List of devices attached,
2026-09-27T12:02:12.216+00:00,2026-09-27T12:02:12.262+00:00,311.141,absent,3577.4,"{""state"":""absent"",""devices"":[]}",absent,absent,24.6,21.2,List of devices attached,
2026-09-27T12:02:13.216+00:00,2026-09-27T12:02:13.264+00:00,312.143,absent,3592.9,"{""state"":""absent"",""devices"":[]}",absent,absent,24.3,22.9,List of devices attached,
2026-09-27T12:02:14.217+00:00,2026-09-27T12:02:14.267+00:00,313.147,absent,3592.9,"{""state"":""absent"",""devices"":[]}",absent,absent,26.3,24.4,List of devices attached,
2026-09-27T12:02:15.217+00:00,2026-09-27T12:02:15.265+00:00,314.145,absent,3592.9,"{""state"":""absent"",""devices"":[]}",absent,absent,26.7,21.7,List of devices attached,
2026-09-27T12:02:16.217+00:00,2026-09-27T12:02:16.265+00:00,315.145,absent,3592.9,"{""state"":""absent"",""devices"":[]}",absent,absent,24.7,23.4,List of devices attached,
2026-09-27T12:02:17.217+00:00,2026-09-27T12:02:17.268+00:00,316.147,absent,3564.2,"{""state"":""absent"",""devices"":[]}",absent,absent,26.7,23.4,List of devices attached,
2026-09-27T12:02:18.218+00:00,2026-09-27T12:02:18.265+00:00,317.145,absent,3564.2,"{""state"":""absent"",""devices"":[]}",absent,absent,25.3,22.3,List of devices attached,
2026-09-27T12:02:19.218+00:00,2026-09-27T12:02:19.263+00:00,318.142,absent,3564.2,"{""state"":""absent"",""devices"":[]}",absent,absent,24.3,20.4,List of devices attached,
2026-09-27T12:02:20.219+00:00,2026-09-27T12:02:20.263+00:00,319.142,absent,3564.2,"{""state"":""absent"",""devices"":[]}",absent,absent,22.8,21.2,List of devices attached,
2026-09-27T12:02:21.219+00:00,2026-09-27T12:02:21.266+00:00,320.145,absent,3643.5,"{""state"":""absent"",""devices"":[]}",absent,absent,25.0,22.2,List of devices attached,
2026-09-27T12:02:22.219+00:00,2026-09-27T12:02:22.264+00:00,321.143,absent,3643.5,"{""state"":""absent"",""devices"":[]}",absent,absent,23.8,21.1,List of devices attached,
2026-09-27T12:02:23.219+00:00,2026-09-27T12:02:23.264+00:00,322.143,absent,3643.5,"{""state"":""absent"",""devices"":[]}",absent,absent,23.7,20.4,List of devices attached,
2026-09-27T12:02:24.219+00:00,2026-09-27T12:02:24.266+00:00,323.145,absent,3643.5,"{""state"":""absent"",""devices"":[]}",absent,absent,25.3,20.9,List of devices attached,
2026-09-27T12:02:25.220+00:00,2026-09-27T12:02:25.265+00:00,324.144,absent,3673.1,"{""state"":""absent"",""devices"":[]}",absent,absent,25.1,20.3,List of devices attached,
2026-09-27T12:02:26.220+00:00,2026-09-27T12:02:26.270+00:00,325.149,absent,3673.1,"{""state"":""absent"",""devices"":[]}",absent,absent,26.4,23.6,List of devices attached,
2026-09-27T12:02:27.220+00:00,2026-09-27T12:02:27.268+00:00,326.148,absent,3673.1,"{""state"":""absent"",""devices"":[]}",absent,absent,25.3,23.0,List of devices attached,
2026-09-27T12:02:28.220+00:00,2026-09-27T12:02:28.268+00:00,327.147,absent,3673.1,"{""state"":""absent"",""devices"":[]}",absent,absent,26.1,21.4,List of devices attached,
2026-09-27T12:02:29.221+00:00,2026-09-27T12:02:29.267+00:00,328.146,absent,3643.8,"{""state"":""absent"",""devices"":[]}",absent,absent,24.2,21.8,List of devices attached,
2026-09-27T12:02:30.221+00:00,2026-09-27T12:02:30.267+00:00,329.146,absent,3643.8,"{""state"":""absent"",""devices"":[]}",absent,absent,24.2,21.5,List of devices attached,
2026-09-27T12:02:31.222+00:00,2026-09-27T12:02:31.268+00:00,330.147,absent,3643.8,"{""state"":""absent"",""devices"":[]}",absent,absent,24.6,21.5,List of devices attached,
2026-09-27T12:02:32.222+00:00,2026-09-27T12:02:32.269+00:00,331.148,absent,3643.8,"{""state"":""absent"",""devices"":[]}",absent,absent,25.4,21.7,List of devices attached,
2026-09-27T12:02:33.222+00:00,2026-09-27T12:02:33.273+00:00,332.153,absent,3560.9,"{""state"":""absent"",""devices"":[]}",absent,absent,26.0,25.2,List of devices attached,
2026-09-27T12:02:34.223+00:00,2026-09-27T12:02:34.273+00:00,333.152,absent,3560.9,"{""state"":""absent"",""devices"":[]}",absent,absent,25.6,24.9,List of devices attached,
2026-09-27T12:02:35.223+00:00,2026-09-27T12:02:35.270+00:00,334.150,absent,3560.9,"{""state"":""absent"",""devices"":[]}",absent,absent,25.0,22.6,List of devices attached,
2026-09-27T12:02:36.223+00:00,2026-09-27T12:02:36.271+00:00,335.150,absent,3560.9,"{""state"":""absent"",""devices"":[]}",absent,absent,25.2,22.6,List of devices attached,
2026-09-27T12:02:37.224+00:00,2026-09-27T12:02:37.272+00:00,336.152,absent,3776.1,"{""state"":""absent"",""devices"":[]}",absent,absent,26.6,21.9,List of devices attached,
2026-09-27T12:02:38.224+00:00,2026-09-27T12:02:38.270+00:00,337.149,absent,3776.1,"{""state"":""absent"",""devices"":[]}",absent,absent,24.4,21.6,List of devices attached,
2026-09-27T12:02:39.224+00:00,2026-09-27T12:02:39.269+00:00,338.149,absent,3776.1,"{""state"":""absent"",""devices"":[]}",absent,absent,25.4,20.0,List of devices attached,
2026-09-27T12:02:40.224+00:00,2026-09-27T12:02:40.270+00:00,339.150,absent,3776.1,"{""state"":""absent"",""devices"":[]}",absent,absent,24.3,21.4,List of devices attached,
2026-09-27T12:02:41.225+00:00,2026-09-27T12:02:41.269+00:00,340.149,absent,3645.9,"{""state"":""absent"",""devices"":[]}",absent,absent,23.5,21.1,List of devices attached,
2026-09-27T12:02:42.225+00:00,2026-09-27T12:02:42.270+00:00,341.149,absent,3645.9,"{""state"":""absent"",""devices"":[]}",absent,absent,23.5,21.2,List of devices attached,
2026-09-27T12:02:43.225+00:00,2026-09-27T12:02:43.269+00:00,342.149,absent,3645.9,"{""state"":""absent"",""devices"":[]}",absent,absent,23.4,20.3,List of devices attached,
2026-09-27T12:02:44.226+00:00,2026-09-27T12:02:44.273+00:00,343.152,absent,3645.9,"{""state"":""absent"",""devices"":[]}",absent,absent,25.6,21.1,List of devices attached,
2026-09-27T12:02:45.226+00:00,2026-09-27T12:02:45.271+00:00,344.151,absent,3567.0,"{""state"":""absent"",""devices"":[]}",absent,absent,23.7,21.5,List of devices attached,
2026-09-27T12:02:46.226+00:00,2026-09-27T12:02:46.271+00:00,345.150,absent,3567.0,"{""state"":""absent"",""devices"":[]}",absent,absent,23.1,21.6,List of devices attached,
2026-09-27T12:02:47.226+00:00,2026-09-27T12:02:47.270+00:00,346.150,absent,3567.0,"{""state"":""absent"",""devices"":[]}",absent,absent,23.5,20.3,List of devices attached,
2026-09-27T12:02:48.227+00:00,2026-09-27T12:02:48.272+00:00,347.151,absent,3567.0,"{""state"":""absent"",""devices"":[]}",absent,absent,24.0,21.3,List of devices attached,
2026-09-27T12:02:49.227+00:00,2026-09-27T12:02:49.271+00:00,348.150,absent,3631.3,"{""state"":""absent"",""devices"":[]}",absent,absent,23.9,20.0,List of devices attached,
2026-09-27T12:02:50.227+00:00,2026-09-27T12:02:50.271+00:00,349.150,absent,3631.3,"{""state"":""absent"",""devices"":[]}",absent,absent,23.7,19.9,List of devices attached,
2026-09-27T12:02:51.228+00:00,2026-09-27T12:02:51.271+00:00,350.151,absent,3631.3,"{""state"":""absent"",""devices"":[]}",absent,absent,23.2,20.3,List of devices attached,
2026-09-27T12:02:52.228+00:00,2026-09-27T12:02:52.271+00:00,351.151,absent,3631.3,"{""state"":""absent"",""devices"":[]}",absent,absent,23.2,20.0,List of devices attached,
2026-09-27T12:02:53.229+00:00,2026-09-27T12:02:53.273+00:00,352.152,absent,3788.3,"{""state"":""absent"",""devices"":[]}",absent,absent,24.1,20.0,List of devices attached,
2026-09-27T12:02:54.229+00:00,2026-09-27T12:02:54.275+00:00,353.155,absent,3788.3,"{""state"":""absent"",""devices"":[]}",absent,absent,25.0,21.0,List of devices attached,
2026-09-27T12:02:55.230+00:00,2026-09-27T12:02:55.272+00:00,354.152,absent,3788.3,"{""state"":""absent"",""devices"":[]}",absent,absent,23.2,19.4,List of devices attached,
2026-09-27T12:02:56.230+00:00,2026-09-27T12:02:56.274+00:00,355.153,absent,3788.3,"{""state"":""absent"",""devices"":[]}",absent,absent,23.1,20.8,List of devices attached,
2026-09-27T12:02:57.230+00:00,2026-09-27T12:02:57.275+00:00,356.154,absent,3610.4,"{""state"":""absent"",""devices"":[]}",absent,absent,23.0,21.2,List of devices attached,
2026-09-27T12:02:58.231+00:00,2026-09-27T12:02:58.275+00:00,357.154,absent,3610.4,"{""state"":""absent"",""devices"":[]}",absent,absent,24.2,20.0,List of devices attached,
2026-09-27T12:02:59.231+00:00,2026-09-27T12:02:59.274+00:00,358.154,absent,3610.4,"{""state"":""absent"",""devices"":[]}",absent,absent,23.1,20.2,List of devices attached,
2026-09-27T12:03:00.231+00:00,2026-09-27T12:03:00.275+00:00,359.154,absent,3610.4,"{""state"":""absent"",""devices"":[]}",absent,absent,23.9,19.6,List of devices attached,
2026-09-27T12:03:01.232+00:00,2026-09-27T12:03:01.275+00:00,360.154,absent,3603.0,"{""state"":""absent"",""devices"":[]}",absent,absent,22.8,20.1,List of devices attached,
2026-09-27T12:03:02.232+00:00,2026-09-27T12:03:02.278+00:00,361.157,absent,3603.0,"{""state"":""absent"",""devices"":[]}",absent,absent,24.1,21.7,List of devices attached,
2026-09-27T12:03:03.232+00:00,2026-09-27T12:03:03.277+00:00,362.157,absent,3603.0,"{""state"":""absent"",""devices"":[]}",absent,absent,23.9,21.2,List of devices attached,
2026-09-27T12:03:04.232+00:00,2026-09-27T12:03:04.278+00:00,363.157,absent,3603.0,"{""state"":""absent"",""devices"":[]}",absent,absent,24.3,20.9,List of devices attached,
2026-09-27T12:03:05.233+00:00,2026-09-27T12:03:05.281+00:00,364.161,absent,3598.5,"{""state"":""absent"",""devices"":[]}",absent,absent,24.9,23.5,List of devices attached,
2026-09-27T12:03:06.233+00:00,2026-09-27T12:03:06.276+00:00,365.155,absent,3598.5,"{""state"":""absent"",""devices"":[]}",absent,absent,22.6,20.4,List of devices attached,
2026-09-27T12:03:07.233+00:00,2026-09-27T12:03:07.280+00:00,366.160,absent,3598.5,"{""state"":""absent"",""devices"":[]}",absent,absent,25.6,21.2,List of devices attached,
2026-09-27T12:03:08.234+00:00,2026-09-27T12:03:08.279+00:00,367.159,absent,3598.5,"{""state"":""absent"",""devices"":[]}",absent,absent,25.4,20.3,List of devices attached,
2026-09-27T12:03:09.234+00:00,2026-09-27T12:03:09.280+00:00,368.159,absent,3747.6,"{""state"":""absent"",""devices"":[]}",absent,absent,23.6,22.4,List of devices attached,
2026-09-27T12:03:10.234+00:00,2026-09-27T12:03:10.278+00:00,369.158,absent,3747.6,"{""state"":""absent"",""devices"":[]}",absent,absent,24.1,19.6,List of devices attached,
2026-09-27T12:03:11.235+00:00,2026-09-27T12:03:11.282+00:00,370.161,absent,3747.6,"{""state"":""absent"",""devices"":[]}",absent,absent,25.0,21.9,List of devices attached,
2026-09-27T12:03:12.235+00:00,2026-09-27T12:03:12.279+00:00,371.158,absent,3747.6,"{""state"":""absent"",""devices"":[]}",absent,absent,23.5,20.1,List of devices attached,
2026-09-27T12:03:13.235+00:00,2026-09-27T12:03:13.287+00:00,372.167,absent,3706.5,"{""state"":""absent"",""devices"":[]}",absent,absent,28.3,23.5,List of devices attached,
2026-09-27T12:03:14.236+00:00,2026-09-27T12:03:14.283+00:00,373.163,absent,3706.5,"{""state"":""absent"",""devices"":[]}",absent,absent,25.4,22.4,List of devices attached,
2026-09-27T12:03:15.236+00:00,2026-09-27T12:03:15.283+00:00,374.163,absent,3706.5,"{""state"":""absent"",""devices"":[]}",absent,absent,26.0,21.2,List of devices attached,
2026-09-27T12:03:16.236+00:00,2026-09-27T12:03:16.280+00:00,375.159,absent,3706.5,"{""state"":""absent"",""devices"":[]}",absent,absent,23.3,20.1,List of devices attached,
2026-09-27T12:03:17.237+00:00,2026-09-27T12:03:17.281+00:00,376.160,absent,3698.6,"{""state"":""absent"",""devices"":[]}",absent,absent,23.5,20.4,List of devices attached,
2026-09-27T12:03:18.237+00:00,2026-09-27T12:03:18.283+00:00,377.163,absent,3698.6,"{""state"":""absent"",""devices"":[]}",absent,absent,24.3,21.7,List of devices attached,
2026-09-27T12:03:19.237+00:00,2026-09-27T12:03:19.282+00:00,378.161,absent,3698.6,"{""state"":""absent"",""devices"":[]}",absent,absent,23.7,20.7,List of devices attached,
2026-09-27T12:03:20.238+00:00,2026-09-27T12:03:20.283+00:00,379.162,absent,3698.6,"{""state"":""absent"",""devices"":[]}",absent,absent,24.2,20.5,List of devices attached,
2026-09-27T12:03:21.238+00:00,2026-09-27T12:03:21.284+00:00,380.163,absent,3551.8,"{""state"":""absent"",""devices"":[]}",absent,absent,24.0,21.4,List of devices attached,
2026-09-27T12:03:22.238+00:00,2026-09-27T12:03:22.283+00:00,381.162,absent,3551.8,"{""state"":""absent"",""devices"":[]}",absent,absent,23.4,21.3,List of devices attached,
2026-09-27T12:03:23.239+00:00,2026-09-27T12:03:23.290+00:00,382.169,absent,3551.8,"{""state"":""absent"",""devices"":[]}",absent,absent,27.4,23.4,List of devices attached,
2026-09-27T12:03:24.239+00:00,2026-09-27T12:03:24.287+00:00,383.167,absent,3551.8,"{""state"":""absent"",""devices"":[]}",absent,absent,25.7,22.5,List of devices attached,
2026-09-27T12:03:25.239+00:00,2026-09-27T12:03:25.284+00:00,384.164,absent,3618.0,"{""state"":""absent"",""devices"":[]}",absent,absent,24.2,20.6,List of devices attached,
2026-09-27T12:03:26.240+00:00,2026-09-27T12:03:26.286+00:00,385.165,absent,3618.0,"{""state"":""absent"",""devices"":[]}",absent,absent,24.4,21.7,List of devices attached,
2026-09-27T12:03:27.240+00:00,2026-09-27T12:03:27.288+00:00,386.167,absent,3618.0,"{""state"":""absent"",""devices"":[]}",absent,absent,23.9,23.6,List of devices attached,
2026-09-27T12:03:28.240+00:00,2026-09-27T12:03:28.292+00:00,387.171,absent,3618.0,"{""state"":""absent"",""devices"":[]}",absent,absent,28.6,22.5,List of devices attached,
2026-09-27T12:03:29.240+00:00,2026-09-27T12:03:29.286+00:00,388.165,absent,3638.6,"{""state"":""absent"",""devices"":[]}",absent,absent,24.4,20.8,List of devices attached,
2026-09-27T12:03:30.241+00:00,2026-09-27T12:03:30.285+00:00,389.165,absent,3638.6,"{""state"":""absent"",""devices"":[]}",absent,absent,23.5,20.9,List of devices attached,
2026-09-27T12:03:31.241+00:00,2026-09-27T12:03:31.285+00:00,390.164,absent,3638.6,"{""state"":""absent"",""devices"":[]}",absent,absent,22.6,21.0,List of devices attached,
2026-09-27T12:03:32.242+00:00,2026-09-27T12:03:32.289+00:00,391.168,absent,3638.6,"{""state"":""absent"",""devices"":[]}",absent,absent,25.2,21.9,List of devices attached,
2026-09-27T12:03:33.242+00:00,2026-09-27T12:03:33.288+00:00,392.167,absent,3638.6,"{""state"":""absent"",""devices"":[]}",absent,absent,23.7,22.3,List of devices attached,
2026-09-27T12:03:34.242+00:00,2026-09-27T12:03:34.287+00:00,393.167,absent,4012.1,"{""state"":""absent"",""devices"":[]}",absent,absent,24.8,20.4,List of devices attached,
2026-09-27T12:03:35.242+00:00,2026-09-27T12:03:35.288+00:00,394.167,absent,4012.1,"{""state"":""absent"",""devices"":[]}",absent,absent,23.6,21.8,List of devices attached,
2026-09-27T12:03:36.243+00:00,2026-09-27T12:03:36.288+00:00,395.168,absent,4012.1,"{""state"":""absent"",""devices"":[]}",absent,absent,24.4,21.4,List of devices attached,
2026-09-27T12:03:37.243+00:00,2026-09-27T12:03:37.294+00:00,396.173,absent,4012.1,"{""state"":""absent"",""devices"":[]}",absent,absent,27.4,23.6,List of devices attached,
2026-09-27T12:03:38.243+00:00,2026-09-27T12:03:38.292+00:00,397.171,absent,3629.8,"{""state"":""absent"",""devices"":[]}",absent,absent,25.6,22.3,List of devices attached,
2026-09-27T12:03:39.244+00:00,2026-09-27T12:03:39.289+00:00,398.168,absent,3629.8,"{""state"":""absent"",""devices"":[]}",absent,absent,23.5,21.3,List of devices attached,
2026-09-27T12:03:40.244+00:00,2026-09-27T12:03:40.292+00:00,399.171,absent,3629.8,"{""state"":""absent"",""devices"":[]}",absent,absent,25.6,22.2,List of devices attached,
2026-09-27T12:03:41.244+00:00,2026-09-27T12:03:41.289+00:00,400.168,absent,3629.8,"{""state"":""absent"",""devices"":[]}",absent,absent,23.6,20.9,List of devices attached,
2026-09-27T12:03:42.245+00:00,2026-09-27T12:03:42.290+00:00,401.169,absent,3684.0,"{""state"":""absent"",""devices"":[]}",absent,absent,24.1,21.1,List of devices attached,
2026-09-27T12:03:43.245+00:00,2026-09-27T12:03:43.297+00:00,402.176,absent,3684.0,"{""state"":""absent"",""devices"":[]}",absent,absent,26.5,25.4,List of devices attached,
2026-09-27T12:03:44.245+00:00,2026-09-27T12:03:44.295+00:00,403.175,absent,3684.0,"{""state"":""absent"",""devices"":[]}",absent,absent,26.1,23.7,List of devices attached,
2026-09-27T12:03:45.246+00:00,2026-09-27T12:03:45.307+00:00,404.187,absent,3684.0,"{""state"":""absent"",""devices"":[]}",absent,absent,25.0,36.4,List of devices attached,
2026-09-27T12:03:46.246+00:00,2026-09-27T12:03:46.292+00:00,405.171,absent,3843.6,"{""state"":""absent"",""devices"":[]}",absent,absent,24.9,21.3,List of devices attached,
2026-09-27T12:03:47.246+00:00,2026-09-27T12:03:47.291+00:00,406.170,absent,3843.6,"{""state"":""absent"",""devices"":[]}",absent,absent,23.9,20.7,List of devices attached,
2026-09-27T12:03:48.246+00:00,2026-09-27T12:03:48.293+00:00,407.172,absent,3843.6,"{""state"":""absent"",""devices"":[]}",absent,absent,25.2,21.1,List of devices attached,
2026-09-27T12:03:49.247+00:00,2026-09-27T12:03:49.291+00:00,408.170,absent,3843.6,"{""state"":""absent"",""devices"":[]}",absent,absent,23.7,20.2,List of devices attached,
2026-09-27T12:03:50.247+00:00,2026-09-27T12:03:50.291+00:00,409.171,absent,3827.5,"{""state"":""absent"",""devices"":[]}",absent,absent,23.2,21.3,List of devices attached,
2026-09-27T12:03:51.247+00:00,2026-09-27T12:03:51.294+00:00,410.173,absent,3827.5,"{""state"":""absent"",""devices"":[]}",absent,absent,24.9,21.7,List of devices attached,
2026-09-27T12:03:52.247+00:00,2026-09-27T12:03:52.291+00:00,411.170,absent,3827.5,"{""state"":""absent"",""devices"":[]}",absent,absent,23.6,20.1,List of devices attached,
2026-09-27T12:03:53.248+00:00,2026-09-27T12:03:53.292+00:00,412.171,absent,3827.5,"{""state"":""absent"",""devices"":[]}",absent,absent,23.6,20.6,List of devices attached,
2026-09-27T12:03:54.248+00:00,2026-09-27T12:03:54.295+00:00,413.174,absent,3683.8,"{""state"":""absent"",""devices"":[]}",absent,absent,24.8,21.8,List of devices attached,
2026-09-27T12:03:55.248+00:00,2026-09-27T12:03:55.293+00:00,414.172,absent,3683.8,"{""state"":""absent"",""devices"":[]}",absent,absent,23.9,20.4,List of devices attached,
2026-09-27T12:03:56.248+00:00,2026-09-27T12:03:56.293+00:00,415.173,absent,3683.8,"{""state"":""absent"",""devices"":[]}",absent,absent,24.0,20.8,List of devices attached,
2026-09-27T12:03:57.249+00:00,2026-09-27T12:03:57.293+00:00,416.172,absent,3683.8,"{""state"":""absent"",""devices"":[]}",absent,absent,23.9,20.3,List of devices attached,
2026-09-27T12:03:58.249+00:00,2026-09-27T12:03:58.294+00:00,417.174,absent,3661.4,"{""state"":""absent"",""devices"":[]}",absent,absent,23.9,21.6,List of devices attached,
2026-09-27T12:03:59.249+00:00,2026-09-27T12:03:59.295+00:00,418.174,absent,3661.4,"{""state"":""absent"",""devices"":[]}",absent,absent,23.9,21.8,List of devices attached,
2026-09-27T12:04:00.249+00:00,2026-09-27T12:04:00.293+00:00,419.172,absent,3661.4,"{""state"":""absent"",""devices"":[]}",absent,absent,24.1,19.3,List of devices attached,
2026-09-27T12:04:01.250+00:00,2026-09-27T12:04:01.294+00:00,420.174,absent,3661.4,"{""state"":""absent"",""devices"":[]}",absent,absent,23.6,20.6,List of devices attached,
2026-09-27T12:04:02.250+00:00,2026-09-27T12:04:02.296+00:00,421.175,absent,3606.4,"{""state"":""absent"",""devices"":[]}",absent,absent,24.7,21.2,List of devices attached,
2026-09-27T12:04:03.250+00:00,2026-09-27T12:04:03.295+00:00,422.174,absent,3606.4,"{""state"":""absent"",""devices"":[]}",absent,absent,25.1,19.9,List of devices attached,
2026-09-27T12:04:04.250+00:00,2026-09-27T12:04:04.294+00:00,423.174,absent,3606.4,"{""state"":""absent"",""devices"":[]}",absent,absent,23.2,20.7,List of devices attached,
2026-09-27T12:04:05.250+00:00,2026-09-27T12:04:05.295+00:00,424.175,absent,3606.4,"{""state"":""absent"",""devices"":[]}",absent,absent,24.3,20.6,List of devices attached,
2026-09-27T12:04:06.251+00:00,2026-09-27T12:04:06.296+00:00,425.175,absent,3577.1,"{""state"":""absent"",""devices"":[]}",absent,absent,24.0,21.0,List of devices attached,
2026-09-27T12:04:07.251+00:00,2026-09-27T12:04:07.296+00:00,426.175,absent,3577.1,"{""state"":""absent"",""devices"":[]}",absent,absent,23.8,20.4,List of devices attached,
2026-09-27T12:04:08.252+00:00,2026-09-27T12:04:08.299+00:00,427.178,absent,3577.1,"{""state"":""absent"",""devices"":[]}",absent,absent,25.9,21.5,List of devices attached,
2026-09-27T12:04:09.252+00:00,2026-09-27T12:04:09.297+00:00,428.176,absent,3577.1,"{""state"":""absent"",""devices"":[]}",absent,absent,24.0,20.9,List of devices attached,
2026-09-27T12:04:10.252+00:00,2026-09-27T12:04:10.300+00:00,429.180,absent,3591.3,"{""state"":""absent"",""devices"":[]}",absent,absent,26.1,21.8,List of devices attached,
2026-09-27T12:04:11.252+00:00,2026-09-27T12:04:11.298+00:00,430.177,absent,3591.3,"{""state"":""absent"",""devices"":[]}",absent,absent,24.9,20.5,List of devices attached,
2026-09-27T12:04:12.253+00:00,2026-09-27T12:04:12.299+00:00,431.178,absent,3591.3,"{""state"":""absent"",""devices"":[]}",absent,absent,24.9,20.7,List of devices attached,
2026-09-27T12:04:13.253+00:00,2026-09-27T12:04:13.297+00:00,432.177,absent,3591.3,"{""state"":""absent"",""devices"":[]}",absent,absent,23.9,20.1,List of devices attached,
2026-09-27T12:04:14.253+00:00,2026-09-27T12:04:14.301+00:00,433.180,absent,3929.7,"{""state"":""absent"",""devices"":[]}",absent,absent,25.5,22.0,List of devices attached,
2026-09-27T12:04:15.254+00:00,2026-09-27T12:04:15.299+00:00,434.179,absent,3929.7,"{""state"":""absent"",""devices"":[]}",absent,absent,23.8,21.3,List of devices attached,
2026-09-27T12:04:16.254+00:00,2026-09-27T12:04:16.302+00:00,435.182,absent,3929.7,"{""state"":""absent"",""devices"":[]}",absent,absent,24.8,23.0,List of devices attached,
2026-09-27T12:04:17.255+00:00,2026-09-27T12:04:17.316+00:00,436.195,absent,3929.7,"{""state"":""absent"",""devices"":[]}",absent,absent,37.7,22.8,List of devices attached,
2026-09-27T12:04:18.255+00:00,2026-09-27T12:04:18.303+00:00,437.183,absent,3617.4,"{""state"":""absent"",""devices"":[]}",absent,absent,25.4,23.0,List of devices attached,
2026-09-27T12:04:19.255+00:00,2026-09-27T12:04:19.312+00:00,438.191,absent,3617.4,"{""state"":""absent"",""devices"":[]}",absent,absent,25.3,31.1,List of devices attached,
2026-09-27T12:04:20.256+00:00,2026-09-27T12:04:20.303+00:00,439.182,absent,3617.4,"{""state"":""absent"",""devices"":[]}",absent,absent,26.2,21.0,List of devices attached,
2026-09-27T12:04:21.256+00:00,2026-09-27T12:04:21.304+00:00,440.183,absent,3617.4,"{""state"":""absent"",""devices"":[]}",absent,absent,25.3,22.6,List of devices attached,
2026-09-27T12:04:22.256+00:00,2026-09-27T12:04:22.302+00:00,441.181,absent,3690.2,"{""state"":""absent"",""devices"":[]}",absent,absent,24.8,20.4,List of devices attached,
2026-09-27T12:04:23.257+00:00,2026-09-27T12:04:23.307+00:00,442.186,absent,3690.2,"{""state"":""absent"",""devices"":[]}",absent,absent,25.6,24.0,List of devices attached,
2026-09-27T12:04:24.257+00:00,2026-09-27T12:04:24.308+00:00,443.188,absent,3690.2,"{""state"":""absent"",""devices"":[]}",absent,absent,27.0,23.8,List of devices attached,
2026-09-27T12:04:25.258+00:00,2026-09-27T12:04:25.307+00:00,444.187,absent,3690.2,"{""state"":""absent"",""devices"":[]}",absent,absent,25.8,23.4,List of devices attached,
2026-09-27T12:04:26.258+00:00,2026-09-27T12:04:26.307+00:00,445.186,absent,3772.5,"{""state"":""absent"",""devices"":[]}",absent,absent,26.0,22.8,List of devices attached,
2026-09-27T12:04:27.258+00:00,2026-09-27T12:04:27.302+00:00,446.181,absent,3772.5,"{""state"":""absent"",""devices"":[]}",absent,absent,23.0,20.3,List of devices attached,
2026-09-27T12:04:28.259+00:00,2026-09-27T12:04:28.303+00:00,447.182,absent,3772.5,"{""state"":""absent"",""devices"":[]}",absent,absent,23.8,20.3,List of devices attached,
2026-09-27T12:04:29.259+00:00,2026-09-27T12:04:29.303+00:00,448.182,absent,3772.5,"{""state"":""absent"",""devices"":[]}",absent,absent,24.2,19.7,List of devices attached,
2026-09-27T12:04:30.259+00:00,2026-09-27T12:04:30.305+00:00,449.184,absent,3772.5,"{""state"":""absent"",""devices"":[]}",absent,absent,23.9,21.3,List of devices attached,
2026-09-27T12:04:31.260+00:00,2026-09-27T12:04:31.323+00:00,450.203,absent,4261.6,"{""state"":""absent"",""devices"":[]}",absent,absent,26.9,36.5,List of devices attached,
2026-09-27T12:04:32.260+00:00,2026-09-27T12:04:32.305+00:00,451.185,absent,4261.6,"{""state"":""absent"",""devices"":[]}",absent,absent,24.8,20.2,List of devices attached,
2026-09-27T12:04:33.260+00:00,2026-09-27T12:04:33.307+00:00,452.186,absent,4261.6,"{""state"":""absent"",""devices"":[]}",absent,absent,24.8,21.7,List of devices attached,
2026-09-27T12:04:34.261+00:00,2026-09-27T12:04:34.305+00:00,453.184,absent,4261.6,"{""state"":""absent"",""devices"":[]}",absent,absent,23.5,20.8,List of devices attached,
2026-09-27T12:04:35.261+00:00,2026-09-27T12:04:35.309+00:00,454.188,absent,3868.8,"{""state"":""absent"",""devices"":[]}",absent,absent,25.6,22.2,List of devices attached,
2026-09-27T12:04:36.261+00:00,2026-09-27T12:04:36.308+00:00,455.187,absent,3868.8,"{""state"":""absent"",""devices"":[]}",absent,absent,24.6,21.9,List of devices attached,
2026-09-27T12:04:37.261+00:00,2026-09-27T12:04:37.309+00:00,456.188,absent,3868.8,"{""state"":""absent"",""devices"":[]}",absent,absent,25.3,22.4,List of devices attached,
2026-09-27T12:04:38.262+00:00,2026-09-27T12:04:38.308+00:00,457.187,absent,3868.8,"{""state"":""absent"",""devices"":[]}",absent,absent,23.9,22.2,List of devices attached,
2026-09-27T12:04:39.262+00:00,2026-09-27T12:04:39.309+00:00,458.188,absent,3692.4,"{""state"":""absent"",""devices"":[]}",absent,absent,24.8,21.5,List of devices attached,
2026-09-27T12:04:40.263+00:00,2026-09-27T12:04:40.325+00:00,459.204,absent,3692.4,"{""state"":""absent"",""devices"":[]}",absent,absent,38.4,23.4,List of devices attached,
2026-09-27T12:04:41.263+00:00,2026-09-27T12:04:41.311+00:00,460.190,absent,3692.4,"{""state"":""absent"",""devices"":[]}",absent,absent,23.7,24.0,List of devices attached,
2026-09-27T12:04:42.263+00:00,2026-09-27T12:04:42.310+00:00,461.190,absent,3692.4,"{""state"":""absent"",""devices"":[]}",absent,absent,24.5,22.4,List of devices attached,
2026-09-27T12:04:43.264+00:00,2026-09-27T12:04:43.310+00:00,462.189,absent,3682.6,"{""state"":""absent"",""devices"":[]}",absent,absent,24.1,21.4,List of devices attached,
2026-09-27T12:04:44.264+00:00,2026-09-27T12:04:44.313+00:00,463.192,absent,3682.6,"{""state"":""absent"",""devices"":[]}",absent,absent,27.0,21.1,List of devices attached,
2026-09-27T12:04:45.265+00:00,2026-09-27T12:04:45.309+00:00,464.188,absent,3682.6,"{""state"":""absent"",""devices"":[]}",absent,absent,24.4,19.9,List of devices attached,
2026-09-27T12:04:46.265+00:00,2026-09-27T12:04:46.310+00:00,465.189,absent,3682.6,"{""state"":""absent"",""devices"":[]}",absent,absent,24.2,20.4,List of devices attached,
2026-09-27T12:04:47.265+00:00,2026-09-27T12:04:47.311+00:00,466.190,absent,3644.9,"{""state"":""absent"",""devices"":[]}",absent,absent,24.3,21.3,List of devices attached,
2026-09-27T12:04:48.265+00:00,2026-09-27T12:04:48.310+00:00,467.190,absent,3644.9,"{""state"":""absent"",""devices"":[]}",absent,absent,23.5,21.2,List of devices attached,
2026-09-27T12:04:49.266+00:00,2026-09-27T12:04:49.320+00:00,468.199,absent,3644.9,"{""state"":""absent"",""devices"":[]}",absent,absent,23.8,30.3,List of devices attached,
2026-09-27T12:04:50.266+00:00,2026-09-27T12:04:50.309+00:00,469.188,absent,3644.9,"{""state"":""absent"",""devices"":[]}",absent,absent,23.3,19.4,List of devices attached,
2026-09-27T12:04:51.266+00:00,2026-09-27T12:04:51.310+00:00,470.190,absent,3586.6,"{""state"":""absent"",""devices"":[]}",absent,absent,23.0,20.8,List of devices attached,
2026-09-27T12:04:52.267+00:00,2026-09-27T12:04:52.314+00:00,471.193,absent,3586.6,"{""state"":""absent"",""devices"":[]}",absent,absent,23.5,23.8,List of devices attached,
2026-09-27T12:04:53.267+00:00,2026-09-27T12:04:53.322+00:00,472.202,absent,3586.6,"{""state"":""absent"",""devices"":[]}",absent,absent,24.7,30.6,List of devices attached,
2026-09-27T12:04:54.267+00:00,2026-09-27T12:04:54.314+00:00,473.193,absent,3586.6,"{""state"":""absent"",""devices"":[]}",absent,absent,24.7,21.7,List of devices attached,
2026-09-27T12:04:55.268+00:00,2026-09-27T12:04:55.311+00:00,474.190,absent,3791.7,"{""state"":""absent"",""devices"":[]}",absent,absent,23.2,20.2,List of devices attached,
2026-09-27T12:04:56.268+00:00,2026-09-27T12:04:56.312+00:00,475.191,absent,3791.7,"{""state"":""absent"",""devices"":[]}",absent,absent,23.9,20.1,List of devices attached,
2026-09-27T12:04:57.268+00:00,2026-09-27T12:04:57.326+00:00,476.206,absent,3791.7,"{""state"":""absent"",""devices"":[]}",absent,absent,37.0,20.9,List of devices attached,
2026-09-27T12:04:58.269+00:00,2026-09-27T12:04:58.314+00:00,477.193,absent,3791.7,"{""state"":""absent"",""devices"":[]}",absent,absent,23.5,21.7,List of devices attached,
2026-09-27T12:04:59.269+00:00,2026-09-27T12:04:59.313+00:00,478.192,absent,3743.1,"{""state"":""absent"",""devices"":[]}",absent,absent,22.9,20.7,List of devices attached,
2026-09-27T12:05:00.270+00:00,2026-09-27T12:05:00.315+00:00,479.194,absent,3743.1,"{""state"":""absent"",""devices"":[]}",absent,absent,24.1,21.1,List of devices attached,
2026-09-27T12:05:01.270+00:00,2026-09-27T12:05:01.318+00:00,480.198,absent,3743.1,"{""state"":""absent"",""devices"":[]}",absent,absent,26.8,21.1,List of devices attached,
2026-09-27T12:05:02.270+00:00,2026-09-27T12:05:02.319+00:00,481.198,absent,3743.1,"{""state"":""absent"",""devices"":[]}",absent,absent,24.7,23.6,List of devices attached,
2026-09-27T12:05:03.271+00:00,2026-09-27T12:05:03.316+00:00,482.195,absent,3633.5,"{""state"":""absent"",""devices"":[]}",absent,absent,24.5,20.7,List of devices attached,
2026-09-27T12:05:04.271+00:00,2026-09-27T12:05:04.315+00:00,483.195,absent,3633.5,"{""state"":""absent"",""devices"":[]}",absent,absent,23.6,20.4,List of devices attached,
2026-09-27T12:05:05.271+00:00,2026-09-27T12:05:05.318+00:00,484.197,absent,3633.5,"{""state"":""absent"",""devices"":[]}",absent,absent,24.9,21.4,List of devices attached,
2026-09-27T12:05:06.272+00:00,2026-09-27T12:05:06.316+00:00,485.195,absent,3633.5,"{""state"":""absent"",""devices"":[]}",absent,absent,23.4,20.4,List of devices attached,
2026-09-27T12:05:07.272+00:00,2026-09-27T12:05:07.317+00:00,486.196,absent,3602.0,"{""state"":""absent"",""devices"":[]}",absent,absent,23.2,21.4,List of devices attached,
2026-09-27T12:05:08.272+00:00,2026-09-27T12:05:08.316+00:00,487.195,absent,3602.0,"{""state"":""absent"",""devices"":[]}",absent,absent,23.5,20.2,List of devices attached,
2026-09-27T12:05:09.272+00:00,2026-09-27T12:05:09.319+00:00,488.198,absent,3602.0,"{""state"":""absent"",""devices"":[]}",absent,absent,24.3,21.7,List of devices attached,
2026-09-27T12:05:10.273+00:00,2026-09-27T12:05:10.318+00:00,489.197,absent,3602.0,"{""state"":""absent"",""devices"":[]}",absent,absent,24.3,20.4,List of devices attached,
2026-09-27T12:05:11.273+00:00,2026-09-27T12:05:11.319+00:00,490.199,absent,3632.4,"{""state"":""absent"",""devices"":[]}",absent,absent,23.8,22.1,List of devices attached,
2026-09-27T12:05:12.274+00:00,2026-09-27T12:05:12.326+00:00,491.205,absent,3632.4,"{""state"":""absent"",""devices"":[]}",absent,fastboot,30.4,21.7,List of devices attached,1384e684               fastboot
2026-09-27T12:05:13.274+00:00,2026-09-27T12:05:13.322+00:00,492.202,absent,3632.4,"{""state"":""absent"",""devices"":[]}",absent,fastboot,24.6,23.6,List of devices attached,1384e684               fastboot
2026-09-27T12:05:14.274+00:00,2026-09-27T12:05:14.318+00:00,493.198,absent,3632.4,"{""state"":""absent"",""devices"":[]}",absent,fastboot,23.8,20.4,List of devices attached,1384e684               fastboot
2026-09-27T12:05:15.274+00:00,2026-09-27T12:05:15.327+00:00,494.206,absent,3931.0,"{""state"":""absent"",""devices"":[]}",absent,fastboot,28.2,23.9,List of devices attached,1384e684               fastboot
2026-09-27T12:05:16.275+00:00,2026-09-27T12:05:16.322+00:00,495.201,absent,3931.0,"{""state"":""absent"",""devices"":[]}",absent,fastboot,23.6,23.5,List of devices attached,1384e684               fastboot
2026-09-27T12:05:17.275+00:00,2026-09-27T12:05:17.328+00:00,496.207,absent,3931.0,"{""state"":""absent"",""devices"":[]}",absent,fastboot,26.6,26.5,List of devices attached,1384e684               fastboot
2026-09-27T12:05:18.275+00:00,2026-09-27T12:05:18.322+00:00,497.202,absent,3931.0,"{""state"":""absent"",""devices"":[]}",absent,fastboot,25.3,21.7,List of devices attached,1384e684               fastboot
2026-09-27T12:05:19.276+00:00,2026-09-27T12:05:19.321+00:00,498.200,present,3653.1,"{""state"":""present"",""devices"":[{""Status"":""OK"",""Class"":""AndroidUsbDeviceClass"",""FriendlyName"":""Android Bootloader Interface"",""InstanceId"":""USB\\VID_18D1&PID_D00D\\1384E684""}]}",absent,fastboot,23.0,21.7,List of devices attached,1384e684               fastboot
2026-09-27T12:05:20.276+00:00,2026-09-27T12:05:20.327+00:00,499.206,present,3653.1,"{""state"":""present"",""devices"":[{""Status"":""OK"",""Class"":""AndroidUsbDeviceClass"",""FriendlyName"":""Android Bootloader Interface"",""InstanceId"":""USB\\VID_18D1&PID_D00D\\1384E684""}]}",absent,fastboot,25.6,25.2,List of devices attached,1384e684               fastboot
2026-09-27T12:05:21.277+00:00,2026-09-27T12:05:21.347+00:00,500.227,present,3653.1,"{""state"":""present"",""devices"":[{""Status"":""OK"",""Class"":""AndroidUsbDeviceClass"",""FriendlyName"":""Android Bootloader Interface"",""InstanceId"":""USB\\VID_18D1&PID_D00D\\1384E684""}]}",absent,fastboot,46.8,23.8,List of devices attached,1384e684               fastboot
2026-09-27T12:05:22.277+00:00,2026-09-27T12:05:22.322+00:00,501.201,present,3653.1,"{""state"":""present"",""devices"":[{""Status"":""OK"",""Class"":""AndroidUsbDeviceClass"",""FriendlyName"":""Android Bootloader Interface"",""InstanceId"":""USB\\VID_18D1&PID_D00D\\1384E684""}]}",absent,fastboot,23.1,21.7,List of devices attached,1384e684               fastboot
2026-09-27T12:05:23.277+00:00,2026-09-27T12:05:23.339+00:00,502.218,present,3650.7,"{""state"":""present"",""devices"":[{""Status"":""OK"",""Class"":""AndroidUsbDeviceClass"",""FriendlyName"":""Android Bootloader Interface"",""InstanceId"":""USB\\VID_18D1&PID_D00D\\1384E684""}]}",absent,fastboot,26.3,35.5,List of devices attached,1384e684               fastboot
2026-09-27T12:05:24.277+00:00,2026-09-27T12:05:24.325+00:00,503.204,present,3650.7,"{""state"":""present"",""devices"":[{""Status"":""OK"",""Class"":""AndroidUsbDeviceClass"",""FriendlyName"":""Android Bootloader Interface"",""InstanceId"":""USB\\VID_18D1&PID_D00D\\1384E684""}]}",absent,fastboot,24.6,22.7,List of devices attached,1384e684               fastboot
2026-09-27T12:05:25.277+00:00,2026-09-27T12:05:25.328+00:00,504.207,present,3650.7,"{""state"":""present"",""devices"":[{""Status"":""OK"",""Class"":""AndroidUsbDeviceClass"",""FriendlyName"":""Android Bootloader Interface"",""InstanceId"":""USB\\VID_18D1&PID_D00D\\1384E684""}]}",absent,fastboot,26.2,24.0,List of devices attached,1384e684               fastboot
2026-09-27T12:05:26.278+00:00,2026-09-27T12:05:26.325+00:00,505.204,present,3650.7,"{""state"":""present"",""devices"":[{""Status"":""OK"",""Class"":""AndroidUsbDeviceClass"",""FriendlyName"":""Android Bootloader Interface"",""InstanceId"":""USB\\VID_18D1&PID_D00D\\1384E684""}]}",absent,fastboot,24.8,22.2,List of devices attached,1384e684               fastboot
2026-09-27T12:05:27.278+00:00,2026-09-27T12:05:27.325+00:00,506.204,present,3715.0,"{""state"":""present"",""devices"":[{""Status"":""OK"",""Class"":""AndroidUsbDeviceClass"",""FriendlyName"":""Android Bootloader Interface"",""InstanceId"":""USB\\VID_18D1&PID_D00D\\1384E684""}]}",absent,fastboot,24.6,22.2,List of devices attached,1384e684               fastboot
2026-09-27T12:05:28.278+00:00,2026-09-27T12:05:28.329+00:00,507.208,present,3715.0,"{""state"":""present"",""devices"":[{""Status"":""OK"",""Class"":""AndroidUsbDeviceClass"",""FriendlyName"":""Android Bootloader Interface"",""InstanceId"":""USB\\VID_18D1&PID_D00D\\1384E684""}]}",absent,fastboot,26.0,24.3,List of devices attached,1384e684               fastboot
2026-09-27T12:05:29.279+00:00,2026-09-27T12:05:29.329+00:00,508.208,present,3715.0,"{""state"":""present"",""devices"":[{""Status"":""OK"",""Class"":""AndroidUsbDeviceClass"",""FriendlyName"":""Android Bootloader Interface"",""InstanceId"":""USB\\VID_18D1&PID_D00D\\1384E684""}]}",absent,fastboot,26.1,23.9,List of devices attached,1384e684               fastboot
2026-09-27T12:05:30.279+00:00,2026-09-27T12:05:30.339+00:00,509.218,present,3715.0,"{""state"":""present"",""devices"":[{""Status"":""OK"",""Class"":""AndroidUsbDeviceClass"",""FriendlyName"":""Android Bootloader Interface"",""InstanceId"":""USB\\VID_18D1&PID_D00D\\1384E684""}]}",absent,fastboot,24.9,34.9,List of devices attached,1384e684               fastboot
2026-09-27T12:05:31.279+00:00,2026-09-27T12:05:31.327+00:00,510.206,present,3600.4,"{""state"":""present"",""devices"":[{""Status"":""OK"",""Class"":""AndroidUsbDeviceClass"",""FriendlyName"":""Android Bootloader Interface"",""InstanceId"":""USB\\VID_18D1&PID_D00D\\1384E684""}]}",absent,fastboot,24.4,23.0,List of devices attached,1384e684               fastboot
2026-09-27T12:05:32.279+00:00,2026-09-27T12:05:32.324+00:00,511.204,present,3600.4,"{""state"":""present"",""devices"":[{""Status"":""OK"",""Class"":""AndroidUsbDeviceClass"",""FriendlyName"":""Android Bootloader Interface"",""InstanceId"":""USB\\VID_18D1&PID_D00D\\1384E684""}]}",absent,fastboot,23.7,21.5,List of devices attached,1384e684               fastboot
2026-09-27T12:05:33.279+00:00,2026-09-27T12:05:33.327+00:00,512.206,present,3600.4,"{""state"":""present"",""devices"":[{""Status"":""OK"",""Class"":""AndroidUsbDeviceClass"",""FriendlyName"":""Android Bootloader Interface"",""InstanceId"":""USB\\VID_18D1&PID_D00D\\1384E684""}]}",absent,fastboot,24.0,23.3,List of devices attached,1384e684               fastboot
2026-09-27T12:05:34.280+00:00,2026-09-27T12:05:34.325+00:00,513.204,present,3600.4,"{""state"":""present"",""devices"":[{""Status"":""OK"",""Class"":""AndroidUsbDeviceClass"",""FriendlyName"":""Android Bootloader Interface"",""InstanceId"":""USB\\VID_18D1&PID_D00D\\1384E684""}]}",absent,fastboot,23.9,21.1,List of devices attached,1384e684               fastboot
2026-09-27T12:05:35.280+00:00,2026-09-27T12:05:35.324+00:00,514.204,present,3837.6,"{""state"":""present"",""devices"":[{""Status"":""OK"",""Class"":""AndroidUsbDeviceClass"",""FriendlyName"":""Android Bootloader Interface"",""InstanceId"":""USB\\VID_18D1&PID_D00D\\1384E684""}]}",absent,fastboot,22.5,21.9,List of devices attached,1384e684               fastboot
2026-09-27T12:05:36.280+00:00,2026-09-27T12:05:36.328+00:00,515.207,present,3837.6,"{""state"":""present"",""devices"":[{""Status"":""OK"",""Class"":""AndroidUsbDeviceClass"",""FriendlyName"":""Android Bootloader Interface"",""InstanceId"":""USB\\VID_18D1&PID_D00D\\1384E684""}]}",absent,fastboot,24.3,23.1,List of devices attached,1384e684               fastboot
2026-09-27T12:05:37.280+00:00,2026-09-27T12:05:37.326+00:00,516.205,present,3837.6,"{""state"":""present"",""devices"":[{""Status"":""OK"",""Class"":""AndroidUsbDeviceClass"",""FriendlyName"":""Android Bootloader Interface"",""InstanceId"":""USB\\VID_18D1&PID_D00D\\1384E684""}]}",absent,fastboot,22.9,22.3,List of devices attached,1384e684               fastboot
2026-09-27T12:05:38.281+00:00,2026-09-27T12:05:38.327+00:00,517.207,present,3837.6,"{""state"":""present"",""devices"":[{""Status"":""OK"",""Class"":""AndroidUsbDeviceClass"",""FriendlyName"":""Android Bootloader Interface"",""InstanceId"":""USB\\VID_18D1&PID_D00D\\1384E684""}]}",absent,fastboot,23.6,23.1,List of devices attached,1384e684               fastboot
2026-09-27T12:05:39.281+00:00,2026-09-27T12:05:39.329+00:00,518.208,present,3727.0,"{""state"":""present"",""devices"":[{""Status"":""OK"",""Class"":""AndroidUsbDeviceClass"",""FriendlyName"":""Android Bootloader Interface"",""InstanceId"":""USB\\VID_18D1&PID_D00D\\1384E684""}]}",absent,fastboot,24.4,23.3,List of devices attached,1384e684               fastboot
2026-09-27T12:05:40.281+00:00,2026-09-27T12:05:40.327+00:00,519.206,present,3727.0,"{""state"":""present"",""devices"":[{""Status"":""OK"",""Class"":""AndroidUsbDeviceClass"",""FriendlyName"":""Android Bootloader Interface"",""InstanceId"":""USB\\VID_18D1&PID_D00D\\1384E684""}]}",absent,fastboot,23.1,22.5,List of devices attached,1384e684               fastboot
2026-09-27T12:05:41.282+00:00,2026-09-27T12:05:41.328+00:00,520.207,present,3727.0,"{""state"":""present"",""devices"":[{""Status"":""OK"",""Class"":""AndroidUsbDeviceClass"",""FriendlyName"":""Android Bootloader Interface"",""InstanceId"":""USB\\VID_18D1&PID_D00D\\1384E684""}]}",absent,fastboot,23.0,22.8,List of devices attached,1384e684               fastboot
2026-09-27T12:05:42.282+00:00,2026-09-27T12:05:42.327+00:00,521.206,present,3727.0,"{""state"":""present"",""devices"":[{""Status"":""OK"",""Class"":""AndroidUsbDeviceClass"",""FriendlyName"":""Android Bootloader Interface"",""InstanceId"":""USB\\VID_18D1&PID_D00D\\1384E684""}]}",absent,fastboot,22.9,22.1,List of devices attached,1384e684               fastboot
2026-09-27T12:05:43.282+00:00,2026-09-27T12:05:43.328+00:00,522.207,present,3592.6,"{""state"":""present"",""devices"":[{""Status"":""OK"",""Class"":""AndroidUsbDeviceClass"",""FriendlyName"":""Android Bootloader Interface"",""InstanceId"":""USB\\VID_18D1&PID_D00D\\1384E684""}]}",absent,fastboot,24.2,21.4,List of devices attached,1384e684               fastboot
2026-09-27T12:05:44.282+00:00,2026-09-27T12:05:44.330+00:00,523.210,present,3592.6,"{""state"":""present"",""devices"":[{""Status"":""OK"",""Class"":""AndroidUsbDeviceClass"",""FriendlyName"":""Android Bootloader Interface"",""InstanceId"":""USB\\VID_18D1&PID_D00D\\1384E684""}]}",absent,fastboot,24.7,23.2,List of devices attached,1384e684               fastboot
2026-09-27T12:05:45.283+00:00,2026-09-27T12:05:45.328+00:00,524.207,present,3592.6,"{""state"":""present"",""devices"":[{""Status"":""OK"",""Class"":""AndroidUsbDeviceClass"",""FriendlyName"":""Android Bootloader Interface"",""InstanceId"":""USB\\VID_18D1&PID_D00D\\1384E684""}]}",absent,fastboot,23.0,21.9,List of devices attached,1384e684               fastboot
2026-09-27T12:05:46.283+00:00,2026-09-27T12:05:46.327+00:00,525.207,present,3592.6,"{""state"":""present"",""devices"":[{""Status"":""OK"",""Class"":""AndroidUsbDeviceClass"",""FriendlyName"":""Android Bootloader Interface"",""InstanceId"":""USB\\VID_18D1&PID_D00D\\1384E684""}]}",absent,fastboot,23.0,21.1,List of devices attached,1384e684               fastboot
2026-09-27T12:05:47.284+00:00,2026-09-27T12:05:47.329+00:00,526.208,present,3708.7,"{""state"":""present"",""devices"":[{""Status"":""OK"",""Class"":""AndroidUsbDeviceClass"",""FriendlyName"":""Android Bootloader Interface"",""InstanceId"":""USB\\VID_18D1&PID_D00D\\1384E684""}]}",absent,fastboot,22.9,22.2,List of devices attached,1384e684               fastboot
2026-09-27T12:05:48.284+00:00,2026-09-27T12:05:48.329+00:00,527.208,present,3708.7,"{""state"":""present"",""devices"":[{""Status"":""OK"",""Class"":""AndroidUsbDeviceClass"",""FriendlyName"":""Android Bootloader Interface"",""InstanceId"":""USB\\VID_18D1&PID_D00D\\1384E684""}]}",absent,fastboot,23.1,21.7,List of devices attached,1384e684               fastboot
2026-09-27T12:05:49.285+00:00,2026-09-27T12:05:49.330+00:00,528.209,present,3708.7,"{""state"":""present"",""devices"":[{""Status"":""OK"",""Class"":""AndroidUsbDeviceClass"",""FriendlyName"":""Android Bootloader Interface"",""InstanceId"":""USB\\VID_18D1&PID_D00D\\1384E684""}]}",absent,fastboot,22.6,22.4,List of devices attached,1384e684               fastboot
2026-09-27T12:05:50.285+00:00,2026-09-27T12:05:50.331+00:00,529.210,present,3708.7,"{""state"":""present"",""devices"":[{""Status"":""OK"",""Class"":""AndroidUsbDeviceClass"",""FriendlyName"":""Android Bootloader Interface"",""InstanceId"":""USB\\VID_18D1&PID_D00D\\1384E684""}]}",absent,fastboot,23.7,21.9,List of devices attached,1384e684               fastboot
2026-09-27T12:05:51.285+00:00,2026-09-27T12:05:51.331+00:00,530.210,present,3609.1,"{""state"":""present"",""devices"":[{""Status"":""OK"",""Class"":""AndroidUsbDeviceClass"",""FriendlyName"":""Android Bootloader Interface"",""InstanceId"":""USB\\VID_18D1&PID_D00D\\1384E684""}]}",absent,fastboot,23.0,22.4,List of devices attached,1384e684               fastboot
2026-09-27T12:05:52.285+00:00,2026-09-27T12:05:52.332+00:00,531.211,present,3609.1,"{""state"":""present"",""devices"":[{""Status"":""OK"",""Class"":""AndroidUsbDeviceClass"",""FriendlyName"":""Android Bootloader Interface"",""InstanceId"":""USB\\VID_18D1&PID_D00D\\1384E684""}]}",absent,fastboot,24.2,22.2,List of devices attached,1384e684               fastboot
2026-09-27T12:05:53.286+00:00,2026-09-27T12:05:53.334+00:00,532.214,present,3609.1,"{""state"":""present"",""devices"":[{""Status"":""OK"",""Class"":""AndroidUsbDeviceClass"",""FriendlyName"":""Android Bootloader Interface"",""InstanceId"":""USB\\VID_18D1&PID_D00D\\1384E684""}]}",absent,fastboot,24.4,24.3,List of devices attached,1384e684               fastboot
2026-09-27T12:05:54.286+00:00,2026-09-27T12:05:54.332+00:00,533.211,present,3609.1,"{""state"":""present"",""devices"":[{""Status"":""OK"",""Class"":""AndroidUsbDeviceClass"",""FriendlyName"":""Android Bootloader Interface"",""InstanceId"":""USB\\VID_18D1&PID_D00D\\1384E684""}]}",absent,fastboot,23.5,22.1,List of devices attached,1384e684               fastboot
2026-09-27T12:05:55.286+00:00,2026-09-27T12:05:55.332+00:00,534.212,present,3873.6,"{""state"":""present"",""devices"":[{""Status"":""OK"",""Class"":""AndroidUsbDeviceClass"",""FriendlyName"":""Android Bootloader Interface"",""InstanceId"":""USB\\VID_18D1&PID_D00D\\1384E684""}]}",absent,fastboot,23.4,22.7,List of devices attached,1384e684               fastboot
2026-09-27T12:05:56.286+00:00,2026-09-27T12:05:56.331+00:00,535.211,present,3873.6,"{""state"":""present"",""devices"":[{""Status"":""OK"",""Class"":""AndroidUsbDeviceClass"",""FriendlyName"":""Android Bootloader Interface"",""InstanceId"":""USB\\VID_18D1&PID_D00D\\1384E684""}]}",absent,fastboot,22.9,21.9,List of devices attached,1384e684               fastboot
2026-09-27T12:05:57.287+00:00,2026-09-27T12:05:57.333+00:00,536.212,present,3873.6,"{""state"":""present"",""devices"":[{""Status"":""OK"",""Class"":""AndroidUsbDeviceClass"",""FriendlyName"":""Android Bootloader Interface"",""InstanceId"":""USB\\VID_18D1&PID_D00D\\1384E684""}]}",absent,fastboot,23.3,22.7,List of devices attached,1384e684               fastboot
2026-09-27T12:05:58.287+00:00,2026-09-27T12:05:58.333+00:00,537.213,present,3873.6,"{""state"":""present"",""devices"":[{""Status"":""OK"",""Class"":""AndroidUsbDeviceClass"",""FriendlyName"":""Android Bootloader Interface"",""InstanceId"":""USB\\VID_18D1&PID_D00D\\1384E684""}]}",absent,fastboot,24.5,21.8,List of devices attached,1384e684               fastboot
2026-09-27T12:05:59.287+00:00,2026-09-27T12:05:59.332+00:00,538.212,present,3964.7,"{""state"":""present"",""devices"":[{""Status"":""OK"",""Class"":""AndroidUsbDeviceClass"",""FriendlyName"":""Android Bootloader Interface"",""InstanceId"":""USB\\VID_18D1&PID_D00D\\1384E684""}]}",absent,fastboot,22.8,21.9,List of devices attached,1384e684               fastboot
2026-09-27T12:06:00.288+00:00,2026-09-27T12:06:00.333+00:00,539.212,present,3964.7,"{""state"":""present"",""devices"":[{""Status"":""OK"",""Class"":""AndroidUsbDeviceClass"",""FriendlyName"":""Android Bootloader Interface"",""InstanceId"":""USB\\VID_18D1&PID_D00D\\1384E684""}]}",absent,fastboot,23.8,21.5,List of devices attached,1384e684               fastboot
2026-09-27T12:06:01.288+00:00,2026-09-27T12:06:01.333+00:00,540.213,present,3964.7,"{""state"":""present"",""devices"":[{""Status"":""OK"",""Class"":""AndroidUsbDeviceClass"",""FriendlyName"":""Android Bootloader Interface"",""InstanceId"":""USB\\VID_18D1&PID_D00D\\1384E684""}]}",absent,fastboot,23.8,21.6,List of devices attached,1384e684               fastboot
2026-09-27T12:06:02.288+00:00,2026-09-27T12:06:02.335+00:00,541.214,present,3964.7,"{""state"":""present"",""devices"":[{""Status"":""OK"",""Class"":""AndroidUsbDeviceClass"",""FriendlyName"":""Android Bootloader Interface"",""InstanceId"":""USB\\VID_18D1&PID_D00D\\1384E684""}]}",absent,fastboot,23.6,23.1,List of devices attached,1384e684               fastboot
2026-09-27T12:06:03.288+00:00,2026-09-27T12:06:03.334+00:00,542.213,present,3779.9,"{""state"":""present"",""devices"":[{""Status"":""OK"",""Class"":""AndroidUsbDeviceClass"",""FriendlyName"":""Android Bootloader Interface"",""InstanceId"":""USB\\VID_18D1&PID_D00D\\1384E684""}]}",absent,fastboot,23.5,22.3,List of devices attached,1384e684               fastboot
2026-09-27T12:06:04.289+00:00,2026-09-27T12:06:04.335+00:00,543.215,present,3779.9,"{""state"":""present"",""devices"":[{""Status"":""OK"",""Class"":""AndroidUsbDeviceClass"",""FriendlyName"":""Android Bootloader Interface"",""InstanceId"":""USB\\VID_18D1&PID_D00D\\1384E684""}]}",absent,fastboot,24.4,22.3,List of devices attached,1384e684               fastboot
2026-09-27T12:06:05.289+00:00,2026-09-27T12:06:05.336+00:00,544.215,present,3779.9,"{""state"":""present"",""devices"":[{""Status"":""OK"",""Class"":""AndroidUsbDeviceClass"",""FriendlyName"":""Android Bootloader Interface"",""InstanceId"":""USB\\VID_18D1&PID_D00D\\1384E684""}]}",absent,fastboot,25.3,21.3,List of devices attached,1384e684               fastboot
2026-09-27T12:06:06.289+00:00,2026-09-27T12:06:06.335+00:00,545.214,present,3779.9,"{""state"":""present"",""devices"":[{""Status"":""OK"",""Class"":""AndroidUsbDeviceClass"",""FriendlyName"":""Android Bootloader Interface"",""InstanceId"":""USB\\VID_18D1&PID_D00D\\1384E684""}]}",absent,fastboot,23.7,21.9,List of devices attached,1384e684               fastboot
2026-09-27T12:06:07.289+00:00,2026-09-27T12:06:07.335+00:00,546.215,present,3694.5,"{""state"":""present"",""devices"":[{""Status"":""OK"",""Class"":""AndroidUsbDeviceClass"",""FriendlyName"":""Android Bootloader Interface"",""InstanceId"":""USB\\VID_18D1&PID_D00D\\1384E684""}]}",absent,fastboot,23.9,22.1,List of devices attached,1384e684               fastboot
2026-09-27T12:06:08.290+00:00,2026-09-27T12:06:08.336+00:00,547.215,present,3694.5,"{""state"":""present"",""devices"":[{""Status"":""OK"",""Class"":""AndroidUsbDeviceClass"",""FriendlyName"":""Android Bootloader Interface"",""InstanceId"":""USB\\VID_18D1&PID_D00D\\1384E684""}]}",absent,fastboot,24.0,22.0,List of devices attached,1384e684               fastboot
2026-09-27T12:06:09.290+00:00,2026-09-27T12:06:09.336+00:00,548.215,present,3694.5,"{""state"":""present"",""devices"":[{""Status"":""OK"",""Class"":""AndroidUsbDeviceClass"",""FriendlyName"":""Android Bootloader Interface"",""InstanceId"":""USB\\VID_18D1&PID_D00D\\1384E684""}]}",absent,fastboot,24.0,21.8,List of devices attached,1384e684               fastboot
2026-09-27T12:06:10.290+00:00,2026-09-27T12:06:10.334+00:00,549.214,present,3694.5,"{""state"":""present"",""devices"":[{""Status"":""OK"",""Class"":""AndroidUsbDeviceClass"",""FriendlyName"":""Android Bootloader Interface"",""InstanceId"":""USB\\VID_18D1&PID_D00D\\1384E684""}]}",absent,fastboot,22.8,21.5,List of devices attached,1384e684               fastboot
2026-09-27T12:06:11.290+00:00,2026-09-27T12:06:11.337+00:00,550.216,present,3576.9,"{""state"":""present"",""devices"":[{""Status"":""OK"",""Class"":""AndroidUsbDeviceClass"",""FriendlyName"":""Android Bootloader Interface"",""InstanceId"":""USB\\VID_18D1&PID_D00D\\1384E684""}]}",absent,fastboot,24.7,21.2,List of devices attached,1384e684               fastboot
2026-09-27T12:06:12.291+00:00,2026-09-27T12:06:12.337+00:00,551.216,present,3576.9,"{""state"":""present"",""devices"":[{""Status"":""OK"",""Class"":""AndroidUsbDeviceClass"",""FriendlyName"":""Android Bootloader Interface"",""InstanceId"":""USB\\VID_18D1&PID_D00D\\1384E684""}]}",absent,fastboot,24.5,21.6,List of devices attached,1384e684               fastboot
2026-09-27T12:06:13.291+00:00,2026-09-27T12:06:13.339+00:00,552.218,present,3576.9,"{""state"":""present"",""devices"":[{""Status"":""OK"",""Class"":""AndroidUsbDeviceClass"",""FriendlyName"":""Android Bootloader Interface"",""InstanceId"":""USB\\VID_18D1&PID_D00D\\1384E684""}]}",absent,fastboot,25.6,22.3,List of devices attached,1384e684               fastboot
2026-09-27T12:06:14.291+00:00,2026-09-27T12:06:14.338+00:00,553.217,present,3576.9,"{""state"":""present"",""devices"":[{""Status"":""OK"",""Class"":""AndroidUsbDeviceClass"",""FriendlyName"":""Android Bootloader Interface"",""InstanceId"":""USB\\VID_18D1&PID_D00D\\1384E684""}]}",absent,fastboot,24.1,22.3,List of devices attached,1384e684               fastboot
2026-09-27T12:06:15.292+00:00,2026-09-27T12:06:15.338+00:00,554.218,present,3571.8,"{""state"":""present"",""devices"":[{""Status"":""OK"",""Class"":""AndroidUsbDeviceClass"",""FriendlyName"":""Android Bootloader Interface"",""InstanceId"":""USB\\VID_18D1&PID_D00D\\1384E684""}]}",absent,fastboot,23.8,22.7,List of devices attached,1384e684               fastboot
2026-09-27T12:06:16.292+00:00,2026-09-27T12:06:16.339+00:00,555.218,present,3571.8,"{""state"":""present"",""devices"":[{""Status"":""OK"",""Class"":""AndroidUsbDeviceClass"",""FriendlyName"":""Android Bootloader Interface"",""InstanceId"":""USB\\VID_18D1&PID_D00D\\1384E684""}]}",absent,fastboot,24.9,21.9,List of devices attached,1384e684               fastboot
2026-09-27T12:06:17.292+00:00,2026-09-27T12:06:17.338+00:00,556.217,present,3571.8,"{""state"":""present"",""devices"":[{""Status"":""OK"",""Class"":""AndroidUsbDeviceClass"",""FriendlyName"":""Android Bootloader Interface"",""InstanceId"":""USB\\VID_18D1&PID_D00D\\1384E684""}]}",absent,fastboot,24.2,21.5,List of devices attached,1384e684               fastboot
2026-09-27T12:06:18.293+00:00,2026-09-27T12:06:18.338+00:00,557.217,present,3571.8,"{""state"":""present"",""devices"":[{""Status"":""OK"",""Class"":""AndroidUsbDeviceClass"",""FriendlyName"":""Android Bootloader Interface"",""InstanceId"":""USB\\VID_18D1&PID_D00D\\1384E684""}]}",absent,fastboot,24.3,21.0,List of devices attached,1384e684               fastboot
2026-09-27T12:06:19.293+00:00,2026-09-27T12:06:19.337+00:00,558.216,present,3604.7,"{""state"":""present"",""devices"":[{""Status"":""OK"",""Class"":""AndroidUsbDeviceClass"",""FriendlyName"":""Android Bootloader Interface"",""InstanceId"":""USB\\VID_18D1&PID_D00D\\1384E684""}]}",absent,fastboot,23.4,20.7,List of devices attached,1384e684               fastboot
2026-09-27T12:06:20.293+00:00,2026-09-27T12:06:20.340+00:00,559.219,present,3604.7,"{""state"":""present"",""devices"":[{""Status"":""OK"",""Class"":""AndroidUsbDeviceClass"",""FriendlyName"":""Android Bootloader Interface"",""InstanceId"":""USB\\VID_18D1&PID_D00D\\1384E684""}]}",absent,fastboot,24.3,21.9,List of devices attached,1384e684               fastboot
2026-09-27T12:06:21.294+00:00,2026-09-27T12:06:21.339+00:00,560.218,present,3604.7,"{""state"":""present"",""devices"":[{""Status"":""OK"",""Class"":""AndroidUsbDeviceClass"",""FriendlyName"":""Android Bootloader Interface"",""InstanceId"":""USB\\VID_18D1&PID_D00D\\1384E684""}]}",absent,fastboot,23.1,21.9,List of devices attached,1384e684               fastboot
2026-09-27T12:06:22.294+00:00,2026-09-27T12:06:22.339+00:00,561.218,present,3604.7,"{""state"":""present"",""devices"":[{""Status"":""OK"",""Class"":""AndroidUsbDeviceClass"",""FriendlyName"":""Android Bootloader Interface"",""InstanceId"":""USB\\VID_18D1&PID_D00D\\1384E684""}]}",absent,fastboot,22.7,21.8,List of devices attached,1384e684               fastboot
2026-09-27T12:06:23.295+00:00,2026-09-27T12:06:23.340+00:00,562.220,present,3602.9,"{""state"":""present"",""devices"":[{""Status"":""OK"",""Class"":""AndroidUsbDeviceClass"",""FriendlyName"":""Android Bootloader Interface"",""InstanceId"":""USB\\VID_18D1&PID_D00D\\1384E684""}]}",absent,fastboot,23.0,22.4,List of devices attached,1384e684               fastboot
2026-09-27T12:06:24.295+00:00,2026-09-27T12:06:24.340+00:00,563.220,present,3602.9,"{""state"":""present"",""devices"":[{""Status"":""OK"",""Class"":""AndroidUsbDeviceClass"",""FriendlyName"":""Android Bootloader Interface"",""InstanceId"":""USB\\VID_18D1&PID_D00D\\1384E684""}]}",absent,fastboot,23.5,21.8,List of devices attached,1384e684               fastboot
2026-09-27T12:06:25.295+00:00,2026-09-27T12:06:25.340+00:00,564.220,present,3602.9,"{""state"":""present"",""devices"":[{""Status"":""OK"",""Class"":""AndroidUsbDeviceClass"",""FriendlyName"":""Android Bootloader Interface"",""InstanceId"":""USB\\VID_18D1&PID_D00D\\1384E684""}]}",absent,fastboot,23.8,21.1,List of devices attached,1384e684               fastboot
2026-09-27T12:06:26.296+00:00,2026-09-27T12:06:26.341+00:00,565.221,present,3602.9,"{""state"":""present"",""devices"":[{""Status"":""OK"",""Class"":""AndroidUsbDeviceClass"",""FriendlyName"":""Android Bootloader Interface"",""InstanceId"":""USB\\VID_18D1&PID_D00D\\1384E684""}]}",absent,fastboot,25.0,20.8,List of devices attached,1384e684               fastboot
2026-09-27T12:06:27.296+00:00,2026-09-27T12:06:27.342+00:00,566.222,present,3935.2,"{""state"":""present"",""devices"":[{""Status"":""OK"",""Class"":""AndroidUsbDeviceClass"",""FriendlyName"":""Android Bootloader Interface"",""InstanceId"":""USB\\VID_18D1&PID_D00D\\1384E684""}]}",absent,fastboot,23.9,22.6,List of devices attached,1384e684               fastboot
2026-09-27T12:06:28.296+00:00,2026-09-27T12:06:28.344+00:00,567.223,present,3935.2,"{""state"":""present"",""devices"":[{""Status"":""OK"",""Class"":""AndroidUsbDeviceClass"",""FriendlyName"":""Android Bootloader Interface"",""InstanceId"":""USB\\VID_18D1&PID_D00D\\1384E684""}]}",absent,fastboot,25.5,22.6,List of devices attached,1384e684               fastboot
2026-09-27T12:06:29.296+00:00,2026-09-27T12:06:29.342+00:00,568.221,present,3935.2,"{""state"":""present"",""devices"":[{""Status"":""OK"",""Class"":""AndroidUsbDeviceClass"",""FriendlyName"":""Android Bootloader Interface"",""InstanceId"":""USB\\VID_18D1&PID_D00D\\1384E684""}]}",absent,fastboot,24.0,21.6,List of devices attached,1384e684               fastboot
2026-09-27T12:06:30.296+00:00,2026-09-27T12:06:30.342+00:00,569.221,present,3935.2,"{""state"":""present"",""devices"":[{""Status"":""OK"",""Class"":""AndroidUsbDeviceClass"",""FriendlyName"":""Android Bootloader Interface"",""InstanceId"":""USB\\VID_18D1&PID_D00D\\1384E684""}]}",absent,fastboot,24.2,21.3,List of devices attached,1384e684               fastboot
2026-09-27T12:06:31.297+00:00,2026-09-27T12:06:31.342+00:00,570.221,present,3959.1,"{""state"":""present"",""devices"":[{""Status"":""OK"",""Class"":""AndroidUsbDeviceClass"",""FriendlyName"":""Android Bootloader Interface"",""InstanceId"":""USB\\VID_18D1&PID_D00D\\1384E684""}]}",absent,fastboot,23.9,21.2,List of devices attached,1384e684               fastboot
2026-09-27T12:06:32.297+00:00,2026-09-27T12:06:32.344+00:00,571.224,present,3959.1,"{""state"":""present"",""devices"":[{""Status"":""OK"",""Class"":""AndroidUsbDeviceClass"",""FriendlyName"":""Android Bootloader Interface"",""InstanceId"":""USB\\VID_18D1&PID_D00D\\1384E684""}]}",absent,fastboot,25.0,22.3,List of devices attached,1384e684               fastboot
2026-09-27T12:06:33.297+00:00,2026-09-27T12:06:33.343+00:00,572.222,present,3959.1,"{""state"":""present"",""devices"":[{""Status"":""OK"",""Class"":""AndroidUsbDeviceClass"",""FriendlyName"":""Android Bootloader Interface"",""InstanceId"":""USB\\VID_18D1&PID_D00D\\1384E684""}]}",absent,fastboot,24.4,21.1,List of devices attached,1384e684               fastboot
2026-09-27T12:06:34.297+00:00,2026-09-27T12:06:34.342+00:00,573.221,present,3959.1,"{""state"":""present"",""devices"":[{""Status"":""OK"",""Class"":""AndroidUsbDeviceClass"",""FriendlyName"":""Android Bootloader Interface"",""InstanceId"":""USB\\VID_18D1&PID_D00D\\1384E684""}]}",absent,fastboot,23.6,20.8,List of devices attached,1384e684               fastboot
2026-09-27T12:06:35.298+00:00,2026-09-27T12:06:35.344+00:00,574.223,present,3959.1,"{""state"":""present"",""devices"":[{""Status"":""OK"",""Class"":""AndroidUsbDeviceClass"",""FriendlyName"":""Android Bootloader Interface"",""InstanceId"":""USB\\VID_18D1&PID_D00D\\1384E684""}]}",absent,fastboot,24.1,22.3,List of devices attached,1384e684               fastboot
2026-09-27T12:06:36.298+00:00,2026-09-27T12:06:36.343+00:00,575.222,present,4110.6,"{""state"":""present"",""devices"":[{""Status"":""OK"",""Class"":""AndroidUsbDeviceClass"",""FriendlyName"":""Android Bootloader Interface"",""InstanceId"":""USB\\VID_18D1&PID_D00D\\1384E684""}]}",absent,fastboot,23.1,22.0,List of devices attached,1384e684               fastboot
2026-09-27T12:06:37.298+00:00,2026-09-27T12:06:37.344+00:00,576.223,present,4110.6,"{""state"":""present"",""devices"":[{""Status"":""OK"",""Class"":""AndroidUsbDeviceClass"",""FriendlyName"":""Android Bootloader Interface"",""InstanceId"":""USB\\VID_18D1&PID_D00D\\1384E684""}]}",absent,fastboot,24.0,21.5,List of devices attached,1384e684               fastboot
2026-09-27T12:06:38.298+00:00,2026-09-27T12:06:38.345+00:00,577.224,present,4110.6,"{""state"":""present"",""devices"":[{""Status"":""OK"",""Class"":""AndroidUsbDeviceClass"",""FriendlyName"":""Android Bootloader Interface"",""InstanceId"":""USB\\VID_18D1&PID_D00D\\1384E684""}]}",absent,fastboot,24.7,21.6,List of devices attached,1384e684               fastboot
2026-09-27T12:06:39.299+00:00,2026-09-27T12:06:39.345+00:00,578.224,present,4110.6,"{""state"":""present"",""devices"":[{""Status"":""OK"",""Class"":""AndroidUsbDeviceClass"",""FriendlyName"":""Android Bootloader Interface"",""InstanceId"":""USB\\VID_18D1&PID_D00D\\1384E684""}]}",absent,fastboot,23.5,22.5,List of devices attached,1384e684               fastboot
2026-09-27T12:06:40.299+00:00,2026-09-27T12:06:40.349+00:00,579.228,present,3744.4,"{""state"":""present"",""devices"":[{""Status"":""OK"",""Class"":""AndroidUsbDeviceClass"",""FriendlyName"":""Android Bootloader Interface"",""InstanceId"":""USB\\VID_18D1&PID_D00D\\1384E684""}]}",absent,fastboot,26.7,22.9,List of devices attached,1384e684               fastboot
2026-09-27T12:06:41.299+00:00,2026-09-27T12:06:41.346+00:00,580.225,present,3744.4,"{""state"":""present"",""devices"":[{""Status"":""OK"",""Class"":""AndroidUsbDeviceClass"",""FriendlyName"":""Android Bootloader Interface"",""InstanceId"":""USB\\VID_18D1&PID_D00D\\1384E684""}]}",absent,fastboot,24.8,21.5,List of devices attached,1384e684               fastboot
2026-09-27T12:06:42.300+00:00,2026-09-27T12:06:42.344+00:00,581.224,present,3744.4,"{""state"":""present"",""devices"":[{""Status"":""OK"",""Class"":""AndroidUsbDeviceClass"",""FriendlyName"":""Android Bootloader Interface"",""InstanceId"":""USB\\VID_18D1&PID_D00D\\1384E684""}]}",absent,fastboot,23.8,20.9,List of devices attached,1384e684               fastboot
2026-09-27T12:06:43.300+00:00,2026-09-27T12:06:43.346+00:00,582.225,present,3744.4,"{""state"":""present"",""devices"":[{""Status"":""OK"",""Class"":""AndroidUsbDeviceClass"",""FriendlyName"":""Android Bootloader Interface"",""InstanceId"":""USB\\VID_18D1&PID_D00D\\1384E684""}]}",absent,fastboot,23.8,21.8,List of devices attached,1384e684               fastboot
2026-09-27T12:06:44.300+00:00,2026-09-27T12:06:44.346+00:00,583.225,present,3901.7,"{""state"":""present"",""devices"":[{""Status"":""OK"",""Class"":""AndroidUsbDeviceClass"",""FriendlyName"":""Android Bootloader Interface"",""InstanceId"":""USB\\VID_18D1&PID_D00D\\1384E684""}]}",absent,fastboot,23.6,22.0,List of devices attached,1384e684               fastboot
2026-09-27T12:06:45.301+00:00,2026-09-27T12:06:45.347+00:00,584.226,present,3901.7,"{""state"":""present"",""devices"":[{""Status"":""OK"",""Class"":""AndroidUsbDeviceClass"",""FriendlyName"":""Android Bootloader Interface"",""InstanceId"":""USB\\VID_18D1&PID_D00D\\1384E684""}]}",absent,fastboot,23.4,22.5,List of devices attached,1384e684               fastboot
2026-09-27T12:06:46.301+00:00,2026-09-27T12:06:46.346+00:00,585.225,present,3901.7,"{""state"":""present"",""devices"":[{""Status"":""OK"",""Class"":""AndroidUsbDeviceClass"",""FriendlyName"":""Android Bootloader Interface"",""InstanceId"":""USB\\VID_18D1&PID_D00D\\1384E684""}]}",absent,fastboot,23.4,21.6,List of devices attached,1384e684               fastboot
2026-09-27T12:06:47.301+00:00,2026-09-27T12:06:47.345+00:00,586.225,present,3901.7,"{""state"":""present"",""devices"":[{""Status"":""OK"",""Class"":""AndroidUsbDeviceClass"",""FriendlyName"":""Android Bootloader Interface"",""InstanceId"":""USB\\VID_18D1&PID_D00D\\1384E684""}]}",absent,fastboot,23.7,20.2,List of devices attached,1384e684               fastboot
2026-09-27T12:06:48.302+00:00,2026-09-27T12:06:48.346+00:00,587.225,present,3537.7,"{""state"":""present"",""devices"":[{""Status"":""OK"",""Class"":""AndroidUsbDeviceClass"",""FriendlyName"":""Android Bootloader Interface"",""InstanceId"":""USB\\VID_18D1&PID_D00D\\1384E684""}]}",absent,fastboot,23.7,20.5,List of devices attached,1384e684               fastboot
2026-09-27T12:06:49.302+00:00,2026-09-27T12:06:49.348+00:00,588.227,present,3537.7,"{""state"":""present"",""devices"":[{""Status"":""OK"",""Class"":""AndroidUsbDeviceClass"",""FriendlyName"":""Android Bootloader Interface"",""InstanceId"":""USB\\VID_18D1&PID_D00D\\1384E684""}]}",absent,fastboot,23.7,21.9,List of devices attached,1384e684               fastboot
2026-09-27T12:06:50.302+00:00,2026-09-27T12:06:50.349+00:00,589.229,present,3537.7,"{""state"":""present"",""devices"":[{""Status"":""OK"",""Class"":""AndroidUsbDeviceClass"",""FriendlyName"":""Android Bootloader Interface"",""InstanceId"":""USB\\VID_18D1&PID_D00D\\1384E684""}]}",absent,fastboot,25.8,21.0,List of devices attached,1384e684               fastboot
2026-09-27T12:06:51.303+00:00,2026-09-27T12:06:51.348+00:00,590.227,present,3537.7,"{""state"":""present"",""devices"":[{""Status"":""OK"",""Class"":""AndroidUsbDeviceClass"",""FriendlyName"":""Android Bootloader Interface"",""InstanceId"":""USB\\VID_18D1&PID_D00D\\1384E684""}]}",absent,fastboot,23.1,21.6,List of devices attached,1384e684               fastboot
2026-09-27T12:06:52.303+00:00,2026-09-27T12:06:52.352+00:00,591.232,present,3660.1,"{""state"":""present"",""devices"":[{""Status"":""OK"",""Class"":""AndroidUsbDeviceClass"",""FriendlyName"":""Android Bootloader Interface"",""InstanceId"":""USB\\VID_18D1&PID_D00D\\1384E684""}]}",absent,fastboot,25.4,23.7,List of devices attached,1384e684               fastboot
2026-09-27T12:06:53.303+00:00,2026-09-27T12:06:53.351+00:00,592.231,present,3660.1,"{""state"":""present"",""devices"":[{""Status"":""OK"",""Class"":""AndroidUsbDeviceClass"",""FriendlyName"":""Android Bootloader Interface"",""InstanceId"":""USB\\VID_18D1&PID_D00D\\1384E684""}]}",absent,fastboot,24.7,23.4,List of devices attached,1384e684               fastboot
2026-09-27T12:06:54.303+00:00,2026-09-27T12:06:54.349+00:00,593.229,present,3660.1,"{""state"":""present"",""devices"":[{""Status"":""OK"",""Class"":""AndroidUsbDeviceClass"",""FriendlyName"":""Android Bootloader Interface"",""InstanceId"":""USB\\VID_18D1&PID_D00D\\1384E684""}]}",absent,fastboot,24.5,21.5,List of devices attached,1384e684               fastboot
2026-09-27T12:06:55.304+00:00,2026-09-27T12:06:55.353+00:00,594.232,present,3660.1,"{""state"":""present"",""devices"":[{""Status"":""OK"",""Class"":""AndroidUsbDeviceClass"",""FriendlyName"":""Android Bootloader Interface"",""InstanceId"":""USB\\VID_18D1&PID_D00D\\1384E684""}]}",absent,fastboot,26.0,22.8,List of devices attached,1384e684               fastboot
2026-09-27T12:06:56.304+00:00,2026-09-27T12:06:56.352+00:00,595.232,present,3648.7,"{""state"":""present"",""devices"":[{""Status"":""OK"",""Class"":""AndroidUsbDeviceClass"",""FriendlyName"":""Android Bootloader Interface"",""InstanceId"":""USB\\VID_18D1&PID_D00D\\1384E684""}]}",absent,fastboot,25.5,22.7,List of devices attached,1384e684               fastboot
2026-09-27T12:06:57.304+00:00,2026-09-27T12:06:57.352+00:00,596.232,present,3648.7,"{""state"":""present"",""devices"":[{""Status"":""OK"",""Class"":""AndroidUsbDeviceClass"",""FriendlyName"":""Android Bootloader Interface"",""InstanceId"":""USB\\VID_18D1&PID_D00D\\1384E684""}]}",absent,fastboot,24.3,23.6,List of devices attached,1384e684               fastboot
2026-09-27T12:06:58.305+00:00,2026-09-27T12:06:58.354+00:00,597.234,present,3648.7,"{""state"":""present"",""devices"":[{""Status"":""OK"",""Class"":""AndroidUsbDeviceClass"",""FriendlyName"":""Android Bootloader Interface"",""InstanceId"":""USB\\VID_18D1&PID_D00D\\1384E684""}]}",absent,fastboot,25.4,24.2,List of devices attached,1384e684               fastboot
2026-09-27T12:06:59.305+00:00,2026-09-27T12:06:59.355+00:00,598.234,present,3648.7,"{""state"":""present"",""devices"":[{""Status"":""OK"",""Class"":""AndroidUsbDeviceClass"",""FriendlyName"":""Android Bootloader Interface"",""InstanceId"":""USB\\VID_18D1&PID_D00D\\1384E684""}]}",absent,fastboot,26.6,23.1,List of devices attached,1384e684               fastboot
2026-09-27T12:07:00.306+00:00,2026-09-27T12:07:00.351+00:00,599.231,present,3655.3,"{""state"":""present"",""devices"":[{""Status"":""OK"",""Class"":""AndroidUsbDeviceClass"",""FriendlyName"":""Android Bootloader Interface"",""InstanceId"":""USB\\VID_18D1&PID_D00D\\1384E684""}]}",absent,fastboot,23.0,22.3,List of devices attached,1384e684               fastboot
