sample_started_utc,sample_finished_utc,elapsed_seconds,usb_pnp_state,usb_query_ms,usb_pnp_output,adb_state,fastboot_state,adb_query_ms,fastboot_query_ms,adb_output,fastboot_output
2026-09-28T11:50:17.546+00:00,2026-09-28T11:50:17.609+00:00,0.066,query_pending,,initial PnP query pending,absent,absent,37.5,25.5,List of devices attached,
2026-09-28T11:50:18.546+00:00,2026-09-28T11:50:18.606+00:00,1.062,query_pending,,initial PnP query pending,absent,absent,24.8,34.9,List of devices attached,
2026-09-28T11:50:19.547+00:00,2026-09-28T11:50:19.598+00:00,2.055,query_pending,,initial PnP query pending,absent,absent,28.2,23.1,List of devices attached,
2026-09-28T11:50:20.547+00:00,2026-09-28T11:50:20.593+00:00,3.050,query_pending,,initial PnP query pending,absent,absent,25.4,21.2,List of devices attached | emulator-5568          offline transport_id:1167,
2026-09-28T11:50:21.547+00:00,2026-09-28T11:50:21.597+00:00,4.053,absent,3563.3,"{""state"":""absent"",""devices"":[]}",absent,absent,27.8,21.8,List of devices attached,
2026-09-28T11:50:22.547+00:00,2026-09-28T11:50:22.609+00:00,5.066,absent,3563.3,"{""state"":""absent"",""devices"":[]}",absent,absent,24.0,38.1,List of devices attached,
2026-09-28T11:50:23.547+00:00,2026-09-28T11:50:23.607+00:00,6.064,absent,3563.3,"{""state"":""absent"",""devices"":[]}",absent,absent,37.8,21.7,List of devices attached,
2026-09-28T11:50:24.548+00:00,2026-09-28T11:50:24.596+00:00,7.053,absent,3563.3,"{""state"":""absent"",""devices"":[]}",absent,absent,26.1,22.3,List of devices attached | emulator-5568          offline transport_id:1170,
2026-09-28T11:50:25.548+00:00,2026-09-28T11:50:25.596+00:00,8.053,absent,3595.3,"{""state"":""absent"",""devices"":[]}",absent,absent,26.1,21.8,List of devices attached,
2026-09-28T11:50:26.548+00:00,2026-09-28T11:50:26.593+00:00,9.050,absent,3595.3,"{""state"":""absent"",""devices"":[]}",absent,absent,24.3,20.8,List of devices attached,
2026-09-28T11:50:27.548+00:00,2026-09-28T11:50:27.596+00:00,10.053,absent,3595.3,"{""state"":""absent"",""devices"":[]}",absent,absent,26.7,20.9,List of devices attached,
2026-09-28T11:50:28.549+00:00,2026-09-28T11:50:28.596+00:00,11.052,absent,3595.3,"{""state"":""absent"",""devices"":[]}",absent,absent,25.0,21.9,List of devices attached,
2026-09-28T11:50:29.549+00:00,2026-09-28T11:50:29.598+00:00,12.055,absent,3597.0,"{""state"":""absent"",""devices"":[]}",absent,absent,25.6,23.4,List of devices attached | emulator-5568          offline transport_id:1174,
2026-09-28T11:50:30.549+00:00,2026-09-28T11:50:30.604+00:00,13.061,absent,3597.0,"{""state"":""absent"",""devices"":[]}",absent,absent,32.2,22.5,List of devices attached,
2026-09-28T11:50:31.550+00:00,2026-09-28T11:50:31.597+00:00,14.054,absent,3597.0,"{""state"":""absent"",""devices"":[]}",absent,absent,25.4,22.1,List of devices attached,
2026-09-28T11:50:32.550+00:00,2026-09-28T11:50:32.596+00:00,15.053,absent,3597.0,"{""state"":""absent"",""devices"":[]}",absent,absent,25.2,21.4,List of devices attached,
2026-09-28T11:50:33.550+00:00,2026-09-28T11:50:33.607+00:00,16.064,absent,3597.6,"{""state"":""absent"",""devices"":[]}",absent,absent,25.9,31.2,List of devices attached,
2026-09-28T11:50:34.550+00:00,2026-09-28T11:50:34.597+00:00,17.054,absent,3597.6,"{""state"":""absent"",""devices"":[]}",absent,absent,25.0,22.0,List of devices attached | emulator-5568          offline transport_id:1178,
2026-09-28T11:50:35.550+00:00,2026-09-28T11:50:35.612+00:00,18.069,absent,3597.6,"{""state"":""absent"",""devices"":[]}",absent,absent,25.0,36.9,List of devices attached,
2026-09-28T11:50:36.551+00:00,2026-09-28T11:50:36.598+00:00,19.055,absent,3597.6,"{""state"":""absent"",""devices"":[]}",absent,absent,25.0,22.9,List of devices attached,
2026-09-28T11:50:37.551+00:00,2026-09-28T11:50:37.598+00:00,20.054,absent,3487.1,"{""state"":""absent"",""devices"":[]}",absent,absent,24.7,21.8,List of devices attached,
2026-09-28T11:50:38.551+00:00,2026-09-28T11:50:38.600+00:00,21.056,absent,3487.1,"{""state"":""absent"",""devices"":[]}",absent,absent,26.1,22.0,List of devices attached | emulator-5568          offline transport_id:1181,
2026-09-28T11:50:39.552+00:00,2026-09-28T11:50:39.610+00:00,22.067,absent,3487.1,"{""state"":""absent"",""devices"":[]}",absent,absent,34.8,23.3,List of devices attached,
2026-09-28T11:50:40.552+00:00,2026-09-28T11:50:40.610+00:00,23.067,absent,3487.1,"{""state"":""absent"",""devices"":[]}",absent,absent,25.5,32.1,List of devices attached,
2026-09-28T11:50:41.553+00:00,2026-09-28T11:50:41.608+00:00,24.064,absent,3613.0,"{""state"":""absent"",""devices"":[]}",absent,absent,26.0,29.0,List of devices attached,
2026-09-28T11:50:42.553+00:00,2026-09-28T11:50:42.603+00:00,25.059,absent,3613.0,"{""state"":""absent"",""devices"":[]}",absent,absent,27.0,22.4,List of devices attached,
2026-09-28T11:50:43.553+00:00,2026-09-28T11:50:43.603+00:00,26.059,absent,3613.0,"{""state"":""absent"",""devices"":[]}",absent,absent,25.5,23.8,List of devices attached | emulator-5568          offline transport_id:1185,
2026-09-28T11:50:44.554+00:00,2026-09-28T11:50:44.601+00:00,27.057,absent,3613.0,"{""state"":""absent"",""devices"":[]}",absent,absent,24.5,21.8,List of devices attached,
2026-09-28T11:50:45.554+00:00,2026-09-28T11:50:45.605+00:00,28.062,absent,3597.7,"{""state"":""absent"",""devices"":[]}",absent,absent,25.2,25.2,List of devices attached,
2026-09-28T11:50:46.555+00:00,2026-09-28T11:50:46.601+00:00,29.057,absent,3597.7,"{""state"":""absent"",""devices"":[]}",absent,absent,24.3,21.5,List of devices attached,
2026-09-28T11:50:47.555+00:00,2026-09-28T11:50:47.601+00:00,30.058,absent,3597.7,"{""state"":""absent"",""devices"":[]}",absent,absent,24.9,21.0,List of devices attached,
2026-09-28T11:50:48.556+00:00,2026-09-28T11:50:48.613+00:00,31.070,absent,3597.7,"{""state"":""absent"",""devices"":[]}",absent,absent,26.1,31.2,List of devices attached | emulator-5568          offline transport_id:1189,
2026-09-28T11:50:49.556+00:00,2026-09-28T11:50:49.604+00:00,32.060,absent,3525.4,"{""state"":""absent"",""devices"":[]}",absent,absent,25.4,21.9,List of devices attached,
2026-09-28T11:50:50.557+00:00,2026-09-28T11:50:50.601+00:00,33.057,absent,3525.4,"{""state"":""absent"",""devices"":[]}",absent,absent,23.4,20.7,List of devices attached,
2026-09-28T11:50:51.557+00:00,2026-09-28T11:50:51.603+00:00,34.060,absent,3525.4,"{""state"":""absent"",""devices"":[]}",absent,absent,24.7,21.4,List of devices attached,
2026-09-28T11:50:52.557+00:00,2026-09-28T11:50:52.609+00:00,35.065,absent,3525.4,"{""state"":""absent"",""devices"":[]}",absent,absent,30.1,21.5,List of devices attached | emulator-5568          offline transport_id:1192,
2026-09-28T11:50:53.557+00:00,2026-09-28T11:50:53.611+00:00,36.067,absent,3479.4,"{""state"":""absent"",""devices"":[]}",absent,absent,25.1,28.3,List of devices attached,
2026-09-28T11:50:54.557+00:00,2026-09-28T11:50:54.609+00:00,37.065,absent,3479.4,"{""state"":""absent"",""devices"":[]}",absent,absent,29.7,21.5,List of devices attached,
2026-09-28T11:50:55.558+00:00,2026-09-28T11:50:55.604+00:00,38.060,absent,3479.4,"{""state"":""absent"",""devices"":[]}",absent,absent,24.2,21.9,List of devices attached,
2026-09-28T11:50:56.558+00:00,2026-09-28T11:50:56.604+00:00,39.061,absent,3479.4,"{""state"":""absent"",""devices"":[]}",absent,absent,24.0,22.2,List of devices attached,
2026-09-28T11:50:57.558+00:00,2026-09-28T11:50:57.610+00:00,40.067,absent,3598.8,"{""state"":""absent"",""devices"":[]}",absent,absent,29.0,22.7,List of devices attached | emulator-5568          offline transport_id:1196,
2026-09-28T11:50:58.558+00:00,2026-09-28T11:50:58.621+00:00,41.077,absent,3598.8,"{""state"":""absent"",""devices"":[]}",absent,absent,23.7,38.4,List of devices attached,
2026-09-28T11:50:59.559+00:00,2026-09-28T11:50:59.605+00:00,42.062,absent,3598.8,"{""state"":""absent"",""devices"":[]}",absent,absent,23.4,22.8,List of devices attached,
2026-09-28T11:51:00.559+00:00,2026-09-28T11:51:00.606+00:00,43.062,absent,3598.8,"{""state"":""absent"",""devices"":[]}",absent,absent,23.3,23.5,List of devices attached,
2026-09-28T11:51:01.560+00:00,2026-09-28T11:51:01.611+00:00,44.068,absent,3530.6,"{""state"":""absent"",""devices"":[]}",absent,absent,24.2,27.6,List of devices attached,
2026-09-28T11:51:02.560+00:00,2026-09-28T11:51:02.605+00:00,45.061,absent,3530.6,"{""state"":""absent"",""devices"":[]}",absent,absent,23.1,21.9,List of devices attached | emulator-5568          offline transport_id:1200,
2026-09-28T11:51:03.560+00:00,2026-09-28T11:51:03.606+00:00,46.063,absent,3530.6,"{""state"":""absent"",""devices"":[]}",absent,absent,24.0,22.1,List of devices attached,
2026-09-28T11:51:04.560+00:00,2026-09-28T11:51:04.609+00:00,47.066,absent,3530.6,"{""state"":""absent"",""devices"":[]}",absent,absent,25.5,22.9,List of devices attached,
2026-09-28T11:51:05.561+00:00,2026-09-28T11:51:05.607+00:00,48.064,absent,3569.2,"{""state"":""absent"",""devices"":[]}",absent,absent,23.7,22.2,List of devices attached,
2026-09-28T11:51:06.561+00:00,2026-09-28T11:51:06.607+00:00,49.064,absent,3569.2,"{""state"":""absent"",""devices"":[]}",absent,absent,22.8,23.1,List of devices attached | emulator-5568          offline transport_id:1203,
2026-09-28T11:51:07.562+00:00,2026-09-28T11:51:07.608+00:00,50.065,absent,3569.2,"{""state"":""absent"",""devices"":[]}",absent,absent,24.3,22.3,List of devices attached,
2026-09-28T11:51:08.562+00:00,2026-09-28T11:51:08.609+00:00,51.065,absent,3569.2,"{""state"":""absent"",""devices"":[]}",absent,absent,23.6,23.4,List of devices attached,
2026-09-28T11:51:09.562+00:00,2026-09-28T11:51:09.610+00:00,52.067,absent,3635.6,"{""state"":""absent"",""devices"":[]}",absent,absent,25.2,22.5,List of devices attached,
2026-09-28T11:51:10.562+00:00,2026-09-28T11:51:10.612+00:00,53.068,absent,3635.6,"{""state"":""absent"",""devices"":[]}",absent,absent,23.8,25.5,List of devices attached,
2026-09-28T11:51:11.563+00:00,2026-09-28T11:51:11.610+00:00,54.067,absent,3635.6,"{""state"":""absent"",""devices"":[]}",absent,absent,25.1,22.3,List of devices attached | emulator-5568          offline transport_id:1207,
2026-09-28T11:51:12.563+00:00,2026-09-28T11:51:12.612+00:00,55.069,absent,3635.6,"{""state"":""absent"",""devices"":[]}",absent,absent,24.3,24.7,List of devices attached,
2026-09-28T11:51:13.564+00:00,2026-09-28T11:51:13.610+00:00,56.067,absent,3528.0,"{""state"":""absent"",""devices"":[]}",absent,absent,25.5,21.0,List of devices attached,
2026-09-28T11:51:14.564+00:00,2026-09-28T11:51:14.611+00:00,57.068,absent,3528.0,"{""state"":""absent"",""devices"":[]}",absent,absent,25.4,21.4,List of devices attached,
2026-09-28T11:51:15.565+00:00,2026-09-28T11:51:15.613+00:00,58.070,absent,3528.0,"{""state"":""absent"",""devices"":[]}",absent,absent,26.3,21.9,List of devices attached,
2026-09-28T11:51:16.565+00:00,2026-09-28T11:51:16.617+00:00,59.073,absent,3528.0,"{""state"":""absent"",""devices"":[]}",absent,absent,25.2,26.4,List of devices attached | emulator-5568          offline transport_id:1211,
2026-09-28T11:51:17.566+00:00,2026-09-28T11:51:17.614+00:00,60.071,absent,3603.4,"{""state"":""absent"",""devices"":[]}",absent,absent,26.0,22.7,List of devices attached,
2026-09-28T11:51:18.566+00:00,2026-09-28T11:51:18.613+00:00,61.069,absent,3603.4,"{""state"":""absent"",""devices"":[]}",absent,absent,25.5,21.2,List of devices attached,
2026-09-28T11:51:19.566+00:00,2026-09-28T11:51:19.628+00:00,62.085,absent,3603.4,"{""state"":""absent"",""devices"":[]}",absent,absent,39.9,21.9,List of devices attached,
2026-09-28T11:51:20.566+00:00,2026-09-28T11:51:20.611+00:00,63.068,absent,3603.4,"{""state"":""absent"",""devices"":[]}",absent,absent,23.7,21.1,List of devices attached | emulator-5568          offline transport_id:1214,
2026-09-28T11:51:21.567+00:00,2026-09-28T11:51:21.628+00:00,64.084,absent,3447.1,"{""state"":""absent"",""devices"":[]}",absent,absent,38.2,22.4,List of devices attached,
2026-09-28T11:51:22.567+00:00,2026-09-28T11:51:22.613+00:00,65.070,absent,3447.1,"{""state"":""absent"",""devices"":[]}",absent,absent,25.0,20.8,List of devices attached,
2026-09-28T11:51:23.568+00:00,2026-09-28T11:51:23.614+00:00,66.071,absent,3447.1,"{""state"":""absent"",""devices"":[]}",absent,absent,25.3,21.2,List of devices attached,
2026-09-28T11:51:24.568+00:00,2026-09-28T11:51:24.627+00:00,67.083,absent,3447.1,"{""state"":""absent"",""devices"":[]}",absent,absent,36.9,22.0,List of devices attached,
2026-09-28T11:51:25.568+00:00,2026-09-28T11:51:25.614+00:00,68.071,absent,3561.9,"{""state"":""absent"",""devices"":[]}",absent,absent,24.4,21.4,List of devices attached | emulator-5568          offline transport_id:1218,
2026-09-28T11:51:26.569+00:00,2026-09-28T11:51:26.620+00:00,69.077,absent,3561.9,"{""state"":""absent"",""devices"":[]}",absent,absent,24.4,26.9,List of devices attached,
2026-09-28T11:51:27.569+00:00,2026-09-28T11:51:27.620+00:00,70.077,absent,3561.9,"{""state"":""absent"",""devices"":[]}",absent,absent,24.2,27.4,List of devices attached,
2026-09-28T11:51:28.569+00:00,2026-09-28T11:51:28.616+00:00,71.072,absent,3561.9,"{""state"":""absent"",""devices"":[]}",absent,absent,24.4,22.0,List of devices attached,
2026-09-28T11:51:29.569+00:00,2026-09-28T11:51:29.615+00:00,72.071,absent,3502.6,"{""state"":""absent"",""devices"":[]}",absent,absent,24.4,20.9,List of devices attached,
2026-09-28T11:51:30.570+00:00,2026-09-28T11:51:30.629+00:00,73.086,absent,3502.6,"{""state"":""absent"",""devices"":[]}",absent,absent,35.3,24.3,List of devices attached | emulator-5568          offline transport_id:1222,
2026-09-28T11:51:31.570+00:00,2026-09-28T11:51:31.627+00:00,74.084,absent,3502.6,"{""state"":""absent"",""devices"":[]}",absent,absent,34.2,22.7,List of devices attached,
2026-09-28T11:51:32.570+00:00,2026-09-28T11:51:32.616+00:00,75.073,absent,3502.6,"{""state"":""absent"",""devices"":[]}",absent,absent,24.9,21.0,List of devices attached,
2026-09-28T11:51:33.571+00:00,2026-09-28T11:51:33.615+00:00,76.072,absent,3570.6,"{""state"":""absent"",""devices"":[]}",absent,absent,23.9,20.5,List of devices attached,
2026-09-28T11:51:34.571+00:00,2026-09-28T11:51:34.621+00:00,77.078,absent,3570.6,"{""state"":""absent"",""devices"":[]}",absent,absent,23.7,26.7,List of devices attached | emulator-5568          offline transport_id:1225,
2026-09-28T11:51:35.571+00:00,2026-09-28T11:51:35.616+00:00,78.073,absent,3570.6,"{""state"":""absent"",""devices"":[]}",absent,absent,24.0,21.0,List of devices attached,
2026-09-28T11:51:36.572+00:00,2026-09-28T11:51:36.618+00:00,79.074,absent,3570.6,"{""state"":""absent"",""devices"":[]}",absent,absent,25.2,20.7,List of devices attached,
2026-09-28T11:51:37.572+00:00,2026-09-28T11:51:37.628+00:00,80.085,absent,3526.7,"{""state"":""absent"",""devices"":[]}",absent,absent,32.0,23.6,List of devices attached,
2026-09-28T11:51:38.573+00:00,2026-09-28T11:51:38.617+00:00,81.074,absent,3526.7,"{""state"":""absent"",""devices"":[]}",absent,absent,23.5,21.0,List of devices attached,
2026-09-28T11:51:39.573+00:00,2026-09-28T11:51:39.638+00:00,82.094,absent,3526.7,"{""state"":""absent"",""devices"":[]}",absent,absent,40.9,23.8,List of devices attached | emulator-5568          offline transport_id:1229,
2026-09-28T11:51:40.573+00:00,2026-09-28T11:51:40.621+00:00,83.078,absent,3526.7,"{""state"":""absent"",""devices"":[]}",absent,absent,25.4,22.8,List of devices attached,
2026-09-28T11:51:41.573+00:00,2026-09-28T11:51:41.627+00:00,84.083,absent,3390.1,"{""state"":""absent"",""devices"":[]}",absent,absent,31.1,22.2,List of devices attached,
2026-09-28T11:51:42.574+00:00,2026-09-28T11:51:42.625+00:00,85.082,absent,3390.1,"{""state"":""absent"",""devices"":[]}",absent,absent,30.2,21.2,List of devices attached,
2026-09-28T11:51:43.574+00:00,2026-09-28T11:51:43.625+00:00,86.082,absent,3390.1,"{""state"":""absent"",""devices"":[]}",absent,absent,28.4,22.2,List of devices attached,
2026-09-28T11:51:44.575+00:00,2026-09-28T11:51:44.622+00:00,87.079,absent,3390.1,"{""state"":""absent"",""devices"":[]}",absent,absent,25.6,22.2,List of devices attached | emulator-5568          offline transport_id:1233,
2026-09-28T11:51:45.575+00:00,2026-09-28T11:51:45.627+00:00,88.084,absent,3627.7,"{""state"":""absent"",""devices"":[]}",absent,absent,29.5,22.7,List of devices attached,
2026-09-28T11:51:46.575+00:00,2026-09-28T11:51:46.619+00:00,89.076,absent,3627.7,"{""state"":""absent"",""devices"":[]}",absent,absent,23.8,19.9,List of devices attached,
2026-09-28T11:51:47.576+00:00,2026-09-28T11:51:47.623+00:00,90.080,absent,3627.7,"{""state"":""absent"",""devices"":[]}",absent,absent,25.2,22.0,List of devices attached,
2026-09-28T11:51:48.576+00:00,2026-09-28T11:51:48.625+00:00,91.082,absent,3627.7,"{""state"":""absent"",""devices"":[]}",absent,absent,25.7,23.0,List of devices attached | emulator-5568          offline transport_id:1236,
2026-09-28T11:51:49.577+00:00,2026-09-28T11:51:49.643+00:00,92.099,absent,3512.8,"{""state"":""absent"",""devices"":[]}",absent,absent,42.3,23.7,List of devices attached,
2026-09-28T11:51:50.577+00:00,2026-09-28T11:51:50.623+00:00,93.079,absent,3512.8,"{""state"":""absent"",""devices"":[]}",absent,absent,24.4,21.4,List of devices attached,
2026-09-28T11:51:51.577+00:00,2026-09-28T11:51:51.626+00:00,94.083,absent,3512.8,"{""state"":""absent"",""devices"":[]}",absent,absent,26.3,22.5,List of devices attached,
2026-09-28T11:51:52.578+00:00,2026-09-28T11:51:52.625+00:00,95.082,absent,3512.8,"{""state"":""absent"",""devices"":[]}",absent,absent,25.5,22.3,List of devices attached,
2026-09-28T11:51:53.578+00:00,2026-09-28T11:51:53.642+00:00,96.099,absent,3564.0,"{""state"":""absent"",""devices"":[]}",absent,absent,41.9,21.7,List of devices attached | emulator-5568          offline transport_id:1240,
2026-09-28T11:51:54.578+00:00,2026-09-28T11:51:54.624+00:00,97.081,absent,3564.0,"{""state"":""absent"",""devices"":[]}",absent,absent,24.7,21.2,List of devices attached,
2026-09-28T11:51:55.579+00:00,2026-09-28T11:51:55.625+00:00,98.082,absent,3564.0,"{""state"":""absent"",""devices"":[]}",absent,absent,24.9,21.7,List of devices attached,
2026-09-28T11:51:56.579+00:00,2026-09-28T11:51:56.627+00:00,99.084,absent,3564.0,"{""state"":""absent"",""devices"":[]}",absent,absent,26.4,21.8,List of devices attached,
2026-09-28T11:51:57.580+00:00,2026-09-28T11:51:57.627+00:00,100.083,absent,3556.1,"{""state"":""absent"",""devices"":[]}",absent,absent,25.3,21.9,List of devices attached,
2026-09-28T11:51:58.580+00:00,2026-09-28T11:51:58.626+00:00,101.083,absent,3556.1,"{""state"":""absent"",""devices"":[]}",absent,absent,24.3,22.0,List of devices attached | emulator-5568          offline transport_id:1244,
2026-09-28T11:51:59.580+00:00,2026-09-28T11:51:59.638+00:00,102.094,absent,3556.1,"{""state"":""absent"",""devices"":[]}",absent,absent,25.8,31.8,List of devices attached,
2026-09-28T11:52:00.580+00:00,2026-09-28T11:52:00.629+00:00,103.086,absent,3556.1,"{""state"":""absent"",""devices"":[]}",absent,absent,26.3,22.4,List of devices attached,
2026-09-28T11:52:01.580+00:00,2026-09-28T11:52:01.637+00:00,104.093,absent,3541.6,"{""state"":""absent"",""devices"":[]}",absent,absent,35.0,21.3,List of devices attached,
2026-09-28T11:52:02.581+00:00,2026-09-28T11:52:02.627+00:00,105.083,absent,3541.6,"{""state"":""absent"",""devices"":[]}",absent,absent,25.9,20.4,List of devices attached | emulator-5568          offline transport_id:1247,
2026-09-28T11:52:03.581+00:00,2026-09-28T11:52:03.632+00:00,106.089,absent,3541.6,"{""state"":""absent"",""devices"":[]}",absent,absent,29.3,22.0,List of devices attached,
2026-09-28T11:52:04.582+00:00,2026-09-28T11:52:04.629+00:00,107.085,absent,3541.6,"{""state"":""absent"",""devices"":[]}",absent,absent,25.6,21.6,List of devices attached,
2026-09-28T11:52:05.582+00:00,2026-09-28T11:52:05.641+00:00,108.098,absent,3569.9,"{""state"":""absent"",""devices"":[]}",absent,absent,37.9,21.3,List of devices attached,
2026-09-28T11:52:06.582+00:00,2026-09-28T11:52:06.639+00:00,109.096,absent,3569.9,"{""state"":""absent"",""devices"":[]}",absent,absent,36.6,20.5,List of devices attached,
2026-09-28T11:52:07.582+00:00,2026-09-28T11:52:07.630+00:00,110.087,absent,3569.9,"{""state"":""absent"",""devices"":[]}",absent,absent,25.9,21.9,List of devices attached | emulator-5568          offline transport_id:1251,
2026-09-28T11:52:08.583+00:00,2026-09-28T11:52:08.628+00:00,111.084,absent,3569.9,"{""state"":""absent"",""devices"":[]}",absent,absent,23.3,21.6,List of devices attached,
2026-09-28T11:52:09.583+00:00,2026-09-28T11:52:09.631+00:00,112.088,absent,3532.9,"{""state"":""absent"",""devices"":[]}",absent,absent,24.7,22.9,List of devices attached,
2026-09-28T11:52:10.583+00:00,2026-09-28T11:52:10.640+00:00,113.097,absent,3532.9,"{""state"":""absent"",""devices"":[]}",absent,absent,35.6,21.4,List of devices attached,
2026-09-28T11:52:11.584+00:00,2026-09-28T11:52:11.631+00:00,114.088,absent,3532.9,"{""state"":""absent"",""devices"":[]}",absent,absent,25.5,21.5,List of devices attached | emulator-5568          offline transport_id:1254,
2026-09-28T11:52:12.584+00:00,2026-09-28T11:52:12.630+00:00,115.086,absent,3532.9,"{""state"":""absent"",""devices"":[]}",absent,absent,24.0,21.6,List of devices attached,
2026-09-28T11:52:13.585+00:00,2026-09-28T11:52:13.634+00:00,116.090,absent,3526.4,"{""state"":""absent"",""devices"":[]}",absent,absent,26.5,22.5,List of devices attached,
2026-09-28T11:52:14.585+00:00,2026-09-28T11:52:14.631+00:00,117.087,absent,3526.4,"{""state"":""absent"",""devices"":[]}",absent,absent,24.2,21.5,List of devices attached,
2026-09-28T11:52:15.585+00:00,2026-09-28T11:52:15.631+00:00,118.088,absent,3526.4,"{""state"":""absent"",""devices"":[]}",absent,absent,24.2,22.1,List of devices attached,
2026-09-28T11:52:16.586+00:00,2026-09-28T11:52:16.645+00:00,119.101,absent,3526.4,"{""state"":""absent"",""devices"":[]}",absent,absent,23.4,35.5,List of devices attached | emulator-5568          offline transport_id:1258,
2026-09-28T11:52:17.586+00:00,2026-09-28T11:52:17.635+00:00,120.092,absent,3528.0,"{""state"":""absent"",""devices"":[]}",absent,absent,25.6,23.6,List of devices attached,
2026-09-28T11:52:18.587+00:00,2026-09-28T11:52:18.634+00:00,121.090,absent,3528.0,"{""state"":""absent"",""devices"":[]}",absent,absent,25.5,21.6,List of devices attached,
2026-09-28T11:52:19.587+00:00,2026-09-28T11:52:19.636+00:00,122.092,absent,3528.0,"{""state"":""absent"",""devices"":[]}",absent,absent,25.6,23.3,List of devices attached,
2026-09-28T11:52:20.587+00:00,2026-09-28T11:52:20.648+00:00,123.105,absent,3528.0,"{""state"":""absent"",""devices"":[]}",absent,absent,26.0,34.9,List of devices attached,
2026-09-28T11:52:21.587+00:00,2026-09-28T11:52:21.635+00:00,124.091,absent,3528.9,"{""state"":""absent"",""devices"":[]}",absent,absent,25.0,21.9,List of devices attached | emulator-5568          offline transport_id:1262,
2026-09-28T11:52:22.588+00:00,2026-09-28T11:52:22.634+00:00,125.091,absent,3528.9,"{""state"":""absent"",""devices"":[]}",absent,absent,24.2,21.9,List of devices attached,
2026-09-28T11:52:23.588+00:00,2026-09-28T11:52:23.637+00:00,126.094,absent,3528.9,"{""state"":""absent"",""devices"":[]}",absent,absent,25.4,23.9,List of devices attached,
2026-09-28T11:52:24.588+00:00,2026-09-28T11:52:24.636+00:00,127.092,absent,3528.9,"{""state"":""absent"",""devices"":[]}",absent,absent,24.8,22.4,List of devices attached,
2026-09-28T11:52:25.589+00:00,2026-09-28T11:52:25.639+00:00,128.095,absent,3529.9,"{""state"":""absent"",""devices"":[]}",absent,absent,23.6,26.2,List of devices attached,
2026-09-28T11:52:26.589+00:00,2026-09-28T11:52:26.636+00:00,129.092,absent,3529.9,"{""state"":""absent"",""devices"":[]}",absent,absent,24.3,22.4,List of devices attached | emulator-5568          offline transport_id:1266,
2026-09-28T11:52:27.589+00:00,2026-09-28T11:52:27.640+00:00,130.097,absent,3529.9,"{""state"":""absent"",""devices"":[]}",absent,absent,26.2,24.5,List of devices attached,
2026-09-28T11:52:28.589+00:00,2026-09-28T11:52:28.643+00:00,131.100,absent,3529.9,"{""state"":""absent"",""devices"":[]}",absent,absent,29.4,24.4,List of devices attached,
2026-09-28T11:52:29.590+00:00,2026-09-28T11:52:29.639+00:00,132.095,absent,3523.9,"{""state"":""absent"",""devices"":[]}",absent,absent,25.0,23.8,List of devices attached,
2026-09-28T11:52:30.590+00:00,2026-09-28T11:52:30.638+00:00,133.095,absent,3523.9,"{""state"":""absent"",""devices"":[]}",absent,absent,26.0,21.6,List of devices attached | emulator-5568          offline transport_id:1269,
2026-09-28T11:52:31.591+00:00,2026-09-28T11:52:31.641+00:00,134.098,absent,3523.9,"{""state"":""absent"",""devices"":[]}",absent,absent,26.8,24.0,List of devices attached,
2026-09-28T11:52:32.591+00:00,2026-09-28T11:52:32.638+00:00,135.095,absent,3523.9,"{""state"":""absent"",""devices"":[]}",absent,absent,24.1,22.8,List of devices attached,
2026-09-28T11:52:33.591+00:00,2026-09-28T11:52:33.637+00:00,136.094,absent,3538.0,"{""state"":""absent"",""devices"":[]}",absent,absent,23.3,22.4,List of devices attached,
2026-09-28T11:52:34.592+00:00,2026-09-28T11:52:34.641+00:00,137.098,absent,3538.0,"{""state"":""absent"",""devices"":[]}",absent,absent,24.2,25.0,List of devices attached,
2026-09-28T11:52:35.592+00:00,2026-09-28T11:52:35.640+00:00,138.097,absent,3538.0,"{""state"":""absent"",""devices"":[]}",absent,absent,25.2,22.4,List of devices attached | emulator-5568          offline transport_id:1273,
2026-09-28T11:52:36.593+00:00,2026-09-28T11:52:36.641+00:00,139.097,absent,3538.0,"{""state"":""absent"",""devices"":[]}",absent,absent,25.8,22.0,List of devices attached,
2026-09-28T11:52:37.593+00:00,2026-09-28T11:52:37.640+00:00,140.096,absent,3559.4,"{""state"":""absent"",""devices"":[]}",absent,absent,24.3,22.1,List of devices attached,
2026-09-28T11:52:38.593+00:00,2026-09-28T11:52:38.638+00:00,141.094,absent,3559.4,"{""state"":""absent"",""devices"":[]}",absent,absent,23.6,20.8,List of devices attached,
2026-09-28T11:52:39.594+00:00,2026-09-28T11:52:39.643+00:00,142.099,absent,3559.4,"{""state"":""absent"",""devices"":[]}",absent,absent,25.4,23.2,List of devices attached,
2026-09-28T11:52:40.594+00:00,2026-09-28T11:52:40.644+00:00,143.100,absent,3559.4,"{""state"":""absent"",""devices"":[]}",absent,absent,25.5,24.0,List of devices attached | emulator-5568          offline transport_id:1277,
2026-09-28T11:52:41.594+00:00,2026-09-28T11:52:41.641+00:00,144.098,absent,3569.8,"{""state"":""absent"",""devices"":[]}",absent,absent,25.4,21.3,List of devices attached,
2026-09-28T11:52:42.595+00:00,2026-09-28T11:52:42.642+00:00,145.099,absent,3569.8,"{""state"":""absent"",""devices"":[]}",absent,absent,24.9,22.3,List of devices attached,
2026-09-28T11:52:43.595+00:00,2026-09-28T11:52:43.642+00:00,146.099,absent,3569.8,"{""state"":""absent"",""devices"":[]}",absent,absent,25.4,22.2,List of devices attached,
2026-09-28T11:52:44.595+00:00,2026-09-28T11:52:44.642+00:00,147.099,absent,3569.8,"{""state"":""absent"",""devices"":[]}",absent,absent,24.7,22.7,List of devices attached | emulator-5568          offline transport_id:1280,
2026-09-28T11:52:45.595+00:00,2026-09-28T11:52:45.641+00:00,148.098,absent,3574.3,"{""state"":""absent"",""devices"":[]}",absent,absent,24.4,21.8,List of devices attached,
2026-09-28T11:52:46.595+00:00,2026-09-28T11:52:46.639+00:00,149.096,absent,3574.3,"{""state"":""absent"",""devices"":[]}",absent,absent,23.5,20.3,List of devices attached,
2026-09-28T11:52:47.596+00:00,2026-09-28T11:52:47.642+00:00,150.099,absent,3574.3,"{""state"":""absent"",""devices"":[]}",absent,absent,24.2,22.3,List of devices attached,
2026-09-28T11:52:48.596+00:00,2026-09-28T11:52:48.642+00:00,151.099,absent,3574.3,"{""state"":""absent"",""devices"":[]}",absent,absent,23.8,22.2,List of devices attached,
2026-09-28T11:52:49.596+00:00,2026-09-28T11:52:49.642+00:00,152.099,absent,3533.9,"{""state"":""absent"",""devices"":[]}",absent,absent,23.8,22.3,List of devices attached | emulator-5568          offline transport_id:1284,
2026-09-28T11:52:50.597+00:00,2026-09-28T11:52:50.645+00:00,153.102,absent,3533.9,"{""state"":""absent"",""devices"":[]}",absent,absent,23.6,24.6,List of devices attached,
2026-09-28T11:52:51.597+00:00,2026-09-28T11:52:51.662+00:00,154.118,absent,3533.9,"{""state"":""absent"",""devices"":[]}",absent,absent,41.5,23.1,List of devices attached,
2026-09-28T11:52:52.597+00:00,2026-09-28T11:52:52.644+00:00,155.100,absent,3533.9,"{""state"":""absent"",""devices"":[]}",absent,absent,24.9,21.4,List of devices attached,
2026-09-28T11:52:53.598+00:00,2026-09-28T11:52:53.644+00:00,156.101,absent,3608.7,"{""state"":""absent"",""devices"":[]}",absent,absent,24.3,22.1,List of devices attached,
2026-09-28T11:52:54.598+00:00,2026-09-28T11:52:54.644+00:00,157.101,absent,3608.7,"{""state"":""absent"",""devices"":[]}",absent,absent,24.9,21.1,List of devices attached | emulator-5568          offline transport_id:1288,
2026-09-28T11:52:55.598+00:00,2026-09-28T11:52:55.646+00:00,158.103,absent,3608.7,"{""state"":""absent"",""devices"":[]}",absent,absent,26.0,21.8,List of devices attached,
2026-09-28T11:52:56.598+00:00,2026-09-28T11:52:56.645+00:00,159.101,absent,3608.7,"{""state"":""absent"",""devices"":[]}",absent,absent,25.2,21.0,List of devices attached,
2026-09-28T11:52:57.599+00:00,2026-09-28T11:52:57.645+00:00,160.101,absent,3492.0,"{""state"":""absent"",""devices"":[]}",absent,absent,24.5,21.3,List of devices attached,
2026-09-28T11:52:58.599+00:00,2026-09-28T11:52:58.644+00:00,161.100,absent,3492.0,"{""state"":""absent"",""devices"":[]}",absent,absent,24.1,20.3,List of devices attached | emulator-5568          offline transport_id:1291,
2026-09-28T11:52:59.600+00:00,2026-09-28T11:52:59.646+00:00,162.103,absent,3492.0,"{""state"":""absent"",""devices"":[]}",absent,absent,25.1,21.4,List of devices attached,
2026-09-28T11:53:00.600+00:00,2026-09-28T11:53:00.647+00:00,163.104,absent,3492.0,"{""state"":""absent"",""devices"":[]}",absent,absent,25.3,21.4,List of devices attached,
2026-09-28T11:53:01.601+00:00,2026-09-28T11:53:01.646+00:00,164.103,absent,3454.0,"{""state"":""absent"",""devices"":[]}",absent,absent,24.5,20.8,List of devices attached,
2026-09-28T11:53:02.601+00:00,2026-09-28T11:53:02.646+00:00,165.102,absent,3454.0,"{""state"":""absent"",""devices"":[]}",absent,absent,24.5,20.5,List of devices attached,
2026-09-28T11:53:03.601+00:00,2026-09-28T11:53:03.649+00:00,166.106,absent,3454.0,"{""state"":""absent"",""devices"":[]}",absent,absent,25.7,22.4,List of devices attached | emulator-5568          offline transport_id:1295,
2026-09-28T11:53:04.602+00:00,2026-09-28T11:53:04.647+00:00,167.104,absent,3454.0,"{""state"":""absent"",""devices"":[]}",absent,absent,24.9,20.8,List of devices attached,
2026-09-28T11:53:05.602+00:00,2026-09-28T11:53:05.649+00:00,168.105,absent,3545.9,"{""state"":""absent"",""devices"":[]}",absent,absent,25.4,21.2,List of devices attached,
2026-09-28T11:53:06.602+00:00,2026-09-28T11:53:06.660+00:00,169.116,absent,3545.9,"{""state"":""absent"",""devices"":[]}",absent,absent,35.3,22.2,List of devices attached,
2026-09-28T11:53:07.603+00:00,2026-09-28T11:53:07.656+00:00,170.113,absent,3545.9,"{""state"":""absent"",""devices"":[]}",absent,absent,24.2,29.4,List of devices attached,
2026-09-28T11:53:08.603+00:00,2026-09-28T11:53:08.649+00:00,171.105,absent,3545.9,"{""state"":""absent"",""devices"":[]}",absent,absent,24.9,20.9,List of devices attached | emulator-5568          offline transport_id:1299,
2026-09-28T11:53:09.603+00:00,2026-09-28T11:53:09.649+00:00,172.106,absent,3508.8,"{""state"":""absent"",""devices"":[]}",absent,absent,25.4,20.7,List of devices attached,
2026-09-28T11:53:10.604+00:00,2026-09-28T11:53:10.664+00:00,173.121,absent,3508.8,"{""state"":""absent"",""devices"":[]}",absent,absent,39.2,21.1,List of devices attached,
2026-09-28T11:53:11.604+00:00,2026-09-28T11:53:11.651+00:00,174.108,absent,3508.8,"{""state"":""absent"",""devices"":[]}",absent,absent,24.6,22.0,List of devices attached,
2026-09-28T11:53:12.604+00:00,2026-09-28T11:53:12.650+00:00,175.106,absent,3508.8,"{""state"":""absent"",""devices"":[]}",absent,absent,24.4,20.7,List of devices attached | emulator-5568          offline transport_id:1302,
2026-09-28T11:53:13.605+00:00,2026-09-28T11:53:13.650+00:00,176.107,absent,3524.9,"{""state"":""absent"",""devices"":[]}",absent,absent,24.5,20.6,List of devices attached,
2026-09-28T11:53:14.605+00:00,2026-09-28T11:53:14.665+00:00,177.122,absent,3524.9,"{""state"":""absent"",""devices"":[]}",absent,absent,38.5,21.6,List of devices attached,
2026-09-28T11:53:15.605+00:00,2026-09-28T11:53:15.651+00:00,178.108,absent,3524.9,"{""state"":""absent"",""devices"":[]}",absent,absent,25.0,20.5,List of devices attached,
2026-09-28T11:53:16.606+00:00,2026-09-28T11:53:16.652+00:00,179.108,absent,3524.9,"{""state"":""absent"",""devices"":[]}",absent,absent,25.3,20.5,List of devices attached,
2026-09-28T11:53:17.606+00:00,2026-09-28T11:53:17.651+00:00,180.108,absent,3540.8,"{""state"":""absent"",""devices"":[]}",absent,absent,24.5,20.9,List of devices attached | emulator-5568          offline transport_id:1306,
2026-09-28T11:53:18.606+00:00,2026-09-28T11:53:18.651+00:00,181.108,absent,3540.8,"{""state"":""absent"",""devices"":[]}",absent,absent,24.4,20.6,List of devices attached,
2026-09-28T11:53:19.606+00:00,2026-09-28T11:53:19.653+00:00,182.109,absent,3540.8,"{""state"":""absent"",""devices"":[]}",absent,absent,25.0,21.6,List of devices attached,
2026-09-28T11:53:20.607+00:00,2026-09-28T11:53:20.654+00:00,183.110,absent,3540.8,"{""state"":""absent"",""devices"":[]}",absent,absent,25.6,21.4,List of devices attached,
2026-09-28T11:53:21.607+00:00,2026-09-28T11:53:21.654+00:00,184.111,absent,3524.3,"{""state"":""absent"",""devices"":[]}",absent,absent,25.6,21.8,List of devices attached,
2026-09-28T11:53:22.607+00:00,2026-09-28T11:53:22.652+00:00,185.109,absent,3524.3,"{""state"":""absent"",""devices"":[]}",absent,absent,24.1,20.9,List of devices attached | emulator-5568          offline transport_id:1310,
2026-09-28T11:53:23.607+00:00,2026-09-28T11:53:23.655+00:00,186.112,absent,3524.3,"{""state"":""absent"",""devices"":[]}",absent,absent,24.7,23.1,List of devices attached,
2026-09-28T11:53:24.608+00:00,2026-09-28T11:53:24.666+00:00,187.123,absent,3524.3,"{""state"":""absent"",""devices"":[]}",absent,absent,35.6,23.1,List of devices attached,
2026-09-28T11:53:25.608+00:00,2026-09-28T11:53:25.656+00:00,188.113,absent,3482.1,"{""state"":""absent"",""devices"":[]}",absent,absent,25.2,23.1,List of devices attached,
2026-09-28T11:53:26.608+00:00,2026-09-28T11:53:26.653+00:00,189.110,absent,3482.1,"{""state"":""absent"",""devices"":[]}",absent,absent,24.2,20.8,List of devices attached | emulator-5568          offline transport_id:1313,
2026-09-28T11:53:27.609+00:00,2026-09-28T11:53:27.656+00:00,190.113,absent,3482.1,"{""state"":""absent"",""devices"":[]}",absent,absent,24.5,22.6,List of devices attached,
2026-09-28T11:53:28.609+00:00,2026-09-28T11:53:28.657+00:00,191.114,absent,3482.1,"{""state"":""absent"",""devices"":[]}",absent,absent,25.8,21.8,List of devices attached,
2026-09-28T11:53:29.609+00:00,2026-09-28T11:53:29.671+00:00,192.127,absent,3611.5,"{""state"":""absent"",""devices"":[]}",absent,absent,25.1,36.1,List of devices attached,
2026-09-28T11:53:30.610+00:00,2026-09-28T11:53:30.670+00:00,193.126,absent,3611.5,"{""state"":""absent"",""devices"":[]}",absent,absent,24.6,35.2,List of devices attached,
2026-09-28T11:53:31.610+00:00,2026-09-28T11:53:31.660+00:00,194.117,absent,3611.5,"{""state"":""absent"",""devices"":[]}",absent,absent,26.9,22.6,List of devices attached | emulator-5568          offline transport_id:1317,
2026-09-28T11:53:32.610+00:00,2026-09-28T11:53:32.659+00:00,195.116,absent,3611.5,"{""state"":""absent"",""devices"":[]}",absent,absent,26.7,22.0,List of devices attached,
2026-09-28T11:53:33.611+00:00,2026-09-28T11:53:33.662+00:00,196.119,absent,3484.7,"{""state"":""absent"",""devices"":[]}",absent,absent,28.7,22.8,List of devices attached,
2026-09-28T11:53:34.611+00:00,2026-09-28T11:53:34.658+00:00,197.115,absent,3484.7,"{""state"":""absent"",""devices"":[]}",absent,absent,25.8,21.6,List of devices attached,
2026-09-28T11:53:35.611+00:00,2026-09-28T11:53:35.660+00:00,198.116,absent,3484.7,"{""state"":""absent"",""devices"":[]}",absent,absent,26.8,21.6,List of devices attached,
2026-09-28T11:53:36.611+00:00,2026-09-28T11:53:36.662+00:00,199.119,absent,3484.7,"{""state"":""absent"",""devices"":[]}",absent,absent,27.3,23.4,List of devices attached | emulator-5568          offline transport_id:1321,
2026-09-28T11:53:37.611+00:00,2026-09-28T11:53:37.686+00:00,200.143,absent,3515.6,"{""state"":""absent"",""devices"":[]}",absent,absent,26.4,48.3,List of devices attached,
2026-09-28T11:53:38.612+00:00,2026-09-28T11:53:38.659+00:00,201.116,absent,3515.6,"{""state"":""absent"",""devices"":[]}",absent,absent,25.6,21.3,List of devices attached,
2026-09-28T11:53:39.612+00:00,2026-09-28T11:53:39.661+00:00,202.118,absent,3515.6,"{""state"":""absent"",""devices"":[]}",absent,absent,27.4,21.7,List of devices attached,
2026-09-28T11:53:40.612+00:00,2026-09-28T11:53:40.672+00:00,203.128,absent,3515.6,"{""state"":""absent"",""devices"":[]}",absent,absent,27.0,32.4,List of devices attached | emulator-5568          offline transport_id:1324,
2026-09-28T11:53:41.613+00:00,2026-09-28T11:53:41.660+00:00,204.116,absent,3569.2,"{""state"":""absent"",""devices"":[]}",absent,absent,25.4,21.6,List of devices attached,
2026-09-28T11:53:42.613+00:00,2026-09-28T11:53:42.668+00:00,205.124,absent,3569.2,"{""state"":""absent"",""devices"":[]}",absent,absent,34.0,20.9,List of devices attached,
2026-09-28T11:53:43.613+00:00,2026-09-28T11:53:43.663+00:00,206.120,absent,3569.2,"{""state"":""absent"",""devices"":[]}",absent,absent,26.7,23.3,List of devices attached,
2026-09-28T11:53:44.613+00:00,2026-09-28T11:53:44.662+00:00,207.119,absent,3569.2,"{""state"":""absent"",""devices"":[]}",absent,absent,27.5,21.2,List of devices attached,
2026-09-28T11:53:45.613+00:00,2026-09-28T11:53:45.670+00:00,208.127,absent,3545.7,"{""state"":""absent"",""devices"":[]}",absent,absent,26.6,30.0,List of devices attached | emulator-5568          offline transport_id:1328,
2026-09-28T11:53:46.614+00:00,2026-09-28T11:53:46.685+00:00,209.142,absent,3545.7,"{""state"":""absent"",""devices"":[]}",absent,absent,26.6,44.9,List of devices attached,
2026-09-28T11:53:47.614+00:00,2026-09-28T11:53:47.661+00:00,210.118,absent,3545.7,"{""state"":""absent"",""devices"":[]}",absent,absent,25.7,21.5,List of devices attached,
2026-09-28T11:53:48.614+00:00,2026-09-28T11:53:48.662+00:00,211.119,absent,3545.7,"{""state"":""absent"",""devices"":[]}",absent,absent,27.2,21.0,List of devices attached,
2026-09-28T11:53:49.614+00:00,2026-09-28T11:53:49.674+00:00,212.131,absent,3565.6,"{""state"":""absent"",""devices"":[]}",absent,absent,37.9,21.5,List of devices attached,
2026-09-28T11:53:50.615+00:00,2026-09-28T11:53:50.661+00:00,213.118,absent,3565.6,"{""state"":""absent"",""devices"":[]}",absent,absent,25.2,21.0,List of devices attached,
2026-09-28T11:53:51.615+00:00,2026-09-28T11:53:51.673+00:00,214.130,absent,3565.6,"{""state"":""absent"",""devices"":[]}",absent,absent,26.2,32.1,List of devices attached,
2026-09-28T11:53:52.615+00:00,2026-09-28T11:53:52.725+00:00,215.181,absent,3565.6,"{""state"":""absent"",""devices"":[]}",absent,absent,62.9,46.1,List of devices attached,
2026-09-28T11:53:53.616+00:00,2026-09-28T11:53:53.825+00:00,216.281,absent,3565.6,"{""state"":""absent"",""devices"":[]}",absent,absent,178.0,30.3,List of devices attached,
2026-09-28T11:53:54.617+00:00,2026-09-28T11:53:54.672+00:00,217.128,absent,4215.4,"{""state"":""absent"",""devices"":[]}",absent,absent,25.5,29.4,List of devices attached | emulator-5568          offline transport_id:1335,
2026-09-28T11:53:55.617+00:00,2026-09-28T11:53:55.666+00:00,218.123,absent,4215.4,"{""state"":""absent"",""devices"":[]}",absent,absent,25.6,23.2,List of devices attached,
2026-09-28T11:53:56.618+00:00,2026-09-28T11:53:56.666+00:00,219.122,absent,4215.4,"{""state"":""absent"",""devices"":[]}",absent,absent,26.3,21.9,List of devices attached,
2026-09-28T11:53:57.618+00:00,2026-09-28T11:53:57.664+00:00,220.121,absent,4215.4,"{""state"":""absent"",""devices"":[]}",absent,absent,26.1,20.5,List of devices attached,
2026-09-28T11:53:58.618+00:00,2026-09-28T11:53:58.671+00:00,221.127,absent,3685.5,"{""state"":""absent"",""devices"":[]}",absent,absent,24.5,27.9,List of devices attached,
2026-09-28T11:53:59.619+00:00,2026-09-28T11:53:59.666+00:00,222.122,absent,3685.5,"{""state"":""absent"",""devices"":[]}",absent,absent,25.1,21.6,List of devices attached | emulator-5568          offline transport_id:1339,
2026-09-28T11:54:00.619+00:00,2026-09-28T11:54:00.669+00:00,223.125,absent,3685.5,"{""state"":""absent"",""devices"":[]}",absent,absent,27.1,22.4,List of devices attached,
2026-09-28T11:54:01.619+00:00,2026-09-28T11:54:01.665+00:00,224.122,absent,3685.5,"{""state"":""absent"",""devices"":[]}",absent,absent,24.4,21.6,List of devices attached,
2026-09-28T11:54:02.620+00:00,2026-09-28T11:54:02.666+00:00,225.123,absent,3725.4,"{""state"":""absent"",""devices"":[]}",absent,absent,24.4,21.6,List of devices attached,
2026-09-28T11:54:03.620+00:00,2026-09-28T11:54:03.685+00:00,226.141,absent,3725.4,"{""state"":""absent"",""devices"":[]}",absent,absent,25.7,38.5,List of devices attached | emulator-5568          offline transport_id:1342,
2026-09-28T11:54:04.621+00:00,2026-09-28T11:54:04.668+00:00,227.125,absent,3725.4,"{""state"":""absent"",""devices"":[]}",absent,absent,25.1,22.4,List of devices attached,
2026-09-28T11:54:05.621+00:00,2026-09-28T11:54:05.673+00:00,228.130,absent,3725.4,"{""state"":""absent"",""devices"":[]}",absent,absent,30.2,21.9,List of devices attached,
2026-09-28T11:54:06.621+00:00,2026-09-28T11:54:06.667+00:00,229.124,absent,3712.3,"{""state"":""absent"",""devices"":[]}",absent,absent,23.8,21.8,List of devices attached,
2026-09-28T11:54:07.621+00:00,2026-09-28T11:54:07.677+00:00,230.134,absent,3712.3,"{""state"":""absent"",""devices"":[]}",absent,absent,23.5,32.2,List of devices attached,
2026-09-28T11:54:08.622+00:00,2026-09-28T11:54:08.670+00:00,231.127,absent,3712.3,"{""state"":""absent"",""devices"":[]}",absent,absent,25.0,23.5,List of devices attached | emulator-5568          offline transport_id:1346,
2026-09-28T11:54:09.622+00:00,2026-09-28T11:54:09.676+00:00,232.133,absent,3712.3,"{""state"":""absent"",""devices"":[]}",absent,absent,23.4,30.6,List of devices attached,
2026-09-28T11:54:10.622+00:00,2026-09-28T11:54:10.667+00:00,233.124,absent,3717.5,"{""state"":""absent"",""devices"":[]}",absent,absent,23.6,21.3,List of devices attached,
2026-09-28T11:54:11.623+00:00,2026-09-28T11:54:11.668+00:00,234.124,absent,3717.5,"{""state"":""absent"",""devices"":[]}",absent,absent,23.2,21.8,List of devices attached,
2026-09-28T11:54:12.623+00:00,2026-09-28T11:54:12.675+00:00,235.131,absent,3717.5,"{""state"":""absent"",""devices"":[]}",absent,absent,25.1,26.5,List of devices attached,
2026-09-28T11:54:13.623+00:00,2026-09-28T11:54:13.668+00:00,236.125,absent,3717.5,"{""state"":""absent"",""devices"":[]}",absent,absent,23.1,21.8,List of devices attached | emulator-5568          offline transport_id:1350,
2026-09-28T11:54:14.623+00:00,2026-09-28T11:54:14.673+00:00,237.130,absent,3687.7,"{""state"":""absent"",""devices"":[]}",absent,absent,23.8,26.0,List of devices attached,
2026-09-28T11:54:15.624+00:00,2026-09-28T11:54:15.668+00:00,238.125,absent,3687.7,"{""state"":""absent"",""devices"":[]}",absent,absent,23.6,21.1,List of devices attached,
2026-09-28T11:54:16.624+00:00,2026-09-28T11:54:16.675+00:00,239.132,absent,3687.7,"{""state"":""absent"",""devices"":[]}",absent,absent,24.3,26.4,List of devices attached,
2026-09-28T11:54:17.625+00:00,2026-09-28T11:54:17.671+00:00,240.127,absent,3687.7,"{""state"":""absent"",""devices"":[]}",absent,absent,24.1,22.0,List of devices attached | emulator-5568          offline transport_id:1353,
2026-09-28T11:54:18.625+00:00,2026-09-28T11:54:18.671+00:00,241.127,absent,3751.3,"{""state"":""absent"",""devices"":[]}",absent,absent,23.7,22.1,List of devices attached,
2026-09-28T11:54:19.625+00:00,2026-09-28T11:54:19.671+00:00,242.128,absent,3751.3,"{""state"":""absent"",""devices"":[]}",absent,absent,23.2,22.8,List of devices attached,
2026-09-28T11:54:20.625+00:00,2026-09-28T11:54:20.672+00:00,243.129,absent,3751.3,"{""state"":""absent"",""devices"":[]}",absent,absent,24.3,22.5,List of devices attached,
2026-09-28T11:54:21.626+00:00,2026-09-28T11:54:21.671+00:00,244.128,absent,3751.3,"{""state"":""absent"",""devices"":[]}",absent,absent,23.4,21.6,List of devices attached,
2026-09-28T11:54:22.626+00:00,2026-09-28T11:54:22.672+00:00,245.129,absent,3596.0,"{""state"":""absent"",""devices"":[]}",absent,absent,24.6,21.4,List of devices attached | emulator-5568          offline transport_id:1357,
2026-09-28T11:54:23.627+00:00,2026-09-28T11:54:23.674+00:00,246.130,absent,3596.0,"{""state"":""absent"",""devices"":[]}",absent,absent,25.0,22.0,List of devices attached,
2026-09-28T11:54:24.627+00:00,2026-09-28T11:54:24.678+00:00,247.134,absent,3596.0,"{""state"":""absent"",""devices"":[]}",absent,absent,25.2,25.5,List of devices attached,
2026-09-28T11:54:25.627+00:00,2026-09-28T11:54:25.672+00:00,248.129,absent,3596.0,"{""state"":""absent"",""devices"":[]}",absent,absent,23.2,21.9,List of devices attached,
2026-09-28T11:54:26.628+00:00,2026-09-28T11:54:26.672+00:00,249.129,absent,3701.9,"{""state"":""absent"",""devices"":[]}",absent,absent,23.7,20.8,List of devices attached,
2026-09-28T11:54:27.628+00:00,2026-09-28T11:54:27.674+00:00,250.131,absent,3701.9,"{""state"":""absent"",""devices"":[]}",absent,absent,24.6,21.3,List of devices attached,
2026-09-28T11:54:28.628+00:00,2026-09-28T11:54:28.678+00:00,251.134,absent,3701.9,"{""state"":""absent"",""devices"":[]}",absent,absent,26.6,22.6,List of devices attached,
2026-09-28T11:54:29.629+00:00,2026-09-28T11:54:29.674+00:00,252.131,absent,3701.9,"{""state"":""absent"",""devices"":[]}",absent,absent,24.0,21.3,List of devices attached,
2026-09-28T11:54:30.629+00:00,2026-09-28T11:54:30.676+00:00,253.133,absent,3720.0,"{""state"":""absent"",""devices"":[]}",absent,absent,24.2,23.0,List of devices attached,
2026-09-28T11:54:31.630+00:00,2026-09-28T11:54:31.678+00:00,254.135,absent,3720.0,"{""state"":""absent"",""devices"":[]}",absent,absent,25.1,23.3,List of devices attached | emulator-5568          offline transport_id:1364,
2026-09-28T11:54:32.630+00:00,2026-09-28T11:54:32.680+00:00,255.136,absent,3720.0,"{""state"":""absent"",""devices"":[]}",absent,absent,27.2,22.7,List of devices attached,
2026-09-28T11:54:33.630+00:00,2026-09-28T11:54:33.675+00:00,256.131,absent,3720.0,"{""state"":""absent"",""devices"":[]}",absent,absent,24.0,20.5,List of devices attached,
2026-09-28T11:54:34.630+00:00,2026-09-28T11:54:34.677+00:00,257.134,absent,3767.1,"{""state"":""absent"",""devices"":[]}",absent,absent,24.9,22.2,List of devices attached,
2026-09-28T11:54:35.631+00:00,2026-09-28T11:54:35.678+00:00,258.135,absent,3767.1,"{""state"":""absent"",""devices"":[]}",absent,absent,25.6,21.6,List of devices attached,
2026-09-28T11:54:36.631+00:00,2026-09-28T11:54:36.682+00:00,259.138,absent,3767.1,"{""state"":""absent"",""devices"":[]}",absent,absent,27.7,23.2,List of devices attached | emulator-5568          offline transport_id:1368,
2026-09-28T11:54:37.631+00:00,2026-09-28T11:54:37.677+00:00,260.134,absent,3767.1,"{""state"":""absent"",""devices"":[]}",absent,absent,24.4,21.6,List of devices attached,
2026-09-28T11:54:38.631+00:00,2026-09-28T11:54:38.679+00:00,261.135,absent,3688.6,"{""state"":""absent"",""devices"":[]}",absent,absent,24.5,22.8,List of devices attached,
2026-09-28T11:54:39.632+00:00,2026-09-28T11:54:39.677+00:00,262.134,absent,3688.6,"{""state"":""absent"",""devices"":[]}",absent,absent,24.7,20.6,List of devices attached,
2026-09-28T11:54:40.632+00:00,2026-09-28T11:54:40.681+00:00,263.137,absent,3688.6,"{""state"":""absent"",""devices"":[]}",absent,absent,26.8,21.8,List of devices attached | emulator-5568          offline transport_id:1371,
2026-09-28T11:54:41.632+00:00,2026-09-28T11:54:41.692+00:00,264.149,absent,3688.6,"{""state"":""absent"",""devices"":[]}",absent,absent,38.2,22.1,List of devices attached,
2026-09-28T11:54:42.632+00:00,2026-09-28T11:54:42.678+00:00,265.135,absent,3670.7,"{""state"":""absent"",""devices"":[]}",absent,absent,23.6,22.1,List of devices attached,
2026-09-28T11:54:43.632+00:00,2026-09-28T11:54:43.678+00:00,266.135,absent,3670.7,"{""state"":""absent"",""devices"":[]}",absent,absent,25.0,21.0,List of devices attached,
2026-09-28T11:54:44.632+00:00,2026-09-28T11:54:44.699+00:00,267.156,absent,3670.7,"{""state"":""absent"",""devices"":[]}",absent,absent,41.3,25.3,List of devices attached,
2026-09-28T11:54:45.633+00:00,2026-09-28T11:54:45.683+00:00,268.139,absent,3670.7,"{""state"":""absent"",""devices"":[]}",absent,absent,27.1,23.0,List of devices attached | emulator-5568          offline transport_id:1375,
2026-09-28T11:54:46.633+00:00,2026-09-28T11:54:46.695+00:00,269.152,absent,3723.3,"{""state"":""absent"",""devices"":[]}",absent,absent,38.5,23.8,List of devices attached,
2026-09-28T11:54:47.634+00:00,2026-09-28T11:54:47.679+00:00,270.136,absent,3723.3,"{""state"":""absent"",""devices"":[]}",absent,absent,24.5,20.8,List of devices attached,
2026-09-28T11:54:48.634+00:00,2026-09-28T11:54:48.682+00:00,271.139,absent,3723.3,"{""state"":""absent"",""devices"":[]}",absent,absent,26.7,21.9,List of devices attached,
2026-09-28T11:54:49.634+00:00,2026-09-28T11:54:49.679+00:00,272.135,absent,3723.3,"{""state"":""absent"",""devices"":[]}",absent,absent,24.5,20.3,List of devices attached,
2026-09-28T11:54:50.634+00:00,2026-09-28T11:54:50.679+00:00,273.136,absent,3747.3,"{""state"":""absent"",""devices"":[]}",absent,absent,24.3,20.4,List of devices attached | emulator-5568          offline transport_id:1379,
2026-09-28T11:54:51.635+00:00,2026-09-28T11:54:51.696+00:00,274.153,absent,3747.3,"{""state"":""absent"",""devices"":[]}",absent,absent,39.8,22.1,List of devices attached,
2026-09-28T11:54:52.635+00:00,2026-09-28T11:54:52.684+00:00,275.141,absent,3747.3,"{""state"":""absent"",""devices"":[]}",absent,absent,27.2,22.4,List of devices attached,
2026-09-28T11:54:53.635+00:00,2026-09-28T11:54:53.682+00:00,276.138,absent,3747.3,"{""state"":""absent"",""devices"":[]}",absent,absent,25.4,21.1,List of devices attached,
2026-09-28T11:54:54.635+00:00,2026-09-28T11:54:54.682+00:00,277.139,absent,3703.0,"{""state"":""absent"",""devices"":[]}",absent,absent,25.2,21.5,List of devices attached,
2026-09-28T11:54:55.636+00:00,2026-09-28T11:54:55.692+00:00,278.148,absent,3703.0,"{""state"":""absent"",""devices"":[]}",absent,absent,34.5,21.5,List of devices attached | emulator-5568          offline transport_id:1383,
2026-09-28T11:54:56.636+00:00,2026-09-28T11:54:56.685+00:00,279.142,absent,3703.0,"{""state"":""absent"",""devices"":[]}",absent,absent,27.1,21.8,List of devices attached,
2026-09-28T11:54:57.637+00:00,2026-09-28T11:54:57.684+00:00,280.140,absent,3703.0,"{""state"":""absent"",""devices"":[]}",absent,absent,25.6,21.6,List of devices attached,
2026-09-28T11:54:58.637+00:00,2026-09-28T11:54:58.692+00:00,281.149,absent,3787.8,"{""state"":""absent"",""devices"":[]}",absent,absent,32.6,22.7,List of devices attached,
2026-09-28T11:54:59.637+00:00,2026-09-28T11:54:59.686+00:00,282.143,absent,3787.8,"{""state"":""absent"",""devices"":[]}",absent,absent,26.2,22.7,List of devices attached | emulator-5568          offline transport_id:1386,
2026-09-28T11:55:00.638+00:00,2026-09-28T11:55:00.689+00:00,283.146,absent,3787.8,"{""state"":""absent"",""devices"":[]}",absent,absent,28.7,22.9,List of devices attached,
2026-09-28T11:55:01.638+00:00,2026-09-28T11:55:01.684+00:00,284.141,absent,3787.8,"{""state"":""absent"",""devices"":[]}",absent,absent,24.7,21.8,List of devices attached,
2026-09-28T11:55:02.638+00:00,2026-09-28T11:55:02.684+00:00,285.141,absent,3698.7,"{""state"":""absent"",""devices"":[]}",absent,absent,25.4,20.7,List of devices attached,
2026-09-28T11:55:03.639+00:00,2026-09-28T11:55:03.686+00:00,286.143,absent,3698.7,"{""state"":""absent"",""devices"":[]}",absent,absent,25.4,22.1,List of devices attached,
2026-09-28T11:55:04.639+00:00,2026-09-28T11:55:04.703+00:00,287.160,absent,3698.7,"{""state"":""absent"",""devices"":[]}",absent,absent,27.5,36.4,List of devices attached | emulator-5568          offline transport_id:1390,
2026-09-28T11:55:05.639+00:00,2026-09-28T11:55:05.696+00:00,288.153,absent,3698.7,"{""state"":""absent"",""devices"":[]}",absent,absent,34.5,22.9,List of devices attached,
2026-09-28T11:55:06.639+00:00,2026-09-28T11:55:06.685+00:00,289.142,absent,3747.1,"{""state"":""absent"",""devices"":[]}",absent,absent,25.3,20.7,List of devices attached,
2026-09-28T11:55:07.640+00:00,2026-09-28T11:55:07.687+00:00,290.144,absent,3747.1,"{""state"":""absent"",""devices"":[]}",absent,absent,26.3,21.2,List of devices attached,
2026-09-28T11:55:08.640+00:00,2026-09-28T11:55:08.689+00:00,291.146,absent,3747.1,"{""state"":""absent"",""devices"":[]}",absent,absent,26.9,22.2,List of devices attached,
2026-09-28T11:55:09.640+00:00,2026-09-28T11:55:09.688+00:00,292.145,absent,3747.1,"{""state"":""absent"",""devices"":[]}",absent,absent,25.3,22.1,List of devices attached | emulator-5568          offline transport_id:1394,
2026-09-28T11:55:10.641+00:00,2026-09-28T11:55:10.688+00:00,293.144,absent,3610.7,"{""state"":""absent"",""devices"":[]}",absent,absent,25.6,21.0,List of devices attached,
2026-09-28T11:55:11.641+00:00,2026-09-28T11:55:11.696+00:00,294.153,absent,3610.7,"{""state"":""absent"",""devices"":[]}",absent,absent,33.3,22.0,List of devices attached,
2026-09-28T11:55:12.642+00:00,2026-09-28T11:55:12.688+00:00,295.144,absent,3610.7,"{""state"":""absent"",""devices"":[]}",absent,absent,25.2,20.8,List of devices attached,
2026-09-28T11:55:13.642+00:00,2026-09-28T11:55:13.695+00:00,296.152,absent,3610.7,"{""state"":""absent"",""devices"":[]}",absent,absent,30.9,22.2,List of devices attached | emulator-5568          offline transport_id:1397,
2026-09-28T11:55:14.642+00:00,2026-09-28T11:55:14.691+00:00,297.147,absent,3666.1,"{""state"":""absent"",""devices"":[]}",absent,absent,26.7,21.8,List of devices attached,
2026-09-28T11:55:15.643+00:00,2026-09-28T11:55:15.693+00:00,298.149,absent,3666.1,"{""state"":""absent"",""devices"":[]}",absent,absent,28.1,21.9,List of devices attached,
2026-09-28T11:55:16.643+00:00,2026-09-28T11:55:16.691+00:00,299.148,absent,3666.1,"{""state"":""absent"",""devices"":[]}",absent,absent,26.8,21.2,List of devices attached,
2026-09-28T11:55:17.643+00:00,2026-09-28T11:55:17.705+00:00,300.162,absent,3666.1,"{""state"":""absent"",""devices"":[]}",absent,absent,41.1,20.5,List of devices attached,
2026-09-28T11:55:18.643+00:00,2026-09-28T11:55:18.693+00:00,301.149,absent,3470.9,"{""state"":""absent"",""devices"":[]}",absent,absent,26.2,22.9,List of devices attached | emulator-5568          offline transport_id:1401,
2026-09-28T11:55:19.644+00:00,2026-09-28T11:55:19.694+00:00,302.150,absent,3470.9,"{""state"":""absent"",""devices"":[]}",absent,absent,26.9,22.6,List of devices attached,
2026-09-28T11:55:20.644+00:00,2026-09-28T11:55:20.691+00:00,303.148,absent,3470.9,"{""state"":""absent"",""devices"":[]}",absent,absent,24.7,22.5,List of devices attached,
2026-09-28T11:55:21.645+00:00,2026-09-28T11:55:21.702+00:00,304.159,absent,3470.9,"{""state"":""absent"",""devices"":[]}",absent,absent,25.1,32.1,List of devices attached,
2026-09-28T11:55:22.645+00:00,2026-09-28T11:55:22.694+00:00,305.151,absent,3443.2,"{""state"":""absent"",""devices"":[]}",absent,absent,27.3,21.7,List of devices attached,
2026-09-28T11:55:23.645+00:00,2026-09-28T11:55:23.706+00:00,306.163,absent,3443.2,"{""state"":""absent"",""devices"":[]}",absent,absent,25.8,34.8,List of devices attached | emulator-5568          offline transport_id:1405,
2026-09-28T11:55:24.646+00:00,2026-09-28T11:55:24.696+00:00,307.152,absent,3443.2,"{""state"":""absent"",""devices"":[]}",absent,absent,27.0,23.2,List of devices attached,
2026-09-28T11:55:25.646+00:00,2026-09-28T11:55:25.703+00:00,308.159,absent,3443.2,"{""state"":""absent"",""devices"":[]}",absent,absent,25.5,31.1,List of devices attached,
2026-09-28T11:55:26.646+00:00,2026-09-28T11:55:26.695+00:00,309.152,absent,3499.8,"{""state"":""absent"",""devices"":[]}",absent,absent,27.5,21.6,List of devices attached,
2026-09-28T11:55:27.647+00:00,2026-09-28T11:55:27.695+00:00,310.152,absent,3499.8,"{""state"":""absent"",""devices"":[]}",absent,absent,26.9,21.4,List of devices attached | emulator-5568          offline transport_id:1408,
2026-09-28T11:55:28.647+00:00,2026-09-28T11:55:28.696+00:00,311.152,absent,3499.8,"{""state"":""absent"",""devices"":[]}",absent,absent,26.8,21.9,List of devices attached,
2026-09-28T11:55:29.647+00:00,2026-09-28T11:55:29.694+00:00,312.151,absent,3499.8,"{""state"":""absent"",""devices"":[]}",absent,absent,25.3,21.4,List of devices attached,
2026-09-28T11:55:30.648+00:00,2026-09-28T11:55:30.698+00:00,313.155,absent,3417.7,"{""state"":""absent"",""devices"":[]}",absent,absent,28.0,22.5,List of devices attached,
2026-09-28T11:55:31.648+00:00,2026-09-28T11:55:31.695+00:00,314.151,absent,3417.7,"{""state"":""absent"",""devices"":[]}",absent,absent,24.9,21.7,List of devices attached,
2026-09-28T11:55:32.648+00:00,2026-09-28T11:55:32.702+00:00,315.159,absent,3417.7,"{""state"":""absent"",""devices"":[]}",absent,absent,28.9,24.6,List of devices attached | emulator-5568          offline transport_id:1412,
2026-09-28T11:55:33.649+00:00,2026-09-28T11:55:33.696+00:00,316.153,absent,3417.7,"{""state"":""absent"",""devices"":[]}",absent,absent,25.9,21.8,List of devices attached,
2026-09-28T11:55:34.649+00:00,2026-09-28T11:55:34.697+00:00,317.154,absent,3481.1,"{""state"":""absent"",""devices"":[]}",absent,absent,26.1,22.0,List of devices attached,
2026-09-28T11:55:35.649+00:00,2026-09-28T11:55:35.698+00:00,318.155,absent,3481.1,"{""state"":""absent"",""devices"":[]}",absent,absent,26.8,21.7,List of devices attached,
2026-09-28T11:55:36.650+00:00,2026-09-28T11:55:36.705+00:00,319.162,absent,3481.1,"{""state"":""absent"",""devices"":[]}",absent,absent,25.8,29.3,List of devices attached,
2026-09-28T11:55:37.650+00:00,2026-09-28T11:55:37.697+00:00,320.154,absent,3481.1,"{""state"":""absent"",""devices"":[]}",absent,absent,25.8,21.2,List of devices attached | emulator-5568          offline transport_id:1416,
2026-09-28T11:55:38.650+00:00,2026-09-28T11:55:38.697+00:00,321.154,absent,3371.3,"{""state"":""absent"",""devices"":[]}",absent,absent,24.1,22.6,List of devices attached,
2026-09-28T11:55:39.651+00:00,2026-09-28T11:55:39.699+00:00,322.155,absent,3371.3,"{""state"":""absent"",""devices"":[]}",absent,absent,24.9,23.1,List of devices attached,
2026-09-28T11:55:40.651+00:00,2026-09-28T11:55:40.698+00:00,323.155,absent,3371.3,"{""state"":""absent"",""devices"":[]}",absent,absent,24.1,22.9,List of devices attached,
2026-09-28T11:55:41.652+00:00,2026-09-28T11:55:41.697+00:00,324.154,absent,3371.3,"{""state"":""absent"",""devices"":[]}",absent,absent,23.7,21.6,List of devices attached | emulator-5568          offline transport_id:1419,
2026-09-28T11:55:42.652+00:00,2026-09-28T11:55:42.708+00:00,325.164,absent,3425.5,"{""state"":""absent"",""devices"":[]}",absent,absent,25.2,30.6,List of devices attached,
2026-09-28T11:55:43.652+00:00,2026-09-28T11:55:43.700+00:00,326.157,absent,3425.5,"{""state"":""absent"",""devices"":[]}",absent,absent,25.1,22.8,List of devices attached,
2026-09-28T11:55:44.652+00:00,2026-09-28T11:55:44.705+00:00,327.162,absent,3425.5,"{""state"":""absent"",""devices"":[]}",absent,absent,24.9,28.2,List of devices attached,
2026-09-28T11:55:45.653+00:00,2026-09-28T11:55:45.699+00:00,328.156,absent,3425.5,"{""state"":""absent"",""devices"":[]}",absent,absent,25.3,21.5,List of devices attached,
2026-09-28T11:55:46.653+00:00,2026-09-28T11:55:46.718+00:00,329.175,absent,3397.3,"{""state"":""absent"",""devices"":[]}",absent,absent,27.5,37.4,List of devices attached | emulator-5568          offline transport_id:1423,
2026-09-28T11:55:47.653+00:00,2026-09-28T11:55:47.700+00:00,330.156,absent,3397.3,"{""state"":""absent"",""devices"":[]}",absent,absent,24.6,21.9,List of devices attached,
2026-09-28T11:55:48.653+00:00,2026-09-28T11:55:48.704+00:00,331.161,absent,3397.3,"{""state"":""absent"",""devices"":[]}",absent,absent,28.6,22.0,List of devices attached,
2026-09-28T11:55:49.654+00:00,2026-09-28T11:55:49.704+00:00,332.160,absent,3397.3,"{""state"":""absent"",""devices"":[]}",absent,absent,25.1,24.9,List of devices attached,
2026-09-28T11:55:50.654+00:00,2026-09-28T11:55:50.704+00:00,333.161,absent,3408.3,"{""state"":""absent"",""devices"":[]}",absent,absent,27.4,23.1,List of devices attached,
2026-09-28T11:55:51.654+00:00,2026-09-28T11:55:51.702+00:00,334.159,absent,3408.3,"{""state"":""absent"",""devices"":[]}",absent,absent,25.9,22.2,List of devices attached | emulator-5568          offline transport_id:1427,
2026-09-28T11:55:52.654+00:00,2026-09-28T11:55:52.712+00:00,335.169,absent,3408.3,"{""state"":""absent"",""devices"":[]}",absent,absent,24.7,33.1,List of devices attached,
2026-09-28T11:55:53.654+00:00,2026-09-28T11:55:53.702+00:00,336.158,absent,3408.3,"{""state"":""absent"",""devices"":[]}",absent,absent,24.6,22.4,List of devices attached,
2026-09-28T11:55:54.655+00:00,2026-09-28T11:55:54.704+00:00,337.160,absent,3467.0,"{""state"":""absent"",""devices"":[]}",absent,absent,25.9,22.9,List of devices attached,
2026-09-28T11:55:55.655+00:00,2026-09-28T11:55:55.703+00:00,338.159,absent,3467.0,"{""state"":""absent"",""devices"":[]}",absent,absent,24.2,22.9,List of devices attached | emulator-5568          offline transport_id:1430,
2026-09-28T11:55:56.656+00:00,2026-09-28T11:55:56.702+00:00,339.159,absent,3467.0,"{""state"":""absent"",""devices"":[]}",absent,absent,23.9,22.4,List of devices attached,
2026-09-28T11:55:57.656+00:00,2026-09-28T11:55:57.703+00:00,340.160,absent,3467.0,"{""state"":""absent"",""devices"":[]}",absent,absent,25.3,21.8,List of devices attached,
2026-09-28T11:55:58.656+00:00,2026-09-28T11:55:58.708+00:00,341.165,absent,3554.5,"{""state"":""absent"",""devices"":[]}",absent,absent,26.7,25.1,List of devices attached,
2026-09-28T11:55:59.657+00:00,2026-09-28T11:55:59.704+00:00,342.160,absent,3554.5,"{""state"":""absent"",""devices"":[]}",absent,absent,25.0,21.7,List of devices attached,
2026-09-28T11:56:00.657+00:00,2026-09-28T11:56:00.706+00:00,343.163,absent,3554.5,"{""state"":""absent"",""devices"":[]}",absent,absent,26.5,22.1,List of devices attached | emulator-5568          offline transport_id:1434,
2026-09-28T11:56:01.658+00:00,2026-09-28T11:56:01.704+00:00,344.161,absent,3554.5,"{""state"":""absent"",""devices"":[]}",absent,absent,24.6,21.7,List of devices attached,
2026-09-28T11:56:02.658+00:00,2026-09-28T11:56:02.718+00:00,345.174,absent,3400.9,"{""state"":""absent"",""devices"":[]}",absent,absent,25.1,34.6,List of devices attached,
2026-09-28T11:56:03.658+00:00,2026-09-28T11:56:03.706+00:00,346.163,absent,3400.9,"{""state"":""absent"",""devices"":[]}",absent,absent,25.9,21.8,List of devices attached,
2026-09-28T11:56:04.659+00:00,2026-09-28T11:56:04.711+00:00,347.168,absent,3400.9,"{""state"":""absent"",""devices"":[]}",absent,absent,27.2,25.3,List of devices attached,
2026-09-28T11:56:05.659+00:00,2026-09-28T11:56:05.717+00:00,348.174,absent,3400.9,"{""state"":""absent"",""devices"":[]}",absent,absent,26.2,31.7,List of devices attached | emulator-5568          offline transport_id:1438,
2026-09-28T11:56:06.660+00:00,2026-09-28T11:56:06.708+00:00,349.164,absent,3457.8,"{""state"":""absent"",""devices"":[]}",absent,absent,26.6,21.3,List of devices attached,
2026-09-28T11:56:07.660+00:00,2026-09-28T11:56:07.707+00:00,350.163,absent,3457.8,"{""state"":""absent"",""devices"":[]}",absent,absent,24.3,22.2,List of devices attached,
2026-09-28T11:56:08.660+00:00,2026-09-28T11:56:08.708+00:00,351.165,absent,3457.8,"{""state"":""absent"",""devices"":[]}",absent,absent,25.2,22.3,List of devices attached,
2026-09-28T11:56:09.660+00:00,2026-09-28T11:56:09.709+00:00,352.166,absent,3457.8,"{""state"":""absent"",""devices"":[]}",absent,absent,26.7,22.0,List of devices attached,
2026-09-28T11:56:10.661+00:00,2026-09-28T11:56:10.707+00:00,353.164,absent,3401.1,"{""state"":""absent"",""devices"":[]}",absent,absent,23.8,22.4,List of devices attached | emulator-5568          offline transport_id:1442,
2026-09-28T11:56:11.661+00:00,2026-09-28T11:56:11.707+00:00,354.163,absent,3401.1,"{""state"":""absent"",""devices"":[]}",absent,absent,24.7,20.6,List of devices attached,
2026-09-28T11:56:12.662+00:00,2026-09-28T11:56:12.708+00:00,355.164,absent,3401.1,"{""state"":""absent"",""devices"":[]}",absent,absent,25.0,21.0,List of devices attached,
2026-09-28T11:56:13.662+00:00,2026-09-28T11:56:13.718+00:00,356.174,absent,3401.1,"{""state"":""absent"",""devices"":[]}",absent,absent,24.1,31.6,List of devices attached,
2026-09-28T11:56:14.662+00:00,2026-09-28T11:56:14.716+00:00,357.173,absent,3319.5,"{""state"":""absent"",""devices"":[]}",absent,absent,26.2,28.0,List of devices attached | emulator-5568          offline transport_id:1445,
2026-09-28T11:56:15.662+00:00,2026-09-28T11:56:15.709+00:00,358.165,absent,3319.5,"{""state"":""absent"",""devices"":[]}",absent,absent,24.8,21.4,List of devices attached,
2026-09-28T11:56:16.663+00:00,2026-09-28T11:56:16.710+00:00,359.167,absent,3319.5,"{""state"":""absent"",""devices"":[]}",absent,absent,26.3,20.9,List of devices attached,
2026-09-28T11:56:17.663+00:00,2026-09-28T11:56:17.708+00:00,360.165,absent,3319.5,"{""state"":""absent"",""devices"":[]}",absent,absent,23.7,21.2,List of devices attached,
2026-09-28T11:56:18.663+00:00,2026-09-28T11:56:18.708+00:00,361.165,absent,3492.8,"{""state"":""absent"",""devices"":[]}",absent,absent,24.3,20.8,List of devices attached,
2026-09-28T11:56:19.663+00:00,2026-09-28T11:56:19.711+00:00,362.168,absent,3492.8,"{""state"":""absent"",""devices"":[]}",absent,absent,25.6,21.9,List of devices attached | emulator-5568          offline transport_id:1449,
2026-09-28T11:56:20.664+00:00,2026-09-28T11:56:20.726+00:00,363.183,absent,3492.8,"{""state"":""absent"",""devices"":[]}",absent,absent,39.3,23.0,List of devices attached,
2026-09-28T11:56:21.664+00:00,2026-09-28T11:56:21.711+00:00,364.168,absent,3492.8,"{""state"":""absent"",""devices"":[]}",absent,absent,25.4,21.8,List of devices attached,
2026-09-28T11:56:22.664+00:00,2026-09-28T11:56:22.713+00:00,365.170,absent,3460.5,"{""state"":""absent"",""devices"":[]}",absent,absent,26.6,22.1,List of devices attached,
2026-09-28T11:56:23.665+00:00,2026-09-28T11:56:23.712+00:00,366.169,absent,3460.5,"{""state"":""absent"",""devices"":[]}",absent,absent,25.4,21.5,List of devices attached,
2026-09-28T11:56:24.665+00:00,2026-09-28T11:56:24.714+00:00,367.171,absent,3460.5,"{""state"":""absent"",""devices"":[]}",absent,absent,25.7,23.0,List of devices attached | emulator-5568          offline transport_id:1453,
2026-09-28T11:56:25.666+00:00,2026-09-28T11:56:25.713+00:00,368.169,absent,3460.5,"{""state"":""absent"",""devices"":[]}",absent,absent,25.4,21.3,List of devices attached,
2026-09-28T11:56:26.666+00:00,2026-09-28T11:56:26.714+00:00,369.170,absent,3580.5,"{""state"":""absent"",""devices"":[]}",absent,absent,26.8,20.9,List of devices attached,
2026-09-28T11:56:27.666+00:00,2026-09-28T11:56:27.717+00:00,370.174,absent,3580.5,"{""state"":""absent"",""devices"":[]}",absent,absent,25.0,26.1,List of devices attached,
2026-09-28T11:56:28.667+00:00,2026-09-28T11:56:28.714+00:00,371.170,absent,3580.5,"{""state"":""absent"",""devices"":[]}",absent,absent,26.1,21.1,List of devices attached | emulator-5568          offline transport_id:1456,
2026-09-28T11:56:29.667+00:00,2026-09-28T11:56:29.726+00:00,372.182,absent,3580.5,"{""state"":""absent"",""devices"":[]}",absent,absent,36.3,22.3,List of devices attached,
2026-09-28T11:56:30.667+00:00,2026-09-28T11:56:30.714+00:00,373.170,absent,3630.6,"{""state"":""absent"",""devices"":[]}",absent,absent,24.1,22.1,List of devices attached,
2026-09-28T11:56:31.668+00:00,2026-09-28T11:56:31.714+00:00,374.171,absent,3630.6,"{""state"":""absent"",""devices"":[]}",absent,absent,25.6,20.7,List of devices attached,
2026-09-28T11:56:32.668+00:00,2026-09-28T11:56:32.717+00:00,375.173,absent,3630.6,"{""state"":""absent"",""devices"":[]}",absent,absent,26.3,22.5,List of devices attached,
2026-09-28T11:56:33.668+00:00,2026-09-28T11:56:33.713+00:00,376.170,absent,3630.6,"{""state"":""absent"",""devices"":[]}",absent,absent,24.6,20.6,List of devices attached | emulator-5568          offline transport_id:1460,
2026-09-28T11:56:34.668+00:00,2026-09-28T11:56:34.715+00:00,377.172,absent,3850.2,"{""state"":""absent"",""devices"":[]}",absent,absent,26.2,20.9,List of devices attached,
2026-09-28T11:56:35.668+00:00,2026-09-28T11:56:35.717+00:00,378.173,absent,3850.2,"{""state"":""absent"",""devices"":[]}",absent,absent,26.1,22.0,List of devices attached,
2026-09-28T11:56:36.668+00:00,2026-09-28T11:56:36.716+00:00,379.172,absent,3850.2,"{""state"":""absent"",""devices"":[]}",absent,absent,25.8,21.4,List of devices attached,
2026-09-28T11:56:37.669+00:00,2026-09-28T11:56:37.726+00:00,380.182,absent,3850.2,"{""state"":""absent"",""devices"":[]}",absent,absent,35.2,21.6,List of devices attached,
2026-09-28T11:56:38.669+00:00,2026-09-28T11:56:38.727+00:00,381.183,absent,3777.0,"{""state"":""absent"",""devices"":[]}",absent,absent,33.3,24.1,List of devices attached | emulator-5568          offline transport_id:1464,
2026-09-28T11:56:39.669+00:00,2026-09-28T11:56:39.716+00:00,382.173,absent,3777.0,"{""state"":""absent"",""devices"":[]}",absent,absent,26.5,20.4,List of devices attached,
2026-09-28T11:56:40.670+00:00,2026-09-28T11:56:40.740+00:00,383.196,absent,3777.0,"{""state"":""absent"",""devices"":[]}",absent,absent,47.9,22.2,List of devices attached,
2026-09-28T11:56:41.670+00:00,2026-09-28T11:56:41.717+00:00,384.174,absent,3777.0,"{""state"":""absent"",""devices"":[]}",absent,absent,26.0,21.1,List of devices attached,
2026-09-28T11:56:42.670+00:00,2026-09-28T11:56:42.719+00:00,385.175,absent,3115.0,"{""state"":""absent"",""devices"":[]}",absent,absent,26.5,22.0,List of devices attached | emulator-5568          offline transport_id:1467,
2026-09-28T11:56:43.671+00:00,2026-09-28T11:56:43.729+00:00,386.185,absent,3115.0,"{""state"":""absent"",""devices"":[]}",absent,absent,36.0,22.1,List of devices attached,
2026-09-28T11:56:44.671+00:00,2026-09-28T11:56:44.717+00:00,387.174,absent,3115.0,"{""state"":""absent"",""devices"":[]}",absent,absent,24.7,21.3,List of devices attached,
2026-09-28T11:56:45.671+00:00,2026-09-28T11:56:45.717+00:00,388.173,absent,3115.0,"{""state"":""absent"",""devices"":[]}",absent,absent,25.5,19.9,List of devices attached,
2026-09-28T11:56:46.671+00:00,2026-09-28T11:56:46.730+00:00,389.186,absent,3090.1,"{""state"":""absent"",""devices"":[]}",absent,absent,36.6,21.6,List of devices attached,
2026-09-28T11:56:47.672+00:00,2026-09-28T11:56:47.719+00:00,390.175,absent,3090.1,"{""state"":""absent"",""devices"":[]}",absent,absent,26.0,20.9,List of devices attached | emulator-5568          offline transport_id:1471,
2026-09-28T11:56:48.672+00:00,2026-09-28T11:56:48.726+00:00,391.183,absent,3090.1,"{""state"":""absent"",""devices"":[]}",absent,absent,32.0,22.2,List of devices attached,
2026-09-28T11:56:49.672+00:00,2026-09-28T11:56:49.719+00:00,392.175,absent,3090.1,"{""state"":""absent"",""devices"":[]}",absent,absent,26.1,20.0,List of devices attached,
2026-09-28T11:56:50.673+00:00,2026-09-28T11:56:50.722+00:00,393.178,absent,3263.3,"{""state"":""absent"",""devices"":[]}",absent,absent,28.1,20.6,List of devices attached,
2026-09-28T11:56:51.674+00:00,2026-09-28T11:56:51.720+00:00,394.176,absent,3263.3,"{""state"":""absent"",""devices"":[]}",absent,absent,25.0,21.0,List of devices attached,
2026-09-28T11:56:52.674+00:00,2026-09-28T11:56:52.720+00:00,395.177,absent,3263.3,"{""state"":""absent"",""devices"":[]}",absent,absent,24.7,21.2,List of devices attached | emulator-5568          offline transport_id:1475,
2026-09-28T11:56:53.674+00:00,2026-09-28T11:56:53.721+00:00,396.178,absent,3263.3,"{""state"":""absent"",""devices"":[]}",absent,absent,25.4,21.2,List of devices attached,
2026-09-28T11:56:54.675+00:00,2026-09-28T11:56:54.721+00:00,397.177,absent,3122.9,"{""state"":""absent"",""devices"":[]}",absent,absent,25.3,20.7,List of devices attached,
2026-09-28T11:56:55.675+00:00,2026-09-28T11:56:55.722+00:00,398.179,absent,3122.9,"{""state"":""absent"",""devices"":[]}",absent,absent,27.0,20.6,List of devices attached,
2026-09-28T11:56:56.675+00:00,2026-09-28T11:56:56.719+00:00,399.176,absent,3122.9,"{""state"":""absent"",""devices"":[]}",absent,absent,23.6,20.5,List of devices attached | emulator-5568          offline transport_id:1478,
2026-09-28T11:56:57.675+00:00,2026-09-28T11:56:57.735+00:00,400.191,absent,3122.9,"{""state"":""absent"",""devices"":[]}",absent,absent,24.2,35.2,List of devices attached,
2026-09-28T11:56:58.676+00:00,2026-09-28T11:56:58.735+00:00,401.192,absent,3070.6,"{""state"":""absent"",""devices"":[]}",absent,absent,24.6,34.4,List of devices attached,
2026-09-28T11:56:59.676+00:00,2026-09-28T11:56:59.738+00:00,402.195,absent,3070.6,"{""state"":""absent"",""devices"":[]}",absent,absent,40.7,21.0,List of devices attached,
2026-09-28T11:57:00.677+00:00,2026-09-28T11:57:00.740+00:00,403.196,absent,3070.6,"{""state"":""absent"",""devices"":[]}",absent,absent,29.1,33.8,List of devices attached,
2026-09-28T11:57:01.677+00:00,2026-09-28T11:57:01.725+00:00,404.181,absent,3070.6,"{""state"":""absent"",""devices"":[]}",absent,absent,26.2,21.4,List of devices attached | emulator-5568          offline transport_id:1482,
2026-09-28T11:57:02.678+00:00,2026-09-28T11:57:02.735+00:00,405.191,absent,3190.6,"{""state"":""absent"",""devices"":[]}",absent,absent,24.6,32.4,List of devices attached,
2026-09-28T11:57:03.678+00:00,2026-09-28T11:57:03.725+00:00,406.182,absent,3190.6,"{""state"":""absent"",""devices"":[]}",absent,absent,25.9,21.4,List of devices attached,
2026-09-28T11:57:04.678+00:00,2026-09-28T11:57:04.737+00:00,407.194,absent,3190.6,"{""state"":""absent"",""devices"":[]}",absent,absent,25.1,33.7,List of devices attached,
2026-09-28T11:57:05.679+00:00,2026-09-28T11:57:05.734+00:00,408.191,absent,3190.6,"{""state"":""absent"",""devices"":[]}",absent,absent,33.9,21.3,List of devices attached | emulator-5568          offline transport_id:1485,
2026-09-28T11:57:06.679+00:00,2026-09-28T11:57:06.726+00:00,409.183,absent,3082.0,"{""state"":""absent"",""devices"":[]}",absent,absent,25.5,21.3,List of devices attached,
2026-09-28T11:57:07.679+00:00,2026-09-28T11:57:07.726+00:00,410.183,absent,3082.0,"{""state"":""absent"",""devices"":[]}",absent,absent,25.9,21.1,List of devices attached,
2026-09-28T11:57:08.680+00:00,2026-09-28T11:57:08.749+00:00,411.206,absent,3082.0,"{""state"":""absent"",""devices"":[]}",absent,absent,25.0,44.6,List of devices attached,
2026-09-28T11:57:09.680+00:00,2026-09-28T11:57:09.728+00:00,412.185,absent,3082.0,"{""state"":""absent"",""devices"":[]}",absent,absent,26.6,21.5,List of devices attached,
2026-09-28T11:57:10.680+00:00,2026-09-28T11:57:10.729+00:00,413.186,absent,3085.7,"{""state"":""absent"",""devices"":[]}",absent,absent,27.3,22.0,List of devices attached | emulator-5568          offline transport_id:1489,
2026-09-28T11:57:11.680+00:00,2026-09-28T11:57:11.745+00:00,414.202,absent,3085.7,"{""state"":""absent"",""devices"":[]}",absent,absent,25.1,39.8,List of devices attached,
2026-09-28T11:57:12.680+00:00,2026-09-28T11:57:12.727+00:00,415.184,absent,3085.7,"{""state"":""absent"",""devices"":[]}",absent,absent,25.7,21.1,List of devices attached,
2026-09-28T11:57:13.681+00:00,2026-09-28T11:57:13.728+00:00,416.184,absent,3085.7,"{""state"":""absent"",""devices"":[]}",absent,absent,25.3,21.4,List of devices attached,
2026-09-28T11:57:14.681+00:00,2026-09-28T11:57:14.729+00:00,417.186,absent,3079.9,"{""state"":""absent"",""devices"":[]}",absent,absent,27.1,21.0,List of devices attached,
2026-09-28T11:57:15.681+00:00,2026-09-28T11:57:15.729+00:00,418.186,absent,3079.9,"{""state"":""absent"",""devices"":[]}",absent,absent,26.6,21.2,List of devices attached | emulator-5568          offline transport_id:1493,
2026-09-28T11:57:16.682+00:00,2026-09-28T11:57:16.736+00:00,419.192,absent,3079.9,"{""state"":""absent"",""devices"":[]}",absent,absent,24.1,29.7,List of devices attached,
2026-09-28T11:57:17.682+00:00,2026-09-28T11:57:17.729+00:00,420.186,absent,3079.9,"{""state"":""absent"",""devices"":[]}",absent,absent,25.4,21.4,List of devices attached,
2026-09-28T11:57:18.683+00:00,2026-09-28T11:57:18.729+00:00,421.186,absent,3080.5,"{""state"":""absent"",""devices"":[]}",absent,absent,25.8,20.5,List of devices attached,
2026-09-28T11:57:19.683+00:00,2026-09-28T11:57:19.731+00:00,422.187,absent,3080.5,"{""state"":""absent"",""devices"":[]}",absent,absent,26.5,21.5,List of devices attached | emulator-5568          offline transport_id:1496,
2026-09-28T11:57:20.683+00:00,2026-09-28T11:57:20.736+00:00,423.192,absent,3080.5,"{""state"":""absent"",""devices"":[]}",absent,absent,26.2,26.6,List of devices attached,
2026-09-28T11:57:21.683+00:00,2026-09-28T11:57:21.730+00:00,424.187,absent,3080.5,"{""state"":""absent"",""devices"":[]}",absent,absent,25.9,21.0,List of devices attached,
2026-09-28T11:57:22.683+00:00,2026-09-28T11:57:22.729+00:00,425.185,absent,3088.2,"{""state"":""absent"",""devices"":[]}",absent,absent,24.1,21.0,List of devices attached,
2026-09-28T11:57:23.683+00:00,2026-09-28T11:57:23.733+00:00,426.190,absent,3088.2,"{""state"":""absent"",""devices"":[]}",absent,absent,27.7,21.7,List of devices attached,
2026-09-28T11:57:24.684+00:00,2026-09-28T11:57:24.730+00:00,427.187,absent,3088.2,"{""state"":""absent"",""devices"":[]}",absent,absent,25.8,20.8,List of devices attached | emulator-5568          offline transport_id:1500,
2026-09-28T11:57:25.684+00:00,2026-09-28T11:57:25.731+00:00,428.187,absent,3088.2,"{""state"":""absent"",""devices"":[]}",absent,absent,25.2,21.2,List of devices attached,
2026-09-28T11:57:26.684+00:00,2026-09-28T11:57:26.732+00:00,429.189,absent,3116.6,"{""state"":""absent"",""devices"":[]}",absent,absent,24.4,23.1,List of devices attached,
2026-09-28T11:57:27.685+00:00,2026-09-28T11:57:27.734+00:00,430.191,absent,3116.6,"{""state"":""absent"",""devices"":[]}",absent,absent,25.9,23.6,List of devices attached,
2026-09-28T11:57:28.685+00:00,2026-09-28T11:57:28.734+00:00,431.190,absent,3116.6,"{""state"":""absent"",""devices"":[]}",absent,absent,24.2,24.5,List of devices attached,
2026-09-28T11:57:29.685+00:00,2026-09-28T11:57:29.735+00:00,432.192,absent,3116.6,"{""state"":""absent"",""devices"":[]}",absent,absent,25.2,24.5,List of devices attached | emulator-5568          offline transport_id:1504,
2026-09-28T11:57:30.685+00:00,2026-09-28T11:57:30.730+00:00,433.186,absent,3169.8,"{""state"":""absent"",""devices"":[]}",absent,absent,23.9,20.4,List of devices attached,
2026-09-28T11:57:31.686+00:00,2026-09-28T11:57:31.742+00:00,434.198,absent,3169.8,"{""state"":""absent"",""devices"":[]}",absent,absent,24.7,31.0,List of devices attached,
2026-09-28T11:57:32.686+00:00,2026-09-28T11:57:32.732+00:00,435.189,absent,3169.8,"{""state"":""absent"",""devices"":[]}",absent,absent,25.1,20.6,List of devices attached,
2026-09-28T11:57:33.686+00:00,2026-09-28T11:57:33.733+00:00,436.189,absent,3169.8,"{""state"":""absent"",""devices"":[]}",absent,absent,25.2,20.9,List of devices attached | emulator-5568          offline transport_id:1507,
2026-09-28T11:57:34.687+00:00,2026-09-28T11:57:34.733+00:00,437.190,absent,3053.7,"{""state"":""absent"",""devices"":[]}",absent,absent,25.3,20.7,List of devices attached,
2026-09-28T11:57:35.687+00:00,2026-09-28T11:57:35.733+00:00,438.190,absent,3053.7,"{""state"":""absent"",""devices"":[]}",absent,absent,24.8,21.1,List of devices attached,
2026-09-28T11:57:36.688+00:00,2026-09-28T11:57:36.732+00:00,439.188,absent,3053.7,"{""state"":""absent"",""devices"":[]}",absent,absent,23.1,20.8,List of devices attached,
2026-09-28T11:57:37.688+00:00,2026-09-28T11:57:37.738+00:00,440.195,absent,3053.7,"{""state"":""absent"",""devices"":[]}",absent,absent,28.1,21.8,List of devices attached,
2026-09-28T11:57:38.689+00:00,2026-09-28T11:57:38.734+00:00,441.191,absent,3159.0,"{""state"":""absent"",""devices"":[]}",absent,absent,23.8,21.5,List of devices attached | emulator-5568          offline transport_id:1511,
2026-09-28T11:57:39.689+00:00,2026-09-28T11:57:39.736+00:00,442.192,absent,3159.0,"{""state"":""absent"",""devices"":[]}",absent,absent,24.5,21.8,List of devices attached,
2026-09-28T11:57:40.689+00:00,2026-09-28T11:57:40.734+00:00,443.190,absent,3159.0,"{""state"":""absent"",""devices"":[]}",absent,absent,23.4,20.7,List of devices attached,
2026-09-28T11:57:41.690+00:00,2026-09-28T11:57:41.736+00:00,444.193,absent,3159.0,"{""state"":""absent"",""devices"":[]}",absent,absent,24.5,21.8,List of devices attached,
2026-09-28T11:57:42.690+00:00,2026-09-28T11:57:42.736+00:00,445.193,absent,3081.5,"{""state"":""absent"",""devices"":[]}",absent,absent,24.1,21.9,List of devices attached,
2026-09-28T11:57:43.690+00:00,2026-09-28T11:57:43.736+00:00,446.192,absent,3081.5,"{""state"":""absent"",""devices"":[]}",absent,absent,23.7,21.3,List of devices attached | emulator-5568          offline transport_id:1515,
2026-09-28T11:57:44.691+00:00,2026-09-28T11:57:44.736+00:00,447.192,absent,3081.5,"{""state"":""absent"",""devices"":[]}",absent,absent,23.4,21.4,List of devices attached,
2026-09-28T11:57:45.691+00:00,2026-09-28T11:57:45.737+00:00,448.194,absent,3081.5,"{""state"":""absent"",""devices"":[]}",absent,absent,23.5,22.7,List of devices attached,
2026-09-28T11:57:46.691+00:00,2026-09-28T11:57:46.738+00:00,449.195,absent,3136.7,"{""state"":""absent"",""devices"":[]}",absent,absent,23.2,23.5,List of devices attached,
2026-09-28T11:57:47.692+00:00,2026-09-28T11:57:47.737+00:00,450.194,absent,3136.7,"{""state"":""absent"",""devices"":[]}",absent,absent,24.4,21.2,List of devices attached | emulator-5568          offline transport_id:1518,
2026-09-28T11:57:48.692+00:00,2026-09-28T11:57:48.739+00:00,451.195,absent,3136.7,"{""state"":""absent"",""devices"":[]}",absent,absent,24.8,21.7,List of devices attached,
2026-09-28T11:57:49.692+00:00,2026-09-28T11:57:49.738+00:00,452.194,absent,3136.7,"{""state"":""absent"",""devices"":[]}",absent,absent,24.6,20.6,List of devices attached,
2026-09-28T11:57:50.692+00:00,2026-09-28T11:57:50.746+00:00,453.203,absent,3216.9,"{""state"":""absent"",""devices"":[]}",absent,absent,25.7,27.7,List of devices attached,
2026-09-28T11:57:51.692+00:00,2026-09-28T11:57:51.738+00:00,454.194,absent,3216.9,"{""state"":""absent"",""devices"":[]}",absent,absent,23.9,21.5,List of devices attached,
2026-09-28T11:57:52.692+00:00,2026-09-28T11:57:52.737+00:00,455.194,absent,3216.9,"{""state"":""absent"",""devices"":[]}",absent,absent,23.4,21.0,List of devices attached | emulator-5568          offline transport_id:1522,
2026-09-28T11:57:53.693+00:00,2026-09-28T11:57:53.740+00:00,456.196,absent,3216.9,"{""state"":""absent"",""devices"":[]}",absent,absent,25.3,21.5,List of devices attached,
2026-09-28T11:57:54.693+00:00,2026-09-28T11:57:54.739+00:00,457.196,absent,3118.4,"{""state"":""absent"",""devices"":[]}",absent,absent,24.8,20.5,List of devices attached,
2026-09-28T11:57:55.694+00:00,2026-09-28T11:57:55.740+00:00,458.196,absent,3118.4,"{""state"":""absent"",""devices"":[]}",absent,absent,24.7,21.3,List of devices attached,
2026-09-28T11:57:56.694+00:00,2026-09-28T11:57:56.740+00:00,459.197,absent,3118.4,"{""state"":""absent"",""devices"":[]}",absent,absent,23.8,21.9,List of devices attached,
2026-09-28T11:57:57.695+00:00,2026-09-28T11:57:57.741+00:00,460.197,absent,3118.4,"{""state"":""absent"",""devices"":[]}",absent,absent,25.1,21.2,List of devices attached | emulator-5568          offline transport_id:1526,
2026-09-28T11:57:58.695+00:00,2026-09-28T11:57:58.744+00:00,461.200,absent,3078.2,"{""state"":""absent"",""devices"":[]}",absent,absent,25.8,22.8,List of devices attached,
2026-09-28T11:57:59.695+00:00,2026-09-28T11:57:59.742+00:00,462.199,absent,3078.2,"{""state"":""absent"",""devices"":[]}",absent,absent,25.8,21.3,List of devices attached,
2026-09-28T11:58:00.696+00:00,2026-09-28T11:58:00.742+00:00,463.198,absent,3078.2,"{""state"":""absent"",""devices"":[]}",absent,absent,24.7,21.2,List of devices attached,
2026-09-28T11:58:01.696+00:00,2026-09-28T11:58:01.744+00:00,464.200,absent,3078.2,"{""state"":""absent"",""devices"":[]}",absent,absent,25.5,22.3,List of devices attached | emulator-5568          offline transport_id:1529,
2026-09-28T11:58:02.696+00:00,2026-09-28T11:58:02.743+00:00,465.199,absent,3143.3,"{""state"":""absent"",""devices"":[]}",absent,absent,25.1,21.3,List of devices attached,
2026-09-28T11:58:03.696+00:00,2026-09-28T11:58:03.743+00:00,466.200,absent,3143.3,"{""state"":""absent"",""devices"":[]}",absent,absent,25.3,21.5,List of devices attached,
2026-09-28T11:58:04.696+00:00,2026-09-28T11:58:04.744+00:00,467.200,absent,3143.3,"{""state"":""absent"",""devices"":[]}",absent,absent,26.2,20.8,List of devices attached,
2026-09-28T11:58:05.697+00:00,2026-09-28T11:58:05.742+00:00,468.199,absent,3143.3,"{""state"":""absent"",""devices"":[]}",absent,absent,24.9,20.5,List of devices attached,
2026-09-28T11:58:06.697+00:00,2026-09-28T11:58:06.742+00:00,469.198,absent,3244.9,"{""state"":""absent"",""devices"":[]}",absent,absent,24.5,19.9,List of devices attached | emulator-5568          offline transport_id:1533,
2026-09-28T11:58:07.697+00:00,2026-09-28T11:58:07.750+00:00,470.206,absent,3244.9,"{""state"":""absent"",""devices"":[]}",absent,absent,24.2,27.9,List of devices attached,
2026-09-28T11:58:08.698+00:00,2026-09-28T11:58:08.759+00:00,471.216,absent,3244.9,"{""state"":""absent"",""devices"":[]}",absent,absent,38.0,23.2,List of devices attached,
2026-09-28T11:58:09.698+00:00,2026-09-28T11:58:09.743+00:00,472.199,absent,3244.9,"{""state"":""absent"",""devices"":[]}",absent,absent,23.8,21.0,List of devices attached,
2026-09-28T11:58:10.698+00:00,2026-09-28T11:58:10.755+00:00,473.212,absent,3052.9,"{""state"":""absent"",""devices"":[]}",absent,absent,34.2,23.0,List of devices attached,
2026-09-28T11:58:11.698+00:00,2026-09-28T11:58:11.743+00:00,474.200,absent,3052.9,"{""state"":""absent"",""devices"":[]}",absent,absent,24.0,20.9,List of devices attached | emulator-5568          offline transport_id:1537,
2026-09-28T11:58:12.698+00:00,2026-09-28T11:58:12.743+00:00,475.199,absent,3052.9,"{""state"":""absent"",""devices"":[]}",absent,absent,23.7,20.4,List of devices attached,
2026-09-28T11:58:13.699+00:00,2026-09-28T11:58:13.745+00:00,476.201,absent,3052.9,"{""state"":""absent"",""devices"":[]}",absent,absent,25.2,20.7,List of devices attached,
2026-09-28T11:58:14.699+00:00,2026-09-28T11:58:14.744+00:00,477.201,absent,3113.8,"{""state"":""absent"",""devices"":[]}",absent,absent,24.7,20.4,List of devices attached,
2026-09-28T11:58:15.700+00:00,2026-09-28T11:58:15.745+00:00,478.201,absent,3113.8,"{""state"":""absent"",""devices"":[]}",absent,absent,24.8,20.1,List of devices attached | emulator-5568          offline transport_id:1540,
2026-09-28T11:58:16.700+00:00,2026-09-28T11:58:16.744+00:00,479.201,absent,3113.8,"{""state"":""absent"",""devices"":[]}",absent,absent,24.2,20.4,List of devices attached,
2026-09-28T11:58:17.700+00:00,2026-09-28T11:58:17.760+00:00,480.217,absent,3113.8,"{""state"":""absent"",""devices"":[]}",absent,absent,39.6,21.1,List of devices attached,
2026-09-28T11:58:18.700+00:00,2026-09-28T11:58:18.745+00:00,481.202,absent,3097.0,"{""state"":""absent"",""devices"":[]}",absent,absent,24.0,20.8,List of devices attached,
2026-09-28T11:58:19.701+00:00,2026-09-28T11:58:19.757+00:00,482.214,absent,3097.0,"{""state"":""absent"",""devices"":[]}",absent,absent,34.6,22.3,List of devices attached,
2026-09-28T11:58:20.701+00:00,2026-09-28T11:58:20.755+00:00,483.212,absent,3097.0,"{""state"":""absent"",""devices"":[]}",absent,absent,32.9,21.0,List of devices attached | emulator-5568          offline transport_id:1544,
2026-09-28T11:58:21.701+00:00,2026-09-28T11:58:21.747+00:00,484.204,absent,3097.0,"{""state"":""absent"",""devices"":[]}",absent,absent,25.0,21.2,List of devices attached,
2026-09-28T11:58:22.701+00:00,2026-09-28T11:58:22.757+00:00,485.214,absent,3112.9,"{""state"":""absent"",""devices"":[]}",absent,absent,32.7,23.3,List of devices attached,
2026-09-28T11:58:23.701+00:00,2026-09-28T11:58:23.756+00:00,486.212,absent,3112.9,"{""state"":""absent"",""devices"":[]}",absent,absent,32.6,21.7,List of devices attached,
2026-09-28T11:58:24.702+00:00,2026-09-28T11:58:24.758+00:00,487.215,absent,3112.9,"{""state"":""absent"",""devices"":[]}",absent,absent,34.6,21.6,List of devices attached,
2026-09-28T11:58:25.702+00:00,2026-09-28T11:58:25.756+00:00,488.213,absent,3112.9,"{""state"":""absent"",""devices"":[]}",absent,absent,31.4,22.7,List of devices attached | emulator-5568          offline transport_id:1548,
2026-09-28T11:58:26.702+00:00,2026-09-28T11:58:26.749+00:00,489.205,absent,3158.8,"{""state"":""absent"",""devices"":[]}",absent,absent,25.4,20.9,List of devices attached,
2026-09-28T11:58:27.703+00:00,2026-09-28T11:58:27.747+00:00,490.204,absent,3158.8,"{""state"":""absent"",""devices"":[]}",absent,absent,24.2,20.2,List of devices attached,
2026-09-28T11:58:28.703+00:00,2026-09-28T11:58:28.757+00:00,491.214,absent,3158.8,"{""state"":""absent"",""devices"":[]}",absent,absent,32.2,21.4,List of devices attached,
2026-09-28T11:58:29.703+00:00,2026-09-28T11:58:29.756+00:00,492.213,absent,3158.8,"{""state"":""absent"",""devices"":[]}",absent,absent,30.5,22.1,List of devices attached | emulator-5568          offline transport_id:1551,
2026-09-28T11:58:30.704+00:00,2026-09-28T11:58:30.749+00:00,493.205,absent,3110.4,"{""state"":""absent"",""devices"":[]}",absent,absent,23.8,21.4,List of devices attached,
2026-09-28T11:58:31.704+00:00,2026-09-28T11:58:31.748+00:00,494.205,absent,3110.4,"{""state"":""absent"",""devices"":[]}",absent,absent,23.6,20.5,List of devices attached,
2026-09-28T11:58:32.704+00:00,2026-09-28T11:58:32.750+00:00,495.207,absent,3110.4,"{""state"":""absent"",""devices"":[]}",absent,absent,24.9,20.8,List of devices attached,
2026-09-28T11:58:33.704+00:00,2026-09-28T11:58:33.750+00:00,496.206,absent,3110.4,"{""state"":""absent"",""devices"":[]}",absent,absent,24.1,21.2,List of devices attached,
2026-09-28T11:58:34.705+00:00,2026-09-28T11:58:34.753+00:00,497.209,absent,3148.1,"{""state"":""absent"",""devices"":[]}",absent,absent,26.1,21.8,List of devices attached | emulator-5568          offline transport_id:1555,
2026-09-28T11:58:35.705+00:00,2026-09-28T11:58:35.766+00:00,498.223,absent,3148.1,"{""state"":""absent"",""devices"":[]}",absent,absent,38.1,23.2,List of devices attached,
2026-09-28T11:58:36.705+00:00,2026-09-28T11:58:36.752+00:00,499.208,absent,3148.1,"{""state"":""absent"",""devices"":[]}",absent,absent,24.4,21.9,List of devices attached,
2026-09-28T11:58:37.706+00:00,2026-09-28T11:58:37.758+00:00,500.214,absent,3148.1,"{""state"":""absent"",""devices"":[]}",absent,absent,30.2,21.6,List of devices attached,
2026-09-28T11:58:38.706+00:00,2026-09-28T11:58:38.751+00:00,501.208,absent,3062.8,"{""state"":""absent"",""devices"":[]}",absent,absent,23.7,21.6,List of devices attached,
2026-09-28T11:58:39.706+00:00,2026-09-28T11:58:39.752+00:00,502.209,absent,3062.8,"{""state"":""absent"",""devices"":[]}",absent,absent,25.4,20.6,List of devices attached | emulator-5568          offline transport_id:1559,
2026-09-28T11:58:40.707+00:00,2026-09-28T11:58:40.754+00:00,503.210,absent,3062.8,"{""state"":""absent"",""devices"":[]}",absent,absent,24.9,22.0,List of devices attached,
2026-09-28T11:58:41.707+00:00,2026-09-28T11:58:41.755+00:00,504.212,absent,3062.8,"{""state"":""absent"",""devices"":[]}",absent,absent,26.0,21.8,List of devices attached,
2026-09-28T11:58:42.707+00:00,2026-09-28T11:58:42.753+00:00,505.210,absent,3114.2,"{""state"":""absent"",""devices"":[]}",absent,absent,25.6,20.2,List of devices attached,
2026-09-28T11:58:43.708+00:00,2026-09-28T11:58:43.754+00:00,506.211,absent,3114.2,"{""state"":""absent"",""devices"":[]}",absent,absent,24.9,21.1,List of devices attached,
2026-09-28T11:58:44.708+00:00,2026-09-28T11:58:44.757+00:00,507.214,absent,3114.2,"{""state"":""absent"",""devices"":[]}",absent,absent,28.0,21.1,List of devices attached | emulator-5568          offline transport_id:1563,
2026-09-28T11:58:45.708+00:00,2026-09-28T11:58:45.759+00:00,508.216,absent,3114.2,"{""state"":""absent"",""devices"":[]}",absent,absent,24.7,26.2,List of devices attached,
2026-09-28T11:58:46.709+00:00,2026-09-28T11:58:46.756+00:00,509.213,absent,3395.9,"{""state"":""absent"",""devices"":[]}",absent,absent,26.2,21.2,List of devices attached,
2026-09-28T11:58:47.709+00:00,2026-09-28T11:58:47.754+00:00,510.211,absent,3395.9,"{""state"":""absent"",""devices"":[]}",absent,absent,24.0,21.4,List of devices attached,
2026-09-28T11:58:48.709+00:00,2026-09-28T11:58:48.753+00:00,511.209,absent,3395.9,"{""state"":""absent"",""devices"":[]}",absent,absent,22.8,20.6,List of devices attached | emulator-5568          offline transport_id:1566,
2026-09-28T11:58:49.709+00:00,2026-09-28T11:58:49.770+00:00,512.226,absent,3395.9,"{""state"":""absent"",""devices"":[]}",absent,absent,24.6,35.6,List of devices attached,
2026-09-28T11:58:50.710+00:00,2026-09-28T11:58:50.755+00:00,513.212,absent,3183.0,"{""state"":""absent"",""devices"":[]}",absent,absent,23.9,21.9,List of devices attached,
2026-09-28T11:58:51.710+00:00,2026-09-28T11:58:51.772+00:00,514.229,absent,3183.0,"{""state"":""absent"",""devices"":[]}",absent,absent,39.3,22.8,List of devices attached,
2026-09-28T11:58:52.710+00:00,2026-09-28T11:58:52.758+00:00,515.214,absent,3183.0,"{""state"":""absent"",""devices"":[]}",absent,absent,24.8,22.8,List of devices attached,
2026-09-28T11:58:53.710+00:00,2026-09-28T11:58:53.758+00:00,516.215,absent,3183.0,"{""state"":""absent"",""devices"":[]}",absent,absent,25.7,22.1,List of devices attached | emulator-5568          offline transport_id:1570,
2026-09-28T11:58:54.711+00:00,2026-09-28T11:58:54.770+00:00,517.227,absent,3181.5,"{""state"":""absent"",""devices"":[]}",absent,absent,23.9,35.5,List of devices attached,
2026-09-28T11:58:55.711+00:00,2026-09-28T11:58:55.771+00:00,518.228,absent,3181.5,"{""state"":""absent"",""devices"":[]}",absent,absent,38.4,22.1,List of devices attached,
2026-09-28T11:58:56.711+00:00,2026-09-28T11:58:56.759+00:00,519.215,absent,3181.5,"{""state"":""absent"",""devices"":[]}",absent,absent,25.0,22.9,List of devices attached,
2026-09-28T11:58:57.711+00:00,2026-09-28T11:58:57.758+00:00,520.215,absent,3181.5,"{""state"":""absent"",""devices"":[]}",absent,absent,23.8,22.7,List of devices attached,
2026-09-28T11:58:58.712+00:00,2026-09-28T11:58:58.759+00:00,521.216,absent,3208.8,"{""state"":""absent"",""devices"":[]}",absent,absent,25.4,21.8,List of devices attached | emulator-5568          offline transport_id:1574,
2026-09-28T11:58:59.712+00:00,2026-09-28T11:58:59.774+00:00,522.230,absent,3208.8,"{""state"":""absent"",""devices"":[]}",absent,absent,25.8,36.3,List of devices attached,
2026-09-28T11:59:00.712+00:00,2026-09-28T11:59:00.759+00:00,523.216,absent,3208.8,"{""state"":""absent"",""devices"":[]}",absent,absent,24.5,22.4,List of devices attached,
2026-09-28T11:59:01.712+00:00,2026-09-28T11:59:01.760+00:00,524.217,absent,3208.8,"{""state"":""absent"",""devices"":[]}",absent,absent,25.4,22.4,List of devices attached,
2026-09-28T11:59:02.712+00:00,2026-09-28T11:59:02.763+00:00,525.220,absent,3100.8,"{""state"":""absent"",""devices"":[]}",absent,absent,26.9,23.5,List of devices attached | emulator-5568          offline transport_id:1577,
2026-09-28T11:59:03.713+00:00,2026-09-28T11:59:03.760+00:00,526.216,absent,3100.8,"{""state"":""absent"",""devices"":[]}",absent,absent,24.5,22.4,List of devices attached,
2026-09-28T11:59:04.713+00:00,2026-09-28T11:59:04.769+00:00,527.226,absent,3100.8,"{""state"":""absent"",""devices"":[]}",absent,absent,34.8,21.2,List of devices attached,
2026-09-28T11:59:05.713+00:00,2026-09-28T11:59:05.760+00:00,528.217,absent,3100.8,"{""state"":""absent"",""devices"":[]}",absent,absent,25.3,21.5,List of devices attached,
2026-09-28T11:59:06.714+00:00,2026-09-28T11:59:06.769+00:00,529.225,absent,3161.7,"{""state"":""absent"",""devices"":[]}",absent,absent,33.0,21.8,List of devices attached,
2026-09-28T11:59:07.714+00:00,2026-09-28T11:59:07.761+00:00,530.217,absent,3161.7,"{""state"":""absent"",""devices"":[]}",absent,absent,24.8,21.7,List of devices attached | emulator-5568          offline transport_id:1581,
2026-09-28T11:59:08.714+00:00,2026-09-28T11:59:08.782+00:00,531.239,absent,3161.7,"{""state"":""absent"",""devices"":[]}",absent,absent,24.1,44.2,List of devices attached,
2026-09-28T11:59:09.714+00:00,2026-09-28T11:59:09.770+00:00,532.227,absent,3161.7,"{""state"":""absent"",""devices"":[]}",absent,absent,34.8,21.2,List of devices attached,
2026-09-28T11:59:10.715+00:00,2026-09-28T11:59:10.760+00:00,533.217,absent,3132.4,"{""state"":""absent"",""devices"":[]}",absent,absent,24.1,21.3,List of devices attached,
2026-09-28T11:59:11.715+00:00,2026-09-28T11:59:11.768+00:00,534.224,absent,3132.4,"{""state"":""absent"",""devices"":[]}",absent,absent,26.2,26.4,List of devices attached,
2026-09-28T11:59:12.715+00:00,2026-09-28T11:59:12.761+00:00,535.218,absent,3132.4,"{""state"":""absent"",""devices"":[]}",absent,absent,24.1,21.4,List of devices attached | emulator-5568          offline transport_id:1585,
2026-09-28T11:59:13.716+00:00,2026-09-28T11:59:13.763+00:00,536.220,absent,3132.4,"{""state"":""absent"",""devices"":[]}",absent,absent,25.2,21.9,List of devices attached,
2026-09-28T11:59:14.716+00:00,2026-09-28T11:59:14.763+00:00,537.219,absent,3054.2,"{""state"":""absent"",""devices"":[]}",absent,absent,24.7,21.6,List of devices attached,
2026-09-28T11:59:15.717+00:00,2026-09-28T11:59:15.767+00:00,538.223,absent,3054.2,"{""state"":""absent"",""devices"":[]}",absent,absent,24.6,25.5,List of devices attached,
2026-09-28T11:59:16.717+00:00,2026-09-28T11:59:16.763+00:00,539.220,absent,3054.2,"{""state"":""absent"",""devices"":[]}",absent,absent,24.9,21.4,List of devices attached | emulator-5568          offline transport_id:1588,
2026-09-28T11:59:17.717+00:00,2026-09-28T11:59:17.764+00:00,540.221,absent,3054.2,"{""state"":""absent"",""devices"":[]}",absent,absent,25.0,22.2,List of devices attached,
2026-09-28T11:59:18.718+00:00,2026-09-28T11:59:18.764+00:00,541.220,absent,3150.4,"{""state"":""absent"",""devices"":[]}",absent,absent,24.4,21.5,List of devices attached,
2026-09-28T11:59:19.718+00:00,2026-09-28T11:59:19.768+00:00,542.225,absent,3150.4,"{""state"":""absent"",""devices"":[]}",absent,absent,26.2,23.7,List of devices attached,
2026-09-28T11:59:20.719+00:00,2026-09-28T11:59:20.763+00:00,543.219,absent,3150.4,"{""state"":""absent"",""devices"":[]}",absent,absent,23.6,20.6,List of devices attached,
2026-09-28T11:59:21.719+00:00,2026-09-28T11:59:21.763+00:00,544.220,absent,3150.4,"{""state"":""absent"",""devices"":[]}",absent,absent,24.1,20.3,List of devices attached | emulator-5568          offline transport_id:1592,
2026-09-28T11:59:22.719+00:00,2026-09-28T11:59:22.776+00:00,545.232,absent,3078.3,"{""state"":""absent"",""devices"":[]}",absent,absent,24.8,31.6,List of devices attached,
2026-09-28T11:59:23.719+00:00,2026-09-28T11:59:23.764+00:00,546.221,absent,3078.3,"{""state"":""absent"",""devices"":[]}",absent,absent,23.8,21.1,List of devices attached,
2026-09-28T11:59:24.720+00:00,2026-09-28T11:59:24.767+00:00,547.223,absent,3078.3,"{""state"":""absent"",""devices"":[]}",absent,absent,24.1,22.6,List of devices attached,
2026-09-28T11:59:25.720+00:00,2026-09-28T11:59:25.766+00:00,548.222,absent,3078.3,"{""state"":""absent"",""devices"":[]}",absent,absent,23.8,22.0,List of devices attached,
2026-09-28T11:59:26.720+00:00,2026-09-28T11:59:26.769+00:00,549.226,absent,3139.9,"{""state"":""absent"",""devices"":[]}",absent,absent,23.4,25.1,List of devices attached,
2026-09-28T11:59:27.721+00:00,2026-09-28T11:59:27.766+00:00,550.223,absent,3139.9,"{""state"":""absent"",""devices"":[]}",absent,absent,24.2,21.2,List of devices attached,
2026-09-28T11:59:28.721+00:00,2026-09-28T11:59:28.774+00:00,551.231,absent,3139.9,"{""state"":""absent"",""devices"":[]}",absent,absent,23.2,29.8,List of devices attached,
2026-09-28T11:59:29.721+00:00,2026-09-28T11:59:29.774+00:00,552.231,absent,3139.9,"{""state"":""absent"",""devices"":[]}",absent,absent,24.0,28.3,List of devices attached,
2026-09-28T11:59:30.722+00:00,2026-09-28T11:59:30.768+00:00,553.225,absent,3116.9,"{""state"":""absent"",""devices"":[]}",absent,absent,23.8,22.2,List of devices attached | emulator-5568          offline transport_id:1599,
2026-09-28T11:59:31.722+00:00,2026-09-28T11:59:31.768+00:00,554.225,absent,3116.9,"{""state"":""absent"",""devices"":[]}",absent,absent,23.8,22.2,List of devices attached,
2026-09-28T11:59:32.722+00:00,2026-09-28T11:59:32.768+00:00,555.225,absent,3116.9,"{""state"":""absent"",""devices"":[]}",absent,absent,24.2,21.6,List of devices attached,
2026-09-28T11:59:33.722+00:00,2026-09-28T11:59:33.768+00:00,556.225,absent,3116.9,"{""state"":""absent"",""devices"":[]}",absent,absent,24.4,21.3,List of devices attached,
2026-09-28T11:59:34.723+00:00,2026-09-28T11:59:34.770+00:00,557.226,absent,3082.2,"{""state"":""absent"",""devices"":[]}",absent,absent,24.4,21.9,List of devices attached,
2026-09-28T11:59:35.723+00:00,2026-09-28T11:59:35.770+00:00,558.227,absent,3082.2,"{""state"":""absent"",""devices"":[]}",absent,absent,24.3,22.3,List of devices attached | emulator-5568          offline transport_id:1603,
2026-09-28T11:59:36.724+00:00,2026-09-28T11:59:36.770+00:00,559.226,absent,3082.2,"{""state"":""absent"",""devices"":[]}",absent,absent,24.8,21.2,List of devices attached,
2026-09-28T11:59:37.724+00:00,2026-09-28T11:59:37.769+00:00,560.226,absent,3082.2,"{""state"":""absent"",""devices"":[]}",absent,absent,23.8,21.2,List of devices attached,
2026-09-28T11:59:38.724+00:00,2026-09-28T11:59:38.770+00:00,561.227,absent,3054.8,"{""state"":""absent"",""devices"":[]}",absent,absent,23.2,23.0,List of devices attached,
2026-09-28T11:59:39.725+00:00,2026-09-28T11:59:39.771+00:00,562.228,absent,3054.8,"{""state"":""absent"",""devices"":[]}",absent,absent,25.7,20.9,List of devices attached,
2026-09-28T11:59:40.725+00:00,2026-09-28T11:59:40.771+00:00,563.228,absent,3054.8,"{""state"":""absent"",""devices"":[]}",absent,absent,24.3,21.5,List of devices attached | emulator-5568          offline transport_id:1607,
2026-09-28T11:59:41.725+00:00,2026-09-28T11:59:41.771+00:00,564.228,absent,3054.8,"{""state"":""absent"",""devices"":[]}",absent,absent,24.3,21.5,List of devices attached,
2026-09-28T11:59:42.726+00:00,2026-09-28T11:59:42.772+00:00,565.229,absent,3092.6,"{""state"":""absent"",""devices"":[]}",absent,absent,24.4,22.0,List of devices attached,
2026-09-28T11:59:43.726+00:00,2026-09-28T11:59:43.773+00:00,566.229,absent,3092.6,"{""state"":""absent"",""devices"":[]}",absent,absent,25.5,20.9,List of devices attached,
2026-09-28T11:59:44.726+00:00,2026-09-28T11:59:44.773+00:00,567.229,absent,3092.6,"{""state"":""absent"",""devices"":[]}",absent,absent,24.6,21.7,List of devices attached | emulator-5568          offline transport_id:1610,
2026-09-28T11:59:45.727+00:00,2026-09-28T11:59:45.782+00:00,568.239,absent,3092.6,"{""state"":""absent"",""devices"":[]}",absent,absent,24.3,30.6,List of devices attached,
2026-09-28T11:59:46.727+00:00,2026-09-28T11:59:46.774+00:00,569.231,absent,3049.0,"{""state"":""absent"",""devices"":[]}",absent,absent,24.7,22.1,List of devices attached,
2026-09-28T11:59:47.727+00:00,2026-09-28T11:59:47.789+00:00,570.245,absent,3049.0,"{""state"":""absent"",""devices"":[]}",absent,absent,39.6,21.5,List of devices attached,
2026-09-28T11:59:48.728+00:00,2026-09-28T11:59:48.773+00:00,571.230,absent,3049.0,"{""state"":""absent"",""devices"":[]}",absent,absent,24.2,21.3,List of devices attached,
2026-09-28T11:59:49.728+00:00,2026-09-28T11:59:49.778+00:00,572.235,absent,3049.0,"{""state"":""absent"",""devices"":[]}",absent,absent,28.0,22.3,List of devices attached | emulator-5568          offline transport_id:1614,
2026-09-28T11:59:50.728+00:00,2026-09-28T11:59:50.775+00:00,573.231,absent,3117.3,"{""state"":""absent"",""devices"":[]}",absent,absent,25.0,21.6,List of devices attached,
2026-09-28T11:59:51.728+00:00,2026-09-28T11:59:51.775+00:00,574.232,absent,3117.3,"{""state"":""absent"",""devices"":[]}",absent,absent,26.5,20.5,List of devices attached,
2026-09-28T11:59:52.728+00:00,2026-09-28T11:59:52.774+00:00,575.230,absent,3117.3,"{""state"":""absent"",""devices"":[]}",absent,absent,24.3,20.7,List of devices attached,
2026-09-28T11:59:53.729+00:00,2026-09-28T11:59:53.775+00:00,576.232,absent,3117.3,"{""state"":""absent"",""devices"":[]}",absent,absent,26.0,20.4,List of devices attached,
2026-09-28T11:59:54.729+00:00,2026-09-28T11:59:54.778+00:00,577.234,absent,3164.1,"{""state"":""absent"",""devices"":[]}",absent,absent,27.4,21.4,List of devices attached | emulator-5568          offline transport_id:1618,
2026-09-28T11:59:55.729+00:00,2026-09-28T11:59:55.776+00:00,578.232,absent,3164.1,"{""state"":""absent"",""devices"":[]}",absent,absent,25.0,21.3,List of devices attached,
2026-09-28T11:59:56.729+00:00,2026-09-28T11:59:56.786+00:00,579.243,absent,3164.1,"{""state"":""absent"",""devices"":[]}",absent,absent,25.8,30.7,List of devices attached,
2026-09-28T11:59:57.730+00:00,2026-09-28T11:59:57.777+00:00,580.233,absent,3164.1,"{""state"":""absent"",""devices"":[]}",absent,absent,25.9,20.8,List of devices attached,
2026-09-28T11:59:58.730+00:00,2026-09-28T11:59:58.777+00:00,581.234,absent,3249.4,"{""state"":""absent"",""devices"":[]}",absent,absent,25.4,21.4,List of devices attached | emulator-5568          offline transport_id:1621,
2026-09-28T11:59:59.731+00:00,2026-09-28T11:59:59.777+00:00,582.234,absent,3249.4,"{""state"":""absent"",""devices"":[]}",absent,absent,26.1,20.3,List of devices attached,
2026-09-28T12:00:00.731+00:00,2026-09-28T12:00:00.778+00:00,583.235,absent,3249.4,"{""state"":""absent"",""devices"":[]}",absent,absent,25.4,21.8,List of devices attached,
2026-09-28T12:00:01.731+00:00,2026-09-28T12:00:01.777+00:00,584.234,absent,3249.4,"{""state"":""absent"",""devices"":[]}",absent,absent,25.0,20.5,List of devices attached,
2026-09-28T12:00:02.732+00:00,2026-09-28T12:00:02.778+00:00,585.234,absent,3164.5,"{""state"":""absent"",""devices"":[]}",absent,absent,24.8,21.2,List of devices attached,
2026-09-28T12:00:03.732+00:00,2026-09-28T12:00:03.779+00:00,586.235,absent,3164.5,"{""state"":""absent"",""devices"":[]}",absent,absent,25.1,21.4,List of devices attached | emulator-5568          offline transport_id:1625,
2026-09-28T12:00:04.732+00:00,2026-09-28T12:00:04.777+00:00,587.234,absent,3164.5,"{""state"":""absent"",""devices"":[]}",absent,absent,25.1,20.2,List of devices attached,
2026-09-28T12:00:05.732+00:00,2026-09-28T12:00:05.789+00:00,588.245,absent,3164.5,"{""state"":""absent"",""devices"":[]}",absent,absent,34.9,21.5,List of devices attached,
2026-09-28T12:00:06.733+00:00,2026-09-28T12:00:06.778+00:00,589.235,absent,3086.2,"{""state"":""absent"",""devices"":[]}",absent,absent,24.5,21.4,List of devices attached,
2026-09-28T12:00:07.733+00:00,2026-09-28T12:00:07.777+00:00,590.234,absent,3086.2,"{""state"":""absent"",""devices"":[]}",absent,absent,24.5,20.0,List of devices attached,
2026-09-28T12:00:08.733+00:00,2026-09-28T12:00:08.777+00:00,591.234,absent,3086.2,"{""state"":""absent"",""devices"":[]}",absent,absent,24.3,19.8,List of devices attached | emulator-5568          offline transport_id:1629,
2026-09-28T12:00:09.733+00:00,2026-09-28T12:00:09.779+00:00,592.235,absent,3086.2,"{""state"":""absent"",""devices"":[]}",absent,absent,24.8,20.8,List of devices attached,
2026-09-28T12:00:10.733+00:00,2026-09-28T12:00:10.778+00:00,593.234,absent,3095.1,"{""state"":""absent"",""devices"":[]}",absent,absent,23.5,20.8,List of devices attached,
2026-09-28T12:00:11.733+00:00,2026-09-28T12:00:11.779+00:00,594.235,absent,3095.1,"{""state"":""absent"",""devices"":[]}",absent,absent,25.3,19.9,List of devices attached,
2026-09-28T12:00:12.734+00:00,2026-09-28T12:00:12.789+00:00,595.246,absent,3095.1,"{""state"":""absent"",""devices"":[]}",absent,absent,31.2,24.1,List of devices attached | emulator-5568          offline transport_id:1632,
2026-09-28T12:00:13.735+00:00,2026-09-28T12:00:13.781+00:00,596.238,absent,3095.1,"{""state"":""absent"",""devices"":[]}",absent,absent,25.8,20.7,List of devices attached,
2026-09-28T12:00:14.735+00:00,2026-09-28T12:00:14.780+00:00,597.237,absent,3233.6,"{""state"":""absent"",""devices"":[]}",absent,absent,24.3,21.1,List of devices attached,
2026-09-28T12:00:15.735+00:00,2026-09-28T12:00:15.781+00:00,598.237,absent,3233.6,"{""state"":""absent"",""devices"":[]}",absent,absent,25.0,20.5,List of devices attached,
2026-09-28T12:00:16.736+00:00,2026-09-28T12:00:16.780+00:00,599.237,absent,3233.6,"{""state"":""absent"",""devices"":[]}",absent,absent,24.7,20.2,List of devices attached,
2026-09-28T12:00:17.736+00:00,2026-09-28T12:00:17.782+00:00,600.239,absent,3233.6,"{""state"":""absent"",""devices"":[]}",absent,absent,24.6,21.2,List of devices attached | emulator-5568          offline transport_id:1636,
2026-09-28T12:00:18.736+00:00,2026-09-28T12:00:18.784+00:00,601.240,absent,3140.0,"{""state"":""absent"",""devices"":[]}",absent,absent,25.1,22.0,List of devices attached,
2026-09-28T12:00:19.737+00:00,2026-09-28T12:00:19.782+00:00,602.239,absent,3140.0,"{""state"":""absent"",""devices"":[]}",absent,absent,25.1,20.2,List of devices attached,
2026-09-28T12:00:20.737+00:00,2026-09-28T12:00:20.803+00:00,603.260,absent,3140.0,"{""state"":""absent"",""devices"":[]}",absent,absent,45.0,21.2,List of devices attached,
2026-09-28T12:00:21.737+00:00,2026-09-28T12:00:21.792+00:00,604.249,absent,3140.0,"{""state"":""absent"",""devices"":[]}",absent,absent,33.3,22.0,List of devices attached,
2026-09-28T12:00:22.738+00:00,2026-09-28T12:00:22.789+00:00,605.245,absent,3057.0,"{""state"":""absent"",""devices"":[]}",absent,absent,29.1,22.0,List of devices attached | emulator-5568          offline transport_id:1640,
2026-09-28T12:00:23.738+00:00,2026-09-28T12:00:23.801+00:00,606.257,absent,3057.0,"{""state"":""absent"",""devices"":[]}",absent,absent,25.6,36.7,List of devices attached,
2026-09-28T12:00:24.739+00:00,2026-09-28T12:00:24.784+00:00,607.240,absent,3057.0,"{""state"":""absent"",""devices"":[]}",absent,absent,24.9,20.0,List of devices attached,
2026-09-28T12:00:25.739+00:00,2026-09-28T12:00:25.785+00:00,608.242,absent,3057.0,"{""state"":""absent"",""devices"":[]}",absent,absent,25.5,20.6,List of devices attached,
2026-09-28T12:00:26.739+00:00,2026-09-28T12:00:26.785+00:00,609.241,absent,3093.3,"{""state"":""absent"",""devices"":[]}",absent,absent,24.6,20.6,List of devices attached | emulator-5568          offline transport_id:1643,
2026-09-28T12:00:27.740+00:00,2026-09-28T12:00:27.786+00:00,610.243,absent,3093.3,"{""state"":""absent"",""devices"":[]}",absent,absent,25.0,21.2,List of devices attached,
2026-09-28T12:00:28.740+00:00,2026-09-28T12:00:28.784+00:00,611.240,absent,3093.3,"{""state"":""absent"",""devices"":[]}",absent,absent,23.9,19.9,List of devices attached,
2026-09-28T12:00:29.740+00:00,2026-09-28T12:00:29.799+00:00,612.255,absent,3093.3,"{""state"":""absent"",""devices"":[]}",absent,absent,25.9,32.2,List of devices attached,
2026-09-28T12:00:30.740+00:00,2026-09-28T12:00:30.791+00:00,613.247,absent,3132.4,"{""state"":""absent"",""devices"":[]}",absent,absent,28.7,21.4,List of devices attached,
2026-09-28T12:00:31.741+00:00,2026-09-28T12:00:31.793+00:00,614.250,absent,3132.4,"{""state"":""absent"",""devices"":[]}",absent,absent,28.9,23.3,List of devices attached | emulator-5568          offline transport_id:1647,
2026-09-28T12:00:32.741+00:00,2026-09-28T12:00:32.794+00:00,615.251,absent,3132.4,"{""state"":""absent"",""devices"":[]}",absent,absent,30.8,22.4,List of devices attached,
2026-09-28T12:00:33.741+00:00,2026-09-28T12:00:33.792+00:00,616.248,absent,3132.4,"{""state"":""absent"",""devices"":[]}",absent,absent,27.1,22.9,List of devices attached,
2026-09-28T12:00:34.742+00:00,2026-09-28T12:00:34.802+00:00,617.259,absent,3060.5,"{""state"":""absent"",""devices"":[]}",absent,absent,38.9,21.7,List of devices attached,
2026-09-28T12:00:35.742+00:00,2026-09-28T12:00:35.789+00:00,618.245,absent,3060.5,"{""state"":""absent"",""devices"":[]}",absent,absent,25.5,21.0,List of devices attached,
2026-09-28T12:00:36.742+00:00,2026-09-28T12:00:36.803+00:00,619.259,absent,3060.5,"{""state"":""absent"",""devices"":[]}",absent,absent,39.0,21.2,List of devices attached | emulator-5568          offline transport_id:1651,
2026-09-28T12:00:37.743+00:00,2026-09-28T12:00:37.805+00:00,620.262,absent,3060.5,"{""state"":""absent"",""devices"":[]}",absent,absent,25.6,36.8,List of devices attached,
2026-09-28T12:00:38.743+00:00,2026-09-28T12:00:38.790+00:00,621.247,absent,3123.7,"{""state"":""absent"",""devices"":[]}",absent,absent,25.1,21.4,List of devices attached,
2026-09-28T12:00:39.744+00:00,2026-09-28T12:00:39.802+00:00,622.258,absent,3123.7,"{""state"":""absent"",""devices"":[]}",absent,absent,35.4,22.5,List of devices attached,
2026-09-28T12:00:40.744+00:00,2026-09-28T12:00:40.799+00:00,623.256,absent,3123.7,"{""state"":""absent"",""devices"":[]}",absent,absent,23.9,30.9,List of devices attached | emulator-5568          offline transport_id:1654,
2026-09-28T12:00:41.744+00:00,2026-09-28T12:00:41.793+00:00,624.250,absent,3123.7,"{""state"":""absent"",""devices"":[]}",absent,absent,26.7,22.3,List of devices attached,
2026-09-28T12:00:42.744+00:00,2026-09-28T12:00:42.791+00:00,625.248,absent,3110.9,"{""state"":""absent"",""devices"":[]}",absent,absent,25.5,21.5,List of devices attached,
2026-09-28T12:00:43.745+00:00,2026-09-28T12:00:43.791+00:00,626.248,absent,3110.9,"{""state"":""absent"",""devices"":[]}",absent,absent,25.5,20.8,List of devices attached,
2026-09-28T12:00:44.745+00:00,2026-09-28T12:00:44.800+00:00,627.257,absent,3110.9,"{""state"":""absent"",""devices"":[]}",absent,absent,25.3,29.9,List of devices attached,
2026-09-28T12:00:45.745+00:00,2026-09-28T12:00:45.794+00:00,628.251,absent,3110.9,"{""state"":""absent"",""devices"":[]}",absent,absent,27.7,21.5,List of devices attached | emulator-5568          offline transport_id:1658,
2026-09-28T12:00:46.745+00:00,2026-09-28T12:00:46.805+00:00,629.261,absent,3101.3,"{""state"":""absent"",""devices"":[]}",absent,absent,24.6,34.6,List of devices attached,
2026-09-28T12:00:47.745+00:00,2026-09-28T12:00:47.801+00:00,630.258,absent,3101.3,"{""state"":""absent"",""devices"":[]}",absent,absent,34.6,21.2,List of devices attached,
2026-09-28T12:00:48.746+00:00,2026-09-28T12:00:48.795+00:00,631.252,absent,3101.3,"{""state"":""absent"",""devices"":[]}",absent,absent,28.0,21.3,List of devices attached,
2026-09-28T12:00:49.746+00:00,2026-09-28T12:00:49.815+00:00,632.271,absent,3101.3,"{""state"":""absent"",""devices"":[]}",absent,absent,26.8,41.7,List of devices attached,
2026-09-28T12:00:50.746+00:00,2026-09-28T12:00:50.802+00:00,633.259,absent,3110.4,"{""state"":""absent"",""devices"":[]}",absent,absent,33.9,21.7,List of devices attached | emulator-5568          offline transport_id:1662,
2026-09-28T12:00:51.747+00:00,2026-09-28T12:00:51.794+00:00,634.250,absent,3110.4,"{""state"":""absent"",""devices"":[]}",absent,absent,26.3,20.6,List of devices attached,
2026-09-28T12:00:52.747+00:00,2026-09-28T12:00:52.815+00:00,635.272,absent,3110.4,"{""state"":""absent"",""devices"":[]}",absent,absent,23.9,44.0,List of devices attached,
2026-09-28T12:00:53.747+00:00,2026-09-28T12:00:53.793+00:00,636.250,absent,3110.4,"{""state"":""absent"",""devices"":[]}",absent,absent,25.2,20.7,List of devices attached,
2026-09-28T12:00:54.748+00:00,2026-09-28T12:00:54.799+00:00,637.256,absent,3157.0,"{""state"":""absent"",""devices"":[]}",absent,absent,24.6,26.5,List of devices attached | emulator-5568          offline transport_id:1665,
2026-09-28T12:00:55.748+00:00,2026-09-28T12:00:55.794+00:00,638.250,absent,3157.0,"{""state"":""absent"",""devices"":[]}",absent,absent,25.2,19.9,List of devices attached,
2026-09-28T12:00:56.749+00:00,2026-09-28T12:00:56.795+00:00,639.252,absent,3157.0,"{""state"":""absent"",""devices"":[]}",absent,absent,25.6,20.6,List of devices attached,
2026-09-28T12:00:57.749+00:00,2026-09-28T12:00:57.795+00:00,640.251,absent,3157.0,"{""state"":""absent"",""devices"":[]}",absent,absent,24.4,20.6,List of devices attached,
2026-09-28T12:00:58.750+00:00,2026-09-28T12:00:58.809+00:00,641.266,absent,3246.4,"{""state"":""absent"",""devices"":[]}",absent,absent,24.0,34.8,List of devices attached,
2026-09-28T12:00:59.750+00:00,2026-09-28T12:00:59.795+00:00,642.252,absent,3246.4,"{""state"":""absent"",""devices"":[]}",absent,absent,24.5,20.1,List of devices attached | emulator-5568          offline transport_id:1669,
2026-09-28T12:01:00.751+00:00,2026-09-28T12:01:00.796+00:00,643.253,absent,3246.4,"{""state"":""absent"",""devices"":[]}",absent,absent,24.7,20.4,List of devices attached,
2026-09-28T12:01:01.751+00:00,2026-09-28T12:01:01.797+00:00,644.254,absent,3246.4,"{""state"":""absent"",""devices"":[]}",absent,absent,26.4,19.9,List of devices attached,
2026-09-28T12:01:02.751+00:00,2026-09-28T12:01:02.814+00:00,645.271,absent,3076.5,"{""state"":""absent"",""devices"":[]}",absent,absent,24.0,39.0,List of devices attached,
2026-09-28T12:01:03.751+00:00,2026-09-28T12:01:03.796+00:00,646.253,absent,3076.5,"{""state"":""absent"",""devices"":[]}",absent,absent,23.8,21.1,List of devices attached,
2026-09-28T12:01:04.752+00:00,2026-09-28T12:01:04.802+00:00,647.259,absent,3076.5,"{""state"":""absent"",""devices"":[]}",absent,absent,24.2,26.4,List of devices attached | emulator-5568          offline transport_id:1673,
2026-09-28T12:01:05.752+00:00,2026-09-28T12:01:05.799+00:00,648.256,absent,3076.5,"{""state"":""absent"",""devices"":[]}",absent,absent,25.1,22.4,List of devices attached,
2026-09-28T12:01:06.752+00:00,2026-09-28T12:01:06.800+00:00,649.257,absent,3156.0,"{""state"":""absent"",""devices"":[]}",absent,absent,24.7,23.7,List of devices attached,
2026-09-28T12:01:07.752+00:00,2026-09-28T12:01:07.798+00:00,650.255,absent,3156.0,"{""state"":""absent"",""devices"":[]}",absent,absent,24.1,22.2,List of devices attached,
2026-09-28T12:01:08.753+00:00,2026-09-28T12:01:08.802+00:00,651.259,absent,3156.0,"{""state"":""absent"",""devices"":[]}",absent,absent,23.1,26.6,List of devices attached | emulator-5568          offline transport_id:1676,
2026-09-28T12:01:09.753+00:00,2026-09-28T12:01:09.800+00:00,652.256,absent,3156.0,"{""state"":""absent"",""devices"":[]}",absent,absent,24.8,22.1,List of devices attached,
2026-09-28T12:01:10.753+00:00,2026-09-28T12:01:10.798+00:00,653.254,absent,3157.6,"{""state"":""absent"",""devices"":[]}",absent,absent,22.9,21.8,List of devices attached,
2026-09-28T12:01:11.753+00:00,2026-09-28T12:01:11.800+00:00,654.256,absent,3157.6,"{""state"":""absent"",""devices"":[]}",absent,absent,23.6,22.7,List of devices attached,
2026-09-28T12:01:12.754+00:00,2026-09-28T12:01:12.799+00:00,655.256,absent,3157.6,"{""state"":""absent"",""devices"":[]}",absent,absent,24.5,20.8,List of devices attached,
2026-09-28T12:01:13.754+00:00,2026-09-28T12:01:13.807+00:00,656.264,absent,3157.6,"{""state"":""absent"",""devices"":[]}",absent,absent,26.2,26.9,List of devices attached | emulator-5568          offline transport_id:1680,
2026-09-28T12:01:14.754+00:00,2026-09-28T12:01:14.801+00:00,657.258,absent,3104.9,"{""state"":""absent"",""devices"":[]}",absent,absent,24.6,22.4,List of devices attached,
2026-09-28T12:01:15.755+00:00,2026-09-28T12:01:15.803+00:00,658.259,absent,3104.9,"{""state"":""absent"",""devices"":[]}",absent,absent,25.7,22.4,List of devices attached,
2026-09-28T12:01:16.755+00:00,2026-09-28T12:01:16.801+00:00,659.258,absent,3104.9,"{""state"":""absent"",""devices"":[]}",absent,absent,24.8,21.1,List of devices attached,
2026-09-28T12:01:17.755+00:00,2026-09-28T12:01:17.800+00:00,660.256,absent,3104.9,"{""state"":""absent"",""devices"":[]}",absent,absent,23.6,21.1,List of devices attached,
2026-09-28T12:01:18.755+00:00,2026-09-28T12:01:18.801+00:00,661.257,absent,3151.7,"{""state"":""absent"",""devices"":[]}",absent,absent,23.9,21.3,List of devices attached,
2026-09-28T12:01:19.756+00:00,2026-09-28T12:01:19.808+00:00,662.265,absent,3151.7,"{""state"":""absent"",""devices"":[]}",absent,absent,25.3,27.0,List of devices attached,
2026-09-28T12:01:20.756+00:00,2026-09-28T12:01:20.801+00:00,663.258,absent,3151.7,"{""state"":""absent"",""devices"":[]}",absent,absent,25.4,20.2,List of devices attached,
2026-09-28T12:01:21.756+00:00,2026-09-28T12:01:21.802+00:00,664.259,absent,3151.7,"{""state"":""absent"",""devices"":[]}",absent,absent,24.4,21.9,List of devices attached,
2026-09-28T12:01:22.756+00:00,2026-09-28T12:01:22.802+00:00,665.259,absent,3135.2,"{""state"":""absent"",""devices"":[]}",absent,absent,24.1,21.7,List of devices attached | emulator-5568          offline transport_id:1687,
2026-09-28T12:01:23.757+00:00,2026-09-28T12:01:23.803+00:00,666.260,absent,3135.2,"{""state"":""absent"",""devices"":[]}",absent,absent,25.9,20.9,List of devices attached,
2026-09-28T12:01:24.757+00:00,2026-09-28T12:01:24.803+00:00,667.259,absent,3135.2,"{""state"":""absent"",""devices"":[]}",absent,absent,24.7,21.1,List of devices attached,
2026-09-28T12:01:25.757+00:00,2026-09-28T12:01:25.804+00:00,668.261,absent,3135.2,"{""state"":""absent"",""devices"":[]}",absent,absent,24.7,22.3,List of devices attached,
2026-09-28T12:01:26.757+00:00,2026-09-28T12:01:26.806+00:00,669.263,absent,3155.0,"{""state"":""absent"",""devices"":[]}",absent,absent,25.9,22.7,List of devices attached,
2026-09-28T12:01:27.758+00:00,2026-09-28T12:01:27.804+00:00,670.261,absent,3155.0,"{""state"":""absent"",""devices"":[]}",absent,absent,24.4,21.6,List of devices attached | emulator-5568          offline transport_id:1691,
2026-09-28T12:01:28.758+00:00,2026-09-28T12:01:28.803+00:00,671.260,absent,3155.0,"{""state"":""absent"",""devices"":[]}",absent,absent,24.3,20.1,List of devices attached,
2026-09-28T12:01:29.759+00:00,2026-09-28T12:01:29.805+00:00,672.262,absent,3155.0,"{""state"":""absent"",""devices"":[]}",absent,absent,25.4,20.9,List of devices attached,
2026-09-28T12:01:30.760+00:00,2026-09-28T12:01:30.806+00:00,673.263,absent,3100.7,"{""state"":""absent"",""devices"":[]}",absent,absent,24.8,21.4,List of devices attached,
2026-09-28T12:01:31.760+00:00,2026-09-28T12:01:31.808+00:00,674.264,absent,3100.7,"{""state"":""absent"",""devices"":[]}",absent,absent,26.7,20.9,List of devices attached | emulator-5568          offline transport_id:1694,
2026-09-28T12:01:32.760+00:00,2026-09-28T12:01:32.821+00:00,675.278,absent,3100.7,"{""state"":""absent"",""devices"":[]}",absent,absent,39.6,21.1,List of devices attached,
2026-09-28T12:01:33.761+00:00,2026-09-28T12:01:33.821+00:00,676.278,absent,3100.7,"{""state"":""absent"",""devices"":[]}",absent,absent,39.2,21.2,List of devices attached,
2026-09-28T12:01:34.761+00:00,2026-09-28T12:01:34.809+00:00,677.266,absent,3119.2,"{""state"":""absent"",""devices"":[]}",absent,absent,26.5,21.8,List of devices attached,
2026-09-28T12:01:35.761+00:00,2026-09-28T12:01:35.806+00:00,678.263,absent,3119.2,"{""state"":""absent"",""devices"":[]}",absent,absent,24.9,20.3,List of devices attached,
2026-09-28T12:01:36.762+00:00,2026-09-28T12:01:36.806+00:00,679.263,absent,3119.2,"{""state"":""absent"",""devices"":[]}",absent,absent,24.5,20.0,List of devices attached | emulator-5568          offline transport_id:1698,
2026-09-28T12:01:37.762+00:00,2026-09-28T12:01:37.808+00:00,680.265,absent,3119.2,"{""state"":""absent"",""devices"":[]}",absent,absent,25.9,20.3,List of devices attached,
2026-09-28T12:01:38.762+00:00,2026-09-28T12:01:38.808+00:00,681.265,absent,3157.4,"{""state"":""absent"",""devices"":[]}",absent,absent,25.4,20.6,List of devices attached,
2026-09-28T12:01:39.762+00:00,2026-09-28T12:01:39.807+00:00,682.264,absent,3157.4,"{""state"":""absent"",""devices"":[]}",absent,absent,25.0,19.7,List of devices attached,
2026-09-28T12:01:40.763+00:00,2026-09-28T12:01:40.807+00:00,683.264,absent,3157.4,"{""state"":""absent"",""devices"":[]}",absent,absent,24.1,20.1,List of devices attached,
2026-09-28T12:01:41.763+00:00,2026-09-28T12:01:41.809+00:00,684.265,absent,3157.4,"{""state"":""absent"",""devices"":[]}",absent,absent,24.1,21.7,List of devices attached | emulator-5568          offline transport_id:1702,
2026-09-28T12:01:42.763+00:00,2026-09-28T12:01:42.823+00:00,685.280,absent,3119.2,"{""state"":""absent"",""devices"":[]}",absent,absent,37.3,23.0,List of devices attached,
2026-09-28T12:01:43.763+00:00,2026-09-28T12:01:43.809+00:00,686.266,absent,3119.2,"{""state"":""absent"",""devices"":[]}",absent,absent,24.5,20.9,List of devices attached,
2026-09-28T12:01:44.764+00:00,2026-09-28T12:01:44.809+00:00,687.266,absent,3119.2,"{""state"":""absent"",""devices"":[]}",absent,absent,25.6,19.6,List of devices attached,
2026-09-28T12:01:45.764+00:00,2026-09-28T12:01:45.823+00:00,688.280,absent,3119.2,"{""state"":""absent"",""devices"":[]}",absent,absent,36.9,21.7,List of devices attached,
2026-09-28T12:01:46.765+00:00,2026-09-28T12:01:46.812+00:00,689.268,absent,3125.4,"{""state"":""absent"",""devices"":[]}",absent,absent,26.6,20.4,List of devices attached | emulator-5568          offline transport_id:1706,
2026-09-28T12:01:47.765+00:00,2026-09-28T12:01:47.812+00:00,690.269,absent,3125.4,"{""state"":""absent"",""devices"":[]}",absent,absent,26.0,21.2,List of devices attached,
2026-09-28T12:01:48.765+00:00,2026-09-28T12:01:48.811+00:00,691.268,absent,3125.4,"{""state"":""absent"",""devices"":[]}",absent,absent,26.2,20.0,List of devices attached,
2026-09-28T12:01:49.766+00:00,2026-09-28T12:01:49.825+00:00,692.282,absent,3125.4,"{""state"":""absent"",""devices"":[]}",absent,absent,35.9,23.5,List of devices attached,
2026-09-28T12:01:50.766+00:00,2026-09-28T12:01:50.812+00:00,693.269,absent,3106.2,"{""state"":""absent"",""devices"":[]}",absent,absent,25.3,20.5,List of devices attached | emulator-5568          offline transport_id:1709,
2026-09-28T12:01:51.767+00:00,2026-09-28T12:01:51.812+00:00,694.269,absent,3106.2,"{""state"":""absent"",""devices"":[]}",absent,absent,25.2,20.4,List of devices attached,
2026-09-28T12:01:52.767+00:00,2026-09-28T12:01:52.813+00:00,695.270,absent,3106.2,"{""state"":""absent"",""devices"":[]}",absent,absent,25.4,20.5,List of devices attached,
2026-09-28T12:01:53.767+00:00,2026-09-28T12:01:53.829+00:00,696.285,absent,3106.2,"{""state"":""absent"",""devices"":[]}",absent,absent,39.2,21.8,List of devices attached,
2026-09-28T12:01:54.768+00:00,2026-09-28T12:01:54.814+00:00,697.271,absent,3153.2,"{""state"":""absent"",""devices"":[]}",absent,absent,25.5,20.8,List of devices attached,
2026-09-28T12:01:55.768+00:00,2026-09-28T12:01:55.826+00:00,698.282,absent,3153.2,"{""state"":""absent"",""devices"":[]}",absent,absent,35.0,22.4,List of devices attached | emulator-5568          offline transport_id:1713,
2026-09-28T12:01:56.769+00:00,2026-09-28T12:01:56.813+00:00,699.270,absent,3153.2,"{""state"":""absent"",""devices"":[]}",absent,absent,23.8,20.3,List of devices attached,
2026-09-28T12:01:57.769+00:00,2026-09-28T12:01:57.818+00:00,700.274,absent,3153.2,"{""state"":""absent"",""devices"":[]}",absent,absent,26.0,22.8,List of devices attached,
2026-09-28T12:01:58.769+00:00,2026-09-28T12:01:58.834+00:00,701.291,absent,3108.0,"{""state"":""absent"",""devices"":[]}",absent,absent,39.7,24.9,List of devices attached,
2026-09-28T12:01:59.769+00:00,2026-09-28T12:01:59.819+00:00,702.275,absent,3108.0,"{""state"":""absent"",""devices"":[]}",absent,absent,28.0,21.4,List of devices attached,
2026-09-28T12:02:00.770+00:00,2026-09-28T12:02:00.817+00:00,703.274,absent,3108.0,"{""state"":""absent"",""devices"":[]}",absent,absent,24.8,22.4,List of devices attached | emulator-5568          offline transport_id:1717,
2026-09-28T12:02:01.770+00:00,2026-09-28T12:02:01.836+00:00,704.292,absent,3108.0,"{""state"":""absent"",""devices"":[]}",absent,absent,44.7,21.0,List of devices attached,
2026-09-28T12:02:02.771+00:00,2026-09-28T12:02:02.819+00:00,705.276,absent,3058.1,"{""state"":""absent"",""devices"":[]}",absent,absent,25.5,22.8,List of devices attached,
2026-09-28T12:02:03.771+00:00,2026-09-28T12:02:03.834+00:00,706.290,absent,3058.1,"{""state"":""absent"",""devices"":[]}",absent,absent,25.5,37.4,List of devices attached,
2026-09-28T12:02:04.771+00:00,2026-09-28T12:02:04.836+00:00,707.293,absent,3058.1,"{""state"":""absent"",""devices"":[]}",absent,absent,42.9,22.3,List of devices attached | emulator-5568          offline transport_id:1720,
2026-09-28T12:02:05.771+00:00,2026-09-28T12:02:05.823+00:00,708.280,absent,3058.1,"{""state"":""absent"",""devices"":[]}",absent,absent,28.1,23.8,List of devices attached,
2026-09-28T12:02:06.772+00:00,2026-09-28T12:02:06.820+00:00,709.276,absent,3111.0,"{""state"":""absent"",""devices"":[]}",absent,absent,25.8,21.9,List of devices attached,
2026-09-28T12:02:07.772+00:00,2026-09-28T12:02:07.823+00:00,710.280,absent,3111.0,"{""state"":""absent"",""devices"":[]}",absent,absent,27.0,24.0,List of devices attached,
2026-09-28T12:02:08.772+00:00,2026-09-28T12:02:08.819+00:00,711.275,absent,3111.0,"{""state"":""absent"",""devices"":[]}",absent,absent,24.6,21.8,List of devices attached,
2026-09-28T12:02:09.772+00:00,2026-09-28T12:02:09.820+00:00,712.276,absent,3111.0,"{""state"":""absent"",""devices"":[]}",absent,absent,26.1,21.0,List of devices attached | emulator-5568          offline transport_id:1724,
2026-09-28T12:02:10.773+00:00,2026-09-28T12:02:10.831+00:00,713.288,absent,3165.2,"{""state"":""absent"",""devices"":[]}",absent,absent,36.7,22.0,List of devices attached,
2026-09-28T12:02:11.773+00:00,2026-09-28T12:02:11.820+00:00,714.277,absent,3165.2,"{""state"":""absent"",""devices"":[]}",absent,absent,25.4,21.9,List of devices attached,
2026-09-28T12:02:12.773+00:00,2026-09-28T12:02:12.823+00:00,715.280,absent,3165.2,"{""state"":""absent"",""devices"":[]}",absent,absent,27.4,22.5,List of devices attached,
2026-09-28T12:02:13.774+00:00,2026-09-28T12:02:13.838+00:00,716.295,absent,3165.2,"{""state"":""absent"",""devices"":[]}",absent,absent,26.5,38.0,List of devices attached,
2026-09-28T12:02:14.774+00:00,2026-09-28T12:02:14.820+00:00,717.277,absent,3130.5,"{""state"":""absent"",""devices"":[]}",absent,absent,25.9,20.5,List of devices attached,
2026-09-28T12:02:15.774+00:00,2026-09-28T12:02:15.820+00:00,718.277,absent,3130.5,"{""state"":""absent"",""devices"":[]}",absent,absent,25.0,21.5,List of devices attached,
2026-09-28T12:02:16.774+00:00,2026-09-28T12:02:16.820+00:00,719.277,absent,3130.5,"{""state"":""absent"",""devices"":[]}",absent,absent,25.0,20.7,List of devices attached,
2026-09-28T12:02:17.775+00:00,2026-09-28T12:02:17.821+00:00,720.278,absent,3130.5,"{""state"":""absent"",""devices"":[]}",absent,absent,23.9,22.6,List of devices attached,
2026-09-28T12:02:18.775+00:00,2026-09-28T12:02:18.832+00:00,721.289,absent,3161.6,"{""state"":""absent"",""devices"":[]}",absent,absent,24.3,32.8,List of devices attached | emulator-5568          offline transport_id:1731,
2026-09-28T12:02:19.775+00:00,2026-09-28T12:02:19.821+00:00,722.278,absent,3161.6,"{""state"":""absent"",""devices"":[]}",absent,absent,25.2,20.8,List of devices attached,
2026-09-28T12:02:20.776+00:00,2026-09-28T12:02:20.822+00:00,723.278,absent,3161.6,"{""state"":""absent"",""devices"":[]}",absent,absent,24.6,21.2,List of devices attached,
2026-09-28T12:02:21.776+00:00,2026-09-28T12:02:21.823+00:00,724.280,absent,3161.6,"{""state"":""absent"",""devices"":[]}",absent,absent,23.6,23.8,List of devices attached,
2026-09-28T12:02:22.776+00:00,2026-09-28T12:02:22.823+00:00,725.279,absent,3166.1,"{""state"":""absent"",""devices"":[]}",absent,absent,24.0,22.4,List of devices attached,
2026-09-28T12:02:23.776+00:00,2026-09-28T12:02:23.825+00:00,726.282,absent,3166.1,"{""state"":""absent"",""devices"":[]}",absent,absent,27.1,21.7,List of devices attached | emulator-5568          offline transport_id:1735,
2026-09-28T12:02:24.777+00:00,2026-09-28T12:02:24.823+00:00,727.279,absent,3166.1,"{""state"":""absent"",""devices"":[]}",absent,absent,24.6,21.3,List of devices attached,
2026-09-28T12:02:25.777+00:00,2026-09-28T12:02:25.833+00:00,728.289,absent,3166.1,"{""state"":""absent"",""devices"":[]}",absent,absent,25.5,29.8,List of devices attached,
2026-09-28T12:02:26.777+00:00,2026-09-28T12:02:26.825+00:00,729.281,absent,3212.2,"{""state"":""absent"",""devices"":[]}",absent,absent,24.8,22.6,List of devices attached,
2026-09-28T12:02:27.778+00:00,2026-09-28T12:02:27.837+00:00,730.294,absent,3212.2,"{""state"":""absent"",""devices"":[]}",absent,absent,36.1,23.7,List of devices attached | emulator-5568          offline transport_id:1738,
2026-09-28T12:02:28.778+00:00,2026-09-28T12:02:28.824+00:00,731.281,absent,3212.2,"{""state"":""absent"",""devices"":[]}",absent,absent,25.0,21.7,List of devices attached,
2026-09-28T12:02:29.778+00:00,2026-09-28T12:02:29.825+00:00,732.281,absent,3212.2,"{""state"":""absent"",""devices"":[]}",absent,absent,25.8,20.7,List of devices attached,
2026-09-28T12:02:30.778+00:00,2026-09-28T12:02:30.837+00:00,733.293,absent,3198.3,"{""state"":""absent"",""devices"":[]}",absent,absent,35.5,23.0,List of devices attached,
2026-09-28T12:02:31.778+00:00,2026-09-28T12:02:31.827+00:00,734.284,absent,3198.3,"{""state"":""absent"",""devices"":[]}",absent,absent,25.2,23.7,List of devices attached,
2026-09-28T12:02:32.779+00:00,2026-09-28T12:02:32.838+00:00,735.294,absent,3198.3,"{""state"":""absent"",""devices"":[]}",absent,absent,24.3,34.8,List of devices attached | emulator-5568          offline transport_id:1742,
2026-09-28T12:02:33.779+00:00,2026-09-28T12:02:33.829+00:00,736.285,absent,3198.3,"{""state"":""absent"",""devices"":[]}",absent,absent,27.6,22.1,List of devices attached,
2026-09-28T12:02:34.779+00:00,2026-09-28T12:02:34.826+00:00,737.283,absent,3121.8,"{""state"":""absent"",""devices"":[]}",absent,absent,25.7,21.3,List of devices attached,
2026-09-28T12:02:35.780+00:00,2026-09-28T12:02:35.828+00:00,738.284,absent,3121.8,"{""state"":""absent"",""devices"":[]}",absent,absent,25.5,22.5,List of devices attached,
2026-09-28T12:02:36.780+00:00,2026-09-28T12:02:36.826+00:00,739.283,absent,3121.8,"{""state"":""absent"",""devices"":[]}",absent,absent,25.2,20.8,List of devices attached,
2026-09-28T12:02:37.780+00:00,2026-09-28T12:02:37.827+00:00,740.284,absent,3121.8,"{""state"":""absent"",""devices"":[]}",absent,absent,24.2,22.4,List of devices attached | emulator-5568          offline transport_id:1746,
2026-09-28T12:02:38.781+00:00,2026-09-28T12:02:38.828+00:00,741.284,absent,3186.1,"{""state"":""absent"",""devices"":[]}",absent,absent,24.1,22.5,List of devices attached,
2026-09-28T12:02:39.781+00:00,2026-09-28T12:02:39.832+00:00,742.288,absent,3186.1,"{""state"":""absent"",""devices"":[]}",absent,absent,25.5,24.8,List of devices attached,
2026-09-28T12:02:40.782+00:00,2026-09-28T12:02:40.834+00:00,743.291,absent,3186.1,"{""state"":""absent"",""devices"":[]}",absent,absent,23.4,29.3,List of devices attached,
2026-09-28T12:02:41.782+00:00,2026-09-28T12:02:41.828+00:00,744.285,absent,3186.1,"{""state"":""absent"",""devices"":[]}",absent,absent,24.0,22.3,List of devices attached,
2026-09-28T12:02:42.782+00:00,2026-09-28T12:02:42.828+00:00,745.285,absent,3100.9,"{""state"":""absent"",""devices"":[]}",absent,absent,23.1,22.5,List of devices attached,
2026-09-28T12:02:43.783+00:00,2026-09-28T12:02:43.829+00:00,746.286,absent,3100.9,"{""state"":""absent"",""devices"":[]}",absent,absent,24.7,22.0,List of devices attached,
2026-09-28T12:02:44.783+00:00,2026-09-28T12:02:44.829+00:00,747.286,absent,3100.9,"{""state"":""absent"",""devices"":[]}",absent,absent,24.7,21.2,List of devices attached,
2026-09-28T12:02:45.783+00:00,2026-09-28T12:02:45.836+00:00,748.293,absent,3100.9,"{""state"":""absent"",""devices"":[]}",absent,absent,24.1,28.6,List of devices attached,
2026-09-28T12:02:46.783+00:00,2026-09-28T12:02:46.833+00:00,749.289,absent,3137.7,"{""state"":""absent"",""devices"":[]}",absent,absent,25.9,23.4,List of devices attached | emulator-5568          offline transport_id:1753,
2026-09-28T12:02:47.783+00:00,2026-09-28T12:02:47.830+00:00,750.286,absent,3137.7,"{""state"":""absent"",""devices"":[]}",absent,absent,24.7,21.7,List of devices attached,
2026-09-28T12:02:48.784+00:00,2026-09-28T12:02:48.832+00:00,751.289,absent,3137.7,"{""state"":""absent"",""devices"":[]}",absent,absent,24.5,23.7,List of devices attached,
2026-09-28T12:02:49.784+00:00,2026-09-28T12:02:49.831+00:00,752.287,absent,3137.7,"{""state"":""absent"",""devices"":[]}",absent,absent,24.7,21.8,List of devices attached,
2026-09-28T12:02:50.784+00:00,2026-09-28T12:02:50.829+00:00,753.286,absent,3096.2,"{""state"":""absent"",""devices"":[]}",absent,absent,24.0,20.5,List of devices attached,
2026-09-28T12:02:51.785+00:00,2026-09-28T12:02:51.834+00:00,754.291,absent,3096.2,"{""state"":""absent"",""devices"":[]}",absent,absent,26.7,22.6,List of devices attached | emulator-5568          offline transport_id:1757,
2026-09-28T12:02:52.785+00:00,2026-09-28T12:02:52.831+00:00,755.288,absent,3096.2,"{""state"":""absent"",""devices"":[]}",absent,absent,24.6,21.2,List of devices attached,
2026-09-28T12:02:53.785+00:00,2026-09-28T12:02:53.830+00:00,756.286,absent,3096.2,"{""state"":""absent"",""devices"":[]}",absent,absent,23.8,20.4,List of devices attached,
2026-09-28T12:02:54.786+00:00,2026-09-28T12:02:54.832+00:00,757.288,absent,3215.2,"{""state"":""absent"",""devices"":[]}",absent,absent,24.8,21.0,List of devices attached,
2026-09-28T12:02:55.786+00:00,2026-09-28T12:02:55.831+00:00,758.288,absent,3215.2,"{""state"":""absent"",""devices"":[]}",absent,absent,24.3,20.7,List of devices attached,
2026-09-28T12:02:56.786+00:00,2026-09-28T12:02:56.836+00:00,759.292,absent,3215.2,"{""state"":""absent"",""devices"":[]}",absent,absent,24.0,25.6,List of devices attached,
2026-09-28T12:02:57.787+00:00,2026-09-28T12:02:57.833+00:00,760.289,absent,3215.2,"{""state"":""absent"",""devices"":[]}",absent,absent,25.4,20.7,List of devices attached,
2026-09-28T12:02:58.787+00:00,2026-09-28T12:02:58.837+00:00,761.294,absent,3111.4,"{""state"":""absent"",""devices"":[]}",absent,absent,27.3,22.9,List of devices attached,
2026-09-28T12:02:59.787+00:00,2026-09-28T12:02:59.837+00:00,762.294,absent,3111.4,"{""state"":""absent"",""devices"":[]}",absent,absent,26.2,23.9,List of devices attached,
2026-09-28T12:03:00.787+00:00,2026-09-28T12:03:00.835+00:00,763.292,absent,3111.4,"{""state"":""absent"",""devices"":[]}",absent,absent,26.4,21.8,List of devices attached | emulator-5568          offline transport_id:1764,
2026-09-28T12:03:01.787+00:00,2026-09-28T12:03:01.835+00:00,764.291,absent,3111.4,"{""state"":""absent"",""devices"":[]}",absent,absent,24.8,22.4,List of devices attached,
2026-09-28T12:03:02.787+00:00,2026-09-28T12:03:02.836+00:00,765.293,absent,3208.9,"{""state"":""absent"",""devices"":[]}",absent,absent,26.1,22.7,List of devices attached,
2026-09-28T12:03:03.788+00:00,2026-09-28T12:03:03.835+00:00,766.292,absent,3208.9,"{""state"":""absent"",""devices"":[]}",absent,absent,25.0,22.4,List of devices attached,
2026-09-28T12:03:04.788+00:00,2026-09-28T12:03:04.835+00:00,767.292,absent,3208.9,"{""state"":""absent"",""devices"":[]}",absent,absent,25.0,21.6,List of devices attached,
2026-09-28T12:03:05.789+00:00,2026-09-28T12:03:05.835+00:00,768.292,absent,3208.9,"{""state"":""absent"",""devices"":[]}",absent,absent,25.7,21.0,List of devices attached | emulator-5568          offline transport_id:1768,
2026-09-28T12:03:06.789+00:00,2026-09-28T12:03:06.837+00:00,769.294,absent,3165.2,"{""state"":""absent"",""devices"":[]}",absent,absent,26.5,21.5,List of devices attached,
2026-09-28T12:03:07.789+00:00,2026-09-28T12:03:07.835+00:00,770.292,absent,3165.2,"{""state"":""absent"",""devices"":[]}",absent,absent,24.0,21.4,List of devices attached,
2026-09-28T12:03:08.790+00:00,2026-09-28T12:03:08.848+00:00,771.305,absent,3165.2,"{""state"":""absent"",""devices"":[]}",absent,absent,25.9,32.2,List of devices attached,
2026-09-28T12:03:09.790+00:00,2026-09-28T12:03:09.837+00:00,772.294,absent,3165.2,"{""state"":""absent"",""devices"":[]}",absent,absent,26.0,21.0,List of devices attached | emulator-5568          offline transport_id:1771,
2026-09-28T12:03:10.790+00:00,2026-09-28T12:03:10.838+00:00,773.294,absent,3124.8,"{""state"":""absent"",""devices"":[]}",absent,absent,25.6,21.4,List of devices attached,
2026-09-28T12:03:11.791+00:00,2026-09-28T12:03:11.848+00:00,774.304,absent,3124.8,"{""state"":""absent"",""devices"":[]}",absent,absent,26.3,30.8,List of devices attached,
2026-09-28T12:03:12.791+00:00,2026-09-28T12:03:12.837+00:00,775.294,absent,3124.8,"{""state"":""absent"",""devices"":[]}",absent,absent,24.6,21.4,List of devices attached,
2026-09-28T12:03:13.791+00:00,2026-09-28T12:03:13.836+00:00,776.293,absent,3124.8,"{""state"":""absent"",""devices"":[]}",absent,absent,23.9,21.2,List of devices attached,
2026-09-28T12:03:14.792+00:00,2026-09-28T12:03:14.838+00:00,777.295,absent,3239.0,"{""state"":""absent"",""devices"":[]}",absent,absent,25.2,21.4,List of devices attached | emulator-5568          offline transport_id:1775,
2026-09-28T12:03:15.792+00:00,2026-09-28T12:03:15.839+00:00,778.296,absent,3239.0,"{""state"":""absent"",""devices"":[]}",absent,absent,25.8,20.9,List of devices attached,
2026-09-28T12:03:16.793+00:00,2026-09-28T12:03:16.840+00:00,779.297,absent,3239.0,"{""state"":""absent"",""devices"":[]}",absent,absent,25.7,21.7,List of devices attached,
2026-09-28T12:03:17.793+00:00,2026-09-28T12:03:17.840+00:00,780.297,absent,3239.0,"{""state"":""absent"",""devices"":[]}",absent,absent,26.0,21.3,List of devices attached,
2026-09-28T12:03:18.793+00:00,2026-09-28T12:03:18.843+00:00,781.299,absent,3087.0,"{""state"":""absent"",""devices"":[]}",absent,absent,27.5,21.8,List of devices attached,
2026-09-28T12:03:19.793+00:00,2026-09-28T12:03:19.858+00:00,782.315,absent,3087.0,"{""state"":""absent"",""devices"":[]}",absent,absent,41.2,23.3,List of devices attached | emulator-5568          offline transport_id:1779,
2026-09-28T12:03:20.794+00:00,2026-09-28T12:03:20.842+00:00,783.299,absent,3087.0,"{""state"":""absent"",""devices"":[]}",absent,absent,26.3,22.0,List of devices attached,
2026-09-28T12:03:21.794+00:00,2026-09-28T12:03:21.842+00:00,784.299,absent,3087.0,"{""state"":""absent"",""devices"":[]}",absent,absent,26.1,21.9,List of devices attached,
2026-09-28T12:03:22.795+00:00,2026-09-28T12:03:22.843+00:00,785.300,absent,3160.9,"{""state"":""absent"",""devices"":[]}",absent,absent,26.0,22.2,List of devices attached,
2026-09-28T12:03:23.795+00:00,2026-09-28T12:03:23.856+00:00,786.313,absent,3160.9,"{""state"":""absent"",""devices"":[]}",absent,absent,38.4,22.7,List of devices attached | emulator-5568          offline transport_id:1782,
2026-09-28T12:03:24.795+00:00,2026-09-28T12:03:24.841+00:00,787.298,absent,3160.9,"{""state"":""absent"",""devices"":[]}",absent,absent,25.5,20.7,List of devices attached,
2026-09-28T12:03:25.796+00:00,2026-09-28T12:03:25.843+00:00,788.299,absent,3160.9,"{""state"":""absent"",""devices"":[]}",absent,absent,25.3,21.5,List of devices attached,
2026-09-28T12:03:26.796+00:00,2026-09-28T12:03:26.857+00:00,789.314,absent,3130.1,"{""state"":""absent"",""devices"":[]}",absent,absent,39.3,21.8,List of devices attached,
2026-09-28T12:03:27.796+00:00,2026-09-28T12:03:27.844+00:00,790.301,absent,3130.1,"{""state"":""absent"",""devices"":[]}",absent,absent,27.5,20.6,List of devices attached,
2026-09-28T12:03:28.797+00:00,2026-09-28T12:03:28.848+00:00,791.304,absent,3130.1,"{""state"":""absent"",""devices"":[]}",absent,absent,28.1,22.8,List of devices attached | emulator-5568          offline transport_id:1786,
2026-09-28T12:03:29.797+00:00,2026-09-28T12:03:29.844+00:00,792.301,absent,3130.1,"{""state"":""absent"",""devices"":[]}",absent,absent,25.2,21.7,List of devices attached,
2026-09-28T12:03:30.798+00:00,2026-09-28T12:03:30.847+00:00,793.303,absent,3228.6,"{""state"":""absent"",""devices"":[]}",absent,absent,25.5,23.5,List of devices attached,
2026-09-28T12:03:31.798+00:00,2026-09-28T12:03:31.858+00:00,794.314,absent,3228.6,"{""state"":""absent"",""devices"":[]}",absent,absent,38.0,21.7,List of devices attached,
2026-09-28T12:03:32.798+00:00,2026-09-28T12:03:32.847+00:00,795.303,absent,3228.6,"{""state"":""absent"",""devices"":[]}",absent,absent,26.2,22.1,List of devices attached,
2026-09-28T12:03:33.799+00:00,2026-09-28T12:03:33.844+00:00,796.301,absent,3228.6,"{""state"":""absent"",""devices"":[]}",absent,absent,24.4,20.6,List of devices attached | emulator-5568          offline transport_id:1790,
2026-09-28T12:03:34.799+00:00,2026-09-28T12:03:34.845+00:00,797.302,absent,3116.2,"{""state"":""absent"",""devices"":[]}",absent,absent,24.7,21.0,List of devices attached,
2026-09-28T12:03:35.800+00:00,2026-09-28T12:03:35.844+00:00,798.301,absent,3116.2,"{""state"":""absent"",""devices"":[]}",absent,absent,23.7,20.6,List of devices attached,
2026-09-28T12:03:36.800+00:00,2026-09-28T12:03:36.846+00:00,799.302,absent,3116.2,"{""state"":""absent"",""devices"":[]}",absent,absent,25.6,20.4,List of devices attached,
2026-09-28T12:03:37.800+00:00,2026-09-28T12:03:37.845+00:00,800.301,absent,3116.2,"{""state"":""absent"",""devices"":[]}",absent,absent,24.4,20.1,List of devices attached | emulator-5568          offline transport_id:1793,
2026-09-28T12:03:38.800+00:00,2026-09-28T12:03:38.844+00:00,801.301,absent,3183.2,"{""state"":""absent"",""devices"":[]}",absent,absent,23.5,20.6,List of devices attached,
2026-09-28T12:03:39.801+00:00,2026-09-28T12:03:39.848+00:00,802.304,absent,3183.2,"{""state"":""absent"",""devices"":[]}",absent,absent,25.5,21.2,List of devices attached,
2026-09-28T12:03:40.801+00:00,2026-09-28T12:03:40.857+00:00,803.314,absent,3183.2,"{""state"":""absent"",""devices"":[]}",absent,absent,33.4,22.8,List of devices attached,
2026-09-28T12:03:41.801+00:00,2026-09-28T12:03:41.856+00:00,804.313,absent,3183.2,"{""state"":""absent"",""devices"":[]}",absent,absent,34.2,20.7,List of devices attached,
2026-09-28T12:03:42.802+00:00,2026-09-28T12:03:42.849+00:00,805.305,absent,3063.7,"{""state"":""absent"",""devices"":[]}",absent,absent,25.7,21.1,List of devices attached | emulator-5568          offline transport_id:1797,
2026-09-28T12:03:43.802+00:00,2026-09-28T12:03:43.847+00:00,806.304,absent,3063.7,"{""state"":""absent"",""devices"":[]}",absent,absent,24.3,20.5,List of devices attached,
2026-09-28T12:03:44.803+00:00,2026-09-28T12:03:44.850+00:00,807.306,absent,3063.7,"{""state"":""absent"",""devices"":[]}",absent,absent,26.2,20.7,List of devices attached,
2026-09-28T12:03:45.803+00:00,2026-09-28T12:03:45.864+00:00,808.321,absent,3063.7,"{""state"":""absent"",""devices"":[]}",absent,absent,25.2,35.9,List of devices attached,
2026-09-28T12:03:46.803+00:00,2026-09-28T12:03:46.849+00:00,809.306,absent,3128.1,"{""state"":""absent"",""devices"":[]}",absent,absent,24.7,21.6,List of devices attached,
2026-09-28T12:03:47.804+00:00,2026-09-28T12:03:47.863+00:00,810.320,absent,3128.1,"{""state"":""absent"",""devices"":[]}",absent,absent,25.0,34.7,List of devices attached,
2026-09-28T12:03:48.804+00:00,2026-09-28T12:03:48.863+00:00,811.320,absent,3128.1,"{""state"":""absent"",""devices"":[]}",absent,absent,24.9,34.8,List of devices attached,
2026-09-28T12:03:49.804+00:00,2026-09-28T12:03:49.851+00:00,812.308,absent,3128.1,"{""state"":""absent"",""devices"":[]}",absent,absent,25.6,22.0,List of devices attached,
2026-09-28T12:03:50.804+00:00,2026-09-28T12:03:50.850+00:00,813.307,absent,3115.1,"{""state"":""absent"",""devices"":[]}",absent,absent,25.3,20.7,List of devices attached,
2026-09-28T12:03:51.804+00:00,2026-09-28T12:03:51.851+00:00,814.308,absent,3115.1,"{""state"":""absent"",""devices"":[]}",absent,absent,25.2,21.8,List of devices attached | emulator-5568          offline transport_id:1804,
2026-09-28T12:03:52.805+00:00,2026-09-28T12:03:52.865+00:00,815.322,absent,3115.1,"{""state"":""absent"",""devices"":[]}",absent,absent,25.6,34.9,List of devices attached,
2026-09-28T12:03:53.805+00:00,2026-09-28T12:03:53.852+00:00,816.308,absent,3115.1,"{""state"":""absent"",""devices"":[]}",absent,absent,25.8,20.9,List of devices attached,
2026-09-28T12:03:54.805+00:00,2026-09-28T12:03:54.853+00:00,817.310,absent,3157.6,"{""state"":""absent"",""devices"":[]}",absent,absent,25.7,22.3,List of devices attached,
2026-09-28T12:03:55.805+00:00,2026-09-28T12:03:55.861+00:00,818.318,absent,3157.6,"{""state"":""absent"",""devices"":[]}",absent,absent,33.4,22.4,List of devices attached,
2026-09-28T12:03:56.806+00:00,2026-09-28T12:03:56.852+00:00,819.309,absent,3157.6,"{""state"":""absent"",""devices"":[]}",absent,absent,25.2,21.1,List of devices attached | emulator-5568          offline transport_id:1808,
2026-09-28T12:03:57.806+00:00,2026-09-28T12:03:57.853+00:00,820.309,absent,3157.6,"{""state"":""absent"",""devices"":[]}",absent,absent,25.7,21.2,List of devices attached,
2026-09-28T12:03:58.806+00:00,2026-09-28T12:03:58.865+00:00,821.322,absent,3144.2,"{""state"":""absent"",""devices"":[]}",absent,absent,24.9,34.2,List of devices attached,
2026-09-28T12:03:59.806+00:00,2026-09-28T12:03:59.856+00:00,822.312,absent,3144.2,"{""state"":""absent"",""devices"":[]}",absent,absent,28.3,21.0,List of devices attached,
2026-09-28T12:04:00.807+00:00,2026-09-28T12:04:00.865+00:00,823.322,absent,3144.2,"{""state"":""absent"",""devices"":[]}",absent,absent,25.5,32.9,List of devices attached | emulator-5568          offline transport_id:1811,
2026-09-28T12:04:01.807+00:00,2026-09-28T12:04:01.856+00:00,824.312,absent,3144.2,"{""state"":""absent"",""devices"":[]}",absent,absent,26.3,22.3,List of devices attached,
2026-09-28T12:04:02.807+00:00,2026-09-28T12:04:02.862+00:00,825.318,absent,3343.5,"{""state"":""absent"",""devices"":[]}",absent,absent,33.0,21.2,List of devices attached,
2026-09-28T12:04:03.808+00:00,2026-09-28T12:04:03.854+00:00,826.311,absent,3343.5,"{""state"":""absent"",""devices"":[]}",absent,absent,24.1,22.1,List of devices attached,
2026-09-28T12:04:04.808+00:00,2026-09-28T12:04:04.857+00:00,827.313,absent,3343.5,"{""state"":""absent"",""devices"":[]}",absent,absent,27.4,21.1,List of devices attached,
2026-09-28T12:04:05.809+00:00,2026-09-28T12:04:05.853+00:00,828.310,absent,3343.5,"{""state"":""absent"",""devices"":[]}",absent,absent,24.9,19.9,List of devices attached | emulator-5568          offline transport_id:1815,
2026-09-28T12:04:06.809+00:00,2026-09-28T12:04:06.855+00:00,829.312,absent,3220.1,"{""state"":""absent"",""devices"":[]}",absent,absent,25.3,20.5,List of devices attached,
2026-09-28T12:04:07.809+00:00,2026-09-28T12:04:07.855+00:00,830.312,absent,3220.1,"{""state"":""absent"",""devices"":[]}",absent,absent,25.5,19.9,List of devices attached,
2026-09-28T12:04:08.810+00:00,2026-09-28T12:04:08.855+00:00,831.312,absent,3220.1,"{""state"":""absent"",""devices"":[]}",absent,absent,25.1,20.6,List of devices attached,
2026-09-28T12:04:09.810+00:00,2026-09-28T12:04:09.868+00:00,832.325,absent,3220.1,"{""state"":""absent"",""devices"":[]}",absent,absent,25.6,32.4,List of devices attached,
2026-09-28T12:04:10.810+00:00,2026-09-28T12:04:10.867+00:00,833.324,absent,3097.9,"{""state"":""absent"",""devices"":[]}",absent,absent,24.8,31.9,List of devices attached | emulator-5568          offline transport_id:1819,
2026-09-28T12:04:11.810+00:00,2026-09-28T12:04:11.863+00:00,834.319,absent,3097.9,"{""state"":""absent"",""devices"":[]}",absent,absent,24.2,28.0,List of devices attached,
2026-09-28T12:04:12.811+00:00,2026-09-28T12:04:12.870+00:00,835.327,absent,3097.9,"{""state"":""absent"",""devices"":[]}",absent,absent,23.8,35.4,List of devices attached,
2026-09-28T12:04:13.811+00:00,2026-09-28T12:04:13.864+00:00,836.321,absent,3097.9,"{""state"":""absent"",""devices"":[]}",absent,absent,23.7,29.0,List of devices attached,
2026-09-28T12:04:14.812+00:00,2026-09-28T12:04:14.858+00:00,837.315,absent,3129.1,"{""state"":""absent"",""devices"":[]}",absent,absent,24.6,22.0,List of devices attached,
2026-09-28T12:04:15.812+00:00,2026-09-28T12:04:15.859+00:00,838.316,absent,3129.1,"{""state"":""absent"",""devices"":[]}",absent,absent,25.6,21.7,List of devices attached,
2026-09-28T12:04:16.812+00:00,2026-09-28T12:04:16.865+00:00,839.322,absent,3129.1,"{""state"":""absent"",""devices"":[]}",absent,absent,26.0,27.1,List of devices attached,
2026-09-28T12:04:17.812+00:00,2026-09-28T12:04:17.859+00:00,840.315,absent,3129.1,"{""state"":""absent"",""devices"":[]}",absent,absent,24.7,21.6,List of devices attached,
2026-09-28T12:04:18.813+00:00,2026-09-28T12:04:18.866+00:00,841.322,absent,3135.1,"{""state"":""absent"",""devices"":[]}",absent,absent,24.9,28.1,List of devices attached,
2026-09-28T12:04:19.813+00:00,2026-09-28T12:04:19.864+00:00,842.321,absent,3135.1,"{""state"":""absent"",""devices"":[]}",absent,absent,25.0,25.5,List of devices attached | emulator-5568          offline transport_id:1826,
2026-09-28T12:04:20.813+00:00,2026-09-28T12:04:20.859+00:00,843.315,absent,3135.1,"{""state"":""absent"",""devices"":[]}",absent,absent,24.1,21.1,List of devices attached,
2026-09-28T12:04:21.814+00:00,2026-09-28T12:04:21.860+00:00,844.316,absent,3135.1,"{""state"":""absent"",""devices"":[]}",absent,absent,24.0,22.1,List of devices attached,
2026-09-28T12:04:22.814+00:00,2026-09-28T12:04:22.859+00:00,845.316,absent,3133.8,"{""state"":""absent"",""devices"":[]}",absent,absent,24.4,20.7,List of devices attached,
2026-09-28T12:04:23.814+00:00,2026-09-28T12:04:23.876+00:00,846.333,absent,3133.8,"{""state"":""absent"",""devices"":[]}",absent,absent,24.5,37.5,List of devices attached,
2026-09-28T12:04:24.815+00:00,2026-09-28T12:04:24.859+00:00,847.316,absent,3133.8,"{""state"":""absent"",""devices"":[]}",absent,absent,24.5,20.3,List of devices attached | emulator-5568          offline transport_id:1830,
2026-09-28T12:04:25.815+00:00,2026-09-28T12:04:25.860+00:00,848.317,absent,3133.8,"{""state"":""absent"",""devices"":[]}",absent,absent,24.6,20.9,List of devices attached,
2026-09-28T12:04:26.815+00:00,2026-09-28T12:04:26.871+00:00,849.328,absent,3137.3,"{""state"":""absent"",""devices"":[]}",absent,absent,23.5,32.8,List of devices attached,
2026-09-28T12:04:27.815+00:00,2026-09-28T12:04:27.880+00:00,850.336,absent,3137.3,"{""state"":""absent"",""devices"":[]}",absent,absent,24.3,40.1,List of devices attached,
2026-09-28T12:04:28.815+00:00,2026-09-28T12:04:28.862+00:00,851.318,absent,3137.3,"{""state"":""absent"",""devices"":[]}",absent,absent,24.6,21.4,List of devices attached | emulator-5568          offline transport_id:1833,
2026-09-28T12:04:29.816+00:00,2026-09-28T12:04:29.862+00:00,852.319,absent,3137.3,"{""state"":""absent"",""devices"":[]}",absent,absent,24.5,21.4,List of devices attached,
2026-09-28T12:04:30.816+00:00,2026-09-28T12:04:30.862+00:00,853.318,absent,3147.1,"{""state"":""absent"",""devices"":[]}",absent,absent,25.0,20.3,List of devices attached,
2026-09-28T12:04:31.817+00:00,2026-09-28T12:04:31.862+00:00,854.318,absent,3147.1,"{""state"":""absent"",""devices"":[]}",absent,absent,23.3,21.7,List of devices attached,
2026-09-28T12:04:32.817+00:00,2026-09-28T12:04:32.864+00:00,855.321,absent,3147.1,"{""state"":""absent"",""devices"":[]}",absent,absent,24.2,22.7,List of devices attached,
2026-09-28T12:04:33.817+00:00,2026-09-28T12:04:33.872+00:00,856.329,absent,3147.1,"{""state"":""absent"",""devices"":[]}",absent,absent,24.1,30.8,List of devices attached | emulator-5568          offline transport_id:1837,
2026-09-28T12:04:34.818+00:00,2026-09-28T12:04:34.864+00:00,857.321,absent,3149.2,"{""state"":""absent"",""devices"":[]}",absent,absent,24.8,21.2,List of devices attached,
2026-09-28T12:04:35.818+00:00,2026-09-28T12:04:35.865+00:00,858.322,absent,3149.2,"{""state"":""absent"",""devices"":[]}",absent,absent,24.9,22.2,List of devices attached,
2026-09-28T12:04:36.818+00:00,2026-09-28T12:04:36.865+00:00,859.322,absent,3149.2,"{""state"":""absent"",""devices"":[]}",absent,absent,25.3,21.1,List of devices attached,
2026-09-28T12:04:37.819+00:00,2026-09-28T12:04:37.866+00:00,860.323,absent,3149.2,"{""state"":""absent"",""devices"":[]}",absent,absent,24.9,22.2,List of devices attached,
2026-09-28T12:04:38.819+00:00,2026-09-28T12:04:38.870+00:00,861.326,absent,3121.9,"{""state"":""absent"",""devices"":[]}",absent,absent,24.3,26.1,List of devices attached | emulator-5568          offline transport_id:1841,
2026-09-28T12:04:39.819+00:00,2026-09-28T12:04:39.866+00:00,862.322,absent,3121.9,"{""state"":""absent"",""devices"":[]}",absent,absent,24.8,21.3,List of devices attached,
2026-09-28T12:04:40.820+00:00,2026-09-28T12:04:40.879+00:00,863.336,absent,3121.9,"{""state"":""absent"",""devices"":[]}",absent,absent,23.4,35.8,List of devices attached,
2026-09-28T12:04:41.820+00:00,2026-09-28T12:04:41.865+00:00,864.322,absent,3121.9,"{""state"":""absent"",""devices"":[]}",absent,absent,23.5,21.2,List of devices attached,
2026-09-28T12:04:42.820+00:00,2026-09-28T12:04:42.867+00:00,865.324,absent,3141.9,"{""state"":""absent"",""devices"":[]}",absent,absent,25.1,21.6,List of devices attached | emulator-5568          offline transport_id:1844,
2026-09-28T12:04:43.821+00:00,2026-09-28T12:04:43.868+00:00,866.325,absent,3141.9,"{""state"":""absent"",""devices"":[]}",absent,absent,24.4,22.7,List of devices attached,
2026-09-28T12:04:44.821+00:00,2026-09-28T12:04:44.867+00:00,867.324,absent,3141.9,"{""state"":""absent"",""devices"":[]}",absent,absent,25.5,20.7,List of devices attached,
2026-09-28T12:04:45.821+00:00,2026-09-28T12:04:45.867+00:00,868.324,absent,3141.9,"{""state"":""absent"",""devices"":[]}",absent,absent,24.1,21.7,List of devices attached,
2026-09-28T12:04:46.821+00:00,2026-09-28T12:04:46.868+00:00,869.325,absent,3193.5,"{""state"":""absent"",""devices"":[]}",absent,absent,23.8,22.8,List of devices attached,
2026-09-28T12:04:47.822+00:00,2026-09-28T12:04:47.868+00:00,870.325,absent,3193.5,"{""state"":""absent"",""devices"":[]}",absent,absent,22.8,23.9,List of devices attached | emulator-5568          offline transport_id:1848,
2026-09-28T12:04:48.822+00:00,2026-09-28T12:04:48.867+00:00,871.323,absent,3193.5,"{""state"":""absent"",""devices"":[]}",absent,absent,23.5,21.1,List of devices attached,
2026-09-28T12:04:49.822+00:00,2026-09-28T12:04:49.868+00:00,872.325,absent,3193.5,"{""state"":""absent"",""devices"":[]}",absent,absent,25.3,20.3,List of devices attached,
2026-09-28T12:04:50.823+00:00,2026-09-28T12:04:50.867+00:00,873.324,absent,3176.5,"{""state"":""absent"",""devices"":[]}",absent,absent,23.8,20.5,List of devices attached,
2026-09-28T12:04:51.823+00:00,2026-09-28T12:04:51.869+00:00,874.326,absent,3176.5,"{""state"":""absent"",""devices"":[]}",absent,absent,25.2,21.1,List of devices attached,
2026-09-28T12:04:52.823+00:00,2026-09-28T12:04:52.871+00:00,875.328,absent,3176.5,"{""state"":""absent"",""devices"":[]}",absent,absent,25.9,22.2,List of devices attached | emulator-5568          offline transport_id:1852,
2026-09-28T12:04:53.823+00:00,2026-09-28T12:04:53.868+00:00,876.324,absent,3176.5,"{""state"":""absent"",""devices"":[]}",absent,absent,24.4,20.1,List of devices attached,
2026-09-28T12:04:54.823+00:00,2026-09-28T12:04:54.872+00:00,877.329,absent,3179.7,"{""state"":""absent"",""devices"":[]}",absent,absent,24.8,23.5,List of devices attached,
2026-09-28T12:04:55.824+00:00,2026-09-28T12:04:55.871+00:00,878.328,absent,3179.7,"{""state"":""absent"",""devices"":[]}",absent,absent,25.9,21.6,List of devices attached,
2026-09-28T12:04:56.824+00:00,2026-09-28T12:04:56.870+00:00,879.326,absent,3179.7,"{""state"":""absent"",""devices"":[]}",absent,absent,24.0,21.3,List of devices attached | emulator-5568          offline transport_id:1855,
2026-09-28T12:04:57.824+00:00,2026-09-28T12:04:57.872+00:00,880.328,absent,3179.7,"{""state"":""absent"",""devices"":[]}",absent,absent,25.5,21.6,List of devices attached,
2026-09-28T12:04:58.825+00:00,2026-09-28T12:04:58.877+00:00,881.334,absent,3253.7,"{""state"":""absent"",""devices"":[]}",absent,absent,24.7,27.1,List of devices attached,
2026-09-28T12:04:59.826+00:00,2026-09-28T12:04:59.873+00:00,882.330,absent,3253.7,"{""state"":""absent"",""devices"":[]}",absent,absent,26.5,20.9,List of devices attached,
2026-09-28T12:05:00.826+00:00,2026-09-28T12:05:00.879+00:00,883.336,absent,3253.7,"{""state"":""absent"",""devices"":[]}",absent,absent,28.3,24.7,List of devices attached,
2026-09-28T12:05:01.827+00:00,2026-09-28T12:05:01.872+00:00,884.329,absent,3253.7,"{""state"":""absent"",""devices"":[]}",absent,absent,24.8,21.1,List of devices attached | emulator-5568          offline transport_id:1859,
2026-09-28T12:05:02.827+00:00,2026-09-28T12:05:02.873+00:00,885.330,absent,3145.3,"{""state"":""absent"",""devices"":[]}",absent,absent,24.4,22.0,List of devices attached,
2026-09-28T12:05:03.827+00:00,2026-09-28T12:05:03.875+00:00,886.331,absent,3145.3,"{""state"":""absent"",""devices"":[]}",absent,absent,25.8,21.3,List of devices attached,
2026-09-28T12:05:04.828+00:00,2026-09-28T12:05:04.873+00:00,887.329,absent,3145.3,"{""state"":""absent"",""devices"":[]}",absent,absent,24.6,20.4,List of devices attached,
2026-09-28T12:05:05.828+00:00,2026-09-28T12:05:05.887+00:00,888.344,absent,3145.3,"{""state"":""absent"",""devices"":[]}",absent,absent,37.1,22.4,List of devices attached,
2026-09-28T12:05:06.828+00:00,2026-09-28T12:05:06.875+00:00,889.331,absent,3195.3,"{""state"":""absent"",""devices"":[]}",absent,absent,25.1,21.4,List of devices attached | emulator-5568          offline transport_id:1863,
2026-09-28T12:05:07.829+00:00,2026-09-28T12:05:07.876+00:00,890.332,absent,3195.3,"{""state"":""absent"",""devices"":[]}",absent,absent,24.9,22.0,List of devices attached,
2026-09-28T12:05:08.829+00:00,2026-09-28T12:05:08.890+00:00,891.347,absent,3195.3,"{""state"":""absent"",""devices"":[]}",absent,absent,39.5,21.6,List of devices attached,
2026-09-28T12:05:09.830+00:00,2026-09-28T12:05:09.877+00:00,892.333,absent,3195.3,"{""state"":""absent"",""devices"":[]}",absent,absent,26.4,20.6,List of devices attached,
2026-09-28T12:05:10.830+00:00,2026-09-28T12:05:10.901+00:00,893.358,absent,3122.7,"{""state"":""absent"",""devices"":[]}",absent,absent,49.4,22.0,List of devices attached | emulator-5568          offline transport_id:1866,
2026-09-28T12:05:11.830+00:00,2026-09-28T12:05:11.885+00:00,894.342,absent,3122.7,"{""state"":""absent"",""devices"":[]}",absent,absent,33.9,21.1,List of devices attached,
2026-09-28T12:05:12.830+00:00,2026-09-28T12:05:12.875+00:00,895.332,absent,3122.7,"{""state"":""absent"",""devices"":[]}",absent,absent,23.9,21.2,List of devices attached,
2026-09-28T12:05:13.830+00:00,2026-09-28T12:05:13.877+00:00,896.333,absent,3122.7,"{""state"":""absent"",""devices"":[]}",absent,absent,25.5,21.0,List of devices attached,
2026-09-28T12:05:14.831+00:00,2026-09-28T12:05:14.897+00:00,897.354,absent,3142.1,"{""state"":""absent"",""devices"":[]}",absent,absent,28.4,37.7,List of devices attached,
2026-09-28T12:05:15.831+00:00,2026-09-28T12:05:15.891+00:00,898.348,absent,3142.1,"{""state"":""absent"",""devices"":[]}",absent,absent,39.4,20.7,List of devices attached | emulator-5568          offline transport_id:1870,
2026-09-28T12:05:16.831+00:00,2026-09-28T12:05:16.876+00:00,899.333,absent,3142.1,"{""state"":""absent"",""devices"":[]}",absent,absent,25.2,20.0,List of devices attached,
2026-09-28T12:05:17.832+00:00,2026-09-28T12:05:17.891+00:00,900.348,absent,3142.1,"{""state"":""absent"",""devices"":[]}",absent,absent,37.1,22.1,List of devices attached,
2026-09-28T12:05:18.832+00:00,2026-09-28T12:05:18.878+00:00,901.334,absent,3112.3,"{""state"":""absent"",""devices"":[]}",absent,absent,24.8,20.7,List of devices attached,
2026-09-28T12:05:19.832+00:00,2026-09-28T12:05:19.879+00:00,902.335,absent,3112.3,"{""state"":""absent"",""devices"":[]}",absent,absent,24.8,21.7,List of devices attached,
2026-09-28T12:05:20.833+00:00,2026-09-28T12:05:20.878+00:00,903.335,absent,3112.3,"{""state"":""absent"",""devices"":[]}",absent,absent,24.9,20.2,List of devices attached | emulator-5568          offline transport_id:1874,
2026-09-28T12:05:21.833+00:00,2026-09-28T12:05:21.900+00:00,904.356,absent,3112.3,"{""state"":""absent"",""devices"":[]}",absent,absent,45.5,21.0,List of devices attached,
2026-09-28T12:05:22.834+00:00,2026-09-28T12:05:22.881+00:00,905.338,absent,3077.4,"{""state"":""absent"",""devices"":[]}",absent,absent,25.5,22.2,List of devices attached,
2026-09-28T12:05:23.834+00:00,2026-09-28T12:05:23.896+00:00,906.353,absent,3077.4,"{""state"":""absent"",""devices"":[]}",absent,absent,25.5,36.9,List of devices attached,
2026-09-28T12:05:24.834+00:00,2026-09-28T12:05:24.880+00:00,907.337,absent,3077.4,"{""state"":""absent"",""devices"":[]}",absent,absent,25.2,21.0,List of devices attached | emulator-5568          offline transport_id:1877,
2026-09-28T12:05:25.834+00:00,2026-09-28T12:05:25.890+00:00,908.347,absent,3077.4,"{""state"":""absent"",""devices"":[]}",absent,absent,33.4,22.3,List of devices attached,
2026-09-28T12:05:26.834+00:00,2026-09-28T12:05:26.885+00:00,909.342,absent,3118.3,"{""state"":""absent"",""devices"":[]}",absent,absent,28.4,22.1,List of devices attached,
2026-09-28T12:05:27.835+00:00,2026-09-28T12:05:27.882+00:00,910.339,absent,3118.3,"{""state"":""absent"",""devices"":[]}",absent,absent,25.6,21.5,List of devices attached,
2026-09-28T12:05:28.835+00:00,2026-09-28T12:05:28.884+00:00,911.341,absent,3118.3,"{""state"":""absent"",""devices"":[]}",absent,absent,27.4,21.6,List of devices attached,
2026-09-28T12:05:29.836+00:00,2026-09-28T12:05:29.887+00:00,912.343,absent,3118.3,"{""state"":""absent"",""devices"":[]}",absent,absent,26.9,23.5,List of devices attached | emulator-5568          offline transport_id:1881,
2026-09-28T12:05:30.837+00:00,2026-09-28T12:05:30.884+00:00,913.340,absent,3129.6,"{""state"":""absent"",""devices"":[]}",absent,absent,24.7,22.1,List of devices attached,
2026-09-28T12:05:31.837+00:00,2026-09-28T12:05:31.884+00:00,914.341,absent,3129.6,"{""state"":""absent"",""devices"":[]}",absent,absent,25.1,22.0,List of devices attached,
2026-09-28T12:05:32.837+00:00,2026-09-28T12:05:32.884+00:00,915.341,absent,3129.6,"{""state"":""absent"",""devices"":[]}",absent,absent,25.5,21.4,List of devices attached,
2026-09-28T12:05:33.838+00:00,2026-09-28T12:05:33.898+00:00,916.354,absent,3129.6,"{""state"":""absent"",""devices"":[]}",absent,absent,25.7,34.2,List of devices attached,
2026-09-28T12:05:34.838+00:00,2026-09-28T12:05:34.889+00:00,917.345,absent,3205.4,"{""state"":""absent"",""devices"":[]}",absent,absent,27.4,23.1,List of devices attached | emulator-5568          offline transport_id:1885,
2026-09-28T12:05:35.838+00:00,2026-09-28T12:05:35.886+00:00,918.343,absent,3205.4,"{""state"":""absent"",""devices"":[]}",absent,absent,24.8,23.0,List of devices attached,
2026-09-28T12:05:36.839+00:00,2026-09-28T12:05:36.885+00:00,919.342,absent,3205.4,"{""state"":""absent"",""devices"":[]}",absent,absent,25.0,21.4,List of devices attached,
2026-09-28T12:05:37.839+00:00,2026-09-28T12:05:37.896+00:00,920.353,absent,3205.4,"{""state"":""absent"",""devices"":[]}",absent,absent,25.3,31.7,List of devices attached,
2026-09-28T12:05:38.839+00:00,2026-09-28T12:05:38.902+00:00,921.359,absent,3126.7,"{""state"":""absent"",""devices"":[]}",absent,absent,40.7,22.0,List of devices attached | emulator-5568          offline transport_id:1888,
2026-09-28T12:05:39.839+00:00,2026-09-28T12:05:39.886+00:00,922.343,absent,3126.7,"{""state"":""absent"",""devices"":[]}",absent,absent,25.6,21.1,List of devices attached,
2026-09-28T12:05:40.839+00:00,2026-09-28T12:05:40.886+00:00,923.342,absent,3126.7,"{""state"":""absent"",""devices"":[]}",absent,absent,24.6,21.5,List of devices attached,
2026-09-28T12:05:41.840+00:00,2026-09-28T12:05:41.897+00:00,924.354,absent,3126.7,"{""state"":""absent"",""devices"":[]}",absent,absent,36.0,21.5,List of devices attached,
2026-09-28T12:05:42.840+00:00,2026-09-28T12:05:42.886+00:00,925.343,absent,3156.2,"{""state"":""absent"",""devices"":[]}",absent,absent,25.2,20.7,List of devices attached,
2026-09-28T12:05:43.840+00:00,2026-09-28T12:05:43.887+00:00,926.344,absent,3156.2,"{""state"":""absent"",""devices"":[]}",absent,absent,25.7,21.2,List of devices attached | emulator-5568          offline transport_id:1892,
2026-09-28T12:05:44.840+00:00,2026-09-28T12:05:44.886+00:00,927.342,absent,3156.2,"{""state"":""absent"",""devices"":[]}",absent,absent,24.3,21.0,List of devices attached,
2026-09-28T12:05:45.841+00:00,2026-09-28T12:05:45.889+00:00,928.346,absent,3156.2,"{""state"":""absent"",""devices"":[]}",absent,absent,26.5,21.8,List of devices attached,
2026-09-28T12:05:46.841+00:00,2026-09-28T12:05:46.900+00:00,929.356,absent,3139.6,"{""state"":""absent"",""devices"":[]}",absent,absent,26.4,32.5,List of devices attached,
2026-09-28T12:05:47.841+00:00,2026-09-28T12:05:47.888+00:00,930.345,absent,3139.6,"{""state"":""absent"",""devices"":[]}",absent,absent,24.5,22.9,List of devices attached,
2026-09-28T12:05:48.841+00:00,2026-09-28T12:05:48.897+00:00,931.353,absent,3139.6,"{""state"":""absent"",""devices"":[]}",absent,absent,24.5,30.8,List of devices attached,
2026-09-28T12:05:49.842+00:00,2026-09-28T12:05:49.898+00:00,932.355,absent,3139.6,"{""state"":""absent"",""devices"":[]}",absent,absent,27.1,29.1,List of devices attached,
2026-09-28T12:05:50.842+00:00,2026-09-28T12:05:50.890+00:00,933.347,absent,3126.6,"{""state"":""absent"",""devices"":[]}",absent,absent,24.9,23.2,List of devices attached,
2026-09-28T12:05:51.843+00:00,2026-09-28T12:05:51.888+00:00,934.345,absent,3126.6,"{""state"":""absent"",""devices"":[]}",absent,absent,23.7,21.6,List of devices attached,
2026-09-28T12:05:52.843+00:00,2026-09-28T12:05:52.891+00:00,935.348,absent,3126.6,"{""state"":""absent"",""devices"":[]}",absent,absent,25.3,22.6,List of devices attached | emulator-5568          offline transport_id:1899,
2026-09-28T12:05:53.843+00:00,2026-09-28T12:05:53.889+00:00,936.346,absent,3126.6,"{""state"":""absent"",""devices"":[]}",absent,absent,24.3,21.8,List of devices attached,
2026-09-28T12:05:54.843+00:00,2026-09-28T12:05:54.889+00:00,937.345,absent,3156.6,"{""state"":""absent"",""devices"":[]}",absent,absent,23.7,21.7,List of devices attached,
2026-09-28T12:05:55.844+00:00,2026-09-28T12:05:55.891+00:00,938.348,absent,3156.6,"{""state"":""absent"",""devices"":[]}",absent,absent,25.0,22.6,List of devices attached,
2026-09-28T12:05:56.844+00:00,2026-09-28T12:05:56.912+00:00,939.368,absent,3156.6,"{""state"":""absent"",""devices"":[]}",absent,absent,26.8,40.6,List of devices attached,
2026-09-28T12:05:57.845+00:00,2026-09-28T12:05:57.895+00:00,940.352,absent,3156.6,"{""state"":""absent"",""devices"":[]}",absent,absent,26.5,24.1,List of devices attached | emulator-5568          offline transport_id:1903,
2026-09-28T12:05:58.845+00:00,2026-09-28T12:05:58.894+00:00,941.350,absent,3146.5,"{""state"":""absent"",""devices"":[]}",absent,absent,25.9,22.7,List of devices attached,
2026-09-28T12:05:59.845+00:00,2026-09-28T12:05:59.891+00:00,942.348,absent,3146.5,"{""state"":""absent"",""devices"":[]}",absent,absent,24.4,21.4,List of devices attached,
2026-09-28T12:06:00.846+00:00,2026-09-28T12:06:00.905+00:00,943.362,absent,3146.5,"{""state"":""absent"",""devices"":[]}",absent,absent,25.1,33.9,List of devices attached,
2026-09-28T12:06:01.847+00:00,2026-09-28T12:06:01.893+00:00,944.350,absent,3146.5,"{""state"":""absent"",""devices"":[]}",absent,absent,24.1,22.2,List of devices attached,
2026-09-28T12:06:02.847+00:00,2026-09-28T12:06:02.894+00:00,945.351,absent,3392.7,"{""state"":""absent"",""devices"":[]}",absent,absent,25.2,22.0,List of devices attached,
2026-09-28T12:06:03.847+00:00,2026-09-28T12:06:03.896+00:00,946.353,absent,3392.7,"{""state"":""absent"",""devices"":[]}",absent,absent,25.1,23.9,List of devices attached,
2026-09-28T12:06:04.848+00:00,2026-09-28T12:06:04.900+00:00,947.357,absent,3392.7,"{""state"":""absent"",""devices"":[]}",absent,absent,25.9,26.5,List of devices attached,
2026-09-28T12:06:05.848+00:00,2026-09-28T12:06:05.898+00:00,948.354,absent,3392.7,"{""state"":""absent"",""devices"":[]}",absent,absent,25.3,24.1,List of devices attached,
2026-09-28T12:06:06.849+00:00,2026-09-28T12:06:06.910+00:00,949.367,absent,3282.9,"{""state"":""absent"",""devices"":[]}",absent,absent,26.5,35.2,List of devices attached | emulator-5568          offline transport_id:1910,
2026-09-28T12:06:07.849+00:00,2026-09-28T12:06:07.909+00:00,950.366,absent,3282.9,"{""state"":""absent"",""devices"":[]}",absent,absent,24.3,35.8,List of devices attached,
2026-09-28T12:06:08.849+00:00,2026-09-28T12:06:08.902+00:00,951.358,absent,3282.9,"{""state"":""absent"",""devices"":[]}",absent,absent,29.6,22.9,List of devices attached,
2026-09-28T12:06:09.850+00:00,2026-09-28T12:06:09.900+00:00,952.357,absent,3282.9,"{""state"":""absent"",""devices"":[]}",absent,absent,28.4,22.1,List of devices attached,
2026-09-28T12:06:10.850+00:00,2026-09-28T12:06:10.902+00:00,953.359,absent,3093.5,"{""state"":""absent"",""devices"":[]}",absent,absent,28.1,24.4,List of devices attached,
2026-09-28T12:06:11.850+00:00,2026-09-28T12:06:11.898+00:00,954.354,absent,3093.5,"{""state"":""absent"",""devices"":[]}",absent,absent,25.1,22.3,List of devices attached | emulator-5568          offline transport_id:1914,
2026-09-28T12:06:12.850+00:00,2026-09-28T12:06:12.897+00:00,955.353,absent,3093.5,"{""state"":""absent"",""devices"":[]}",absent,absent,24.9,21.2,List of devices attached,
2026-09-28T12:06:13.851+00:00,2026-09-28T12:06:13.900+00:00,956.357,absent,3093.5,"{""state"":""absent"",""devices"":[]}",absent,absent,25.2,24.1,List of devices attached,
2026-09-28T12:06:14.851+00:00,2026-09-28T12:06:14.902+00:00,957.359,absent,3160.8,"{""state"":""absent"",""devices"":[]}",absent,absent,25.8,25.1,List of devices attached,
2026-09-28T12:06:15.851+00:00,2026-09-28T12:06:15.898+00:00,958.354,absent,3160.8,"{""state"":""absent"",""devices"":[]}",absent,absent,25.5,20.9,List of devices attached | emulator-5568          offline transport_id:1917,
2026-09-28T12:06:16.852+00:00,2026-09-28T12:06:16.899+00:00,959.355,absent,3160.8,"{""state"":""absent"",""devices"":[]}",absent,absent,24.6,22.5,List of devices attached,
2026-09-28T12:06:17.852+00:00,2026-09-28T12:06:17.899+00:00,960.355,absent,3160.8,"{""state"":""absent"",""devices"":[]}",absent,absent,24.4,22.1,List of devices attached,
2026-09-28T12:06:18.852+00:00,2026-09-28T12:06:18.900+00:00,961.356,absent,3137.2,"{""state"":""absent"",""devices"":[]}",absent,absent,25.2,22.2,List of devices attached,
2026-09-28T12:06:19.853+00:00,2026-09-28T12:06:19.904+00:00,962.361,absent,3137.2,"{""state"":""absent"",""devices"":[]}",absent,absent,27.2,24.2,List of devices attached,
2026-09-28T12:06:20.853+00:00,2026-09-28T12:06:20.897+00:00,963.354,absent,3137.2,"{""state"":""absent"",""devices"":[]}",absent,absent,24.0,20.1,List of devices attached | emulator-5568          offline transport_id:1921,
2026-09-28T12:06:21.853+00:00,2026-09-28T12:06:21.900+00:00,964.357,absent,3137.2,"{""state"":""absent"",""devices"":[]}",absent,absent,23.8,23.6,List of devices attached,
2026-09-28T12:06:22.853+00:00,2026-09-28T12:06:22.900+00:00,965.356,absent,3160.0,"{""state"":""absent"",""devices"":[]}",absent,absent,25.5,20.7,List of devices attached,
2026-09-28T12:06:23.854+00:00,2026-09-28T12:06:23.901+00:00,966.358,absent,3160.0,"{""state"":""absent"",""devices"":[]}",absent,absent,24.8,22.2,List of devices attached,
2026-09-28T12:06:24.854+00:00,2026-09-28T12:06:24.912+00:00,967.368,absent,3160.0,"{""state"":""absent"",""devices"":[]}",absent,absent,25.3,31.9,List of devices attached,
2026-09-28T12:06:25.855+00:00,2026-09-28T12:06:25.899+00:00,968.356,absent,3160.0,"{""state"":""absent"",""devices"":[]}",absent,absent,23.8,20.8,List of devices attached | emulator-5568          offline transport_id:1925,
2026-09-28T12:06:26.855+00:00,2026-09-28T12:06:26.904+00:00,969.361,absent,3146.7,"{""state"":""absent"",""devices"":[]}",absent,fastboot,25.3,23.4,List of devices attached,1384e684               fastboot
2026-09-28T12:06:27.855+00:00,2026-09-28T12:06:27.904+00:00,970.361,absent,3146.7,"{""state"":""absent"",""devices"":[]}",absent,fastboot,24.3,24.2,List of devices attached,1384e684               fastboot
2026-09-28T12:06:28.856+00:00,2026-09-28T12:06:28.921+00:00,971.377,absent,3146.7,"{""state"":""absent"",""devices"":[]}",absent,fastboot,40.3,24.5,List of devices attached,1384e684               fastboot
2026-09-28T12:06:29.856+00:00,2026-09-28T12:06:29.908+00:00,972.365,absent,3146.7,"{""state"":""absent"",""devices"":[]}",absent,fastboot,27.2,24.4,List of devices attached | emulator-5568          offline transport_id:1928,1384e684               fastboot
2026-09-28T12:06:30.857+00:00,2026-09-28T12:06:30.905+00:00,973.362,present,3230.0,"{""state"":""present"",""devices"":[{""Status"":""OK"",""Class"":""AndroidUsbDeviceClass"",""FriendlyName"":""Android Bootloader Interface"",""InstanceId"":""USB\\VID_18D1&PID_D00D\\1384E684""}]}",absent,fastboot,26.1,22.6,List of devices attached,1384e684               fastboot
2026-09-28T12:06:31.857+00:00,2026-09-28T12:06:31.906+00:00,974.363,present,3230.0,"{""state"":""present"",""devices"":[{""Status"":""OK"",""Class"":""AndroidUsbDeviceClass"",""FriendlyName"":""Android Bootloader Interface"",""InstanceId"":""USB\\VID_18D1&PID_D00D\\1384E684""}]}",absent,fastboot,25.3,23.9,List of devices attached,1384e684               fastboot
2026-09-28T12:06:32.857+00:00,2026-09-28T12:06:32.904+00:00,975.361,present,3230.0,"{""state"":""present"",""devices"":[{""Status"":""OK"",""Class"":""AndroidUsbDeviceClass"",""FriendlyName"":""Android Bootloader Interface"",""InstanceId"":""USB\\VID_18D1&PID_D00D\\1384E684""}]}",absent,fastboot,25.3,21.2,List of devices attached,1384e684               fastboot
2026-09-28T12:06:33.858+00:00,2026-09-28T12:06:33.919+00:00,976.376,present,3230.0,"{""state"":""present"",""devices"":[{""Status"":""OK"",""Class"":""AndroidUsbDeviceClass"",""FriendlyName"":""Android Bootloader Interface"",""InstanceId"":""USB\\VID_18D1&PID_D00D\\1384E684""}]}",absent,fastboot,38.4,23.4,List of devices attached,1384e684               fastboot
2026-09-28T12:06:34.858+00:00,2026-09-28T12:06:34.907+00:00,977.364,present,3101.6,"{""state"":""present"",""devices"":[{""Status"":""OK"",""Class"":""AndroidUsbDeviceClass"",""FriendlyName"":""Android Bootloader Interface"",""InstanceId"":""USB\\VID_18D1&PID_D00D\\1384E684""}]}",absent,fastboot,26.1,23.1,List of devices attached | emulator-5568          offline transport_id:1932,1384e684               fastboot
2026-09-28T12:06:35.858+00:00,2026-09-28T12:06:35.908+00:00,978.365,present,3101.6,"{""state"":""present"",""devices"":[{""Status"":""OK"",""Class"":""AndroidUsbDeviceClass"",""FriendlyName"":""Android Bootloader Interface"",""InstanceId"":""USB\\VID_18D1&PID_D00D\\1384E684""}]}",absent,fastboot,26.7,23.2,List of devices attached,1384e684               fastboot
2026-09-28T12:06:36.858+00:00,2026-09-28T12:06:36.906+00:00,979.363,present,3101.6,"{""state"":""present"",""devices"":[{""Status"":""OK"",""Class"":""AndroidUsbDeviceClass"",""FriendlyName"":""Android Bootloader Interface"",""InstanceId"":""USB\\VID_18D1&PID_D00D\\1384E684""}]}",absent,fastboot,25.3,22.2,List of devices attached,1384e684               fastboot
2026-09-28T12:06:37.859+00:00,2026-09-28T12:06:37.920+00:00,980.376,present,3101.6,"{""state"":""present"",""devices"":[{""Status"":""OK"",""Class"":""AndroidUsbDeviceClass"",""FriendlyName"":""Android Bootloader Interface"",""InstanceId"":""USB\\VID_18D1&PID_D00D\\1384E684""}]}",absent,fastboot,36.9,23.9,List of devices attached,1384e684               fastboot
2026-09-28T12:06:38.859+00:00,2026-09-28T12:06:38.906+00:00,981.363,present,3121.0,"{""state"":""present"",""devices"":[{""Status"":""OK"",""Class"":""AndroidUsbDeviceClass"",""FriendlyName"":""Android Bootloader Interface"",""InstanceId"":""USB\\VID_18D1&PID_D00D\\1384E684""}]}",absent,fastboot,25.1,21.8,List of devices attached,1384e684               fastboot
2026-09-28T12:06:39.860+00:00,2026-09-28T12:06:39.909+00:00,982.366,present,3121.0,"{""state"":""present"",""devices"":[{""Status"":""OK"",""Class"":""AndroidUsbDeviceClass"",""FriendlyName"":""Android Bootloader Interface"",""InstanceId"":""USB\\VID_18D1&PID_D00D\\1384E684""}]}",absent,fastboot,26.3,22.9,List of devices attached | emulator-5568          offline transport_id:1936,1384e684               fastboot
2026-09-28T12:06:40.860+00:00,2026-09-28T12:06:40.907+00:00,983.363,present,3121.0,"{""state"":""present"",""devices"":[{""Status"":""OK"",""Class"":""AndroidUsbDeviceClass"",""FriendlyName"":""Android Bootloader Interface"",""InstanceId"":""USB\\VID_18D1&PID_D00D\\1384E684""}]}",absent,fastboot,24.8,21.9,List of devices attached,1384e684               fastboot
2026-09-28T12:06:41.861+00:00,2026-09-28T12:06:41.921+00:00,984.378,present,3121.0,"{""state"":""present"",""devices"":[{""Status"":""OK"",""Class"":""AndroidUsbDeviceClass"",""FriendlyName"":""Android Bootloader Interface"",""InstanceId"":""USB\\VID_18D1&PID_D00D\\1384E684""}]}",absent,fastboot,35.9,24.5,List of devices attached,1384e684               fastboot
2026-09-28T12:06:42.861+00:00,2026-09-28T12:06:42.914+00:00,985.371,present,3054.9,"{""state"":""present"",""devices"":[{""Status"":""OK"",""Class"":""AndroidUsbDeviceClass"",""FriendlyName"":""Android Bootloader Interface"",""InstanceId"":""USB\\VID_18D1&PID_D00D\\1384E684""}]}",absent,fastboot,26.4,26.7,List of devices attached,1384e684               fastboot
2026-09-28T12:06:43.861+00:00,2026-09-28T12:06:43.912+00:00,986.369,present,3054.9,"{""state"":""present"",""devices"":[{""Status"":""OK"",""Class"":""AndroidUsbDeviceClass"",""FriendlyName"":""Android Bootloader Interface"",""InstanceId"":""USB\\VID_18D1&PID_D00D\\1384E684""}]}",absent,fastboot,28.1,23.2,List of devices attached | emulator-5568          offline transport_id:1939,1384e684               fastboot
2026-09-28T12:06:44.862+00:00,2026-09-28T12:06:44.916+00:00,987.373,present,3054.9,"{""state"":""present"",""devices"":[{""Status"":""OK"",""Class"":""AndroidUsbDeviceClass"",""FriendlyName"":""Android Bootloader Interface"",""InstanceId"":""USB\\VID_18D1&PID_D00D\\1384E684""}]}",absent,fastboot,29.1,25.5,List of devices attached,1384e684               fastboot
2026-09-28T12:06:45.862+00:00,2026-09-28T12:06:45.924+00:00,988.380,present,3054.9,"{""state"":""present"",""devices"":[{""Status"":""OK"",""Class"":""AndroidUsbDeviceClass"",""FriendlyName"":""Android Bootloader Interface"",""InstanceId"":""USB\\VID_18D1&PID_D00D\\1384E684""}]}",absent,fastboot,37.8,23.9,List of devices attached,1384e684               fastboot
2026-09-28T12:06:46.862+00:00,2026-09-28T12:06:46.913+00:00,989.369,present,3277.5,"{""state"":""present"",""devices"":[{""Status"":""OK"",""Class"":""AndroidUsbDeviceClass"",""FriendlyName"":""Android Bootloader Interface"",""InstanceId"":""USB\\VID_18D1&PID_D00D\\1384E684""}]}",absent,fastboot,27.2,23.3,List of devices attached,1384e684               fastboot
2026-09-28T12:06:47.862+00:00,2026-09-28T12:06:47.913+00:00,990.370,present,3277.5,"{""state"":""present"",""devices"":[{""Status"":""OK"",""Class"":""AndroidUsbDeviceClass"",""FriendlyName"":""Android Bootloader Interface"",""InstanceId"":""USB\\VID_18D1&PID_D00D\\1384E684""}]}",absent,fastboot,26.6,24.2,List of devices attached,1384e684               fastboot
2026-09-28T12:06:48.863+00:00,2026-09-28T12:06:48.921+00:00,991.378,present,3277.5,"{""state"":""present"",""devices"":[{""Status"":""OK"",""Class"":""AndroidUsbDeviceClass"",""FriendlyName"":""Android Bootloader Interface"",""InstanceId"":""USB\\VID_18D1&PID_D00D\\1384E684""}]}",absent,fastboot,30.8,27.4,List of devices attached | emulator-5568          offline transport_id:1943,1384e684               fastboot
2026-09-28T12:06:49.863+00:00,2026-09-28T12:06:49.928+00:00,992.384,present,3277.5,"{""state"":""present"",""devices"":[{""Status"":""OK"",""Class"":""AndroidUsbDeviceClass"",""FriendlyName"":""Android Bootloader Interface"",""InstanceId"":""USB\\VID_18D1&PID_D00D\\1384E684""}]}",absent,fastboot,40.8,23.6,List of devices attached,1384e684               fastboot
2026-09-28T12:06:50.863+00:00,2026-09-28T12:06:50.913+00:00,993.369,present,3259.0,"{""state"":""present"",""devices"":[{""Status"":""OK"",""Class"":""AndroidUsbDeviceClass"",""FriendlyName"":""Android Bootloader Interface"",""InstanceId"":""USB\\VID_18D1&PID_D00D\\1384E684""}]}",absent,fastboot,25.9,23.4,List of devices attached,1384e684               fastboot
2026-09-28T12:06:51.863+00:00,2026-09-28T12:06:51.911+00:00,994.368,present,3259.0,"{""state"":""present"",""devices"":[{""Status"":""OK"",""Class"":""AndroidUsbDeviceClass"",""FriendlyName"":""Android Bootloader Interface"",""InstanceId"":""USB\\VID_18D1&PID_D00D\\1384E684""}]}",absent,fastboot,25.0,22.7,List of devices attached,1384e684               fastboot
2026-09-28T12:06:52.864+00:00,2026-09-28T12:06:52.911+00:00,995.368,present,3259.0,"{""state"":""present"",""devices"":[{""Status"":""OK"",""Class"":""AndroidUsbDeviceClass"",""FriendlyName"":""Android Bootloader Interface"",""InstanceId"":""USB\\VID_18D1&PID_D00D\\1384E684""}]}",absent,fastboot,25.0,22.5,List of devices attached,1384e684               fastboot
2026-09-28T12:06:53.864+00:00,2026-09-28T12:06:53.911+00:00,996.368,present,3259.0,"{""state"":""present"",""devices"":[{""Status"":""OK"",""Class"":""AndroidUsbDeviceClass"",""FriendlyName"":""Android Bootloader Interface"",""InstanceId"":""USB\\VID_18D1&PID_D00D\\1384E684""}]}",absent,fastboot,25.6,21.7,List of devices attached | emulator-5568          offline transport_id:1947,1384e684               fastboot
2026-09-28T12:06:54.864+00:00,2026-09-28T12:06:54.918+00:00,997.375,present,3061.0,"{""state"":""present"",""devices"":[{""Status"":""OK"",""Class"":""AndroidUsbDeviceClass"",""FriendlyName"":""Android Bootloader Interface"",""InstanceId"":""USB\\VID_18D1&PID_D00D\\1384E684""}]}",absent,fastboot,28.4,25.3,List of devices attached,1384e684               fastboot
2026-09-28T12:06:55.864+00:00,2026-09-28T12:06:55.912+00:00,998.368,present,3061.0,"{""state"":""present"",""devices"":[{""Status"":""OK"",""Class"":""AndroidUsbDeviceClass"",""FriendlyName"":""Android Bootloader Interface"",""InstanceId"":""USB\\VID_18D1&PID_D00D\\1384E684""}]}",absent,fastboot,25.2,22.1,List of devices attached,1384e684               fastboot
2026-09-28T12:06:56.864+00:00,2026-09-28T12:06:56.923+00:00,999.380,present,3061.0,"{""state"":""present"",""devices"":[{""Status"":""OK"",""Class"":""AndroidUsbDeviceClass"",""FriendlyName"":""Android Bootloader Interface"",""InstanceId"":""USB\\VID_18D1&PID_D00D\\1384E684""}]}",absent,fastboot,36.2,22.8,List of devices attached,1384e684               fastboot
2026-09-28T12:06:57.865+00:00,2026-09-28T12:06:57.914+00:00,1000.371,present,3061.0,"{""state"":""present"",""devices"":[{""Status"":""OK"",""Class"":""AndroidUsbDeviceClass"",""FriendlyName"":""Android Bootloader Interface"",""InstanceId"":""USB\\VID_18D1&PID_D00D\\1384E684""}]}",absent,fastboot,25.4,23.8,List of devices attached | emulator-5568          offline transport_id:1950,1384e684               fastboot
2026-09-28T12:06:58.865+00:00,2026-09-28T12:06:58.913+00:00,1001.370,present,3261.8,"{""state"":""present"",""devices"":[{""Status"":""OK"",""Class"":""AndroidUsbDeviceClass"",""FriendlyName"":""Android Bootloader Interface"",""InstanceId"":""USB\\VID_18D1&PID_D00D\\1384E684""}]}",absent,fastboot,25.5,22.5,List of devices attached,1384e684               fastboot
2026-09-28T12:06:59.865+00:00,2026-09-28T12:06:59.914+00:00,1002.370,present,3261.8,"{""state"":""present"",""devices"":[{""Status"":""OK"",""Class"":""AndroidUsbDeviceClass"",""FriendlyName"":""Android Bootloader Interface"",""InstanceId"":""USB\\VID_18D1&PID_D00D\\1384E684""}]}",absent,fastboot,26.5,21.8,List of devices attached,1384e684               fastboot
2026-09-28T12:07:00.866+00:00,2026-09-28T12:07:00.913+00:00,1003.370,present,3261.8,"{""state"":""present"",""devices"":[{""Status"":""OK"",""Class"":""AndroidUsbDeviceClass"",""FriendlyName"":""Android Bootloader Interface"",""InstanceId"":""USB\\VID_18D1&PID_D00D\\1384E684""}]}",absent,fastboot,26.0,21.5,List of devices attached,1384e684               fastboot
2026-09-28T12:07:01.866+00:00,2026-09-28T12:07:01.921+00:00,1004.377,present,3261.8,"{""state"":""present"",""devices"":[{""Status"":""OK"",""Class"":""AndroidUsbDeviceClass"",""FriendlyName"":""Android Bootloader Interface"",""InstanceId"":""USB\\VID_18D1&PID_D00D\\1384E684""}]}",absent,fastboot,33.0,21.5,List of devices attached,1384e684               fastboot
2026-09-28T12:07:02.866+00:00,2026-09-28T12:07:02.915+00:00,1005.372,present,3022.4,"{""state"":""present"",""devices"":[{""Status"":""OK"",""Class"":""AndroidUsbDeviceClass"",""FriendlyName"":""Android Bootloader Interface"",""InstanceId"":""USB\\VID_18D1&PID_D00D\\1384E684""}]}",absent,fastboot,25.4,23.1,List of devices attached | emulator-5568          offline transport_id:1954,1384e684               fastboot
2026-09-28T12:07:03.867+00:00,2026-09-28T12:07:03.915+00:00,1006.372,present,3022.4,"{""state"":""present"",""devices"":[{""Status"":""OK"",""Class"":""AndroidUsbDeviceClass"",""FriendlyName"":""Android Bootloader Interface"",""InstanceId"":""USB\\VID_18D1&PID_D00D\\1384E684""}]}",absent,fastboot,25.1,23.7,List of devices attached,1384e684               fastboot
2026-09-28T12:07:04.867+00:00,2026-09-28T12:07:04.916+00:00,1007.373,present,3022.4,"{""state"":""present"",""devices"":[{""Status"":""OK"",""Class"":""AndroidUsbDeviceClass"",""FriendlyName"":""Android Bootloader Interface"",""InstanceId"":""USB\\VID_18D1&PID_D00D\\1384E684""}]}",absent,fastboot,25.9,23.3,List of devices attached,1384e684               fastboot
2026-09-28T12:07:05.867+00:00,2026-09-28T12:07:05.915+00:00,1008.372,present,3022.4,"{""state"":""present"",""devices"":[{""Status"":""OK"",""Class"":""AndroidUsbDeviceClass"",""FriendlyName"":""Android Bootloader Interface"",""InstanceId"":""USB\\VID_18D1&PID_D00D\\1384E684""}]}",absent,fastboot,25.4,22.6,List of devices attached,1384e684               fastboot
2026-09-28T12:07:06.867+00:00,2026-09-28T12:07:06.917+00:00,1009.373,present,3103.5,"{""state"":""present"",""devices"":[{""Status"":""OK"",""Class"":""AndroidUsbDeviceClass"",""FriendlyName"":""Android Bootloader Interface"",""InstanceId"":""USB\\VID_18D1&PID_D00D\\1384E684""}]}",absent,fastboot,26.7,22.9,List of devices attached,1384e684               fastboot
2026-09-28T12:07:07.867+00:00,2026-09-28T12:07:07.916+00:00,1010.372,present,3103.5,"{""state"":""present"",""devices"":[{""Status"":""OK"",""Class"":""AndroidUsbDeviceClass"",""FriendlyName"":""Android Bootloader Interface"",""InstanceId"":""USB\\VID_18D1&PID_D00D\\1384E684""}]}",absent,fastboot,24.9,23.7,List of devices attached | emulator-5568          offline transport_id:1958,1384e684               fastboot
2026-09-28T12:07:08.867+00:00,2026-09-28T12:07:08.913+00:00,1011.370,present,3103.5,"{""state"":""present"",""devices"":[{""Status"":""OK"",""Class"":""AndroidUsbDeviceClass"",""FriendlyName"":""Android Bootloader Interface"",""InstanceId"":""USB\\VID_18D1&PID_D00D\\1384E684""}]}",absent,fastboot,24.0,21.8,List of devices attached,1384e684               fastboot
2026-09-28T12:07:09.868+00:00,2026-09-28T12:07:09.916+00:00,1012.373,present,3103.5,"{""state"":""present"",""devices"":[{""Status"":""OK"",""Class"":""AndroidUsbDeviceClass"",""FriendlyName"":""Android Bootloader Interface"",""InstanceId"":""USB\\VID_18D1&PID_D00D\\1384E684""}]}",absent,fastboot,25.2,23.0,List of devices attached,1384e684               fastboot
2026-09-28T12:07:10.868+00:00,2026-09-28T12:07:10.921+00:00,1013.378,present,3066.5,"{""state"":""present"",""devices"":[{""Status"":""OK"",""Class"":""AndroidUsbDeviceClass"",""FriendlyName"":""Android Bootloader Interface"",""InstanceId"":""USB\\VID_18D1&PID_D00D\\1384E684""}]}",absent,fastboot,30.2,22.5,List of devices attached,1384e684               fastboot
2026-09-28T12:07:11.869+00:00,2026-09-28T12:07:11.917+00:00,1014.374,present,3066.5,"{""state"":""present"",""devices"":[{""Status"":""OK"",""Class"":""AndroidUsbDeviceClass"",""FriendlyName"":""Android Bootloader Interface"",""InstanceId"":""USB\\VID_18D1&PID_D00D\\1384E684""}]}",absent,fastboot,24.3,24.3,List of devices attached | emulator-5568          offline transport_id:1961,1384e684               fastboot
2026-09-28T12:07:12.869+00:00,2026-09-28T12:07:12.916+00:00,1015.373,present,3066.5,"{""state"":""present"",""devices"":[{""Status"":""OK"",""Class"":""AndroidUsbDeviceClass"",""FriendlyName"":""Android Bootloader Interface"",""InstanceId"":""USB\\VID_18D1&PID_D00D\\1384E684""}]}",absent,fastboot,24.6,22.8,List of devices attached,1384e684               fastboot
2026-09-28T12:07:13.869+00:00,2026-09-28T12:07:13.918+00:00,1016.374,present,3066.5,"{""state"":""present"",""devices"":[{""Status"":""OK"",""Class"":""AndroidUsbDeviceClass"",""FriendlyName"":""Android Bootloader Interface"",""InstanceId"":""USB\\VID_18D1&PID_D00D\\1384E684""}]}",absent,fastboot,24.6,24.0,List of devices attached,1384e684               fastboot
2026-09-28T12:07:14.869+00:00,2026-09-28T12:07:14.918+00:00,1017.375,present,3050.6,"{""state"":""present"",""devices"":[{""Status"":""OK"",""Class"":""AndroidUsbDeviceClass"",""FriendlyName"":""Android Bootloader Interface"",""InstanceId"":""USB\\VID_18D1&PID_D00D\\1384E684""}]}",absent,fastboot,26.2,22.6,List of devices attached,1384e684               fastboot
2026-09-28T12:07:15.870+00:00,2026-09-28T12:07:15.916+00:00,1018.373,present,3050.6,"{""state"":""present"",""devices"":[{""Status"":""OK"",""Class"":""AndroidUsbDeviceClass"",""FriendlyName"":""Android Bootloader Interface"",""InstanceId"":""USB\\VID_18D1&PID_D00D\\1384E684""}]}",absent,fastboot,24.3,21.9,List of devices attached,1384e684               fastboot
2026-09-28T12:07:16.870+00:00,2026-09-28T12:07:16.921+00:00,1019.377,present,3050.6,"{""state"":""present"",""devices"":[{""Status"":""OK"",""Class"":""AndroidUsbDeviceClass"",""FriendlyName"":""Android Bootloader Interface"",""InstanceId"":""USB\\VID_18D1&PID_D00D\\1384E684""}]}",absent,fastboot,26.5,23.9,List of devices attached | emulator-5568          offline transport_id:1965,1384e684               fastboot
2026-09-28T12:07:17.870+00:00,2026-09-28T12:07:17.917+00:00,1020.374,present,3050.6,"{""state"":""present"",""devices"":[{""Status"":""OK"",""Class"":""AndroidUsbDeviceClass"",""FriendlyName"":""Android Bootloader Interface"",""InstanceId"":""USB\\VID_18D1&PID_D00D\\1384E684""}]}",absent,fastboot,25.2,21.4,List of devices attached,1384e684               fastboot
2026-09-28T12:07:18.871+00:00,2026-09-28T12:07:18.920+00:00,1021.376,present,3241.0,"{""state"":""present"",""devices"":[{""Status"":""OK"",""Class"":""AndroidUsbDeviceClass"",""FriendlyName"":""Android Bootloader Interface"",""InstanceId"":""USB\\VID_18D1&PID_D00D\\1384E684""}]}",absent,fastboot,25.2,23.9,List of devices attached,1384e684               fastboot
2026-09-28T12:07:19.871+00:00,2026-09-28T12:07:19.918+00:00,1022.375,present,3241.0,"{""state"":""present"",""devices"":[{""Status"":""OK"",""Class"":""AndroidUsbDeviceClass"",""FriendlyName"":""Android Bootloader Interface"",""InstanceId"":""USB\\VID_18D1&PID_D00D\\1384E684""}]}",absent,fastboot,24.3,22.7,List of devices attached,1384e684               fastboot
2026-09-28T12:07:20.871+00:00,2026-09-28T12:07:20.918+00:00,1023.374,present,3241.0,"{""state"":""present"",""devices"":[{""Status"":""OK"",""Class"":""AndroidUsbDeviceClass"",""FriendlyName"":""Android Bootloader Interface"",""InstanceId"":""USB\\VID_18D1&PID_D00D\\1384E684""}]}",absent,fastboot,24.2,21.9,List of devices attached,1384e684               fastboot
2026-09-28T12:07:21.872+00:00,2026-09-28T12:07:21.919+00:00,1024.375,present,3241.0,"{""state"":""present"",""devices"":[{""Status"":""OK"",""Class"":""AndroidUsbDeviceClass"",""FriendlyName"":""Android Bootloader Interface"",""InstanceId"":""USB\\VID_18D1&PID_D00D\\1384E684""}]}",absent,fastboot,25.1,21.8,List of devices attached | emulator-5568          offline transport_id:1969,1384e684               fastboot
2026-09-28T12:07:22.872+00:00,2026-09-28T12:07:22.951+00:00,1025.407,present,3024.1,"{""state"":""present"",""devices"":[{""Status"":""OK"",""Class"":""AndroidUsbDeviceClass"",""FriendlyName"":""Android Bootloader Interface"",""InstanceId"":""USB\\VID_18D1&PID_D00D\\1384E684""}]}",absent,absent,54.8,23.6,List of devices attached,
2026-09-28T12:07:23.872+00:00,2026-09-28T12:07:23.918+00:00,1026.374,present,3024.1,"{""state"":""present"",""devices"":[{""Status"":""OK"",""Class"":""AndroidUsbDeviceClass"",""FriendlyName"":""Android Bootloader Interface"",""InstanceId"":""USB\\VID_18D1&PID_D00D\\1384E684""}]}",absent,absent,24.2,21.2,List of devices attached,
2026-09-28T12:07:24.872+00:00,2026-09-28T12:07:24.917+00:00,1027.373,present,3024.1,"{""state"":""present"",""devices"":[{""Status"":""OK"",""Class"":""AndroidUsbDeviceClass"",""FriendlyName"":""Android Bootloader Interface"",""InstanceId"":""USB\\VID_18D1&PID_D00D\\1384E684""}]}",absent,absent,24.3,19.9,List of devices attached,
2026-09-28T12:07:25.873+00:00,2026-09-28T12:07:25.918+00:00,1028.374,present,3024.1,"{""state"":""present"",""devices"":[{""Status"":""OK"",""Class"":""AndroidUsbDeviceClass"",""FriendlyName"":""Android Bootloader Interface"",""InstanceId"":""USB\\VID_18D1&PID_D00D\\1384E684""}]}",absent,absent,24.3,20.5,List of devices attached | emulator-5568          offline transport_id:1972,
2026-09-28T12:07:26.873+00:00,2026-09-28T12:07:26.919+00:00,1029.375,present,3086.5,"{""state"":""present"",""devices"":[{""Status"":""OK"",""Class"":""AndroidUsbDeviceClass"",""FriendlyName"":""Android Bootloader Interface"",""InstanceId"":""USB\\VID_18D1&PID_D00D\\1384E684""}]}",absent,absent,24.3,21.2,List of devices attached,
2026-09-28T12:07:27.874+00:00,2026-09-28T12:07:27.919+00:00,1030.376,present,3086.5,"{""state"":""present"",""devices"":[{""Status"":""OK"",""Class"":""AndroidUsbDeviceClass"",""FriendlyName"":""Android Bootloader Interface"",""InstanceId"":""USB\\VID_18D1&PID_D00D\\1384E684""}]}",absent,absent,24.6,21.2,List of devices attached,
2026-09-28T12:07:28.874+00:00,2026-09-28T12:07:29.430+00:00,1031.886,present,3086.5,"{""state"":""present"",""devices"":[{""Status"":""OK"",""Class"":""AndroidUsbDeviceClass"",""FriendlyName"":""Android Bootloader Interface"",""InstanceId"":""USB\\VID_18D1&PID_D00D\\1384E684""}]}",absent,absent,25.5,530.5,List of devices attached,????????????           fastboot
2026-09-28T12:07:29.874+00:00,2026-09-28T12:07:29.922+00:00,1032.378,present,3086.5,"{""state"":""present"",""devices"":[{""Status"":""OK"",""Class"":""AndroidUsbDeviceClass"",""FriendlyName"":""Android Bootloader Interface"",""InstanceId"":""USB\\VID_18D1&PID_D00D\\1384E684""}]}",absent,absent,27.2,20.6,List of devices attached,
2026-09-28T12:07:30.874+00:00,2026-09-28T12:07:30.919+00:00,1033.376,present,3152.5,"{""state"":""present"",""devices"":[{""Status"":""OK"",""Class"":""AndroidUsbDeviceClass"",""FriendlyName"":""Android Bootloader Interface"",""InstanceId"":""USB\\VID_18D1&PID_D00D\\1384E684""}]}",absent,absent,24.3,20.9,List of devices attached | emulator-5568          offline transport_id:1976,
2026-09-28T12:07:31.874+00:00,2026-09-28T12:07:31.934+00:00,1034.390,present,3152.5,"{""state"":""present"",""devices"":[{""Status"":""OK"",""Class"":""AndroidUsbDeviceClass"",""FriendlyName"":""Android Bootloader Interface"",""InstanceId"":""USB\\VID_18D1&PID_D00D\\1384E684""}]}",absent,absent,37.6,21.7,List of devices attached,
2026-09-28T12:07:32.875+00:00,2026-09-28T12:07:32.922+00:00,1035.378,present,3152.5,"{""state"":""present"",""devices"":[{""Status"":""OK"",""Class"":""AndroidUsbDeviceClass"",""FriendlyName"":""Android Bootloader Interface"",""InstanceId"":""USB\\VID_18D1&PID_D00D\\1384E684""}]}",absent,absent,25.7,21.2,List of devices attached,
2026-09-28T12:07:33.875+00:00,2026-09-28T12:07:33.922+00:00,1036.378,present,3152.5,"{""state"":""present"",""devices"":[{""Status"":""OK"",""Class"":""AndroidUsbDeviceClass"",""FriendlyName"":""Android Bootloader Interface"",""InstanceId"":""USB\\VID_18D1&PID_D00D\\1384E684""}]}",absent,absent,25.3,21.5,List of devices attached,
2026-09-28T12:07:34.875+00:00,2026-09-28T12:07:34.927+00:00,1037.383,absent,3120.0,"{""state"":""absent"",""devices"":[]}",absent,absent,27.4,23.7,List of devices attached,
2026-09-28T12:07:35.876+00:00,2026-09-28T12:07:35.933+00:00,1038.390,absent,3120.0,"{""state"":""absent"",""devices"":[]}",absent,absent,24.8,32.8,List of devices attached | emulator-5568          offline transport_id:1980,
2026-09-28T12:07:36.876+00:00,2026-09-28T12:07:36.925+00:00,1039.381,absent,3120.0,"{""state"":""absent"",""devices"":[]}",absent,absent,27.5,21.1,List of devices attached,
2026-09-28T12:07:37.876+00:00,2026-09-28T12:07:37.933+00:00,1040.390,absent,3120.0,"{""state"":""absent"",""devices"":[]}",absent,absent,24.6,32.5,List of devices attached,
2026-09-28T12:07:38.876+00:00,2026-09-28T12:07:38.926+00:00,1041.383,present,3307.9,"{""state"":""present"",""devices"":[{""Status"":""OK"",""Class"":""WPD"",""FriendlyName"":""THYME_DIAG"",""InstanceId"":""SWD\\WPDBUSENUM\\_??_USBSTOR#DISK&VEN_SONY_MIC&PROD_ROVAULT&REV_#1384E684&0#{53F56307-B6BF-11D0-94F2-00A0C91EFB8B}""},{""Status"":""OK"",""Class"":""Volume"",""FriendlyName"":""Volume"",""InstanceId"":""STORAGE\\VOLUME\\_??_USBSTOR#DISK&VEN_SONY_MIC&PROD_ROVAULT&REV_#1384E684&0#{53F56307-B6BF-11D0-94F2-00A0C91EFB8B}""},{""Status"":""OK"",""Class"":""DiskDrive"",""FriendlyName"":""Sony Mic roVault USB Device"",""InstanceId"":""USBSTOR\\DISK&VEN_SONY_MIC&PROD_ROVAULT&REV_\\1384E684&0""},{""Status"":""OK"",""Class"":""USB"",""FriendlyName"":""Sony USB HiFD Drive"",""InstanceId"":""USB\\VID_054C&PID_0022\\1384E684""}]}",absent,absent,27.2,22.5,List of devices attached,
2026-09-28T12:07:39.877+00:00,2026-09-28T12:07:39.925+00:00,1042.382,present,3307.9,"{""state"":""present"",""devices"":[{""Status"":""OK"",""Class"":""WPD"",""FriendlyName"":""THYME_DIAG"",""InstanceId"":""SWD\\WPDBUSENUM\\_??_USBSTOR#DISK&VEN_SONY_MIC&PROD_ROVAULT&REV_#1384E684&0#{53F56307-B6BF-11D0-94F2-00A0C91EFB8B}""},{""Status"":""OK"",""Class"":""Volume"",""FriendlyName"":""Volume"",""InstanceId"":""STORAGE\\VOLUME\\_??_USBSTOR#DISK&VEN_SONY_MIC&PROD_ROVAULT&REV_#1384E684&0#{53F56307-B6BF-11D0-94F2-00A0C91EFB8B}""},{""Status"":""OK"",""Class"":""DiskDrive"",""FriendlyName"":""Sony Mic roVault USB Device"",""InstanceId"":""USBSTOR\\DISK&VEN_SONY_MIC&PROD_ROVAULT&REV_\\1384E684&0""},{""Status"":""OK"",""Class"":""USB"",""FriendlyName"":""Sony USB HiFD Drive"",""InstanceId"":""USB\\VID_054C&PID_0022\\1384E684""}]}",absent,absent,26.2,22.1,List of devices attached | emulator-5568          offline transport_id:1983,
2026-09-28T12:07:40.877+00:00,2026-09-28T12:07:40.927+00:00,1043.383,present,3307.9,"{""state"":""present"",""devices"":[{""Status"":""OK"",""Class"":""WPD"",""FriendlyName"":""THYME_DIAG"",""InstanceId"":""SWD\\WPDBUSENUM\\_??_USBSTOR#DISK&VEN_SONY_MIC&PROD_ROVAULT&REV_#1384E684&0#{53F56307-B6BF-11D0-94F2-00A0C91EFB8B}""},{""Status"":""OK"",""Class"":""Volume"",""FriendlyName"":""Volume"",""InstanceId"":""STORAGE\\VOLUME\\_??_USBSTOR#DISK&VEN_SONY_MIC&PROD_ROVAULT&REV_#1384E684&0#{53F56307-B6BF-11D0-94F2-00A0C91EFB8B}""},{""Status"":""OK"",""Class"":""DiskDrive"",""FriendlyName"":""Sony Mic roVault USB Device"",""InstanceId"":""USBSTOR\\DISK&VEN_SONY_MIC&PROD_ROVAULT&REV_\\1384E684&0""},{""Status"":""OK"",""Class"":""USB"",""FriendlyName"":""Sony USB HiFD Drive"",""InstanceId"":""USB\\VID_054C&PID_0022\\1384E684""}]}",absent,absent,27.1,22.5,List of devices attached,
2026-09-28T12:07:41.878+00:00,2026-09-28T12:07:41.925+00:00,1044.382,present,3307.9,"{""state"":""present"",""devices"":[{""Status"":""OK"",""Class"":""WPD"",""FriendlyName"":""THYME_DIAG"",""InstanceId"":""SWD\\WPDBUSENUM\\_??_USBSTOR#DISK&VEN_SONY_MIC&PROD_ROVAULT&REV_#1384E684&0#{53F56307-B6BF-11D0-94F2-00A0C91EFB8B}""},{""Status"":""OK"",""Class"":""Volume"",""FriendlyName"":""Volume"",""InstanceId"":""STORAGE\\VOLUME\\_??_USBSTOR#DISK&VEN_SONY_MIC&PROD_ROVAULT&REV_#1384E684&0#{53F56307-B6BF-11D0-94F2-00A0C91EFB8B}""},{""Status"":""OK"",""Class"":""DiskDrive"",""FriendlyName"":""Sony Mic roVault USB Device"",""InstanceId"":""USBSTOR\\DISK&VEN_SONY_MIC&PROD_ROVAULT&REV_\\1384E684&0""},{""Status"":""OK"",""Class"":""USB"",""FriendlyName"":""Sony USB HiFD Drive"",""InstanceId"":""USB\\VID_054C&PID_0022\\1384E684""}]}",absent,absent,25.5,22.1,List of devices attached,
2026-09-28T12:07:42.878+00:00,2026-09-28T12:07:42.925+00:00,1045.382,present,3189.6,"{""state"":""present"",""devices"":[{""Status"":""OK"",""Class"":""WPD"",""FriendlyName"":""THYME_DIAG"",""InstanceId"":""SWD\\WPDBUSENUM\\_??_USBSTOR#DISK&VEN_SONY_MIC&PROD_ROVAULT&REV_#1384E684&0#{53F56307-B6BF-11D0-94F2-00A0C91EFB8B}""},{""Status"":""OK"",""Class"":""Volume"",""FriendlyName"":""Volume"",""InstanceId"":""STORAGE\\VOLUME\\_??_USBSTOR#DISK&VEN_SONY_MIC&PROD_ROVAULT&REV_#1384E684&0#{53F56307-B6BF-11D0-94F2-00A0C91EFB8B}""},{""Status"":""OK"",""Class"":""DiskDrive"",""FriendlyName"":""Sony Mic roVault USB Device"",""InstanceId"":""USBSTOR\\DISK&VEN_SONY_MIC&PROD_ROVAULT&REV_\\1384E684&0""},{""Status"":""OK"",""Class"":""USB"",""FriendlyName"":""Sony USB HiFD Drive"",""InstanceId"":""USB\\VID_054C&PID_0022\\1384E684""}]}",absent,absent,25.4,21.9,List of devices attached,
2026-09-28T12:07:43.878+00:00,2026-09-28T12:07:43.924+00:00,1046.380,present,3189.6,"{""state"":""present"",""devices"":[{""Status"":""OK"",""Class"":""WPD"",""FriendlyName"":""THYME_DIAG"",""InstanceId"":""SWD\\WPDBUSENUM\\_??_USBSTOR#DISK&VEN_SONY_MIC&PROD_ROVAULT&REV_#1384E684&0#{53F56307-B6BF-11D0-94F2-00A0C91EFB8B}""},{""Status"":""OK"",""Class"":""Volume"",""FriendlyName"":""Volume"",""InstanceId"":""STORAGE\\VOLUME\\_??_USBSTOR#DISK&VEN_SONY_MIC&PROD_ROVAULT&REV_#1384E684&0#{53F56307-B6BF-11D0-94F2-00A0C91EFB8B}""},{""Status"":""OK"",""Class"":""DiskDrive"",""FriendlyName"":""Sony Mic roVault USB Device"",""InstanceId"":""USBSTOR\\DISK&VEN_SONY_MIC&PROD_ROVAULT&REV_\\1384E684&0""},{""Status"":""OK"",""Class"":""USB"",""FriendlyName"":""Sony USB HiFD Drive"",""InstanceId"":""USB\\VID_054C&PID_0022\\1384E684""}]}",absent,absent,25.5,20.3,List of devices attached,
2026-09-28T12:07:44.878+00:00,2026-09-28T12:07:44.924+00:00,1047.381,present,3189.6,"{""state"":""present"",""devices"":[{""Status"":""OK"",""Class"":""WPD"",""FriendlyName"":""THYME_DIAG"",""InstanceId"":""SWD\\WPDBUSENUM\\_??_USBSTOR#DISK&VEN_SONY_MIC&PROD_ROVAULT&REV_#1384E684&0#{53F56307-B6BF-11D0-94F2-00A0C91EFB8B}""},{""Status"":""OK"",""Class"":""Volume"",""FriendlyName"":""Volume"",""InstanceId"":""STORAGE\\VOLUME\\_??_USBSTOR#DISK&VEN_SONY_MIC&PROD_ROVAULT&REV_#1384E684&0#{53F56307-B6BF-11D0-94F2-00A0C91EFB8B}""},{""Status"":""OK"",""Class"":""DiskDrive"",""FriendlyName"":""Sony Mic roVault USB Device"",""InstanceId"":""USBSTOR\\DISK&VEN_SONY_MIC&PROD_ROVAULT&REV_\\1384E684&0""},{""Status"":""OK"",""Class"":""USB"",""FriendlyName"":""Sony USB HiFD Drive"",""InstanceId"":""USB\\VID_054C&PID_0022\\1384E684""}]}",absent,absent,25.7,20.5,List of devices attached | emulator-5568          offline transport_id:1987,
2026-09-28T12:07:45.879+00:00,2026-09-28T12:07:45.924+00:00,1048.381,present,3189.6,"{""state"":""present"",""devices"":[{""Status"":""OK"",""Class"":""WPD"",""FriendlyName"":""THYME_DIAG"",""InstanceId"":""SWD\\WPDBUSENUM\\_??_USBSTOR#DISK&VEN_SONY_MIC&PROD_ROVAULT&REV_#1384E684&0#{53F56307-B6BF-11D0-94F2-00A0C91EFB8B}""},{""Status"":""OK"",""Class"":""Volume"",""FriendlyName"":""Volume"",""InstanceId"":""STORAGE\\VOLUME\\_??_USBSTOR#DISK&VEN_SONY_MIC&PROD_ROVAULT&REV_#1384E684&0#{53F56307-B6BF-11D0-94F2-00A0C91EFB8B}""},{""Status"":""OK"",""Class"":""DiskDrive"",""FriendlyName"":""Sony Mic roVault USB Device"",""InstanceId"":""USBSTOR\\DISK&VEN_SONY_MIC&PROD_ROVAULT&REV_\\1384E684&0""},{""Status"":""OK"",""Class"":""USB"",""FriendlyName"":""Sony USB HiFD Drive"",""InstanceId"":""USB\\VID_054C&PID_0022\\1384E684""}]}",absent,absent,25.0,20.9,List of devices attached,
2026-09-28T12:07:46.879+00:00,2026-09-28T12:07:46.924+00:00,1049.380,present,3145.5,"{""state"":""present"",""devices"":[{""Status"":""OK"",""Class"":""WPD"",""FriendlyName"":""THYME_DIAG"",""InstanceId"":""SWD\\WPDBUSENUM\\_??_USBSTOR#DISK&VEN_SONY_MIC&PROD_ROVAULT&REV_#1384E684&0#{53F56307-B6BF-11D0-94F2-00A0C91EFB8B}""},{""Status"":""OK"",""Class"":""Volume"",""FriendlyName"":""Volume"",""InstanceId"":""STORAGE\\VOLUME\\_??_USBSTOR#DISK&VEN_SONY_MIC&PROD_ROVAULT&REV_#1384E684&0#{53F56307-B6BF-11D0-94F2-00A0C91EFB8B}""},{""Status"":""OK"",""Class"":""DiskDrive"",""FriendlyName"":""Sony Mic roVault USB Device"",""InstanceId"":""USBSTOR\\DISK&VEN_SONY_MIC&PROD_ROVAULT&REV_\\1384E684&0""},{""Status"":""OK"",""Class"":""USB"",""FriendlyName"":""Sony USB HiFD Drive"",""InstanceId"":""USB\\VID_054C&PID_0022\\1384E684""}]}",absent,absent,24.3,20.2,List of devices attached,
2026-09-28T12:07:47.880+00:00,2026-09-28T12:07:47.925+00:00,1050.382,present,3145.5,"{""state"":""present"",""devices"":[{""Status"":""OK"",""Class"":""WPD"",""FriendlyName"":""THYME_DIAG"",""InstanceId"":""SWD\\WPDBUSENUM\\_??_USBSTOR#DISK&VEN_SONY_MIC&PROD_ROVAULT&REV_#1384E684&0#{53F56307-B6BF-11D0-94F2-00A0C91EFB8B}""},{""Status"":""OK"",""Class"":""Volume"",""FriendlyName"":""Volume"",""InstanceId"":""STORAGE\\VOLUME\\_??_USBSTOR#DISK&VEN_SONY_MIC&PROD_ROVAULT&REV_#1384E684&0#{53F56307-B6BF-11D0-94F2-00A0C91EFB8B}""},{""Status"":""OK"",""Class"":""DiskDrive"",""FriendlyName"":""Sony Mic roVault USB Device"",""InstanceId"":""USBSTOR\\DISK&VEN_SONY_MIC&PROD_ROVAULT&REV_\\1384E684&0""},{""Status"":""OK"",""Class"":""USB"",""FriendlyName"":""Sony USB HiFD Drive"",""InstanceId"":""USB\\VID_054C&PID_0022\\1384E684""}]}",absent,absent,25.3,20.2,List of devices attached,
2026-09-28T12:07:48.880+00:00,2026-09-28T12:07:48.930+00:00,1051.387,present,3145.5,"{""state"":""present"",""devices"":[{""Status"":""OK"",""Class"":""WPD"",""FriendlyName"":""THYME_DIAG"",""InstanceId"":""SWD\\WPDBUSENUM\\_??_USBSTOR#DISK&VEN_SONY_MIC&PROD_ROVAULT&REV_#1384E684&0#{53F56307-B6BF-11D0-94F2-00A0C91EFB8B}""},{""Status"":""OK"",""Class"":""Volume"",""FriendlyName"":""Volume"",""InstanceId"":""STORAGE\\VOLUME\\_??_USBSTOR#DISK&VEN_SONY_MIC&PROD_ROVAULT&REV_#1384E684&0#{53F56307-B6BF-11D0-94F2-00A0C91EFB8B}""},{""Status"":""OK"",""Class"":""DiskDrive"",""FriendlyName"":""Sony Mic roVault USB Device"",""InstanceId"":""USBSTOR\\DISK&VEN_SONY_MIC&PROD_ROVAULT&REV_\\1384E684&0""},{""Status"":""OK"",""Class"":""USB"",""FriendlyName"":""Sony USB HiFD Drive"",""InstanceId"":""USB\\VID_054C&PID_0022\\1384E684""}]}",absent,absent,29.3,20.9,List of devices attached,
2026-09-28T12:07:49.880+00:00,2026-09-28T12:07:49.933+00:00,1052.390,present,3145.5,"{""state"":""present"",""devices"":[{""Status"":""OK"",""Class"":""WPD"",""FriendlyName"":""THYME_DIAG"",""InstanceId"":""SWD\\WPDBUSENUM\\_??_USBSTOR#DISK&VEN_SONY_MIC&PROD_ROVAULT&REV_#1384E684&0#{53F56307-B6BF-11D0-94F2-00A0C91EFB8B}""},{""Status"":""OK"",""Class"":""Volume"",""FriendlyName"":""Volume"",""InstanceId"":""STORAGE\\VOLUME\\_??_USBSTOR#DISK&VEN_SONY_MIC&PROD_ROVAULT&REV_#1384E684&0#{53F56307-B6BF-11D0-94F2-00A0C91EFB8B}""},{""Status"":""OK"",""Class"":""DiskDrive"",""FriendlyName"":""Sony Mic roVault USB Device"",""InstanceId"":""USBSTOR\\DISK&VEN_SONY_MIC&PROD_ROVAULT&REV_\\1384E684&0""},{""Status"":""OK"",""Class"":""USB"",""FriendlyName"":""Sony USB HiFD Drive"",""InstanceId"":""USB\\VID_054C&PID_0022\\1384E684""}]}",absent,absent,24.6,28.3,List of devices attached | emulator-5568          offline transport_id:1991,
2026-09-28T12:07:50.881+00:00,2026-09-28T12:07:50.926+00:00,1053.383,present,3097.1,"{""state"":""present"",""devices"":[{""Status"":""OK"",""Class"":""WPD"",""FriendlyName"":""THYME_DIAG"",""InstanceId"":""SWD\\WPDBUSENUM\\_??_USBSTOR#DISK&VEN_SONY_MIC&PROD_ROVAULT&REV_#1384E684&0#{53F56307-B6BF-11D0-94F2-00A0C91EFB8B}""},{""Status"":""OK"",""Class"":""Volume"",""FriendlyName"":""Volume"",""InstanceId"":""STORAGE\\VOLUME\\_??_USBSTOR#DISK&VEN_SONY_MIC&PROD_ROVAULT&REV_#1384E684&0#{53F56307-B6BF-11D0-94F2-00A0C91EFB8B}""},{""Status"":""OK"",""Class"":""DiskDrive"",""FriendlyName"":""Sony Mic roVault USB Device"",""InstanceId"":""USBSTOR\\DISK&VEN_SONY_MIC&PROD_ROVAULT&REV_\\1384E684&0""},{""Status"":""OK"",""Class"":""USB"",""FriendlyName"":""Sony USB HiFD Drive"",""InstanceId"":""USB\\VID_054C&PID_0022\\1384E684""}]}",absent,absent,24.4,20.9,List of devices attached,
2026-09-28T12:07:51.881+00:00,2026-09-28T12:07:51.928+00:00,1054.385,present,3097.1,"{""state"":""present"",""devices"":[{""Status"":""OK"",""Class"":""WPD"",""FriendlyName"":""THYME_DIAG"",""InstanceId"":""SWD\\WPDBUSENUM\\_??_USBSTOR#DISK&VEN_SONY_MIC&PROD_ROVAULT&REV_#1384E684&0#{53F56307-B6BF-11D0-94F2-00A0C91EFB8B}""},{""Status"":""OK"",""Class"":""Volume"",""FriendlyName"":""Volume"",""InstanceId"":""STORAGE\\VOLUME\\_??_USBSTOR#DISK&VEN_SONY_MIC&PROD_ROVAULT&REV_#1384E684&0#{53F56307-B6BF-11D0-94F2-00A0C91EFB8B}""},{""Status"":""OK"",""Class"":""DiskDrive"",""FriendlyName"":""Sony Mic roVault USB Device"",""InstanceId"":""USBSTOR\\DISK&VEN_SONY_MIC&PROD_ROVAULT&REV_\\1384E684&0""},{""Status"":""OK"",""Class"":""USB"",""FriendlyName"":""Sony USB HiFD Drive"",""InstanceId"":""USB\\VID_054C&PID_0022\\1384E684""}]}",absent,absent,25.6,21.4,List of devices attached,
2026-09-28T12:07:52.882+00:00,2026-09-28T12:07:52.928+00:00,1055.385,present,3097.1,"{""state"":""present"",""devices"":[{""Status"":""OK"",""Class"":""WPD"",""FriendlyName"":""THYME_DIAG"",""InstanceId"":""SWD\\WPDBUSENUM\\_??_USBSTOR#DISK&VEN_SONY_MIC&PROD_ROVAULT&REV_#1384E684&0#{53F56307-B6BF-11D0-94F2-00A0C91EFB8B}""},{""Status"":""OK"",""Class"":""Volume"",""FriendlyName"":""Volume"",""InstanceId"":""STORAGE\\VOLUME\\_??_USBSTOR#DISK&VEN_SONY_MIC&PROD_ROVAULT&REV_#1384E684&0#{53F56307-B6BF-11D0-94F2-00A0C91EFB8B}""},{""Status"":""OK"",""Class"":""DiskDrive"",""FriendlyName"":""Sony Mic roVault USB Device"",""InstanceId"":""USBSTOR\\DISK&VEN_SONY_MIC&PROD_ROVAULT&REV_\\1384E684&0""},{""Status"":""OK"",""Class"":""USB"",""FriendlyName"":""Sony USB HiFD Drive"",""InstanceId"":""USB\\VID_054C&PID_0022\\1384E684""}]}",absent,absent,25.5,21.0,List of devices attached,
2026-09-28T12:07:53.882+00:00,2026-09-28T12:07:53.945+00:00,1056.402,present,3097.1,"{""state"":""present"",""devices"":[{""Status"":""OK"",""Class"":""WPD"",""FriendlyName"":""THYME_DIAG"",""InstanceId"":""SWD\\WPDBUSENUM\\_??_USBSTOR#DISK&VEN_SONY_MIC&PROD_ROVAULT&REV_#1384E684&0#{53F56307-B6BF-11D0-94F2-00A0C91EFB8B}""},{""Status"":""OK"",""Class"":""Volume"",""FriendlyName"":""Volume"",""InstanceId"":""STORAGE\\VOLUME\\_??_USBSTOR#DISK&VEN_SONY_MIC&PROD_ROVAULT&REV_#1384E684&0#{53F56307-B6BF-11D0-94F2-00A0C91EFB8B}""},{""Status"":""OK"",""Class"":""DiskDrive"",""FriendlyName"":""Sony Mic roVault USB Device"",""InstanceId"":""USBSTOR\\DISK&VEN_SONY_MIC&PROD_ROVAULT&REV_\\1384E684&0""},{""Status"":""OK"",""Class"":""USB"",""FriendlyName"":""Sony USB HiFD Drive"",""InstanceId"":""USB\\VID_054C&PID_0022\\1384E684""}]}",absent,absent,40.1,22.9,List of devices attached | emulator-5568          offline transport_id:1994,
2026-09-28T12:07:54.882+00:00,2026-09-28T12:07:54.944+00:00,1057.400,present,3390.6,"{""state"":""present"",""devices"":[{""Status"":""OK"",""Class"":""WPD"",""FriendlyName"":""THYME_DIAG"",""InstanceId"":""SWD\\WPDBUSENUM\\_??_USBSTOR#DISK&VEN_SONY_MIC&PROD_ROVAULT&REV_#1384E684&0#{53F56307-B6BF-11D0-94F2-00A0C91EFB8B}""},{""Status"":""OK"",""Class"":""Volume"",""FriendlyName"":""Volume"",""InstanceId"":""STORAGE\\VOLUME\\_??_USBSTOR#DISK&VEN_SONY_MIC&PROD_ROVAULT&REV_#1384E684&0#{53F56307-B6BF-11D0-94F2-00A0C91EFB8B}""},{""Status"":""OK"",""Class"":""DiskDrive"",""FriendlyName"":""Sony Mic roVault USB Device"",""InstanceId"":""USBSTOR\\DISK&VEN_SONY_MIC&PROD_ROVAULT&REV_\\1384E684&0""},{""Status"":""OK"",""Class"":""USB"",""FriendlyName"":""Sony USB HiFD Drive"",""InstanceId"":""USB\\VID_054C&PID_0022\\1384E684""}]}",absent,absent,36.6,24.5,List of devices attached,
2026-09-28T12:07:55.883+00:00,2026-09-28T12:07:55.930+00:00,1058.387,present,3390.6,"{""state"":""present"",""devices"":[{""Status"":""OK"",""Class"":""WPD"",""FriendlyName"":""THYME_DIAG"",""InstanceId"":""SWD\\WPDBUSENUM\\_??_USBSTOR#DISK&VEN_SONY_MIC&PROD_ROVAULT&REV_#1384E684&0#{53F56307-B6BF-11D0-94F2-00A0C91EFB8B}""},{""Status"":""OK"",""Class"":""Volume"",""FriendlyName"":""Volume"",""InstanceId"":""STORAGE\\VOLUME\\_??_USBSTOR#DISK&VEN_SONY_MIC&PROD_ROVAULT&REV_#1384E684&0#{53F56307-B6BF-11D0-94F2-00A0C91EFB8B}""},{""Status"":""OK"",""Class"":""DiskDrive"",""FriendlyName"":""Sony Mic roVault USB Device"",""InstanceId"":""USBSTOR\\DISK&VEN_SONY_MIC&PROD_ROVAULT&REV_\\1384E684&0""},{""Status"":""OK"",""Class"":""USB"",""FriendlyName"":""Sony USB HiFD Drive"",""InstanceId"":""USB\\VID_054C&PID_0022\\1384E684""}]}",absent,absent,26.1,21.4,List of devices attached,
2026-09-28T12:07:56.883+00:00,2026-09-28T12:07:56.930+00:00,1059.386,present,3390.6,"{""state"":""present"",""devices"":[{""Status"":""OK"",""Class"":""WPD"",""FriendlyName"":""THYME_DIAG"",""InstanceId"":""SWD\\WPDBUSENUM\\_??_USBSTOR#DISK&VEN_SONY_MIC&PROD_ROVAULT&REV_#1384E684&0#{53F56307-B6BF-11D0-94F2-00A0C91EFB8B}""},{""Status"":""OK"",""Class"":""Volume"",""FriendlyName"":""Volume"",""InstanceId"":""STORAGE\\VOLUME\\_??_USBSTOR#DISK&VEN_SONY_MIC&PROD_ROVAULT&REV_#1384E684&0#{53F56307-B6BF-11D0-94F2-00A0C91EFB8B}""},{""Status"":""OK"",""Class"":""DiskDrive"",""FriendlyName"":""Sony Mic roVault USB Device"",""InstanceId"":""USBSTOR\\DISK&VEN_SONY_MIC&PROD_ROVAULT&REV_\\1384E684&0""},{""Status"":""OK"",""Class"":""USB"",""FriendlyName"":""Sony USB HiFD Drive"",""InstanceId"":""USB\\VID_054C&PID_0022\\1384E684""}]}",absent,absent,26.1,20.5,List of devices attached,
2026-09-28T12:07:57.884+00:00,2026-09-28T12:07:57.940+00:00,1060.396,present,3390.6,"{""state"":""present"",""devices"":[{""Status"":""OK"",""Class"":""WPD"",""FriendlyName"":""THYME_DIAG"",""InstanceId"":""SWD\\WPDBUSENUM\\_??_USBSTOR#DISK&VEN_SONY_MIC&PROD_ROVAULT&REV_#1384E684&0#{53F56307-B6BF-11D0-94F2-00A0C91EFB8B}""},{""Status"":""OK"",""Class"":""Volume"",""FriendlyName"":""Volume"",""InstanceId"":""STORAGE\\VOLUME\\_??_USBSTOR#DISK&VEN_SONY_MIC&PROD_ROVAULT&REV_#1384E684&0#{53F56307-B6BF-11D0-94F2-00A0C91EFB8B}""},{""Status"":""OK"",""Class"":""DiskDrive"",""FriendlyName"":""Sony Mic roVault USB Device"",""InstanceId"":""USBSTOR\\DISK&VEN_SONY_MIC&PROD_ROVAULT&REV_\\1384E684&0""},{""Status"":""OK"",""Class"":""USB"",""FriendlyName"":""Sony USB HiFD Drive"",""InstanceId"":""USB\\VID_054C&PID_0022\\1384E684""}]}",absent,absent,26.0,29.9,List of devices attached,
2026-09-28T12:07:58.884+00:00,2026-09-28T12:07:58.930+00:00,1061.386,present,3529.1,"{""state"":""present"",""devices"":[{""Status"":""OK"",""Class"":""WPD"",""FriendlyName"":""THYME_DIAG"",""InstanceId"":""SWD\\WPDBUSENUM\\_??_USBSTOR#DISK&VEN_SONY_MIC&PROD_ROVAULT&REV_#1384E684&0#{53F56307-B6BF-11D0-94F2-00A0C91EFB8B}""},{""Status"":""OK"",""Class"":""Volume"",""FriendlyName"":""Volume"",""InstanceId"":""STORAGE\\VOLUME\\_??_USBSTOR#DISK&VEN_SONY_MIC&PROD_ROVAULT&REV_#1384E684&0#{53F56307-B6BF-11D0-94F2-00A0C91EFB8B}""},{""Status"":""OK"",""Class"":""DiskDrive"",""FriendlyName"":""Sony Mic roVault USB Device"",""InstanceId"":""USBSTOR\\DISK&VEN_SONY_MIC&PROD_ROVAULT&REV_\\1384E684&0""},{""Status"":""OK"",""Class"":""USB"",""FriendlyName"":""Sony USB HiFD Drive"",""InstanceId"":""USB\\VID_054C&PID_0022\\1384E684""}]}",absent,absent,25.3,20.6,List of devices attached | emulator-5568          offline transport_id:1998,
2026-09-28T12:07:59.884+00:00,2026-09-28T12:07:59.937+00:00,1062.394,present,3529.1,"{""state"":""present"",""devices"":[{""Status"":""OK"",""Class"":""WPD"",""FriendlyName"":""THYME_DIAG"",""InstanceId"":""SWD\\WPDBUSENUM\\_??_USBSTOR#DISK&VEN_SONY_MIC&PROD_ROVAULT&REV_#1384E684&0#{53F56307-B6BF-11D0-94F2-00A0C91EFB8B}""},{""Status"":""OK"",""Class"":""Volume"",""FriendlyName"":""Volume"",""InstanceId"":""STORAGE\\VOLUME\\_??_USBSTOR#DISK&VEN_SONY_MIC&PROD_ROVAULT&REV_#1384E684&0#{53F56307-B6BF-11D0-94F2-00A0C91EFB8B}""},{""Status"":""OK"",""Class"":""DiskDrive"",""FriendlyName"":""Sony Mic roVault USB Device"",""InstanceId"":""USBSTOR\\DISK&VEN_SONY_MIC&PROD_ROVAULT&REV_\\1384E684&0""},{""Status"":""OK"",""Class"":""USB"",""FriendlyName"":""Sony USB HiFD Drive"",""InstanceId"":""USB\\VID_054C&PID_0022\\1384E684""}]}",absent,absent,33.4,20.2,List of devices attached,
2026-09-28T12:08:00.884+00:00,2026-09-28T12:08:00.929+00:00,1063.386,present,3529.1,"{""state"":""present"",""devices"":[{""Status"":""OK"",""Class"":""WPD"",""FriendlyName"":""THYME_DIAG"",""InstanceId"":""SWD\\WPDBUSENUM\\_??_USBSTOR#DISK&VEN_SONY_MIC&PROD_ROVAULT&REV_#1384E684&0#{53F56307-B6BF-11D0-94F2-00A0C91EFB8B}""},{""Status"":""OK"",""Class"":""Volume"",""FriendlyName"":""Volume"",""InstanceId"":""STORAGE\\VOLUME\\_??_USBSTOR#DISK&VEN_SONY_MIC&PROD_ROVAULT&REV_#1384E684&0#{53F56307-B6BF-11D0-94F2-00A0C91EFB8B}""},{""Status"":""OK"",""Class"":""DiskDrive"",""FriendlyName"":""Sony Mic roVault USB Device"",""InstanceId"":""USBSTOR\\DISK&VEN_SONY_MIC&PROD_ROVAULT&REV_\\1384E684&0""},{""Status"":""OK"",""Class"":""USB"",""FriendlyName"":""Sony USB HiFD Drive"",""InstanceId"":""USB\\VID_054C&PID_0022\\1384E684""}]}",absent,absent,24.9,20.1,List of devices attached,
2026-09-28T12:08:01.884+00:00,2026-09-28T12:08:01.931+00:00,1064.387,present,3529.1,"{""state"":""present"",""devices"":[{""Status"":""OK"",""Class"":""WPD"",""FriendlyName"":""THYME_DIAG"",""InstanceId"":""SWD\\WPDBUSENUM\\_??_USBSTOR#DISK&VEN_SONY_MIC&PROD_ROVAULT&REV_#1384E684&0#{53F56307-B6BF-11D0-94F2-00A0C91EFB8B}""},{""Status"":""OK"",""Class"":""Volume"",""FriendlyName"":""Volume"",""InstanceId"":""STORAGE\\VOLUME\\_??_USBSTOR#DISK&VEN_SONY_MIC&PROD_ROVAULT&REV_#1384E684&0#{53F56307-B6BF-11D0-94F2-00A0C91EFB8B}""},{""Status"":""OK"",""Class"":""DiskDrive"",""FriendlyName"":""Sony Mic roVault USB Device"",""InstanceId"":""USBSTOR\\DISK&VEN_SONY_MIC&PROD_ROVAULT&REV_\\1384E684&0""},{""Status"":""OK"",""Class"":""USB"",""FriendlyName"":""Sony USB HiFD Drive"",""InstanceId"":""USB\\VID_054C&PID_0022\\1384E684""}]}",absent,absent,25.8,20.4,List of devices attached,
2026-09-28T12:08:02.885+00:00,2026-09-28T12:08:02.939+00:00,1065.396,present,3092.4,"{""state"":""present"",""devices"":[{""Status"":""OK"",""Class"":""WPD"",""FriendlyName"":""THYME_DIAG"",""InstanceId"":""SWD\\WPDBUSENUM\\_??_USBSTOR#DISK&VEN_SONY_MIC&PROD_ROVAULT&REV_#1384E684&0#{53F56307-B6BF-11D0-94F2-00A0C91EFB8B}""},{""Status"":""OK"",""Class"":""Volume"",""FriendlyName"":""Volume"",""InstanceId"":""STORAGE\\VOLUME\\_??_USBSTOR#DISK&VEN_SONY_MIC&PROD_ROVAULT&REV_#1384E684&0#{53F56307-B6BF-11D0-94F2-00A0C91EFB8B}""},{""Status"":""OK"",""Class"":""DiskDrive"",""FriendlyName"":""Sony Mic roVault USB Device"",""InstanceId"":""USBSTOR\\DISK&VEN_SONY_MIC&PROD_ROVAULT&REV_\\1384E684&0""},{""Status"":""OK"",""Class"":""USB"",""FriendlyName"":""Sony USB HiFD Drive"",""InstanceId"":""USB\\VID_054C&PID_0022\\1384E684""}]}",absent,absent,32.9,21.4,List of devices attached,
2026-09-28T12:08:03.885+00:00,2026-09-28T12:08:03.954+00:00,1066.410,present,3092.4,"{""state"":""present"",""devices"":[{""Status"":""OK"",""Class"":""WPD"",""FriendlyName"":""THYME_DIAG"",""InstanceId"":""SWD\\WPDBUSENUM\\_??_USBSTOR#DISK&VEN_SONY_MIC&PROD_ROVAULT&REV_#1384E684&0#{53F56307-B6BF-11D0-94F2-00A0C91EFB8B}""},{""Status"":""OK"",""Class"":""Volume"",""FriendlyName"":""Volume"",""InstanceId"":""STORAGE\\VOLUME\\_??_USBSTOR#DISK&VEN_SONY_MIC&PROD_ROVAULT&REV_#1384E684&0#{53F56307-B6BF-11D0-94F2-00A0C91EFB8B}""},{""Status"":""OK"",""Class"":""DiskDrive"",""FriendlyName"":""Sony Mic roVault USB Device"",""InstanceId"":""USBSTOR\\DISK&VEN_SONY_MIC&PROD_ROVAULT&REV_\\1384E684&0""},{""Status"":""OK"",""Class"":""USB"",""FriendlyName"":""Sony USB HiFD Drive"",""InstanceId"":""USB\\VID_054C&PID_0022\\1384E684""}]}",absent,absent,47.7,20.6,List of devices attached | emulator-5568          offline transport_id:2002,
2026-09-28T12:08:04.886+00:00,2026-09-28T12:08:04.936+00:00,1067.393,present,3092.4,"{""state"":""present"",""devices"":[{""Status"":""OK"",""Class"":""WPD"",""FriendlyName"":""THYME_DIAG"",""InstanceId"":""SWD\\WPDBUSENUM\\_??_USBSTOR#DISK&VEN_SONY_MIC&PROD_ROVAULT&REV_#1384E684&0#{53F56307-B6BF-11D0-94F2-00A0C91EFB8B}""},{""Status"":""OK"",""Class"":""Volume"",""FriendlyName"":""Volume"",""InstanceId"":""STORAGE\\VOLUME\\_??_USBSTOR#DISK&VEN_SONY_MIC&PROD_ROVAULT&REV_#1384E684&0#{53F56307-B6BF-11D0-94F2-00A0C91EFB8B}""},{""Status"":""OK"",""Class"":""DiskDrive"",""FriendlyName"":""Sony Mic roVault USB Device"",""InstanceId"":""USBSTOR\\DISK&VEN_SONY_MIC&PROD_ROVAULT&REV_\\1384E684&0""},{""Status"":""OK"",""Class"":""USB"",""FriendlyName"":""Sony USB HiFD Drive"",""InstanceId"":""USB\\VID_054C&PID_0022\\1384E684""}]}",absent,absent,28.0,22.5,List of devices attached,
2026-09-28T12:08:05.886+00:00,2026-09-28T12:08:05.941+00:00,1068.397,present,3092.4,"{""state"":""present"",""devices"":[{""Status"":""OK"",""Class"":""WPD"",""FriendlyName"":""THYME_DIAG"",""InstanceId"":""SWD\\WPDBUSENUM\\_??_USBSTOR#DISK&VEN_SONY_MIC&PROD_ROVAULT&REV_#1384E684&0#{53F56307-B6BF-11D0-94F2-00A0C91EFB8B}""},{""Status"":""OK"",""Class"":""Volume"",""FriendlyName"":""Volume"",""InstanceId"":""STORAGE\\VOLUME\\_??_USBSTOR#DISK&VEN_SONY_MIC&PROD_ROVAULT&REV_#1384E684&0#{53F56307-B6BF-11D0-94F2-00A0C91EFB8B}""},{""Status"":""OK"",""Class"":""DiskDrive"",""FriendlyName"":""Sony Mic roVault USB Device"",""InstanceId"":""USBSTOR\\DISK&VEN_SONY_MIC&PROD_ROVAULT&REV_\\1384E684&0""},{""Status"":""OK"",""Class"":""USB"",""FriendlyName"":""Sony USB HiFD Drive"",""InstanceId"":""USB\\VID_054C&PID_0022\\1384E684""}]}",absent,absent,31.8,22.9,List of devices attached,
2026-09-28T12:08:06.886+00:00,2026-09-28T12:08:06.932+00:00,1069.389,present,3592.9,"{""state"":""present"",""devices"":[{""Status"":""OK"",""Class"":""WPD"",""FriendlyName"":""THYME_DIAG"",""InstanceId"":""SWD\\WPDBUSENUM\\_??_USBSTOR#DISK&VEN_SONY_MIC&PROD_ROVAULT&REV_#1384E684&0#{53F56307-B6BF-11D0-94F2-00A0C91EFB8B}""},{""Status"":""OK"",""Class"":""Volume"",""FriendlyName"":""Volume"",""InstanceId"":""STORAGE\\VOLUME\\_??_USBSTOR#DISK&VEN_SONY_MIC&PROD_ROVAULT&REV_#1384E684&0#{53F56307-B6BF-11D0-94F2-00A0C91EFB8B}""},{""Status"":""OK"",""Class"":""DiskDrive"",""FriendlyName"":""Sony Mic roVault USB Device"",""InstanceId"":""USBSTOR\\DISK&VEN_SONY_MIC&PROD_ROVAULT&REV_\\1384E684&0""},{""Status"":""OK"",""Class"":""USB"",""FriendlyName"":""Sony USB HiFD Drive"",""InstanceId"":""USB\\VID_054C&PID_0022\\1384E684""}]}",absent,absent,24.1,22.1,List of devices attached,
2026-09-28T12:08:07.887+00:00,2026-09-28T12:08:07.950+00:00,1070.407,present,3592.9,"{""state"":""present"",""devices"":[{""Status"":""OK"",""Class"":""WPD"",""FriendlyName"":""THYME_DIAG"",""InstanceId"":""SWD\\WPDBUSENUM\\_??_USBSTOR#DISK&VEN_SONY_MIC&PROD_ROVAULT&REV_#1384E684&0#{53F56307-B6BF-11D0-94F2-00A0C91EFB8B}""},{""Status"":""OK"",""Class"":""Volume"",""FriendlyName"":""Volume"",""InstanceId"":""STORAGE\\VOLUME\\_??_USBSTOR#DISK&VEN_SONY_MIC&PROD_ROVAULT&REV_#1384E684&0#{53F56307-B6BF-11D0-94F2-00A0C91EFB8B}""},{""Status"":""OK"",""Class"":""DiskDrive"",""FriendlyName"":""Sony Mic roVault USB Device"",""InstanceId"":""USBSTOR\\DISK&VEN_SONY_MIC&PROD_ROVAULT&REV_\\1384E684&0""},{""Status"":""OK"",""Class"":""USB"",""FriendlyName"":""Sony USB HiFD Drive"",""InstanceId"":""USB\\VID_054C&PID_0022\\1384E684""}]}",absent,absent,40.6,22.8,List of devices attached | emulator-5568          offline transport_id:2005,
2026-09-28T12:08:08.887+00:00,2026-09-28T12:08:08.933+00:00,1071.390,present,3592.9,"{""state"":""present"",""devices"":[{""Status"":""OK"",""Class"":""WPD"",""FriendlyName"":""THYME_DIAG"",""InstanceId"":""SWD\\WPDBUSENUM\\_??_USBSTOR#DISK&VEN_SONY_MIC&PROD_ROVAULT&REV_#1384E684&0#{53F56307-B6BF-11D0-94F2-00A0C91EFB8B}""},{""Status"":""OK"",""Class"":""Volume"",""FriendlyName"":""Volume"",""InstanceId"":""STORAGE\\VOLUME\\_??_USBSTOR#DISK&VEN_SONY_MIC&PROD_ROVAULT&REV_#1384E684&0#{53F56307-B6BF-11D0-94F2-00A0C91EFB8B}""},{""Status"":""OK"",""Class"":""DiskDrive"",""FriendlyName"":""Sony Mic roVault USB Device"",""InstanceId"":""USBSTOR\\DISK&VEN_SONY_MIC&PROD_ROVAULT&REV_\\1384E684&0""},{""Status"":""OK"",""Class"":""USB"",""FriendlyName"":""Sony USB HiFD Drive"",""InstanceId"":""USB\\VID_054C&PID_0022\\1384E684""}]}",absent,absent,24.5,21.7,List of devices attached,
2026-09-28T12:08:09.887+00:00,2026-09-28T12:08:09.933+00:00,1072.390,present,3592.9,"{""state"":""present"",""devices"":[{""Status"":""OK"",""Class"":""WPD"",""FriendlyName"":""THYME_DIAG"",""InstanceId"":""SWD\\WPDBUSENUM\\_??_USBSTOR#DISK&VEN_SONY_MIC&PROD_ROVAULT&REV_#1384E684&0#{53F56307-B6BF-11D0-94F2-00A0C91EFB8B}""},{""Status"":""OK"",""Class"":""Volume"",""FriendlyName"":""Volume"",""InstanceId"":""STORAGE\\VOLUME\\_??_USBSTOR#DISK&VEN_SONY_MIC&PROD_ROVAULT&REV_#1384E684&0#{53F56307-B6BF-11D0-94F2-00A0C91EFB8B}""},{""Status"":""OK"",""Class"":""DiskDrive"",""FriendlyName"":""Sony Mic roVault USB Device"",""InstanceId"":""USBSTOR\\DISK&VEN_SONY_MIC&PROD_ROVAULT&REV_\\1384E684&0""},{""Status"":""OK"",""Class"":""USB"",""FriendlyName"":""Sony USB HiFD Drive"",""InstanceId"":""USB\\VID_054C&PID_0022\\1384E684""}]}",absent,absent,25.0,21.1,List of devices attached,
2026-09-28T12:08:10.887+00:00,2026-09-28T12:08:10.943+00:00,1073.400,present,3197.2,"{""state"":""present"",""devices"":[{""Status"":""OK"",""Class"":""WPD"",""FriendlyName"":""THYME_DIAG"",""InstanceId"":""SWD\\WPDBUSENUM\\_??_USBSTOR#DISK&VEN_SONY_MIC&PROD_ROVAULT&REV_#1384E684&0#{53F56307-B6BF-11D0-94F2-00A0C91EFB8B}""},{""Status"":""OK"",""Class"":""Volume"",""FriendlyName"":""Volume"",""InstanceId"":""STORAGE\\VOLUME\\_??_USBSTOR#DISK&VEN_SONY_MIC&PROD_ROVAULT&REV_#1384E684&0#{53F56307-B6BF-11D0-94F2-00A0C91EFB8B}""},{""Status"":""OK"",""Class"":""DiskDrive"",""FriendlyName"":""Sony Mic roVault USB Device"",""InstanceId"":""USBSTOR\\DISK&VEN_SONY_MIC&PROD_ROVAULT&REV_\\1384E684&0""},{""Status"":""OK"",""Class"":""USB"",""FriendlyName"":""Sony USB HiFD Drive"",""InstanceId"":""USB\\VID_054C&PID_0022\\1384E684""}]}",absent,absent,32.9,22.8,List of devices attached,
2026-09-28T12:08:11.888+00:00,2026-09-28T12:08:11.933+00:00,1074.390,present,3197.2,"{""state"":""present"",""devices"":[{""Status"":""OK"",""Class"":""WPD"",""FriendlyName"":""THYME_DIAG"",""InstanceId"":""SWD\\WPDBUSENUM\\_??_USBSTOR#DISK&VEN_SONY_MIC&PROD_ROVAULT&REV_#1384E684&0#{53F56307-B6BF-11D0-94F2-00A0C91EFB8B}""},{""Status"":""OK"",""Class"":""Volume"",""FriendlyName"":""Volume"",""InstanceId"":""STORAGE\\VOLUME\\_??_USBSTOR#DISK&VEN_SONY_MIC&PROD_ROVAULT&REV_#1384E684&0#{53F56307-B6BF-11D0-94F2-00A0C91EFB8B}""},{""Status"":""OK"",""Class"":""DiskDrive"",""FriendlyName"":""Sony Mic roVault USB Device"",""InstanceId"":""USBSTOR\\DISK&VEN_SONY_MIC&PROD_ROVAULT&REV_\\1384E684&0""},{""Status"":""OK"",""Class"":""USB"",""FriendlyName"":""Sony USB HiFD Drive"",""InstanceId"":""USB\\VID_054C&PID_0022\\1384E684""}]}",absent,absent,24.7,21.1,List of devices attached,
2026-09-28T12:08:12.888+00:00,2026-09-28T12:08:12.938+00:00,1075.395,present,3197.2,"{""state"":""present"",""devices"":[{""Status"":""OK"",""Class"":""WPD"",""FriendlyName"":""THYME_DIAG"",""InstanceId"":""SWD\\WPDBUSENUM\\_??_USBSTOR#DISK&VEN_SONY_MIC&PROD_ROVAULT&REV_#1384E684&0#{53F56307-B6BF-11D0-94F2-00A0C91EFB8B}""},{""Status"":""OK"",""Class"":""Volume"",""FriendlyName"":""Volume"",""InstanceId"":""STORAGE\\VOLUME\\_??_USBSTOR#DISK&VEN_SONY_MIC&PROD_ROVAULT&REV_#1384E684&0#{53F56307-B6BF-11D0-94F2-00A0C91EFB8B}""},{""Status"":""OK"",""Class"":""DiskDrive"",""FriendlyName"":""Sony Mic roVault USB Device"",""InstanceId"":""USBSTOR\\DISK&VEN_SONY_MIC&PROD_ROVAULT&REV_\\1384E684&0""},{""Status"":""OK"",""Class"":""USB"",""FriendlyName"":""Sony USB HiFD Drive"",""InstanceId"":""USB\\VID_054C&PID_0022\\1384E684""}]}",absent,absent,28.5,21.6,List of devices attached | emulator-5568          offline transport_id:2009,
2026-09-28T12:08:13.888+00:00,2026-09-28T12:08:13.934+00:00,1076.390,present,3197.2,"{""state"":""present"",""devices"":[{""Status"":""OK"",""Class"":""WPD"",""FriendlyName"":""THYME_DIAG"",""InstanceId"":""SWD\\WPDBUSENUM\\_??_USBSTOR#DISK&VEN_SONY_MIC&PROD_ROVAULT&REV_#1384E684&0#{53F56307-B6BF-11D0-94F2-00A0C91EFB8B}""},{""Status"":""OK"",""Class"":""Volume"",""FriendlyName"":""Volume"",""InstanceId"":""STORAGE\\VOLUME\\_??_USBSTOR#DISK&VEN_SONY_MIC&PROD_ROVAULT&REV_#1384E684&0#{53F56307-B6BF-11D0-94F2-00A0C91EFB8B}""},{""Status"":""OK"",""Class"":""DiskDrive"",""FriendlyName"":""Sony Mic roVault USB Device"",""InstanceId"":""USBSTOR\\DISK&VEN_SONY_MIC&PROD_ROVAULT&REV_\\1384E684&0""},{""Status"":""OK"",""Class"":""USB"",""FriendlyName"":""Sony USB HiFD Drive"",""InstanceId"":""USB\\VID_054C&PID_0022\\1384E684""}]}",absent,absent,24.3,20.9,List of devices attached,
2026-09-28T12:08:14.889+00:00,2026-09-28T12:08:14.935+00:00,1077.392,present,3102.7,"{""state"":""present"",""devices"":[{""Status"":""OK"",""Class"":""WPD"",""FriendlyName"":""THYME_DIAG"",""InstanceId"":""SWD\\WPDBUSENUM\\_??_USBSTOR#DISK&VEN_SONY_MIC&PROD_ROVAULT&REV_#1384E684&0#{53F56307-B6BF-11D0-94F2-00A0C91EFB8B}""},{""Status"":""OK"",""Class"":""Volume"",""FriendlyName"":""Volume"",""InstanceId"":""STORAGE\\VOLUME\\_??_USBSTOR#DISK&VEN_SONY_MIC&PROD_ROVAULT&REV_#1384E684&0#{53F56307-B6BF-11D0-94F2-00A0C91EFB8B}""},{""Status"":""OK"",""Class"":""DiskDrive"",""FriendlyName"":""Sony Mic roVault USB Device"",""InstanceId"":""USBSTOR\\DISK&VEN_SONY_MIC&PROD_ROVAULT&REV_\\1384E684&0""},{""Status"":""OK"",""Class"":""USB"",""FriendlyName"":""Sony USB HiFD Drive"",""InstanceId"":""USB\\VID_054C&PID_0022\\1384E684""}]}",absent,absent,24.8,21.7,List of devices attached,
2026-09-28T12:08:15.889+00:00,2026-09-28T12:08:15.936+00:00,1078.393,present,3102.7,"{""state"":""present"",""devices"":[{""Status"":""OK"",""Class"":""WPD"",""FriendlyName"":""THYME_DIAG"",""InstanceId"":""SWD\\WPDBUSENUM\\_??_USBSTOR#DISK&VEN_SONY_MIC&PROD_ROVAULT&REV_#1384E684&0#{53F56307-B6BF-11D0-94F2-00A0C91EFB8B}""},{""Status"":""OK"",""Class"":""Volume"",""FriendlyName"":""Volume"",""InstanceId"":""STORAGE\\VOLUME\\_??_USBSTOR#DISK&VEN_SONY_MIC&PROD_ROVAULT&REV_#1384E684&0#{53F56307-B6BF-11D0-94F2-00A0C91EFB8B}""},{""Status"":""OK"",""Class"":""DiskDrive"",""FriendlyName"":""Sony Mic roVault USB Device"",""InstanceId"":""USBSTOR\\DISK&VEN_SONY_MIC&PROD_ROVAULT&REV_\\1384E684&0""},{""Status"":""OK"",""Class"":""USB"",""FriendlyName"":""Sony USB HiFD Drive"",""InstanceId"":""USB\\VID_054C&PID_0022\\1384E684""}]}",absent,absent,25.5,21.4,List of devices attached,
2026-09-28T12:08:16.890+00:00,2026-09-28T12:08:16.934+00:00,1079.391,present,3102.7,"{""state"":""present"",""devices"":[{""Status"":""OK"",""Class"":""WPD"",""FriendlyName"":""THYME_DIAG"",""InstanceId"":""SWD\\WPDBUSENUM\\_??_USBSTOR#DISK&VEN_SONY_MIC&PROD_ROVAULT&REV_#1384E684&0#{53F56307-B6BF-11D0-94F2-00A0C91EFB8B}""},{""Status"":""OK"",""Class"":""Volume"",""FriendlyName"":""Volume"",""InstanceId"":""STORAGE\\VOLUME\\_??_USBSTOR#DISK&VEN_SONY_MIC&PROD_ROVAULT&REV_#1384E684&0#{53F56307-B6BF-11D0-94F2-00A0C91EFB8B}""},{""Status"":""OK"",""Class"":""DiskDrive"",""FriendlyName"":""Sony Mic roVault USB Device"",""InstanceId"":""USBSTOR\\DISK&VEN_SONY_MIC&PROD_ROVAULT&REV_\\1384E684&0""},{""Status"":""OK"",""Class"":""USB"",""FriendlyName"":""Sony USB HiFD Drive"",""InstanceId"":""USB\\VID_054C&PID_0022\\1384E684""}]}",absent,absent,23.6,21.0,List of devices attached,
2026-09-28T12:08:17.890+00:00,2026-09-28T12:08:17.956+00:00,1080.412,present,3102.7,"{""state"":""present"",""devices"":[{""Status"":""OK"",""Class"":""WPD"",""FriendlyName"":""THYME_DIAG"",""InstanceId"":""SWD\\WPDBUSENUM\\_??_USBSTOR#DISK&VEN_SONY_MIC&PROD_ROVAULT&REV_#1384E684&0#{53F56307-B6BF-11D0-94F2-00A0C91EFB8B}""},{""Status"":""OK"",""Class"":""Volume"",""FriendlyName"":""Volume"",""InstanceId"":""STORAGE\\VOLUME\\_??_USBSTOR#DISK&VEN_SONY_MIC&PROD_ROVAULT&REV_#1384E684&0#{53F56307-B6BF-11D0-94F2-00A0C91EFB8B}""},{""Status"":""OK"",""Class"":""DiskDrive"",""FriendlyName"":""Sony Mic roVault USB Device"",""InstanceId"":""USBSTOR\\DISK&VEN_SONY_MIC&PROD_ROVAULT&REV_\\1384E684&0""},{""Status"":""OK"",""Class"":""USB"",""FriendlyName"":""Sony USB HiFD Drive"",""InstanceId"":""USB\\VID_054C&PID_0022\\1384E684""}]}",absent,absent,42.4,23.2,List of devices attached | emulator-5568          offline transport_id:2013,
2026-09-28T12:08:18.891+00:00,2026-09-28T12:08:18.941+00:00,1081.398,present,3058.1,"{""state"":""present"",""devices"":[{""Status"":""OK"",""Class"":""WPD"",""FriendlyName"":""THYME_DIAG"",""InstanceId"":""SWD\\WPDBUSENUM\\_??_USBSTOR#DISK&VEN_SONY_MIC&PROD_ROVAULT&REV_#1384E684&0#{53F56307-B6BF-11D0-94F2-00A0C91EFB8B}""},{""Status"":""OK"",""Class"":""Volume"",""FriendlyName"":""Volume"",""InstanceId"":""STORAGE\\VOLUME\\_??_USBSTOR#DISK&VEN_SONY_MIC&PROD_ROVAULT&REV_#1384E684&0#{53F56307-B6BF-11D0-94F2-00A0C91EFB8B}""},{""Status"":""OK"",""Class"":""DiskDrive"",""FriendlyName"":""Sony Mic roVault USB Device"",""InstanceId"":""USBSTOR\\DISK&VEN_SONY_MIC&PROD_ROVAULT&REV_\\1384E684&0""},{""Status"":""OK"",""Class"":""USB"",""FriendlyName"":""Sony USB HiFD Drive"",""InstanceId"":""USB\\VID_054C&PID_0022\\1384E684""}]}",absent,absent,25.3,24.9,List of devices attached,
2026-09-28T12:08:19.891+00:00,2026-09-28T12:08:19.955+00:00,1082.411,present,3058.1,"{""state"":""present"",""devices"":[{""Status"":""OK"",""Class"":""WPD"",""FriendlyName"":""THYME_DIAG"",""InstanceId"":""SWD\\WPDBUSENUM\\_??_USBSTOR#DISK&VEN_SONY_MIC&PROD_ROVAULT&REV_#1384E684&0#{53F56307-B6BF-11D0-94F2-00A0C91EFB8B}""},{""Status"":""OK"",""Class"":""Volume"",""FriendlyName"":""Volume"",""InstanceId"":""STORAGE\\VOLUME\\_??_USBSTOR#DISK&VEN_SONY_MIC&PROD_ROVAULT&REV_#1384E684&0#{53F56307-B6BF-11D0-94F2-00A0C91EFB8B}""},{""Status"":""OK"",""Class"":""DiskDrive"",""FriendlyName"":""Sony Mic roVault USB Device"",""InstanceId"":""USBSTOR\\DISK&VEN_SONY_MIC&PROD_ROVAULT&REV_\\1384E684&0""},{""Status"":""OK"",""Class"":""USB"",""FriendlyName"":""Sony USB HiFD Drive"",""InstanceId"":""USB\\VID_054C&PID_0022\\1384E684""}]}",absent,absent,41.3,22.3,List of devices attached,
2026-09-28T12:08:20.891+00:00,2026-09-28T12:08:20.938+00:00,1083.394,present,3058.1,"{""state"":""present"",""devices"":[{""Status"":""OK"",""Class"":""WPD"",""FriendlyName"":""THYME_DIAG"",""InstanceId"":""SWD\\WPDBUSENUM\\_??_USBSTOR#DISK&VEN_SONY_MIC&PROD_ROVAULT&REV_#1384E684&0#{53F56307-B6BF-11D0-94F2-00A0C91EFB8B}""},{""Status"":""OK"",""Class"":""Volume"",""FriendlyName"":""Volume"",""InstanceId"":""STORAGE\\VOLUME\\_??_USBSTOR#DISK&VEN_SONY_MIC&PROD_ROVAULT&REV_#1384E684&0#{53F56307-B6BF-11D0-94F2-00A0C91EFB8B}""},{""Status"":""OK"",""Class"":""DiskDrive"",""FriendlyName"":""Sony Mic roVault USB Device"",""InstanceId"":""USBSTOR\\DISK&VEN_SONY_MIC&PROD_ROVAULT&REV_\\1384E684&0""},{""Status"":""OK"",""Class"":""USB"",""FriendlyName"":""Sony USB HiFD Drive"",""InstanceId"":""USB\\VID_054C&PID_0022\\1384E684""}]}",absent,absent,24.9,21.7,List of devices attached,
2026-09-28T12:08:21.892+00:00,2026-09-28T12:08:21.939+00:00,1084.396,present,3058.1,"{""state"":""present"",""devices"":[{""Status"":""OK"",""Class"":""WPD"",""FriendlyName"":""THYME_DIAG"",""InstanceId"":""SWD\\WPDBUSENUM\\_??_USBSTOR#DISK&VEN_SONY_MIC&PROD_ROVAULT&REV_#1384E684&0#{53F56307-B6BF-11D0-94F2-00A0C91EFB8B}""},{""Status"":""OK"",""Class"":""Volume"",""FriendlyName"":""Volume"",""InstanceId"":""STORAGE\\VOLUME\\_??_USBSTOR#DISK&VEN_SONY_MIC&PROD_ROVAULT&REV_#1384E684&0#{53F56307-B6BF-11D0-94F2-00A0C91EFB8B}""},{""Status"":""OK"",""Class"":""DiskDrive"",""FriendlyName"":""Sony Mic roVault USB Device"",""InstanceId"":""USBSTOR\\DISK&VEN_SONY_MIC&PROD_ROVAULT&REV_\\1384E684&0""},{""Status"":""OK"",""Class"":""USB"",""FriendlyName"":""Sony USB HiFD Drive"",""InstanceId"":""USB\\VID_054C&PID_0022\\1384E684""}]}",absent,absent,25.4,22.4,List of devices attached | emulator-5568          offline transport_id:2016,
2026-09-28T12:08:22.892+00:00,2026-09-28T12:08:22.941+00:00,1085.398,present,3125.5,"{""state"":""present"",""devices"":[{""Status"":""OK"",""Class"":""WPD"",""FriendlyName"":""THYME_DIAG"",""InstanceId"":""SWD\\WPDBUSENUM\\_??_USBSTOR#DISK&VEN_SONY_MIC&PROD_ROVAULT&REV_#1384E684&0#{53F56307-B6BF-11D0-94F2-00A0C91EFB8B}""},{""Status"":""OK"",""Class"":""Volume"",""FriendlyName"":""Volume"",""InstanceId"":""STORAGE\\VOLUME\\_??_USBSTOR#DISK&VEN_SONY_MIC&PROD_ROVAULT&REV_#1384E684&0#{53F56307-B6BF-11D0-94F2-00A0C91EFB8B}""},{""Status"":""OK"",""Class"":""DiskDrive"",""FriendlyName"":""Sony Mic roVault USB Device"",""InstanceId"":""USBSTOR\\DISK&VEN_SONY_MIC&PROD_ROVAULT&REV_\\1384E684&0""},{""Status"":""OK"",""Class"":""USB"",""FriendlyName"":""Sony USB HiFD Drive"",""InstanceId"":""USB\\VID_054C&PID_0022\\1384E684""}]}",absent,absent,26.9,22.1,List of devices attached,
2026-09-28T12:08:23.892+00:00,2026-09-28T12:08:23.949+00:00,1086.406,present,3125.5,"{""state"":""present"",""devices"":[{""Status"":""OK"",""Class"":""WPD"",""FriendlyName"":""THYME_DIAG"",""InstanceId"":""SWD\\WPDBUSENUM\\_??_USBSTOR#DISK&VEN_SONY_MIC&PROD_ROVAULT&REV_#1384E684&0#{53F56307-B6BF-11D0-94F2-00A0C91EFB8B}""},{""Status"":""OK"",""Class"":""Volume"",""FriendlyName"":""Volume"",""InstanceId"":""STORAGE\\VOLUME\\_??_USBSTOR#DISK&VEN_SONY_MIC&PROD_ROVAULT&REV_#1384E684&0#{53F56307-B6BF-11D0-94F2-00A0C91EFB8B}""},{""Status"":""OK"",""Class"":""DiskDrive"",""FriendlyName"":""Sony Mic roVault USB Device"",""InstanceId"":""USBSTOR\\DISK&VEN_SONY_MIC&PROD_ROVAULT&REV_\\1384E684&0""},{""Status"":""OK"",""Class"":""USB"",""FriendlyName"":""Sony USB HiFD Drive"",""InstanceId"":""USB\\VID_054C&PID_0022\\1384E684""}]}",absent,absent,34.2,23.1,List of devices attached,
2026-09-28T12:08:24.892+00:00,2026-09-28T12:08:24.939+00:00,1087.396,present,3125.5,"{""state"":""present"",""devices"":[{""Status"":""OK"",""Class"":""WPD"",""FriendlyName"":""THYME_DIAG"",""InstanceId"":""SWD\\WPDBUSENUM\\_??_USBSTOR#DISK&VEN_SONY_MIC&PROD_ROVAULT&REV_#1384E684&0#{53F56307-B6BF-11D0-94F2-00A0C91EFB8B}""},{""Status"":""OK"",""Class"":""Volume"",""FriendlyName"":""Volume"",""InstanceId"":""STORAGE\\VOLUME\\_??_USBSTOR#DISK&VEN_SONY_MIC&PROD_ROVAULT&REV_#1384E684&0#{53F56307-B6BF-11D0-94F2-00A0C91EFB8B}""},{""Status"":""OK"",""Class"":""DiskDrive"",""FriendlyName"":""Sony Mic roVault USB Device"",""InstanceId"":""USBSTOR\\DISK&VEN_SONY_MIC&PROD_ROVAULT&REV_\\1384E684&0""},{""Status"":""OK"",""Class"":""USB"",""FriendlyName"":""Sony USB HiFD Drive"",""InstanceId"":""USB\\VID_054C&PID_0022\\1384E684""}]}",absent,absent,24.4,22.6,List of devices attached,
2026-09-28T12:08:25.893+00:00,2026-09-28T12:08:25.962+00:00,1088.419,present,3125.5,"{""state"":""present"",""devices"":[{""Status"":""OK"",""Class"":""WPD"",""FriendlyName"":""THYME_DIAG"",""InstanceId"":""SWD\\WPDBUSENUM\\_??_USBSTOR#DISK&VEN_SONY_MIC&PROD_ROVAULT&REV_#1384E684&0#{53F56307-B6BF-11D0-94F2-00A0C91EFB8B}""},{""Status"":""OK"",""Class"":""Volume"",""FriendlyName"":""Volume"",""InstanceId"":""STORAGE\\VOLUME\\_??_USBSTOR#DISK&VEN_SONY_MIC&PROD_ROVAULT&REV_#1384E684&0#{53F56307-B6BF-11D0-94F2-00A0C91EFB8B}""},{""Status"":""OK"",""Class"":""DiskDrive"",""FriendlyName"":""Sony Mic roVault USB Device"",""InstanceId"":""USBSTOR\\DISK&VEN_SONY_MIC&PROD_ROVAULT&REV_\\1384E684&0""},{""Status"":""OK"",""Class"":""USB"",""FriendlyName"":""Sony USB HiFD Drive"",""InstanceId"":""USB\\VID_054C&PID_0022\\1384E684""}]}",absent,absent,33.0,36.7,List of devices attached,
2026-09-28T12:08:26.893+00:00,2026-09-28T12:08:26.945+00:00,1089.401,absent,3157.6,"{""state"":""absent"",""devices"":[]}",absent,fastboot,26.6,25.1,List of devices attached | emulator-5568          offline transport_id:2020,1384e684               fastboot
2026-09-28T12:08:27.893+00:00,2026-09-28T12:08:27.953+00:00,1090.410,absent,3157.6,"{""state"":""absent"",""devices"":[]}",absent,fastboot,24.0,35.6,List of devices attached,1384e684               fastboot
2026-09-28T12:08:28.894+00:00,2026-09-28T12:08:28.943+00:00,1091.399,absent,3157.6,"{""state"":""absent"",""devices"":[]}",absent,fastboot,26.1,23.1,List of devices attached,1384e684               fastboot
2026-09-28T12:08:29.894+00:00,2026-09-28T12:08:29.943+00:00,1092.400,absent,3157.6,"{""state"":""absent"",""devices"":[]}",absent,fastboot,26.7,22.2,List of devices attached,1384e684               fastboot
2026-09-28T12:08:30.894+00:00,2026-09-28T12:08:30.948+00:00,1093.405,present,3238.1,"{""state"":""present"",""devices"":[{""Status"":""OK"",""Class"":""AndroidUsbDeviceClass"",""FriendlyName"":""Android Bootloader Interface"",""InstanceId"":""USB\\VID_18D1&PID_D00D\\1384E684""}]}",absent,fastboot,28.6,24.7,List of devices attached,1384e684               fastboot
2026-09-28T12:08:31.895+00:00,2026-09-28T12:08:31.965+00:00,1094.421,present,3238.1,"{""state"":""present"",""devices"":[{""Status"":""OK"",""Class"":""AndroidUsbDeviceClass"",""FriendlyName"":""Android Bootloader Interface"",""InstanceId"":""USB\\VID_18D1&PID_D00D\\1384E684""}]}",absent,fastboot,25.0,45.2,List of devices attached | emulator-5568          offline transport_id:2024,1384e684               fastboot
2026-09-28T12:08:32.895+00:00,2026-09-28T12:08:32.945+00:00,1095.402,present,3238.1,"{""state"":""present"",""devices"":[{""Status"":""OK"",""Class"":""AndroidUsbDeviceClass"",""FriendlyName"":""Android Bootloader Interface"",""InstanceId"":""USB\\VID_18D1&PID_D00D\\1384E684""}]}",absent,fastboot,26.5,24.1,List of devices attached,1384e684               fastboot
2026-09-28T12:08:33.895+00:00,2026-09-28T12:08:33.943+00:00,1096.400,present,3238.1,"{""state"":""present"",""devices"":[{""Status"":""OK"",""Class"":""AndroidUsbDeviceClass"",""FriendlyName"":""Android Bootloader Interface"",""InstanceId"":""USB\\VID_18D1&PID_D00D\\1384E684""}]}",absent,fastboot,24.2,23.8,List of devices attached,1384e684               fastboot
2026-09-28T12:08:34.896+00:00,2026-09-28T12:08:34.944+00:00,1097.401,present,3296.3,"{""state"":""present"",""devices"":[{""Status"":""OK"",""Class"":""AndroidUsbDeviceClass"",""FriendlyName"":""Android Bootloader Interface"",""InstanceId"":""USB\\VID_18D1&PID_D00D\\1384E684""}]}",absent,fastboot,25.3,23.4,List of devices attached,1384e684               fastboot
2026-09-28T12:08:35.896+00:00,2026-09-28T12:08:35.949+00:00,1098.406,present,3296.3,"{""state"":""present"",""devices"":[{""Status"":""OK"",""Class"":""AndroidUsbDeviceClass"",""FriendlyName"":""Android Bootloader Interface"",""InstanceId"":""USB\\VID_18D1&PID_D00D\\1384E684""}]}",absent,fastboot,27.8,24.9,List of devices attached | emulator-5568          offline transport_id:2027,1384e684               fastboot
2026-09-28T12:08:36.897+00:00,2026-09-28T12:08:36.948+00:00,1099.405,present,3296.3,"{""state"":""present"",""devices"":[{""Status"":""OK"",""Class"":""AndroidUsbDeviceClass"",""FriendlyName"":""Android Bootloader Interface"",""InstanceId"":""USB\\VID_18D1&PID_D00D\\1384E684""}]}",absent,fastboot,27.4,24.4,List of devices attached,1384e684               fastboot
2026-09-28T12:08:37.897+00:00,2026-09-28T12:08:37.946+00:00,1100.403,present,3296.3,"{""state"":""present"",""devices"":[{""Status"":""OK"",""Class"":""AndroidUsbDeviceClass"",""FriendlyName"":""Android Bootloader Interface"",""InstanceId"":""USB\\VID_18D1&PID_D00D\\1384E684""}]}",absent,fastboot,25.1,24.5,List of devices attached,1384e684               fastboot
2026-09-28T12:08:38.897+00:00,2026-09-28T12:08:38.943+00:00,1101.400,present,3231.9,"{""state"":""present"",""devices"":[{""Status"":""OK"",""Class"":""AndroidUsbDeviceClass"",""FriendlyName"":""Android Bootloader Interface"",""InstanceId"":""USB\\VID_18D1&PID_D00D\\1384E684""}]}",absent,fastboot,25.0,21.6,List of devices attached,1384e684               fastboot
2026-09-28T12:08:39.897+00:00,2026-09-28T12:08:39.950+00:00,1102.407,present,3231.9,"{""state"":""present"",""devices"":[{""Status"":""OK"",""Class"":""AndroidUsbDeviceClass"",""FriendlyName"":""Android Bootloader Interface"",""InstanceId"":""USB\\VID_18D1&PID_D00D\\1384E684""}]}",absent,fastboot,28.4,24.2,List of devices attached,1384e684               fastboot
2026-09-28T12:08:40.898+00:00,2026-09-28T12:08:40.958+00:00,1103.414,present,3231.9,"{""state"":""present"",""devices"":[{""Status"":""OK"",""Class"":""AndroidUsbDeviceClass"",""FriendlyName"":""Android Bootloader Interface"",""InstanceId"":""USB\\VID_18D1&PID_D00D\\1384E684""}]}",absent,fastboot,36.4,23.3,List of devices attached | emulator-5568          offline transport_id:2031,1384e684               fastboot
2026-09-28T12:08:41.898+00:00,2026-09-28T12:08:41.964+00:00,1104.420,present,3231.9,"{""state"":""present"",""devices"":[{""Status"":""OK"",""Class"":""AndroidUsbDeviceClass"",""FriendlyName"":""Android Bootloader Interface"",""InstanceId"":""USB\\VID_18D1&PID_D00D\\1384E684""}]}",absent,fastboot,27.0,38.4,List of devices attached,1384e684               fastboot
2026-09-28T12:08:42.898+00:00,2026-09-28T12:08:42.946+00:00,1105.402,present,3450.9,"{""state"":""present"",""devices"":[{""Status"":""OK"",""Class"":""AndroidUsbDeviceClass"",""FriendlyName"":""Android Bootloader Interface"",""InstanceId"":""USB\\VID_18D1&PID_D00D\\1384E684""}]}",absent,fastboot,24.2,23.3,List of devices attached,1384e684               fastboot
2026-09-28T12:08:43.898+00:00,2026-09-28T12:08:43.949+00:00,1106.406,present,3450.9,"{""state"":""present"",""devices"":[{""Status"":""OK"",""Class"":""AndroidUsbDeviceClass"",""FriendlyName"":""Android Bootloader Interface"",""InstanceId"":""USB\\VID_18D1&PID_D00D\\1384E684""}]}",absent,fastboot,27.7,22.8,List of devices attached,1384e684               fastboot
2026-09-28T12:08:44.899+00:00,2026-09-28T12:08:44.947+00:00,1107.403,present,3450.9,"{""state"":""present"",""devices"":[{""Status"":""OK"",""Class"":""AndroidUsbDeviceClass"",""FriendlyName"":""Android Bootloader Interface"",""InstanceId"":""USB\\VID_18D1&PID_D00D\\1384E684""}]}",absent,fastboot,24.9,22.8,List of devices attached,1384e684               fastboot
2026-09-28T12:08:45.899+00:00,2026-09-28T12:08:45.949+00:00,1108.406,present,3450.9,"{""state"":""present"",""devices"":[{""Status"":""OK"",""Class"":""AndroidUsbDeviceClass"",""FriendlyName"":""Android Bootloader Interface"",""InstanceId"":""USB\\VID_18D1&PID_D00D\\1384E684""}]}",absent,fastboot,26.1,23.5,List of devices attached | emulator-5568          offline transport_id:2035,1384e684               fastboot
2026-09-28T12:08:46.899+00:00,2026-09-28T12:08:46.951+00:00,1109.407,present,3401.5,"{""state"":""present"",""devices"":[{""Status"":""OK"",""Class"":""AndroidUsbDeviceClass"",""FriendlyName"":""Android Bootloader Interface"",""InstanceId"":""USB\\VID_18D1&PID_D00D\\1384E684""}]}",absent,fastboot,26.4,24.6,List of devices attached,1384e684               fastboot
2026-09-28T12:08:47.900+00:00,2026-09-28T12:08:47.956+00:00,1110.413,present,3401.5,"{""state"":""present"",""devices"":[{""Status"":""OK"",""Class"":""AndroidUsbDeviceClass"",""FriendlyName"":""Android Bootloader Interface"",""InstanceId"":""USB\\VID_18D1&PID_D00D\\1384E684""}]}",absent,fastboot,29.3,26.7,List of devices attached,1384e684               fastboot
2026-09-28T12:08:48.900+00:00,2026-09-28T12:08:48.964+00:00,1111.420,present,3401.5,"{""state"":""present"",""devices"":[{""Status"":""OK"",""Class"":""AndroidUsbDeviceClass"",""FriendlyName"":""Android Bootloader Interface"",""InstanceId"":""USB\\VID_18D1&PID_D00D\\1384E684""}]}",absent,fastboot,37.0,26.6,List of devices attached,1384e684               fastboot
2026-09-28T12:08:49.900+00:00,2026-09-28T12:08:49.964+00:00,1112.421,present,3401.5,"{""state"":""present"",""devices"":[{""Status"":""OK"",""Class"":""AndroidUsbDeviceClass"",""FriendlyName"":""Android Bootloader Interface"",""InstanceId"":""USB\\VID_18D1&PID_D00D\\1384E684""}]}",absent,fastboot,28.3,35.3,List of devices attached | emulator-5568          offline transport_id:2038,1384e684               fastboot
2026-09-28T12:08:50.901+00:00,2026-09-28T12:08:50.954+00:00,1113.411,present,3579.1,"{""state"":""present"",""devices"":[{""Status"":""OK"",""Class"":""AndroidUsbDeviceClass"",""FriendlyName"":""Android Bootloader Interface"",""InstanceId"":""USB\\VID_18D1&PID_D00D\\1384E684""}]}",absent,fastboot,27.7,25.5,List of devices attached,1384e684               fastboot
2026-09-28T12:08:51.901+00:00,2026-09-28T12:08:51.952+00:00,1114.409,present,3579.1,"{""state"":""present"",""devices"":[{""Status"":""OK"",""Class"":""AndroidUsbDeviceClass"",""FriendlyName"":""Android Bootloader Interface"",""InstanceId"":""USB\\VID_18D1&PID_D00D\\1384E684""}]}",absent,fastboot,26.8,24.8,List of devices attached,1384e684               fastboot
2026-09-28T12:08:52.901+00:00,2026-09-28T12:08:52.955+00:00,1115.411,present,3579.1,"{""state"":""present"",""devices"":[{""Status"":""OK"",""Class"":""AndroidUsbDeviceClass"",""FriendlyName"":""Android Bootloader Interface"",""InstanceId"":""USB\\VID_18D1&PID_D00D\\1384E684""}]}",absent,fastboot,29.3,24.3,List of devices attached,1384e684               fastboot
2026-09-28T12:08:53.901+00:00,2026-09-28T12:08:53.953+00:00,1116.410,present,3579.1,"{""state"":""present"",""devices"":[{""Status"":""OK"",""Class"":""AndroidUsbDeviceClass"",""FriendlyName"":""Android Bootloader Interface"",""InstanceId"":""USB\\VID_18D1&PID_D00D\\1384E684""}]}",absent,fastboot,26.9,24.9,List of devices attached,1384e684               fastboot
2026-09-28T12:08:54.902+00:00,2026-09-28T12:08:54.966+00:00,1117.422,present,3275.0,"{""state"":""present"",""devices"":[{""Status"":""OK"",""Class"":""AndroidUsbDeviceClass"",""FriendlyName"":""Android Bootloader Interface"",""InstanceId"":""USB\\VID_18D1&PID_D00D\\1384E684""}]}",absent,fastboot,37.2,27.0,List of devices attached | emulator-5568          offline transport_id:2042,1384e684               fastboot
2026-09-28T12:08:55.902+00:00,2026-09-28T12:08:55.959+00:00,1118.415,present,3275.0,"{""state"":""present"",""devices"":[{""Status"":""OK"",""Class"":""AndroidUsbDeviceClass"",""FriendlyName"":""Android Bootloader Interface"",""InstanceId"":""USB\\VID_18D1&PID_D00D\\1384E684""}]}",absent,fastboot,29.0,27.6,List of devices attached,1384e684               fastboot
2026-09-28T12:08:56.902+00:00,2026-09-28T12:08:56.968+00:00,1119.425,present,3275.0,"{""state"":""present"",""devices"":[{""Status"":""OK"",""Class"":""AndroidUsbDeviceClass"",""FriendlyName"":""Android Bootloader Interface"",""InstanceId"":""USB\\VID_18D1&PID_D00D\\1384E684""}]}",absent,fastboot,27.8,38.0,List of devices attached,1384e684               fastboot
2026-09-28T12:08:57.903+00:00,2026-09-28T12:08:57.959+00:00,1120.416,present,3275.0,"{""state"":""present"",""devices"":[{""Status"":""OK"",""Class"":""AndroidUsbDeviceClass"",""FriendlyName"":""Android Bootloader Interface"",""InstanceId"":""USB\\VID_18D1&PID_D00D\\1384E684""}]}",absent,fastboot,31.6,24.6,List of devices attached,1384e684               fastboot
2026-09-28T12:08:58.903+00:00,2026-09-28T12:08:58.957+00:00,1121.413,present,3503.4,"{""state"":""present"",""devices"":[{""Status"":""OK"",""Class"":""AndroidUsbDeviceClass"",""FriendlyName"":""Android Bootloader Interface"",""InstanceId"":""USB\\VID_18D1&PID_D00D\\1384E684""}]}",absent,fastboot,27.7,26.1,List of devices attached,1384e684               fastboot
2026-09-28T12:08:59.903+00:00,2026-09-28T12:08:59.956+00:00,1122.413,present,3503.4,"{""state"":""present"",""devices"":[{""Status"":""OK"",""Class"":""AndroidUsbDeviceClass"",""FriendlyName"":""Android Bootloader Interface"",""InstanceId"":""USB\\VID_18D1&PID_D00D\\1384E684""}]}",absent,fastboot,27.5,25.2,List of devices attached | emulator-5568          offline transport_id:2046,1384e684               fastboot
2026-09-28T12:09:00.904+00:00,2026-09-28T12:09:00.958+00:00,1123.414,present,3503.4,"{""state"":""present"",""devices"":[{""Status"":""OK"",""Class"":""AndroidUsbDeviceClass"",""FriendlyName"":""Android Bootloader Interface"",""InstanceId"":""USB\\VID_18D1&PID_D00D\\1384E684""}]}",absent,fastboot,28.2,25.7,List of devices attached,1384e684               fastboot
2026-09-28T12:09:01.904+00:00,2026-09-28T12:09:01.960+00:00,1124.416,present,3503.4,"{""state"":""present"",""devices"":[{""Status"":""OK"",""Class"":""AndroidUsbDeviceClass"",""FriendlyName"":""Android Bootloader Interface"",""InstanceId"":""USB\\VID_18D1&PID_D00D\\1384E684""}]}",absent,fastboot,28.9,26.9,List of devices attached,1384e684               fastboot
2026-09-28T12:09:02.904+00:00,2026-09-28T12:09:02.970+00:00,1125.426,present,3520.6,"{""state"":""present"",""devices"":[{""Status"":""OK"",""Class"":""AndroidUsbDeviceClass"",""FriendlyName"":""Android Bootloader Interface"",""InstanceId"":""USB\\VID_18D1&PID_D00D\\1384E684""}]}",absent,fastboot,39.7,25.6,List of devices attached,1384e684               fastboot
2026-09-28T12:09:03.905+00:00,2026-09-28T12:09:03.958+00:00,1126.415,present,3520.6,"{""state"":""present"",""devices"":[{""Status"":""OK"",""Class"":""AndroidUsbDeviceClass"",""FriendlyName"":""Android Bootloader Interface"",""InstanceId"":""USB\\VID_18D1&PID_D00D\\1384E684""}]}",absent,fastboot,28.4,25.3,List of devices attached,1384e684               fastboot
2026-09-28T12:09:04.905+00:00,2026-09-28T12:09:04.958+00:00,1127.415,present,3520.6,"{""state"":""present"",""devices"":[{""Status"":""OK"",""Class"":""AndroidUsbDeviceClass"",""FriendlyName"":""Android Bootloader Interface"",""InstanceId"":""USB\\VID_18D1&PID_D00D\\1384E684""}]}",absent,fastboot,28.7,24.1,List of devices attached | emulator-5568          offline transport_id:2050,1384e684               fastboot
2026-09-28T12:09:05.906+00:00,2026-09-28T12:09:05.957+00:00,1128.414,present,3520.6,"{""state"":""present"",""devices"":[{""Status"":""OK"",""Class"":""AndroidUsbDeviceClass"",""FriendlyName"":""Android Bootloader Interface"",""InstanceId"":""USB\\VID_18D1&PID_D00D\\1384E684""}]}",absent,fastboot,27.4,23.8,List of devices attached,1384e684               fastboot
2026-09-28T12:09:06.906+00:00,2026-09-28T12:09:06.960+00:00,1129.416,present,3717.5,"{""state"":""present"",""devices"":[{""Status"":""OK"",""Class"":""AndroidUsbDeviceClass"",""FriendlyName"":""Android Bootloader Interface"",""InstanceId"":""USB\\VID_18D1&PID_D00D\\1384E684""}]}",absent,fastboot,28.1,25.4,List of devices attached,1384e684               fastboot
2026-09-28T12:09:07.906+00:00,2026-09-28T12:09:07.964+00:00,1130.421,present,3717.5,"{""state"":""present"",""devices"":[{""Status"":""OK"",""Class"":""AndroidUsbDeviceClass"",""FriendlyName"":""Android Bootloader Interface"",""InstanceId"":""USB\\VID_18D1&PID_D00D\\1384E684""}]}",absent,fastboot,31.1,26.5,List of devices attached,1384e684               fastboot
2026-09-28T12:09:08.907+00:00,2026-09-28T12:09:08.972+00:00,1131.429,present,3717.5,"{""state"":""present"",""devices"":[{""Status"":""OK"",""Class"":""AndroidUsbDeviceClass"",""FriendlyName"":""Android Bootloader Interface"",""InstanceId"":""USB\\VID_18D1&PID_D00D\\1384E684""}]}",absent,fastboot,40.1,25.4,List of devices attached | emulator-5568          offline transport_id:2053,1384e684               fastboot
2026-09-28T12:09:09.907+00:00,2026-09-28T12:09:09.961+00:00,1132.417,present,3717.5,"{""state"":""present"",""devices"":[{""Status"":""OK"",""Class"":""AndroidUsbDeviceClass"",""FriendlyName"":""Android Bootloader Interface"",""InstanceId"":""USB\\VID_18D1&PID_D00D\\1384E684""}]}",absent,fastboot,28.9,25.0,List of devices attached,1384e684               fastboot
2026-09-28T12:09:10.907+00:00,2026-09-28T12:09:10.959+00:00,1133.416,present,3571.2,"{""state"":""present"",""devices"":[{""Status"":""OK"",""Class"":""AndroidUsbDeviceClass"",""FriendlyName"":""Android Bootloader Interface"",""InstanceId"":""USB\\VID_18D1&PID_D00D\\1384E684""}]}",absent,fastboot,26.9,25.1,List of devices attached,1384e684               fastboot
2026-09-28T12:09:11.907+00:00,2026-09-28T12:09:11.959+00:00,1134.416,present,3571.2,"{""state"":""present"",""devices"":[{""Status"":""OK"",""Class"":""AndroidUsbDeviceClass"",""FriendlyName"":""Android Bootloader Interface"",""InstanceId"":""USB\\VID_18D1&PID_D00D\\1384E684""}]}",absent,fastboot,27.8,24.0,List of devices attached,1384e684               fastboot
2026-09-28T12:09:12.907+00:00,2026-09-28T12:09:12.958+00:00,1135.415,present,3571.2,"{""state"":""present"",""devices"":[{""Status"":""OK"",""Class"":""AndroidUsbDeviceClass"",""FriendlyName"":""Android Bootloader Interface"",""InstanceId"":""USB\\VID_18D1&PID_D00D\\1384E684""}]}",absent,fastboot,25.7,25.0,List of devices attached,1384e684               fastboot
2026-09-28T12:09:13.908+00:00,2026-09-28T12:09:13.959+00:00,1136.416,present,3571.2,"{""state"":""present"",""devices"":[{""Status"":""OK"",""Class"":""AndroidUsbDeviceClass"",""FriendlyName"":""Android Bootloader Interface"",""InstanceId"":""USB\\VID_18D1&PID_D00D\\1384E684""}]}",absent,fastboot,27.4,24.3,List of devices attached | emulator-5568          offline transport_id:2057,1384e684               fastboot
2026-09-28T12:09:14.908+00:00,2026-09-28T12:09:14.970+00:00,1137.426,present,3101.4,"{""state"":""present"",""devices"":[{""Status"":""OK"",""Class"":""AndroidUsbDeviceClass"",""FriendlyName"":""Android Bootloader Interface"",""InstanceId"":""USB\\VID_18D1&PID_D00D\\1384E684""}]}",absent,fastboot,36.2,25.2,List of devices attached,1384e684               fastboot
2026-09-28T12:09:15.908+00:00,2026-09-28T12:09:15.967+00:00,1138.424,present,3101.4,"{""state"":""present"",""devices"":[{""Status"":""OK"",""Class"":""AndroidUsbDeviceClass"",""FriendlyName"":""Android Bootloader Interface"",""InstanceId"":""USB\\VID_18D1&PID_D00D\\1384E684""}]}",absent,fastboot,29.5,29.0,List of devices attached,1384e684               fastboot
2026-09-28T12:09:16.909+00:00,2026-09-28T12:09:16.972+00:00,1139.428,present,3101.4,"{""state"":""present"",""devices"":[{""Status"":""OK"",""Class"":""AndroidUsbDeviceClass"",""FriendlyName"":""Android Bootloader Interface"",""InstanceId"":""USB\\VID_18D1&PID_D00D\\1384E684""}]}",absent,fastboot,29.1,33.6,List of devices attached,1384e684               fastboot
2026-09-28T12:09:17.909+00:00,2026-09-28T12:09:17.962+00:00,1140.419,present,3101.4,"{""state"":""present"",""devices"":[{""Status"":""OK"",""Class"":""AndroidUsbDeviceClass"",""FriendlyName"":""Android Bootloader Interface"",""InstanceId"":""USB\\VID_18D1&PID_D00D\\1384E684""}]}",absent,fastboot,28.3,24.7,List of devices attached,1384e684               fastboot
2026-09-28T12:09:18.910+00:00,2026-09-28T12:09:18.962+00:00,1141.419,present,3202.2,"{""state"":""present"",""devices"":[{""Status"":""OK"",""Class"":""AndroidUsbDeviceClass"",""FriendlyName"":""Android Bootloader Interface"",""InstanceId"":""USB\\VID_18D1&PID_D00D\\1384E684""}]}",absent,fastboot,26.9,25.7,List of devices attached | emulator-5568          offline transport_id:2061,1384e684               fastboot
2026-09-28T12:09:19.910+00:00,2026-09-28T12:09:19.964+00:00,1142.421,present,3202.2,"{""state"":""present"",""devices"":[{""Status"":""OK"",""Class"":""AndroidUsbDeviceClass"",""FriendlyName"":""Android Bootloader Interface"",""InstanceId"":""USB\\VID_18D1&PID_D00D\\1384E684""}]}",absent,fastboot,29.5,24.6,List of devices attached,1384e684               fastboot
2026-09-28T12:09:20.910+00:00,2026-09-28T12:09:20.961+00:00,1143.418,present,3202.2,"{""state"":""present"",""devices"":[{""Status"":""OK"",""Class"":""AndroidUsbDeviceClass"",""FriendlyName"":""Android Bootloader Interface"",""InstanceId"":""USB\\VID_18D1&PID_D00D\\1384E684""}]}",absent,fastboot,27.1,24.0,List of devices attached,1384e684               fastboot
2026-09-28T12:09:21.911+00:00,2026-09-28T12:09:21.973+00:00,1144.430,present,3202.2,"{""state"":""present"",""devices"":[{""Status"":""OK"",""Class"":""AndroidUsbDeviceClass"",""FriendlyName"":""Android Bootloader Interface"",""InstanceId"":""USB\\VID_18D1&PID_D00D\\1384E684""}]}",absent,fastboot,27.9,34.5,List of devices attached,1384e684               fastboot
2026-09-28T12:09:22.911+00:00,2026-09-28T12:09:22.964+00:00,1145.420,present,3150.9,"{""state"":""present"",""devices"":[{""Status"":""OK"",""Class"":""AndroidUsbDeviceClass"",""FriendlyName"":""Android Bootloader Interface"",""InstanceId"":""USB\\VID_18D1&PID_D00D\\1384E684""}]}",absent,fastboot,28.6,24.1,List of devices attached | emulator-5568          offline transport_id:2064,1384e684               fastboot
2026-09-28T12:09:23.911+00:00,2026-09-28T12:09:23.964+00:00,1146.421,present,3150.9,"{""state"":""present"",""devices"":[{""Status"":""OK"",""Class"":""AndroidUsbDeviceClass"",""FriendlyName"":""Android Bootloader Interface"",""InstanceId"":""USB\\VID_18D1&PID_D00D\\1384E684""}]}",absent,fastboot,28.7,24.4,List of devices attached,1384e684               fastboot
2026-09-28T12:09:24.911+00:00,2026-09-28T12:09:24.966+00:00,1147.422,present,3150.9,"{""state"":""present"",""devices"":[{""Status"":""OK"",""Class"":""AndroidUsbDeviceClass"",""FriendlyName"":""Android Bootloader Interface"",""InstanceId"":""USB\\VID_18D1&PID_D00D\\1384E684""}]}",absent,fastboot,28.0,26.3,List of devices attached,1384e684               fastboot
2026-09-28T12:09:25.911+00:00,2026-09-28T12:09:25.962+00:00,1148.419,present,3150.9,"{""state"":""present"",""devices"":[{""Status"":""OK"",""Class"":""AndroidUsbDeviceClass"",""FriendlyName"":""Android Bootloader Interface"",""InstanceId"":""USB\\VID_18D1&PID_D00D\\1384E684""}]}",absent,fastboot,27.2,23.6,List of devices attached,1384e684               fastboot
2026-09-28T12:09:26.912+00:00,2026-09-28T12:09:26.965+00:00,1149.421,present,3151.4,"{""state"":""present"",""devices"":[{""Status"":""OK"",""Class"":""AndroidUsbDeviceClass"",""FriendlyName"":""Android Bootloader Interface"",""InstanceId"":""USB\\VID_18D1&PID_D00D\\1384E684""}]}",absent,fastboot,27.3,25.5,List of devices attached,1384e684               fastboot
2026-09-28T12:09:27.912+00:00,2026-09-28T12:09:27.970+00:00,1150.427,present,3151.4,"{""state"":""present"",""devices"":[{""Status"":""OK"",""Class"":""AndroidUsbDeviceClass"",""FriendlyName"":""Android Bootloader Interface"",""InstanceId"":""USB\\VID_18D1&PID_D00D\\1384E684""}]}",absent,fastboot,34.1,24.3,List of devices attached | emulator-5568          offline transport_id:2068,1384e684               fastboot
2026-09-28T12:09:28.912+00:00,2026-09-28T12:09:28.965+00:00,1151.422,present,3151.4,"{""state"":""present"",""devices"":[{""Status"":""OK"",""Class"":""AndroidUsbDeviceClass"",""FriendlyName"":""Android Bootloader Interface"",""InstanceId"":""USB\\VID_18D1&PID_D00D\\1384E684""}]}",absent,fastboot,27.6,25.7,List of devices attached,1384e684               fastboot
2026-09-28T12:09:29.912+00:00,2026-09-28T12:09:29.974+00:00,1152.430,present,3151.4,"{""state"":""present"",""devices"":[{""Status"":""OK"",""Class"":""AndroidUsbDeviceClass"",""FriendlyName"":""Android Bootloader Interface"",""InstanceId"":""USB\\VID_18D1&PID_D00D\\1384E684""}]}",absent,fastboot,27.9,33.4,List of devices attached,1384e684               fastboot
2026-09-28T12:09:30.913+00:00,2026-09-28T12:09:30.966+00:00,1153.423,present,3144.0,"{""state"":""present"",""devices"":[{""Status"":""OK"",""Class"":""AndroidUsbDeviceClass"",""FriendlyName"":""Android Bootloader Interface"",""InstanceId"":""USB\\VID_18D1&PID_D00D\\1384E684""}]}",absent,fastboot,27.8,25.6,List of devices attached,1384e684               fastboot
2026-09-28T12:09:31.913+00:00,2026-09-28T12:09:31.965+00:00,1154.422,present,3144.0,"{""state"":""present"",""devices"":[{""Status"":""OK"",""Class"":""AndroidUsbDeviceClass"",""FriendlyName"":""Android Bootloader Interface"",""InstanceId"":""USB\\VID_18D1&PID_D00D\\1384E684""}]}",absent,fastboot,27.0,24.8,List of devices attached,1384e684               fastboot
2026-09-28T12:09:32.914+00:00,2026-09-28T12:09:32.966+00:00,1155.422,present,3144.0,"{""state"":""present"",""devices"":[{""Status"":""OK"",""Class"":""AndroidUsbDeviceClass"",""FriendlyName"":""Android Bootloader Interface"",""InstanceId"":""USB\\VID_18D1&PID_D00D\\1384E684""}]}",absent,fastboot,27.3,24.9,List of devices attached | emulator-5568          offline transport_id:2072,1384e684               fastboot
2026-09-28T12:09:33.914+00:00,2026-09-28T12:09:33.969+00:00,1156.426,present,3144.0,"{""state"":""present"",""devices"":[{""Status"":""OK"",""Class"":""AndroidUsbDeviceClass"",""FriendlyName"":""Android Bootloader Interface"",""InstanceId"":""USB\\VID_18D1&PID_D00D\\1384E684""}]}",absent,fastboot,30.3,25.1,List of devices attached,1384e684               fastboot
2026-09-28T12:09:34.915+00:00,2026-09-28T12:09:34.968+00:00,1157.425,present,3293.4,"{""state"":""present"",""devices"":[{""Status"":""OK"",""Class"":""AndroidUsbDeviceClass"",""FriendlyName"":""Android Bootloader Interface"",""InstanceId"":""USB\\VID_18D1&PID_D00D\\1384E684""}]}",absent,fastboot,28.5,25.2,List of devices attached,1384e684               fastboot
2026-09-28T12:09:35.915+00:00,2026-09-28T12:09:35.970+00:00,1158.426,present,3293.4,"{""state"":""present"",""devices"":[{""Status"":""OK"",""Class"":""AndroidUsbDeviceClass"",""FriendlyName"":""Android Bootloader Interface"",""InstanceId"":""USB\\VID_18D1&PID_D00D\\1384E684""}]}",absent,fastboot,27.0,27.6,List of devices attached,1384e684               fastboot
2026-09-28T12:09:36.915+00:00,2026-09-28T12:09:36.983+00:00,1159.440,present,3293.4,"{""state"":""present"",""devices"":[{""Status"":""OK"",""Class"":""AndroidUsbDeviceClass"",""FriendlyName"":""Android Bootloader Interface"",""InstanceId"":""USB\\VID_18D1&PID_D00D\\1384E684""}]}",absent,fastboot,28.8,39.0,List of devices attached | emulator-5568          offline transport_id:2075,1384e684               fastboot
2026-09-28T12:09:37.916+00:00,2026-09-28T12:09:37.969+00:00,1160.426,present,3293.4,"{""state"":""present"",""devices"":[{""Status"":""OK"",""Class"":""AndroidUsbDeviceClass"",""FriendlyName"":""Android Bootloader Interface"",""InstanceId"":""USB\\VID_18D1&PID_D00D\\1384E684""}]}",absent,fastboot,29.3,24.2,List of devices attached,1384e684               fastboot
2026-09-28T12:09:38.916+00:00,2026-09-28T12:09:38.968+00:00,1161.425,present,3175.6,"{""state"":""present"",""devices"":[{""Status"":""OK"",""Class"":""AndroidUsbDeviceClass"",""FriendlyName"":""Android Bootloader Interface"",""InstanceId"":""USB\\VID_18D1&PID_D00D\\1384E684""}]}",absent,fastboot,27.0,24.8,List of devices attached,1384e684               fastboot
2026-09-28T12:09:39.916+00:00,2026-09-28T12:09:39.967+00:00,1162.424,present,3175.6,"{""state"":""present"",""devices"":[{""Status"":""OK"",""Class"":""AndroidUsbDeviceClass"",""FriendlyName"":""Android Bootloader Interface"",""InstanceId"":""USB\\VID_18D1&PID_D00D\\1384E684""}]}",absent,fastboot,27.0,23.8,List of devices attached,1384e684               fastboot
2026-09-28T12:09:40.917+00:00,2026-09-28T12:09:40.985+00:00,1163.441,present,3175.6,"{""state"":""present"",""devices"":[{""Status"":""OK"",""Class"":""AndroidUsbDeviceClass"",""FriendlyName"":""Android Bootloader Interface"",""InstanceId"":""USB\\VID_18D1&PID_D00D\\1384E684""}]}",absent,fastboot,44.6,23.6,List of devices attached,1384e684               fastboot
2026-09-28T12:09:41.917+00:00,2026-09-28T12:09:41.978+00:00,1164.435,present,3175.6,"{""state"":""present"",""devices"":[{""Status"":""OK"",""Class"":""AndroidUsbDeviceClass"",""FriendlyName"":""Android Bootloader Interface"",""InstanceId"":""USB\\VID_18D1&PID_D00D\\1384E684""}]}",absent,fastboot,27.8,33.6,List of devices attached | emulator-5568          offline transport_id:2079,1384e684               fastboot
2026-09-28T12:09:42.917+00:00,2026-09-28T12:09:42.969+00:00,1165.426,present,3117.9,"{""state"":""present"",""devices"":[{""Status"":""OK"",""Class"":""AndroidUsbDeviceClass"",""FriendlyName"":""Android Bootloader Interface"",""InstanceId"":""USB\\VID_18D1&PID_D00D\\1384E684""}]}",absent,fastboot,26.8,25.0,List of devices attached,1384e684               fastboot
2026-09-28T12:09:43.917+00:00,2026-09-28T12:09:43.969+00:00,1166.425,present,3117.9,"{""state"":""present"",""devices"":[{""Status"":""OK"",""Class"":""AndroidUsbDeviceClass"",""FriendlyName"":""Android Bootloader Interface"",""InstanceId"":""USB\\VID_18D1&PID_D00D\\1384E684""}]}",absent,fastboot,26.9,24.3,List of devices attached,1384e684               fastboot
2026-09-28T12:09:44.918+00:00,2026-09-28T12:09:44.970+00:00,1167.426,present,3117.9,"{""state"":""present"",""devices"":[{""Status"":""OK"",""Class"":""AndroidUsbDeviceClass"",""FriendlyName"":""Android Bootloader Interface"",""InstanceId"":""USB\\VID_18D1&PID_D00D\\1384E684""}]}",absent,fastboot,28.1,23.7,List of devices attached,1384e684               fastboot
2026-09-28T12:09:45.918+00:00,2026-09-28T12:09:45.969+00:00,1168.425,present,3117.9,"{""state"":""present"",""devices"":[{""Status"":""OK"",""Class"":""AndroidUsbDeviceClass"",""FriendlyName"":""Android Bootloader Interface"",""InstanceId"":""USB\\VID_18D1&PID_D00D\\1384E684""}]}",absent,fastboot,27.7,23.3,List of devices attached,1384e684               fastboot
2026-09-28T12:09:46.918+00:00,2026-09-28T12:09:46.970+00:00,1169.427,present,3206.1,"{""state"":""present"",""devices"":[{""Status"":""OK"",""Class"":""AndroidUsbDeviceClass"",""FriendlyName"":""Android Bootloader Interface"",""InstanceId"":""USB\\VID_18D1&PID_D00D\\1384E684""}]}",absent,fastboot,27.6,23.8,List of devices attached,1384e684               fastboot
2026-09-28T12:09:47.919+00:00,2026-09-28T12:09:47.982+00:00,1170.439,present,3206.1,"{""state"":""present"",""devices"":[{""Status"":""OK"",""Class"":""AndroidUsbDeviceClass"",""FriendlyName"":""Android Bootloader Interface"",""InstanceId"":""USB\\VID_18D1&PID_D00D\\1384E684""}]}",absent,fastboot,39.8,23.8,List of devices attached,1384e684               fastboot
2026-09-28T12:09:48.919+00:00,2026-09-28T12:09:48.974+00:00,1171.431,present,3206.1,"{""state"":""present"",""devices"":[{""Status"":""OK"",""Class"":""AndroidUsbDeviceClass"",""FriendlyName"":""Android Bootloader Interface"",""InstanceId"":""USB\\VID_18D1&PID_D00D\\1384E684""}]}",absent,fastboot,29.1,26.3,List of devices attached,1384e684               fastboot
2026-09-28T12:09:49.919+00:00,2026-09-28T12:09:49.987+00:00,1172.443,present,3206.1,"{""state"":""present"",""devices"":[{""Status"":""OK"",""Class"":""AndroidUsbDeviceClass"",""FriendlyName"":""Android Bootloader Interface"",""InstanceId"":""USB\\VID_18D1&PID_D00D\\1384E684""}]}",absent,fastboot,27.8,39.6,List of devices attached,1384e684               fastboot
2026-09-28T12:09:50.919+00:00,2026-09-28T12:09:50.971+00:00,1173.427,present,3215.6,"{""state"":""present"",""devices"":[{""Status"":""OK"",""Class"":""AndroidUsbDeviceClass"",""FriendlyName"":""Android Bootloader Interface"",""InstanceId"":""USB\\VID_18D1&PID_D00D\\1384E684""}]}",absent,fastboot,26.2,25.0,List of devices attached | emulator-5568          offline transport_id:2086,1384e684               fastboot
2026-09-28T12:09:51.920+00:00,2026-09-28T12:09:51.973+00:00,1174.430,present,3215.6,"{""state"":""present"",""devices"":[{""Status"":""OK"",""Class"":""AndroidUsbDeviceClass"",""FriendlyName"":""Android Bootloader Interface"",""InstanceId"":""USB\\VID_18D1&PID_D00D\\1384E684""}]}",absent,fastboot,28.8,24.8,List of devices attached,1384e684               fastboot
2026-09-28T12:09:52.920+00:00,2026-09-28T12:09:52.973+00:00,1175.430,present,3215.6,"{""state"":""present"",""devices"":[{""Status"":""OK"",""Class"":""AndroidUsbDeviceClass"",""FriendlyName"":""Android Bootloader Interface"",""InstanceId"":""USB\\VID_18D1&PID_D00D\\1384E684""}]}",absent,fastboot,26.7,26.3,List of devices attached,1384e684               fastboot
2026-09-28T12:09:53.921+00:00,2026-09-28T12:09:53.975+00:00,1176.432,present,3215.6,"{""state"":""present"",""devices"":[{""Status"":""OK"",""Class"":""AndroidUsbDeviceClass"",""FriendlyName"":""Android Bootloader Interface"",""InstanceId"":""USB\\VID_18D1&PID_D00D\\1384E684""}]}",absent,fastboot,29.3,25.2,List of devices attached,1384e684               fastboot
2026-09-28T12:09:54.921+00:00,2026-09-28T12:09:54.973+00:00,1177.430,present,3371.3,"{""state"":""present"",""devices"":[{""Status"":""OK"",""Class"":""AndroidUsbDeviceClass"",""FriendlyName"":""Android Bootloader Interface"",""InstanceId"":""USB\\VID_18D1&PID_D00D\\1384E684""}]}",absent,fastboot,27.3,25.0,List of devices attached,1384e684               fastboot
2026-09-28T12:09:55.921+00:00,2026-09-28T12:09:55.972+00:00,1178.429,present,3371.3,"{""state"":""present"",""devices"":[{""Status"":""OK"",""Class"":""AndroidUsbDeviceClass"",""FriendlyName"":""Android Bootloader Interface"",""InstanceId"":""USB\\VID_18D1&PID_D00D\\1384E684""}]}",absent,fastboot,27.7,22.9,List of devices attached | emulator-5568          offline transport_id:2090,1384e684               fastboot
2026-09-28T12:09:56.922+00:00,2026-09-28T12:09:56.974+00:00,1179.431,present,3371.3,"{""state"":""present"",""devices"":[{""Status"":""OK"",""Class"":""AndroidUsbDeviceClass"",""FriendlyName"":""Android Bootloader Interface"",""InstanceId"":""USB\\VID_18D1&PID_D00D\\1384E684""}]}",absent,fastboot,27.6,24.7,List of devices attached,1384e684               fastboot
2026-09-28T12:09:57.922+00:00,2026-09-28T12:09:57.971+00:00,1180.428,present,3371.3,"{""state"":""present"",""devices"":[{""Status"":""OK"",""Class"":""AndroidUsbDeviceClass"",""FriendlyName"":""Android Bootloader Interface"",""InstanceId"":""USB\\VID_18D1&PID_D00D\\1384E684""}]}",absent,fastboot,26.2,23.1,List of devices attached,1384e684               fastboot
2026-09-28T12:09:58.922+00:00,2026-09-28T12:09:58.969+00:00,1181.426,present,3466.5,"{""state"":""present"",""devices"":[{""Status"":""OK"",""Class"":""AndroidUsbDeviceClass"",""FriendlyName"":""Android Bootloader Interface"",""InstanceId"":""USB\\VID_18D1&PID_D00D\\1384E684""}]}",absent,fastboot,24.9,21.9,List of devices attached,1384e684               fastboot
2026-09-28T12:09:59.922+00:00,2026-09-28T12:09:59.970+00:00,1182.426,present,3466.5,"{""state"":""present"",""devices"":[{""Status"":""OK"",""Class"":""AndroidUsbDeviceClass"",""FriendlyName"":""Android Bootloader Interface"",""InstanceId"":""USB\\VID_18D1&PID_D00D\\1384E684""}]}",absent,fastboot,25.3,21.8,List of devices attached,1384e684               fastboot
2026-09-28T12:10:00.923+00:00,2026-09-28T12:10:00.971+00:00,1183.428,present,3466.5,"{""state"":""present"",""devices"":[{""Status"":""OK"",""Class"":""AndroidUsbDeviceClass"",""FriendlyName"":""Android Bootloader Interface"",""InstanceId"":""USB\\VID_18D1&PID_D00D\\1384E684""}]}",absent,fastboot,25.6,22.8,List of devices attached,1384e684               fastboot
2026-09-28T12:10:01.923+00:00,2026-09-28T12:10:01.986+00:00,1184.442,present,3466.5,"{""state"":""present"",""devices"":[{""Status"":""OK"",""Class"":""AndroidUsbDeviceClass"",""FriendlyName"":""Android Bootloader Interface"",""InstanceId"":""USB\\VID_18D1&PID_D00D\\1384E684""}]}",absent,fastboot,39.6,23.1,List of devices attached,1384e684               fastboot
2026-09-28T12:10:02.923+00:00,2026-09-28T12:10:02.973+00:00,1185.429,present,3129.1,"{""state"":""present"",""devices"":[{""Status"":""OK"",""Class"":""AndroidUsbDeviceClass"",""FriendlyName"":""Android Bootloader Interface"",""InstanceId"":""USB\\VID_18D1&PID_D00D\\1384E684""}]}",absent,fastboot,25.8,23.3,List of devices attached,1384e684               fastboot
2026-09-28T12:10:03.924+00:00,2026-09-28T12:10:03.975+00:00,1186.431,present,3129.1,"{""state"":""present"",""devices"":[{""Status"":""OK"",""Class"":""AndroidUsbDeviceClass"",""FriendlyName"":""Android Bootloader Interface"",""InstanceId"":""USB\\VID_18D1&PID_D00D\\1384E684""}]}",absent,fastboot,26.5,24.6,List of devices attached,1384e684               fastboot
2026-09-28T12:10:04.924+00:00,2026-09-28T12:10:04.982+00:00,1187.439,present,3129.1,"{""state"":""present"",""devices"":[{""Status"":""OK"",""Class"":""AndroidUsbDeviceClass"",""FriendlyName"":""Android Bootloader Interface"",""InstanceId"":""USB\\VID_18D1&PID_D00D\\1384E684""}]}",absent,fastboot,29.3,29.1,List of devices attached | emulator-5568          offline transport_id:2097,1384e684               fastboot
2026-09-28T12:10:05.924+00:00,2026-09-28T12:10:05.977+00:00,1188.434,present,3129.1,"{""state"":""present"",""devices"":[{""Status"":""OK"",""Class"":""AndroidUsbDeviceClass"",""FriendlyName"":""Android Bootloader Interface"",""InstanceId"":""USB\\VID_18D1&PID_D00D\\1384E684""}]}",absent,fastboot,27.3,25.4,List of devices attached,1384e684               fastboot
2026-09-28T12:10:06.925+00:00,2026-09-28T12:10:06.978+00:00,1189.435,present,3252.6,"{""state"":""present"",""devices"":[{""Status"":""OK"",""Class"":""AndroidUsbDeviceClass"",""FriendlyName"":""Android Bootloader Interface"",""InstanceId"":""USB\\VID_18D1&PID_D00D\\1384E684""}]}",absent,fastboot,28.2,24.9,List of devices attached,1384e684               fastboot
2026-09-28T12:10:07.925+00:00,2026-09-28T12:10:07.979+00:00,1190.436,present,3252.6,"{""state"":""present"",""devices"":[{""Status"":""OK"",""Class"":""AndroidUsbDeviceClass"",""FriendlyName"":""Android Bootloader Interface"",""InstanceId"":""USB\\VID_18D1&PID_D00D\\1384E684""}]}",absent,fastboot,27.9,25.9,List of devices attached,1384e684               fastboot
2026-09-28T12:10:08.926+00:00,2026-09-28T12:10:08.980+00:00,1191.437,present,3252.6,"{""state"":""present"",""devices"":[{""Status"":""OK"",""Class"":""AndroidUsbDeviceClass"",""FriendlyName"":""Android Bootloader Interface"",""InstanceId"":""USB\\VID_18D1&PID_D00D\\1384E684""}]}",absent,fastboot,29.2,25.5,List of devices attached,1384e684               fastboot
2026-09-28T12:10:09.926+00:00,2026-09-28T12:10:09.981+00:00,1192.438,present,3252.6,"{""state"":""present"",""devices"":[{""Status"":""OK"",""Class"":""AndroidUsbDeviceClass"",""FriendlyName"":""Android Bootloader Interface"",""InstanceId"":""USB\\VID_18D1&PID_D00D\\1384E684""}]}",absent,fastboot,29.4,26.1,List of devices attached | emulator-5568          offline transport_id:2101,1384e684               fastboot
2026-09-28T12:10:10.926+00:00,2026-09-28T12:10:10.989+00:00,1193.445,present,3473.4,"{""state"":""present"",""devices"":[{""Status"":""OK"",""Class"":""AndroidUsbDeviceClass"",""FriendlyName"":""Android Bootloader Interface"",""InstanceId"":""USB\\VID_18D1&PID_D00D\\1384E684""}]}",absent,fastboot,28.0,34.4,List of devices attached,1384e684               fastboot
2026-09-28T12:10:11.926+00:00,2026-09-28T12:10:11.981+00:00,1194.437,present,3473.4,"{""state"":""present"",""devices"":[{""Status"":""OK"",""Class"":""AndroidUsbDeviceClass"",""FriendlyName"":""Android Bootloader Interface"",""InstanceId"":""USB\\VID_18D1&PID_D00D\\1384E684""}]}",absent,fastboot,28.7,25.8,List of devices attached,1384e684               fastboot
2026-09-28T12:10:12.927+00:00,2026-09-28T12:10:12.981+00:00,1195.438,present,3473.4,"{""state"":""present"",""devices"":[{""Status"":""OK"",""Class"":""AndroidUsbDeviceClass"",""FriendlyName"":""Android Bootloader Interface"",""InstanceId"":""USB\\VID_18D1&PID_D00D\\1384E684""}]}",absent,fastboot,29.2,25.4,List of devices attached,1384e684               fastboot
2026-09-28T12:10:13.927+00:00,2026-09-28T12:10:13.979+00:00,1196.436,present,3473.4,"{""state"":""present"",""devices"":[{""Status"":""OK"",""Class"":""AndroidUsbDeviceClass"",""FriendlyName"":""Android Bootloader Interface"",""InstanceId"":""USB\\VID_18D1&PID_D00D\\1384E684""}]}",absent,fastboot,26.2,26.2,List of devices attached,1384e684               fastboot
2026-09-28T12:10:14.927+00:00,2026-09-28T12:10:14.990+00:00,1197.447,present,3236.1,"{""state"":""present"",""devices"":[{""Status"":""OK"",""Class"":""AndroidUsbDeviceClass"",""FriendlyName"":""Android Bootloader Interface"",""InstanceId"":""USB\\VID_18D1&PID_D00D\\1384E684""}]}",absent,fastboot,38.0,24.5,List of devices attached | emulator-5568          offline transport_id:2105,1384e684               fastboot
2026-09-28T12:10:15.928+00:00,2026-09-28T12:10:15.984+00:00,1198.440,present,3236.1,"{""state"":""present"",""devices"":[{""Status"":""OK"",""Class"":""AndroidUsbDeviceClass"",""FriendlyName"":""Android Bootloader Interface"",""InstanceId"":""USB\\VID_18D1&PID_D00D\\1384E684""}]}",absent,fastboot,28.2,27.9,List of devices attached,1384e684               fastboot
2026-09-28T12:10:16.928+00:00,2026-09-28T12:10:16.997+00:00,1199.454,present,3236.1,"{""state"":""present"",""devices"":[{""Status"":""OK"",""Class"":""AndroidUsbDeviceClass"",""FriendlyName"":""Android Bootloader Interface"",""InstanceId"":""USB\\VID_18D1&PID_D00D\\1384E684""}]}",absent,fastboot,29.8,39.4,List of devices attached,1384e684               fastboot
2026-09-28T12:10:17.928+00:00,2026-09-28T12:10:17.980+00:00,1200.437,present,3236.1,"{""state"":""present"",""devices"":[{""Status"":""OK"",""Class"":""AndroidUsbDeviceClass"",""FriendlyName"":""Android Bootloader Interface"",""InstanceId"":""USB\\VID_18D1&PID_D00D\\1384E684""}]}",absent,fastboot,27.2,24.7,List of devices attached,1384e684               fastboot
2026-09-28T12:10:18.928+00:00,2026-09-28T12:10:18.984+00:00,1201.441,present,3299.7,"{""state"":""present"",""devices"":[{""Status"":""OK"",""Class"":""AndroidUsbDeviceClass"",""FriendlyName"":""Android Bootloader Interface"",""InstanceId"":""USB\\VID_18D1&PID_D00D\\1384E684""}]}",absent,fastboot,30.4,25.7,List of devices attached | emulator-5568          offline transport_id:2108,1384e684               fastboot
2026-09-28T12:10:19.928+00:00,2026-09-28T12:10:19.981+00:00,1202.437,present,3299.7,"{""state"":""present"",""devices"":[{""Status"":""OK"",""Class"":""AndroidUsbDeviceClass"",""FriendlyName"":""Android Bootloader Interface"",""InstanceId"":""USB\\VID_18D1&PID_D00D\\1384E684""}]}",absent,fastboot,27.1,25.3,List of devices attached,1384e684               fastboot
2026-09-28T12:10:20.929+00:00,2026-09-28T12:10:20.983+00:00,1203.439,present,3299.7,"{""state"":""present"",""devices"":[{""Status"":""OK"",""Class"":""AndroidUsbDeviceClass"",""FriendlyName"":""Android Bootloader Interface"",""InstanceId"":""USB\\VID_18D1&PID_D00D\\1384E684""}]}",absent,fastboot,27.5,26.7,List of devices attached,1384e684               fastboot
2026-09-28T12:10:21.929+00:00,2026-09-28T12:10:21.983+00:00,1204.440,present,3299.7,"{""state"":""present"",""devices"":[{""Status"":""OK"",""Class"":""AndroidUsbDeviceClass"",""FriendlyName"":""Android Bootloader Interface"",""InstanceId"":""USB\\VID_18D1&PID_D00D\\1384E684""}]}",absent,fastboot,28.3,26.0,List of devices attached,1384e684               fastboot
2026-09-28T12:10:22.929+00:00,2026-09-28T12:10:22.981+00:00,1205.438,present,3244.6,"{""state"":""present"",""devices"":[{""Status"":""OK"",""Class"":""AndroidUsbDeviceClass"",""FriendlyName"":""Android Bootloader Interface"",""InstanceId"":""USB\\VID_18D1&PID_D00D\\1384E684""}]}",absent,fastboot,26.9,24.9,List of devices attached,1384e684               fastboot
2026-09-28T12:10:23.930+00:00,2026-09-28T12:10:23.981+00:00,1206.438,present,3244.6,"{""state"":""present"",""devices"":[{""Status"":""OK"",""Class"":""AndroidUsbDeviceClass"",""FriendlyName"":""Android Bootloader Interface"",""InstanceId"":""USB\\VID_18D1&PID_D00D\\1384E684""}]}",absent,fastboot,28.0,23.6,List of devices attached | emulator-5568          offline transport_id:2112,1384e684               fastboot
2026-09-28T12:10:24.930+00:00,2026-09-28T12:10:24.990+00:00,1207.447,present,3244.6,"{""state"":""present"",""devices"":[{""Status"":""OK"",""Class"":""AndroidUsbDeviceClass"",""FriendlyName"":""Android Bootloader Interface"",""InstanceId"":""USB\\VID_18D1&PID_D00D\\1384E684""}]}",absent,fastboot,31.5,28.1,List of devices attached,1384e684               fastboot
2026-09-28T12:10:25.930+00:00,2026-09-28T12:10:25.982+00:00,1208.438,present,3244.6,"{""state"":""present"",""devices"":[{""Status"":""OK"",""Class"":""AndroidUsbDeviceClass"",""FriendlyName"":""Android Bootloader Interface"",""InstanceId"":""USB\\VID_18D1&PID_D00D\\1384E684""}]}",absent,fastboot,27.3,24.0,List of devices attached,1384e684               fastboot
2026-09-28T12:10:26.931+00:00,2026-09-28T12:10:27.001+00:00,1209.457,present,3345.9,"{""state"":""present"",""devices"":[{""Status"":""OK"",""Class"":""AndroidUsbDeviceClass"",""FriendlyName"":""Android Bootloader Interface"",""InstanceId"":""USB\\VID_18D1&PID_D00D\\1384E684""}]}",absent,fastboot,43.4,26.1,List of devices attached,1384e684               fastboot
2026-09-28T12:10:27.931+00:00,2026-09-28T12:10:27.983+00:00,1210.440,present,3345.9,"{""state"":""present"",""devices"":[{""Status"":""OK"",""Class"":""AndroidUsbDeviceClass"",""FriendlyName"":""Android Bootloader Interface"",""InstanceId"":""USB\\VID_18D1&PID_D00D\\1384E684""}]}",absent,fastboot,27.6,24.4,List of devices attached,1384e684               fastboot
2026-09-28T12:10:28.932+00:00,2026-09-28T12:10:28.983+00:00,1211.440,present,3345.9,"{""state"":""present"",""devices"":[{""Status"":""OK"",""Class"":""AndroidUsbDeviceClass"",""FriendlyName"":""Android Bootloader Interface"",""InstanceId"":""USB\\VID_18D1&PID_D00D\\1384E684""}]}",absent,fastboot,27.0,24.4,List of devices attached | emulator-5568          offline transport_id:2116,1384e684               fastboot
2026-09-28T12:10:29.932+00:00,2026-09-28T12:10:29.986+00:00,1212.442,present,3345.9,"{""state"":""present"",""devices"":[{""Status"":""OK"",""Class"":""AndroidUsbDeviceClass"",""FriendlyName"":""Android Bootloader Interface"",""InstanceId"":""USB\\VID_18D1&PID_D00D\\1384E684""}]}",absent,fastboot,30.3,23.3,List of devices attached,1384e684               fastboot
2026-09-28T12:10:30.932+00:00,2026-09-28T12:10:30.989+00:00,1213.446,present,3183.5,"{""state"":""present"",""devices"":[{""Status"":""OK"",""Class"":""AndroidUsbDeviceClass"",""FriendlyName"":""Android Bootloader Interface"",""InstanceId"":""USB\\VID_18D1&PID_D00D\\1384E684""}]}",absent,fastboot,30.7,25.9,List of devices attached,1384e684               fastboot
2026-09-28T12:10:31.932+00:00,2026-09-28T12:10:31.986+00:00,1214.443,present,3183.5,"{""state"":""present"",""devices"":[{""Status"":""OK"",""Class"":""AndroidUsbDeviceClass"",""FriendlyName"":""Android Bootloader Interface"",""InstanceId"":""USB\\VID_18D1&PID_D00D\\1384E684""}]}",absent,fastboot,27.8,25.6,List of devices attached,1384e684               fastboot
2026-09-28T12:10:32.933+00:00,2026-09-28T12:10:33.003+00:00,1215.459,present,3183.5,"{""state"":""present"",""devices"":[{""Status"":""OK"",""Class"":""AndroidUsbDeviceClass"",""FriendlyName"":""Android Bootloader Interface"",""InstanceId"":""USB\\VID_18D1&PID_D00D\\1384E684""}]}",absent,fastboot,28.1,41.9,List of devices attached | emulator-5568          offline transport_id:2119,1384e684               fastboot
2026-09-28T12:10:33.933+00:00,2026-09-28T12:10:33.986+00:00,1216.443,present,3183.5,"{""state"":""present"",""devices"":[{""Status"":""OK"",""Class"":""AndroidUsbDeviceClass"",""FriendlyName"":""Android Bootloader Interface"",""InstanceId"":""USB\\VID_18D1&PID_D00D\\1384E684""}]}",absent,fastboot,28.1,25.1,List of devices attached,1384e684               fastboot
2026-09-28T12:10:34.933+00:00,2026-09-28T12:10:34.986+00:00,1217.443,present,3275.8,"{""state"":""present"",""devices"":[{""Status"":""OK"",""Class"":""AndroidUsbDeviceClass"",""FriendlyName"":""Android Bootloader Interface"",""InstanceId"":""USB\\VID_18D1&PID_D00D\\1384E684""}]}",absent,fastboot,28.1,24.7,List of devices attached,1384e684               fastboot
2026-09-28T12:10:35.933+00:00,2026-09-28T12:10:35.989+00:00,1218.445,present,3275.8,"{""state"":""present"",""devices"":[{""Status"":""OK"",""Class"":""AndroidUsbDeviceClass"",""FriendlyName"":""Android Bootloader Interface"",""InstanceId"":""USB\\VID_18D1&PID_D00D\\1384E684""}]}",absent,fastboot,30.5,24.8,List of devices attached,1384e684               fastboot
2026-09-28T12:10:36.934+00:00,2026-09-28T12:10:37.000+00:00,1219.457,present,3275.8,"{""state"":""present"",""devices"":[{""Status"":""OK"",""Class"":""AndroidUsbDeviceClass"",""FriendlyName"":""Android Bootloader Interface"",""InstanceId"":""USB\\VID_18D1&PID_D00D\\1384E684""}]}",absent,fastboot,43.3,23.0,List of devices attached,1384e684               fastboot
2026-09-28T12:10:37.934+00:00,2026-09-28T12:10:37.992+00:00,1220.449,present,3275.8,"{""state"":""present"",""devices"":[{""Status"":""OK"",""Class"":""AndroidUsbDeviceClass"",""FriendlyName"":""Android Bootloader Interface"",""InstanceId"":""USB\\VID_18D1&PID_D00D\\1384E684""}]}",absent,fastboot,27.7,29.7,List of devices attached | emulator-5568          offline transport_id:2123,1384e684               fastboot
2026-09-28T12:10:38.935+00:00,2026-09-28T12:10:38.987+00:00,1221.444,present,3250.5,"{""state"":""present"",""devices"":[{""Status"":""OK"",""Class"":""AndroidUsbDeviceClass"",""FriendlyName"":""Android Bootloader Interface"",""InstanceId"":""USB\\VID_18D1&PID_D00D\\1384E684""}]}",absent,fastboot,27.2,24.7,List of devices attached,1384e684               fastboot
2026-09-28T12:10:39.935+00:00,2026-09-28T12:10:39.987+00:00,1222.444,present,3250.5,"{""state"":""present"",""devices"":[{""Status"":""OK"",""Class"":""AndroidUsbDeviceClass"",""FriendlyName"":""Android Bootloader Interface"",""InstanceId"":""USB\\VID_18D1&PID_D00D\\1384E684""}]}",absent,fastboot,26.4,25.4,List of devices attached,1384e684               fastboot
2026-09-28T12:10:40.936+00:00,2026-09-28T12:10:40.989+00:00,1223.446,present,3250.5,"{""state"":""present"",""devices"":[{""Status"":""OK"",""Class"":""AndroidUsbDeviceClass"",""FriendlyName"":""Android Bootloader Interface"",""InstanceId"":""USB\\VID_18D1&PID_D00D\\1384E684""}]}",absent,fastboot,27.5,25.9,List of devices attached,1384e684               fastboot
2026-09-28T12:10:41.936+00:00,2026-09-28T12:10:41.989+00:00,1224.446,present,3250.5,"{""state"":""present"",""devices"":[{""Status"":""OK"",""Class"":""AndroidUsbDeviceClass"",""FriendlyName"":""Android Bootloader Interface"",""InstanceId"":""USB\\VID_18D1&PID_D00D\\1384E684""}]}",absent,fastboot,27.7,25.4,List of devices attached,1384e684               fastboot
2026-09-28T12:10:42.936+00:00,2026-09-28T12:10:42.991+00:00,1225.447,present,3209.3,"{""state"":""present"",""devices"":[{""Status"":""OK"",""Class"":""AndroidUsbDeviceClass"",""FriendlyName"":""Android Bootloader Interface"",""InstanceId"":""USB\\VID_18D1&PID_D00D\\1384E684""}]}",absent,fastboot,30.0,24.5,List of devices attached,1384e684               fastboot
2026-09-28T12:10:43.937+00:00,2026-09-28T12:10:43.997+00:00,1226.453,present,3209.3,"{""state"":""present"",""devices"":[{""Status"":""OK"",""Class"":""AndroidUsbDeviceClass"",""FriendlyName"":""Android Bootloader Interface"",""InstanceId"":""USB\\VID_18D1&PID_D00D\\1384E684""}]}",absent,fastboot,27.4,32.6,List of devices attached,1384e684               fastboot
2026-09-28T12:10:44.937+00:00,2026-09-28T12:10:44.991+00:00,1227.448,present,3209.3,"{""state"":""present"",""devices"":[{""Status"":""OK"",""Class"":""AndroidUsbDeviceClass"",""FriendlyName"":""Android Bootloader Interface"",""InstanceId"":""USB\\VID_18D1&PID_D00D\\1384E684""}]}",absent,fastboot,28.7,25.8,List of devices attached,1384e684               fastboot
2026-09-28T12:10:45.937+00:00,2026-09-28T12:10:45.990+00:00,1228.446,present,3209.3,"{""state"":""present"",""devices"":[{""Status"":""OK"",""Class"":""AndroidUsbDeviceClass"",""FriendlyName"":""Android Bootloader Interface"",""InstanceId"":""USB\\VID_18D1&PID_D00D\\1384E684""}]}",absent,fastboot,27.0,25.5,List of devices attached,1384e684               fastboot
2026-09-28T12:10:46.938+00:00,2026-09-28T12:10:46.990+00:00,1229.447,present,3145.1,"{""state"":""present"",""devices"":[{""Status"":""OK"",""Class"":""AndroidUsbDeviceClass"",""FriendlyName"":""Android Bootloader Interface"",""InstanceId"":""USB\\VID_18D1&PID_D00D\\1384E684""}]}",absent,fastboot,27.8,24.5,List of devices attached | emulator-5568          offline transport_id:2130,1384e684               fastboot
2026-09-28T12:10:47.938+00:00,2026-09-28T12:10:47.989+00:00,1230.446,present,3145.1,"{""state"":""present"",""devices"":[{""Status"":""OK"",""Class"":""AndroidUsbDeviceClass"",""FriendlyName"":""Android Bootloader Interface"",""InstanceId"":""USB\\VID_18D1&PID_D00D\\1384E684""}]}",absent,fastboot,27.1,24.1,List of devices attached,1384e684               fastboot
2026-09-28T12:10:48.939+00:00,2026-09-28T12:10:48.996+00:00,1231.452,present,3145.1,"{""state"":""present"",""devices"":[{""Status"":""OK"",""Class"":""AndroidUsbDeviceClass"",""FriendlyName"":""Android Bootloader Interface"",""InstanceId"":""USB\\VID_18D1&PID_D00D\\1384E684""}]}",absent,fastboot,29.9,27.0,List of devices attached,1384e684               fastboot
2026-09-28T12:10:49.939+00:00,2026-09-28T12:10:50.003+00:00,1232.460,present,3145.1,"{""state"":""present"",""devices"":[{""Status"":""OK"",""Class"":""AndroidUsbDeviceClass"",""FriendlyName"":""Android Bootloader Interface"",""InstanceId"":""USB\\VID_18D1&PID_D00D\\1384E684""}]}",absent,fastboot,40.7,23.4,List of devices attached,1384e684               fastboot
2026-09-28T12:10:50.939+00:00,2026-09-28T12:10:50.990+00:00,1233.447,present,3308.1,"{""state"":""present"",""devices"":[{""Status"":""OK"",""Class"":""AndroidUsbDeviceClass"",""FriendlyName"":""Android Bootloader Interface"",""InstanceId"":""USB\\VID_18D1&PID_D00D\\1384E684""}]}",absent,fastboot,26.2,25.1,List of devices attached,1384e684               fastboot
2026-09-28T12:10:51.939+00:00,2026-09-28T12:10:51.994+00:00,1234.451,present,3308.1,"{""state"":""present"",""devices"":[{""Status"":""OK"",""Class"":""AndroidUsbDeviceClass"",""FriendlyName"":""Android Bootloader Interface"",""InstanceId"":""USB\\VID_18D1&PID_D00D\\1384E684""}]}",absent,fastboot,30.1,24.8,List of devices attached | emulator-5568          offline transport_id:2134,1384e684               fastboot
2026-09-28T12:10:52.940+00:00,2026-09-28T12:10:52.992+00:00,1235.449,present,3308.1,"{""state"":""present"",""devices"":[{""Status"":""OK"",""Class"":""AndroidUsbDeviceClass"",""FriendlyName"":""Android Bootloader Interface"",""InstanceId"":""USB\\VID_18D1&PID_D00D\\1384E684""}]}",absent,fastboot,27.4,25.2,List of devices attached,1384e684               fastboot
2026-09-28T12:10:53.940+00:00,2026-09-28T12:10:53.991+00:00,1236.448,present,3308.1,"{""state"":""present"",""devices"":[{""Status"":""OK"",""Class"":""AndroidUsbDeviceClass"",""FriendlyName"":""Android Bootloader Interface"",""InstanceId"":""USB\\VID_18D1&PID_D00D\\1384E684""}]}",absent,fastboot,27.5,23.6,List of devices attached,1384e684               fastboot
2026-09-28T12:10:54.941+00:00,2026-09-28T12:10:55.001+00:00,1237.458,present,3344.3,"{""state"":""present"",""devices"":[{""Status"":""OK"",""Class"":""AndroidUsbDeviceClass"",""FriendlyName"":""Android Bootloader Interface"",""InstanceId"":""USB\\VID_18D1&PID_D00D\\1384E684""}]}",absent,fastboot,36.2,24.3,List of devices attached,1384e684               fastboot
2026-09-28T12:10:55.941+00:00,2026-09-28T12:10:55.993+00:00,1238.449,present,3344.3,"{""state"":""present"",""devices"":[{""Status"":""OK"",""Class"":""AndroidUsbDeviceClass"",""FriendlyName"":""Android Bootloader Interface"",""InstanceId"":""USB\\VID_18D1&PID_D00D\\1384E684""}]}",absent,fastboot,26.8,24.8,List of devices attached,1384e684               fastboot
2026-09-28T12:10:56.941+00:00,2026-09-28T12:10:57.005+00:00,1239.461,present,3344.3,"{""state"":""present"",""devices"":[{""Status"":""OK"",""Class"":""AndroidUsbDeviceClass"",""FriendlyName"":""Android Bootloader Interface"",""InstanceId"":""USB\\VID_18D1&PID_D00D\\1384E684""}]}",absent,fastboot,27.6,35.8,List of devices attached | emulator-5568          offline transport_id:2138,1384e684               fastboot
2026-09-28T12:10:57.941+00:00,2026-09-28T12:10:58.000+00:00,1240.457,present,3344.3,"{""state"":""present"",""devices"":[{""Status"":""OK"",""Class"":""AndroidUsbDeviceClass"",""FriendlyName"":""Android Bootloader Interface"",""InstanceId"":""USB\\VID_18D1&PID_D00D\\1384E684""}]}",absent,fastboot,30.8,28.0,List of devices attached,1384e684               fastboot
2026-09-28T12:10:58.942+00:00,2026-09-28T12:10:58.993+00:00,1241.450,present,3219.4,"{""state"":""present"",""devices"":[{""Status"":""OK"",""Class"":""AndroidUsbDeviceClass"",""FriendlyName"":""Android Bootloader Interface"",""InstanceId"":""USB\\VID_18D1&PID_D00D\\1384E684""}]}",absent,fastboot,26.7,24.3,List of devices attached,1384e684               fastboot
2026-09-28T12:10:59.942+00:00,2026-09-28T12:11:00.008+00:00,1242.465,present,3219.4,"{""state"":""present"",""devices"":[{""Status"":""OK"",""Class"":""AndroidUsbDeviceClass"",""FriendlyName"":""Android Bootloader Interface"",""InstanceId"":""USB\\VID_18D1&PID_D00D\\1384E684""}]}",absent,fastboot,40.8,25.4,List of devices attached,1384e684               fastboot
2026-09-28T12:11:00.942+00:00,2026-09-28T12:11:00.999+00:00,1243.456,present,3219.4,"{""state"":""present"",""devices"":[{""Status"":""OK"",""Class"":""AndroidUsbDeviceClass"",""FriendlyName"":""Android Bootloader Interface"",""InstanceId"":""USB\\VID_18D1&PID_D00D\\1384E684""}]}",absent,fastboot,28.3,28.6,List of devices attached | emulator-5568          offline transport_id:2141,1384e684               fastboot
2026-09-28T12:11:01.943+00:00,2026-09-28T12:11:01.995+00:00,1244.452,present,3219.4,"{""state"":""present"",""devices"":[{""Status"":""OK"",""Class"":""AndroidUsbDeviceClass"",""FriendlyName"":""Android Bootloader Interface"",""InstanceId"":""USB\\VID_18D1&PID_D00D\\1384E684""}]}",absent,fastboot,27.5,25.0,List of devices attached,1384e684               fastboot
2026-09-28T12:11:02.943+00:00,2026-09-28T12:11:02.996+00:00,1245.453,present,3325.9,"{""state"":""present"",""devices"":[{""Status"":""OK"",""Class"":""AndroidUsbDeviceClass"",""FriendlyName"":""Android Bootloader Interface"",""InstanceId"":""USB\\VID_18D1&PID_D00D\\1384E684""}]}",absent,fastboot,28.0,25.1,List of devices attached,1384e684               fastboot
2026-09-28T12:11:03.943+00:00,2026-09-28T12:11:03.994+00:00,1246.450,present,3325.9,"{""state"":""present"",""devices"":[{""Status"":""OK"",""Class"":""AndroidUsbDeviceClass"",""FriendlyName"":""Android Bootloader Interface"",""InstanceId"":""USB\\VID_18D1&PID_D00D\\1384E684""}]}",absent,fastboot,26.5,23.7,List of devices attached,1384e684               fastboot
2026-09-28T12:11:04.944+00:00,2026-09-28T12:11:04.995+00:00,1247.452,present,3325.9,"{""state"":""present"",""devices"":[{""Status"":""OK"",""Class"":""AndroidUsbDeviceClass"",""FriendlyName"":""Android Bootloader Interface"",""InstanceId"":""USB\\VID_18D1&PID_D00D\\1384E684""}]}",absent,fastboot,27.3,24.1,List of devices attached,1384e684               fastboot
2026-09-28T12:11:05.944+00:00,2026-09-28T12:11:06.001+00:00,1248.458,present,3325.9,"{""state"":""present"",""devices"":[{""Status"":""OK"",""Class"":""AndroidUsbDeviceClass"",""FriendlyName"":""Android Bootloader Interface"",""InstanceId"":""USB\\VID_18D1&PID_D00D\\1384E684""}]}",absent,fastboot,30.3,26.9,List of devices attached | emulator-5568          offline transport_id:2145,1384e684               fastboot
2026-09-28T12:11:06.944+00:00,2026-09-28T12:11:07.002+00:00,1249.458,present,3150.8,"{""state"":""present"",""devices"":[{""Status"":""OK"",""Class"":""AndroidUsbDeviceClass"",""FriendlyName"":""Android Bootloader Interface"",""InstanceId"":""USB\\VID_18D1&PID_D00D\\1384E684""}]}",absent,fastboot,30.7,26.4,List of devices attached,1384e684               fastboot
2026-09-28T12:11:07.945+00:00,2026-09-28T12:11:07.998+00:00,1250.455,present,3150.8,"{""state"":""present"",""devices"":[{""Status"":""OK"",""Class"":""AndroidUsbDeviceClass"",""FriendlyName"":""Android Bootloader Interface"",""InstanceId"":""USB\\VID_18D1&PID_D00D\\1384E684""}]}",absent,fastboot,27.7,25.7,List of devices attached,1384e684               fastboot
2026-09-28T12:11:08.945+00:00,2026-09-28T12:11:09.004+00:00,1251.461,present,3150.8,"{""state"":""present"",""devices"":[{""Status"":""OK"",""Class"":""AndroidUsbDeviceClass"",""FriendlyName"":""Android Bootloader Interface"",""InstanceId"":""USB\\VID_18D1&PID_D00D\\1384E684""}]}",absent,fastboot,27.8,31.7,List of devices attached,1384e684               fastboot
2026-09-28T12:11:09.945+00:00,2026-09-28T12:11:09.999+00:00,1252.456,present,3150.8,"{""state"":""present"",""devices"":[{""Status"":""OK"",""Class"":""AndroidUsbDeviceClass"",""FriendlyName"":""Android Bootloader Interface"",""InstanceId"":""USB\\VID_18D1&PID_D00D\\1384E684""}]}",absent,fastboot,28.7,25.3,List of devices attached | emulator-5568          offline transport_id:2148,1384e684               fastboot
2026-09-28T12:11:10.946+00:00,2026-09-28T12:11:11.000+00:00,1253.457,present,3236.8,"{""state"":""present"",""devices"":[{""Status"":""OK"",""Class"":""AndroidUsbDeviceClass"",""FriendlyName"":""Android Bootloader Interface"",""InstanceId"":""USB\\VID_18D1&PID_D00D\\1384E684""}]}",absent,fastboot,27.7,26.7,List of devices attached,1384e684               fastboot
2026-09-28T12:11:11.946+00:00,2026-09-28T12:11:11.999+00:00,1254.456,present,3236.8,"{""state"":""present"",""devices"":[{""Status"":""OK"",""Class"":""AndroidUsbDeviceClass"",""FriendlyName"":""Android Bootloader Interface"",""InstanceId"":""USB\\VID_18D1&PID_D00D\\1384E684""}]}",absent,fastboot,27.5,25.7,List of devices attached,1384e684               fastboot
2026-09-28T12:11:12.946+00:00,2026-09-28T12:11:13.002+00:00,1255.459,present,3236.8,"{""state"":""present"",""devices"":[{""Status"":""OK"",""Class"":""AndroidUsbDeviceClass"",""FriendlyName"":""Android Bootloader Interface"",""InstanceId"":""USB\\VID_18D1&PID_D00D\\1384E684""}]}",absent,fastboot,28.9,27.1,List of devices attached,1384e684               fastboot
2026-09-28T12:11:13.946+00:00,2026-09-28T12:11:14.001+00:00,1256.458,present,3236.8,"{""state"":""present"",""devices"":[{""Status"":""OK"",""Class"":""AndroidUsbDeviceClass"",""FriendlyName"":""Android Bootloader Interface"",""InstanceId"":""USB\\VID_18D1&PID_D00D\\1384E684""}]}",absent,fastboot,29.3,25.6,List of devices attached,1384e684               fastboot
2026-09-28T12:11:14.947+00:00,2026-09-28T12:11:15.006+00:00,1257.463,present,3443.7,"{""state"":""present"",""devices"":[{""Status"":""OK"",""Class"":""AndroidUsbDeviceClass"",""FriendlyName"":""Android Bootloader Interface"",""InstanceId"":""USB\\VID_18D1&PID_D00D\\1384E684""}]}",absent,fastboot,34.2,25.2,List of devices attached | emulator-5568          offline transport_id:2152,1384e684               fastboot
2026-09-28T12:11:15.947+00:00,2026-09-28T12:11:16.001+00:00,1258.458,present,3443.7,"{""state"":""present"",""devices"":[{""Status"":""OK"",""Class"":""AndroidUsbDeviceClass"",""FriendlyName"":""Android Bootloader Interface"",""InstanceId"":""USB\\VID_18D1&PID_D00D\\1384E684""}]}",absent,fastboot,28.3,25.6,List of devices attached,1384e684               fastboot
2026-09-28T12:11:16.948+00:00,2026-09-28T12:11:17.017+00:00,1259.474,present,3443.7,"{""state"":""present"",""devices"":[{""Status"":""OK"",""Class"":""AndroidUsbDeviceClass"",""FriendlyName"":""Android Bootloader Interface"",""InstanceId"":""USB\\VID_18D1&PID_D00D\\1384E684""}]}",absent,fastboot,28.5,40.9,List of devices attached,1384e684               fastboot
2026-09-28T12:11:17.948+00:00,2026-09-28T12:11:18.001+00:00,1260.457,present,3443.7,"{""state"":""present"",""devices"":[{""Status"":""OK"",""Class"":""AndroidUsbDeviceClass"",""FriendlyName"":""Android Bootloader Interface"",""InstanceId"":""USB\\VID_18D1&PID_D00D\\1384E684""}]}",absent,fastboot,28.3,24.3,List of devices attached,1384e684               fastboot
2026-09-28T12:11:18.948+00:00,2026-09-28T12:11:19.001+00:00,1261.458,present,3181.6,"{""state"":""present"",""devices"":[{""Status"":""OK"",""Class"":""AndroidUsbDeviceClass"",""FriendlyName"":""Android Bootloader Interface"",""InstanceId"":""USB\\VID_18D1&PID_D00D\\1384E684""}]}",absent,fastboot,27.5,25.6,List of devices attached,1384e684               fastboot
2026-09-28T12:11:19.948+00:00,2026-09-28T12:11:20.013+00:00,1262.469,present,3181.6,"{""state"":""present"",""devices"":[{""Status"":""OK"",""Class"":""AndroidUsbDeviceClass"",""FriendlyName"":""Android Bootloader Interface"",""InstanceId"":""USB\\VID_18D1&PID_D00D\\1384E684""}]}",absent,fastboot,38.8,25.3,List of devices attached | emulator-5568          offline transport_id:2156,1384e684               fastboot
2026-09-28T12:11:20.949+00:00,2026-09-28T12:11:21.004+00:00,1263.460,present,3181.6,"{""state"":""present"",""devices"":[{""Status"":""OK"",""Class"":""AndroidUsbDeviceClass"",""FriendlyName"":""Android Bootloader Interface"",""InstanceId"":""USB\\VID_18D1&PID_D00D\\1384E684""}]}",absent,fastboot,30.1,24.6,List of devices attached,1384e684               fastboot
2026-09-28T12:11:21.949+00:00,2026-09-28T12:11:22.016+00:00,1264.473,present,3181.6,"{""state"":""present"",""devices"":[{""Status"":""OK"",""Class"":""AndroidUsbDeviceClass"",""FriendlyName"":""Android Bootloader Interface"",""InstanceId"":""USB\\VID_18D1&PID_D00D\\1384E684""}]}",absent,fastboot,28.2,38.8,List of devices attached,1384e684               fastboot
2026-09-28T12:11:22.949+00:00,2026-09-28T12:11:23.000+00:00,1265.457,present,3256.1,"{""state"":""present"",""devices"":[{""Status"":""OK"",""Class"":""AndroidUsbDeviceClass"",""FriendlyName"":""Android Bootloader Interface"",""InstanceId"":""USB\\VID_18D1&PID_D00D\\1384E684""}]}",absent,fastboot,26.7,24.2,List of devices attached,1384e684               fastboot
2026-09-28T12:11:23.950+00:00,2026-09-28T12:11:24.004+00:00,1266.461,present,3256.1,"{""state"":""present"",""devices"":[{""Status"":""OK"",""Class"":""AndroidUsbDeviceClass"",""FriendlyName"":""Android Bootloader Interface"",""InstanceId"":""USB\\VID_18D1&PID_D00D\\1384E684""}]}",absent,fastboot,28.1,26.3,List of devices attached | emulator-5568          offline transport_id:2159,1384e684               fastboot
2026-09-28T12:11:24.950+00:00,2026-09-28T12:11:25.006+00:00,1267.462,present,3256.1,"{""state"":""present"",""devices"":[{""Status"":""OK"",""Class"":""AndroidUsbDeviceClass"",""FriendlyName"":""Android Bootloader Interface"",""InstanceId"":""USB\\VID_18D1&PID_D00D\\1384E684""}]}",absent,fastboot,29.2,26.7,List of devices attached,1384e684               fastboot
2026-09-28T12:11:25.950+00:00,2026-09-28T12:11:26.005+00:00,1268.462,present,3256.1,"{""state"":""present"",""devices"":[{""Status"":""OK"",""Class"":""AndroidUsbDeviceClass"",""FriendlyName"":""Android Bootloader Interface"",""InstanceId"":""USB\\VID_18D1&PID_D00D\\1384E684""}]}",absent,fastboot,28.7,26.1,List of devices attached,1384e684               fastboot
2026-09-28T12:11:26.950+00:00,2026-09-28T12:11:27.009+00:00,1269.465,present,3205.7,"{""state"":""present"",""devices"":[{""Status"":""OK"",""Class"":""AndroidUsbDeviceClass"",""FriendlyName"":""Android Bootloader Interface"",""InstanceId"":""USB\\VID_18D1&PID_D00D\\1384E684""}]}",absent,fastboot,28.7,29.4,List of devices attached,1384e684               fastboot
2026-09-28T12:11:27.951+00:00,2026-09-28T12:11:28.002+00:00,1270.458,present,3205.7,"{""state"":""present"",""devices"":[{""Status"":""OK"",""Class"":""AndroidUsbDeviceClass"",""FriendlyName"":""Android Bootloader Interface"",""InstanceId"":""USB\\VID_18D1&PID_D00D\\1384E684""}]}",absent,fastboot,26.4,24.6,List of devices attached,1384e684               fastboot
2026-09-28T12:11:28.951+00:00,2026-09-28T12:11:29.005+00:00,1271.461,present,3205.7,"{""state"":""present"",""devices"":[{""Status"":""OK"",""Class"":""AndroidUsbDeviceClass"",""FriendlyName"":""Android Bootloader Interface"",""InstanceId"":""USB\\VID_18D1&PID_D00D\\1384E684""}]}",absent,fastboot,28.6,25.1,List of devices attached | emulator-5568          offline transport_id:2163,1384e684               fastboot
2026-09-28T12:11:29.952+00:00,2026-09-28T12:11:30.005+00:00,1272.461,present,3205.7,"{""state"":""present"",""devices"":[{""Status"":""OK"",""Class"":""AndroidUsbDeviceClass"",""FriendlyName"":""Android Bootloader Interface"",""InstanceId"":""USB\\VID_18D1&PID_D00D\\1384E684""}]}",absent,fastboot,27.3,25.8,List of devices attached,1384e684               fastboot
2026-09-28T12:11:30.952+00:00,2026-09-28T12:11:31.005+00:00,1273.462,present,3253.6,"{""state"":""present"",""devices"":[{""Status"":""OK"",""Class"":""AndroidUsbDeviceClass"",""FriendlyName"":""Android Bootloader Interface"",""InstanceId"":""USB\\VID_18D1&PID_D00D\\1384E684""}]}",absent,fastboot,27.7,25.5,List of devices attached,1384e684               fastboot
2026-09-28T12:11:31.952+00:00,2026-09-28T12:11:32.010+00:00,1274.466,present,3253.6,"{""state"":""present"",""devices"":[{""Status"":""OK"",""Class"":""AndroidUsbDeviceClass"",""FriendlyName"":""Android Bootloader Interface"",""InstanceId"":""USB\\VID_18D1&PID_D00D\\1384E684""}]}",absent,fastboot,33.0,24.5,List of devices attached,1384e684               fastboot
2026-09-28T12:11:32.953+00:00,2026-09-28T12:11:33.024+00:00,1275.480,present,3253.6,"{""state"":""present"",""devices"":[{""Status"":""OK"",""Class"":""AndroidUsbDeviceClass"",""FriendlyName"":""Android Bootloader Interface"",""InstanceId"":""USB\\VID_18D1&PID_D00D\\1384E684""}]}",absent,fastboot,45.0,25.8,List of devices attached,1384e684               fastboot
2026-09-28T12:11:33.953+00:00,2026-09-28T12:11:34.007+00:00,1276.463,present,3253.6,"{""state"":""present"",""devices"":[{""Status"":""OK"",""Class"":""AndroidUsbDeviceClass"",""FriendlyName"":""Android Bootloader Interface"",""InstanceId"":""USB\\VID_18D1&PID_D00D\\1384E684""}]}",absent,fastboot,27.2,26.5,List of devices attached | emulator-5568          offline transport_id:2167,1384e684               fastboot
2026-09-28T12:11:34.953+00:00,2026-09-28T12:11:35.018+00:00,1277.474,present,3267.9,"{""state"":""present"",""devices"":[{""Status"":""OK"",""Class"":""AndroidUsbDeviceClass"",""FriendlyName"":""Android Bootloader Interface"",""InstanceId"":""USB\\VID_18D1&PID_D00D\\1384E684""}]}",absent,fastboot,27.7,36.7,List of devices attached,1384e684               fastboot
2026-09-28T12:11:35.954+00:00,2026-09-28T12:11:36.006+00:00,1278.462,present,3267.9,"{""state"":""present"",""devices"":[{""Status"":""OK"",""Class"":""AndroidUsbDeviceClass"",""FriendlyName"":""Android Bootloader Interface"",""InstanceId"":""USB\\VID_18D1&PID_D00D\\1384E684""}]}",absent,fastboot,27.3,24.6,List of devices attached,1384e684               fastboot
2026-09-28T12:11:36.954+00:00,2026-09-28T12:11:37.008+00:00,1279.464,present,3267.9,"{""state"":""present"",""devices"":[{""Status"":""OK"",""Class"":""AndroidUsbDeviceClass"",""FriendlyName"":""Android Bootloader Interface"",""InstanceId"":""USB\\VID_18D1&PID_D00D\\1384E684""}]}",absent,fastboot,29.5,24.1,List of devices attached,1384e684               fastboot
2026-09-28T12:11:37.954+00:00,2026-09-28T12:11:38.007+00:00,1280.464,present,3267.9,"{""state"":""present"",""devices"":[{""Status"":""OK"",""Class"":""AndroidUsbDeviceClass"",""FriendlyName"":""Android Bootloader Interface"",""InstanceId"":""USB\\VID_18D1&PID_D00D\\1384E684""}]}",absent,fastboot,28.3,24.7,List of devices attached | emulator-5568          offline transport_id:2170,1384e684               fastboot
2026-09-28T12:11:38.955+00:00,2026-09-28T12:11:39.017+00:00,1281.473,present,3284.7,"{""state"":""present"",""devices"":[{""Status"":""OK"",""Class"":""AndroidUsbDeviceClass"",""FriendlyName"":""Android Bootloader Interface"",""InstanceId"":""USB\\VID_18D1&PID_D00D\\1384E684""}]}",absent,fastboot,36.0,26.0,List of devices attached,1384e684               fastboot
2026-09-28T12:11:39.955+00:00,2026-09-28T12:11:40.009+00:00,1282.466,present,3284.7,"{""state"":""present"",""devices"":[{""Status"":""OK"",""Class"":""AndroidUsbDeviceClass"",""FriendlyName"":""Android Bootloader Interface"",""InstanceId"":""USB\\VID_18D1&PID_D00D\\1384E684""}]}",absent,fastboot,28.8,25.3,List of devices attached,1384e684               fastboot
2026-09-28T12:11:40.955+00:00,2026-09-28T12:11:41.014+00:00,1283.471,present,3284.7,"{""state"":""present"",""devices"":[{""Status"":""OK"",""Class"":""AndroidUsbDeviceClass"",""FriendlyName"":""Android Bootloader Interface"",""InstanceId"":""USB\\VID_18D1&PID_D00D\\1384E684""}]}",absent,fastboot,29.7,29.1,List of devices attached,1384e684               fastboot
2026-09-28T12:11:41.955+00:00,2026-09-28T12:11:42.008+00:00,1284.464,present,3284.7,"{""state"":""present"",""devices"":[{""Status"":""OK"",""Class"":""AndroidUsbDeviceClass"",""FriendlyName"":""Android Bootloader Interface"",""InstanceId"":""USB\\VID_18D1&PID_D00D\\1384E684""}]}",absent,fastboot,27.3,24.9,List of devices attached,1384e684               fastboot
2026-09-28T12:11:42.956+00:00,2026-09-28T12:11:43.009+00:00,1285.466,present,3290.1,"{""state"":""present"",""devices"":[{""Status"":""OK"",""Class"":""AndroidUsbDeviceClass"",""FriendlyName"":""Android Bootloader Interface"",""InstanceId"":""USB\\VID_18D1&PID_D00D\\1384E684""}]}",absent,fastboot,27.6,25.7,List of devices attached | emulator-5568          offline transport_id:2174,1384e684               fastboot
2026-09-28T12:11:43.956+00:00,2026-09-28T12:11:44.007+00:00,1286.464,present,3290.1,"{""state"":""present"",""devices"":[{""Status"":""OK"",""Class"":""AndroidUsbDeviceClass"",""FriendlyName"":""Android Bootloader Interface"",""InstanceId"":""USB\\VID_18D1&PID_D00D\\1384E684""}]}",absent,fastboot,27.5,23.8,List of devices attached,1384e684               fastboot
2026-09-28T12:11:44.956+00:00,2026-09-28T12:11:45.016+00:00,1287.472,present,3290.1,"{""state"":""present"",""devices"":[{""Status"":""OK"",""Class"":""AndroidUsbDeviceClass"",""FriendlyName"":""Android Bootloader Interface"",""InstanceId"":""USB\\VID_18D1&PID_D00D\\1384E684""}]}",absent,fastboot,32.3,27.0,List of devices attached,1384e684               fastboot
2026-09-28T12:11:45.957+00:00,2026-09-28T12:11:46.011+00:00,1288.468,present,3290.1,"{""state"":""present"",""devices"":[{""Status"":""OK"",""Class"":""AndroidUsbDeviceClass"",""FriendlyName"":""Android Bootloader Interface"",""InstanceId"":""USB\\VID_18D1&PID_D00D\\1384E684""}]}",absent,fastboot,28.3,26.0,List of devices attached,1384e684               fastboot
2026-09-28T12:11:46.957+00:00,2026-09-28T12:11:47.014+00:00,1289.471,present,3331.1,"{""state"":""present"",""devices"":[{""Status"":""OK"",""Class"":""AndroidUsbDeviceClass"",""FriendlyName"":""Android Bootloader Interface"",""InstanceId"":""USB\\VID_18D1&PID_D00D\\1384E684""}]}",absent,fastboot,29.2,27.5,List of devices attached,1384e684               fastboot
2026-09-28T12:11:47.958+00:00,2026-09-28T12:11:48.013+00:00,1290.470,present,3331.1,"{""state"":""present"",""devices"":[{""Status"":""OK"",""Class"":""AndroidUsbDeviceClass"",""FriendlyName"":""Android Bootloader Interface"",""InstanceId"":""USB\\VID_18D1&PID_D00D\\1384E684""}]}",absent,fastboot,29.2,25.7,List of devices attached | emulator-5568          offline transport_id:2178,1384e684               fastboot
2026-09-28T12:11:48.958+00:00,2026-09-28T12:11:49.030+00:00,1291.487,present,3331.1,"{""state"":""present"",""devices"":[{""Status"":""OK"",""Class"":""AndroidUsbDeviceClass"",""FriendlyName"":""Android Bootloader Interface"",""InstanceId"":""USB\\VID_18D1&PID_D00D\\1384E684""}]}",absent,fastboot,30.9,41.0,List of devices attached,1384e684               fastboot
2026-09-28T12:11:49.959+00:00,2026-09-28T12:11:50.015+00:00,1292.471,present,3331.1,"{""state"":""present"",""devices"":[{""Status"":""OK"",""Class"":""AndroidUsbDeviceClass"",""FriendlyName"":""Android Bootloader Interface"",""InstanceId"":""USB\\VID_18D1&PID_D00D\\1384E684""}]}",absent,fastboot,29.3,26.6,List of devices attached,1384e684               fastboot
2026-09-28T12:11:50.959+00:00,2026-09-28T12:11:51.016+00:00,1293.473,present,3417.9,"{""state"":""present"",""devices"":[{""Status"":""OK"",""Class"":""AndroidUsbDeviceClass"",""FriendlyName"":""Android Bootloader Interface"",""InstanceId"":""USB\\VID_18D1&PID_D00D\\1384E684""}]}",absent,fastboot,30.3,26.5,List of devices attached,1384e684               fastboot
2026-09-28T12:11:51.959+00:00,2026-09-28T12:11:52.014+00:00,1294.471,present,3417.9,"{""state"":""present"",""devices"":[{""Status"":""OK"",""Class"":""AndroidUsbDeviceClass"",""FriendlyName"":""Android Bootloader Interface"",""InstanceId"":""USB\\VID_18D1&PID_D00D\\1384E684""}]}",absent,fastboot,27.7,27.2,List of devices attached | emulator-5568          offline transport_id:2181,1384e684               fastboot
2026-09-28T12:11:52.959+00:00,2026-09-28T12:11:53.013+00:00,1295.470,present,3417.9,"{""state"":""present"",""devices"":[{""Status"":""OK"",""Class"":""AndroidUsbDeviceClass"",""FriendlyName"":""Android Bootloader Interface"",""InstanceId"":""USB\\VID_18D1&PID_D00D\\1384E684""}]}",absent,fastboot,27.7,25.7,List of devices attached,1384e684               fastboot
2026-09-28T12:11:53.960+00:00,2026-09-28T12:11:54.019+00:00,1296.475,present,3417.9,"{""state"":""present"",""devices"":[{""Status"":""OK"",""Class"":""AndroidUsbDeviceClass"",""FriendlyName"":""Android Bootloader Interface"",""InstanceId"":""USB\\VID_18D1&PID_D00D\\1384E684""}]}",absent,fastboot,33.0,25.7,List of devices attached,1384e684               fastboot
2026-09-28T12:11:54.960+00:00,2026-09-28T12:11:55.031+00:00,1297.487,present,3380.3,"{""state"":""present"",""devices"":[{""Status"":""OK"",""Class"":""AndroidUsbDeviceClass"",""FriendlyName"":""Android Bootloader Interface"",""InstanceId"":""USB\\VID_18D1&PID_D00D\\1384E684""}]}",absent,fastboot,42.6,27.7,List of devices attached,1384e684               fastboot
2026-09-28T12:11:55.960+00:00,2026-09-28T12:11:56.022+00:00,1298.479,present,3380.3,"{""state"":""present"",""devices"":[{""Status"":""OK"",""Class"":""AndroidUsbDeviceClass"",""FriendlyName"":""Android Bootloader Interface"",""InstanceId"":""USB\\VID_18D1&PID_D00D\\1384E684""}]}",absent,fastboot,28.2,33.8,List of devices attached,1384e684               fastboot
2026-09-28T12:11:56.961+00:00,2026-09-28T12:11:57.016+00:00,1299.472,present,3380.3,"{""state"":""present"",""devices"":[{""Status"":""OK"",""Class"":""AndroidUsbDeviceClass"",""FriendlyName"":""Android Bootloader Interface"",""InstanceId"":""USB\\VID_18D1&PID_D00D\\1384E684""}]}",absent,fastboot,28.8,26.0,List of devices attached | emulator-5568          offline transport_id:2185,1384e684               fastboot
2026-09-28T12:11:57.961+00:00,2026-09-28T12:11:58.013+00:00,1300.470,present,3380.3,"{""state"":""present"",""devices"":[{""Status"":""OK"",""Class"":""AndroidUsbDeviceClass"",""FriendlyName"":""Android Bootloader Interface"",""InstanceId"":""USB\\VID_18D1&PID_D00D\\1384E684""}]}",absent,fastboot,27.3,25.0,List of devices attached,1384e684               fastboot
2026-09-28T12:11:58.961+00:00,2026-09-28T12:11:59.017+00:00,1301.474,present,3252.1,"{""state"":""present"",""devices"":[{""Status"":""OK"",""Class"":""AndroidUsbDeviceClass"",""FriendlyName"":""Android Bootloader Interface"",""InstanceId"":""USB\\VID_18D1&PID_D00D\\1384E684""}]}",absent,fastboot,29.3,26.5,List of devices attached,1384e684               fastboot
2026-09-28T12:11:59.961+00:00,2026-09-28T12:12:00.026+00:00,1302.483,present,3252.1,"{""state"":""present"",""devices"":[{""Status"":""OK"",""Class"":""AndroidUsbDeviceClass"",""FriendlyName"":""Android Bootloader Interface"",""InstanceId"":""USB\\VID_18D1&PID_D00D\\1384E684""}]}",absent,fastboot,38.3,26.4,List of devices attached,1384e684               fastboot
2026-09-28T12:12:00.962+00:00,2026-09-28T12:12:01.018+00:00,1303.475,present,3252.1,"{""state"":""present"",""devices"":[{""Status"":""OK"",""Class"":""AndroidUsbDeviceClass"",""FriendlyName"":""Android Bootloader Interface"",""InstanceId"":""USB\\VID_18D1&PID_D00D\\1384E684""}]}",absent,fastboot,29.3,26.9,List of devices attached,1384e684               fastboot
2026-09-28T12:12:01.962+00:00,2026-09-28T12:12:02.027+00:00,1304.484,present,3252.1,"{""state"":""present"",""devices"":[{""Status"":""OK"",""Class"":""AndroidUsbDeviceClass"",""FriendlyName"":""Android Bootloader Interface"",""InstanceId"":""USB\\VID_18D1&PID_D00D\\1384E684""}]}",absent,fastboot,28.0,36.9,List of devices attached | emulator-5568          offline transport_id:2189,1384e684               fastboot
2026-09-28T12:12:02.962+00:00,2026-09-28T12:12:03.014+00:00,1305.470,present,3231.2,"{""state"":""present"",""devices"":[{""Status"":""OK"",""Class"":""AndroidUsbDeviceClass"",""FriendlyName"":""Android Bootloader Interface"",""InstanceId"":""USB\\VID_18D1&PID_D00D\\1384E684""}]}",absent,fastboot,27.4,23.9,List of devices attached,1384e684               fastboot
2026-09-28T12:12:03.963+00:00,2026-09-28T12:12:04.015+00:00,1306.472,present,3231.2,"{""state"":""present"",""devices"":[{""Status"":""OK"",""Class"":""AndroidUsbDeviceClass"",""FriendlyName"":""Android Bootloader Interface"",""InstanceId"":""USB\\VID_18D1&PID_D00D\\1384E684""}]}",absent,fastboot,27.4,24.9,List of devices attached,1384e684               fastboot
2026-09-28T12:12:04.963+00:00,2026-09-28T12:12:05.017+00:00,1307.473,present,3231.2,"{""state"":""present"",""devices"":[{""Status"":""OK"",""Class"":""AndroidUsbDeviceClass"",""FriendlyName"":""Android Bootloader Interface"",""InstanceId"":""USB\\VID_18D1&PID_D00D\\1384E684""}]}",absent,fastboot,28.7,24.4,List of devices attached,1384e684               fastboot
2026-09-28T12:12:05.964+00:00,2026-09-28T12:12:06.018+00:00,1308.475,present,3231.2,"{""state"":""present"",""devices"":[{""Status"":""OK"",""Class"":""AndroidUsbDeviceClass"",""FriendlyName"":""Android Bootloader Interface"",""InstanceId"":""USB\\VID_18D1&PID_D00D\\1384E684""}]}",absent,fastboot,29.4,24.9,List of devices attached | emulator-5568          offline transport_id:2192,1384e684               fastboot
2026-09-28T12:12:06.964+00:00,2026-09-28T12:12:07.018+00:00,1309.475,present,3247.7,"{""state"":""present"",""devices"":[{""Status"":""OK"",""Class"":""AndroidUsbDeviceClass"",""FriendlyName"":""Android Bootloader Interface"",""InstanceId"":""USB\\VID_18D1&PID_D00D\\1384E684""}]}",absent,fastboot,28.4,26.1,List of devices attached,1384e684               fastboot
2026-09-28T12:12:07.964+00:00,2026-09-28T12:12:08.033+00:00,1310.490,present,3247.7,"{""state"":""present"",""devices"":[{""Status"":""OK"",""Class"":""AndroidUsbDeviceClass"",""FriendlyName"":""Android Bootloader Interface"",""InstanceId"":""USB\\VID_18D1&PID_D00D\\1384E684""}]}",absent,fastboot,28.9,39.8,List of devices attached,1384e684               fastboot
2026-09-28T12:12:08.964+00:00,2026-09-28T12:12:09.018+00:00,1311.475,present,3247.7,"{""state"":""present"",""devices"":[{""Status"":""OK"",""Class"":""AndroidUsbDeviceClass"",""FriendlyName"":""Android Bootloader Interface"",""InstanceId"":""USB\\VID_18D1&PID_D00D\\1384E684""}]}",absent,fastboot,27.5,26.1,List of devices attached,1384e684               fastboot
2026-09-28T12:12:09.965+00:00,2026-09-28T12:12:10.019+00:00,1312.476,present,3247.7,"{""state"":""present"",""devices"":[{""Status"":""OK"",""Class"":""AndroidUsbDeviceClass"",""FriendlyName"":""Android Bootloader Interface"",""InstanceId"":""USB\\VID_18D1&PID_D00D\\1384E684""}]}",absent,fastboot,28.2,26.0,List of devices attached,1384e684               fastboot
2026-09-28T12:12:10.965+00:00,2026-09-28T12:12:11.021+00:00,1313.478,present,3508.4,"{""state"":""present"",""devices"":[{""Status"":""OK"",""Class"":""AndroidUsbDeviceClass"",""FriendlyName"":""Android Bootloader Interface"",""InstanceId"":""USB\\VID_18D1&PID_D00D\\1384E684""}]}",absent,fastboot,29.8,26.3,List of devices attached | emulator-5568          offline transport_id:2196,1384e684               fastboot
2026-09-28T12:12:11.965+00:00,2026-09-28T12:12:12.018+00:00,1314.475,present,3508.4,"{""state"":""present"",""devices"":[{""Status"":""OK"",""Class"":""AndroidUsbDeviceClass"",""FriendlyName"":""Android Bootloader Interface"",""InstanceId"":""USB\\VID_18D1&PID_D00D\\1384E684""}]}",absent,fastboot,28.3,24.3,List of devices attached,1384e684               fastboot
2026-09-28T12:12:12.966+00:00,2026-09-28T12:12:13.019+00:00,1315.475,present,3508.4,"{""state"":""present"",""devices"":[{""Status"":""OK"",""Class"":""AndroidUsbDeviceClass"",""FriendlyName"":""Android Bootloader Interface"",""InstanceId"":""USB\\VID_18D1&PID_D00D\\1384E684""}]}",absent,fastboot,28.2,24.5,List of devices attached,1384e684               fastboot
2026-09-28T12:12:13.966+00:00,2026-09-28T12:12:14.042+00:00,1316.498,present,3508.4,"{""state"":""present"",""devices"":[{""Status"":""OK"",""Class"":""AndroidUsbDeviceClass"",""FriendlyName"":""Android Bootloader Interface"",""InstanceId"":""USB\\VID_18D1&PID_D00D\\1384E684""}]}",absent,fastboot,33.2,42.3,List of devices attached,1384e684               fastboot
2026-09-28T12:12:14.967+00:00,2026-09-28T12:12:15.023+00:00,1317.479,present,3621.8,"{""state"":""present"",""devices"":[{""Status"":""OK"",""Class"":""AndroidUsbDeviceClass"",""FriendlyName"":""Android Bootloader Interface"",""InstanceId"":""USB\\VID_18D1&PID_D00D\\1384E684""}]}",absent,fastboot,28.9,27.2,List of devices attached,1384e684               fastboot
2026-09-28T12:12:15.967+00:00,2026-09-28T12:12:16.026+00:00,1318.483,present,3621.8,"{""state"":""present"",""devices"":[{""Status"":""OK"",""Class"":""AndroidUsbDeviceClass"",""FriendlyName"":""Android Bootloader Interface"",""InstanceId"":""USB\\VID_18D1&PID_D00D\\1384E684""}]}",absent,fastboot,29.0,30.5,List of devices attached,1384e684               fastboot
2026-09-28T12:12:16.967+00:00,2026-09-28T12:12:17.020+00:00,1319.476,present,3621.8,"{""state"":""present"",""devices"":[{""Status"":""OK"",""Class"":""AndroidUsbDeviceClass"",""FriendlyName"":""Android Bootloader Interface"",""InstanceId"":""USB\\VID_18D1&PID_D00D\\1384E684""}]}",absent,fastboot,28.2,24.4,List of devices attached,1384e684               fastboot
2026-09-28T12:12:17.967+00:00,2026-09-28T12:12:18.019+00:00,1320.476,present,3621.8,"{""state"":""present"",""devices"":[{""Status"":""OK"",""Class"":""AndroidUsbDeviceClass"",""FriendlyName"":""Android Bootloader Interface"",""InstanceId"":""USB\\VID_18D1&PID_D00D\\1384E684""}]}",absent,fastboot,28.5,23.5,List of devices attached,1384e684               fastboot
2026-09-28T12:12:18.968+00:00,2026-09-28T12:12:19.022+00:00,1321.478,present,3335.6,"{""state"":""present"",""devices"":[{""Status"":""OK"",""Class"":""AndroidUsbDeviceClass"",""FriendlyName"":""Android Bootloader Interface"",""InstanceId"":""USB\\VID_18D1&PID_D00D\\1384E684""}]}",absent,fastboot,28.3,25.4,List of devices attached,1384e684               fastboot
2026-09-28T12:12:19.968+00:00,2026-09-28T12:12:20.022+00:00,1322.479,present,3335.6,"{""state"":""present"",""devices"":[{""Status"":""OK"",""Class"":""AndroidUsbDeviceClass"",""FriendlyName"":""Android Bootloader Interface"",""InstanceId"":""USB\\VID_18D1&PID_D00D\\1384E684""}]}",absent,fastboot,28.7,25.1,List of devices attached | emulator-5568          offline transport_id:2203,1384e684               fastboot
2026-09-28T12:12:20.969+00:00,2026-09-28T12:12:21.025+00:00,1323.481,present,3335.6,"{""state"":""present"",""devices"":[{""Status"":""OK"",""Class"":""AndroidUsbDeviceClass"",""FriendlyName"":""Android Bootloader Interface"",""InstanceId"":""USB\\VID_18D1&PID_D00D\\1384E684""}]}",absent,fastboot,31.1,25.0,List of devices attached,1384e684               fastboot
2026-09-28T12:12:21.969+00:00,2026-09-28T12:12:22.038+00:00,1324.494,present,3335.6,"{""state"":""present"",""devices"":[{""Status"":""OK"",""Class"":""AndroidUsbDeviceClass"",""FriendlyName"":""Android Bootloader Interface"",""InstanceId"":""USB\\VID_18D1&PID_D00D\\1384E684""}]}",absent,fastboot,44.2,23.9,List of devices attached,1384e684               fastboot
2026-09-28T12:12:22.970+00:00,2026-09-28T12:12:23.023+00:00,1325.480,present,3169.4,"{""state"":""present"",""devices"":[{""Status"":""OK"",""Class"":""AndroidUsbDeviceClass"",""FriendlyName"":""Android Bootloader Interface"",""InstanceId"":""USB\\VID_18D1&PID_D00D\\1384E684""}]}",absent,fastboot,27.5,25.4,List of devices attached,1384e684               fastboot
2026-09-28T12:12:23.970+00:00,2026-09-28T12:12:24.022+00:00,1326.478,present,3169.4,"{""state"":""present"",""devices"":[{""Status"":""OK"",""Class"":""AndroidUsbDeviceClass"",""FriendlyName"":""Android Bootloader Interface"",""InstanceId"":""USB\\VID_18D1&PID_D00D\\1384E684""}]}",absent,fastboot,27.2,24.1,List of devices attached,1384e684               fastboot
2026-09-28T12:12:24.970+00:00,2026-09-28T12:12:25.025+00:00,1327.481,present,3169.4,"{""state"":""present"",""devices"":[{""Status"":""OK"",""Class"":""AndroidUsbDeviceClass"",""FriendlyName"":""Android Bootloader Interface"",""InstanceId"":""USB\\VID_18D1&PID_D00D\\1384E684""}]}",absent,fastboot,28.3,25.9,List of devices attached | emulator-5568          offline transport_id:2207,1384e684               fastboot
2026-09-28T12:12:25.971+00:00,2026-09-28T12:12:26.040+00:00,1328.496,present,3169.4,"{""state"":""present"",""devices"":[{""Status"":""OK"",""Class"":""AndroidUsbDeviceClass"",""FriendlyName"":""Android Bootloader Interface"",""InstanceId"":""USB\\VID_18D1&PID_D00D\\1384E684""}]}",absent,fastboot,44.0,25.0,List of devices attached,1384e684               fastboot
2026-09-28T12:12:26.971+00:00,2026-09-28T12:12:27.031+00:00,1329.487,present,3204.6,"{""state"":""present"",""devices"":[{""Status"":""OK"",""Class"":""AndroidUsbDeviceClass"",""FriendlyName"":""Android Bootloader Interface"",""InstanceId"":""USB\\VID_18D1&PID_D00D\\1384E684""}]}",absent,fastboot,27.3,32.2,List of devices attached,1384e684               fastboot
2026-09-28T12:12:27.971+00:00,2026-09-28T12:12:28.026+00:00,1330.483,present,3204.6,"{""state"":""present"",""devices"":[{""Status"":""OK"",""Class"":""AndroidUsbDeviceClass"",""FriendlyName"":""Android Bootloader Interface"",""InstanceId"":""USB\\VID_18D1&PID_D00D\\1384E684""}]}",absent,fastboot,29.5,25.4,List of devices attached,1384e684               fastboot
2026-09-28T12:12:28.972+00:00,2026-09-28T12:12:29.026+00:00,1331.482,present,3204.6,"{""state"":""present"",""devices"":[{""Status"":""OK"",""Class"":""AndroidUsbDeviceClass"",""FriendlyName"":""Android Bootloader Interface"",""InstanceId"":""USB\\VID_18D1&PID_D00D\\1384E684""}]}",absent,fastboot,28.5,25.2,List of devices attached,1384e684               fastboot
2026-09-28T12:12:29.972+00:00,2026-09-28T12:12:30.024+00:00,1332.481,present,3204.6,"{""state"":""present"",""devices"":[{""Status"":""OK"",""Class"":""AndroidUsbDeviceClass"",""FriendlyName"":""Android Bootloader Interface"",""InstanceId"":""USB\\VID_18D1&PID_D00D\\1384E684""}]}",absent,fastboot,27.6,24.4,List of devices attached | emulator-5568          offline transport_id:2211,1384e684               fastboot
2026-09-28T12:12:30.973+00:00,2026-09-28T12:12:31.031+00:00,1333.488,present,3291.2,"{""state"":""present"",""devices"":[{""Status"":""OK"",""Class"":""AndroidUsbDeviceClass"",""FriendlyName"":""Android Bootloader Interface"",""InstanceId"":""USB\\VID_18D1&PID_D00D\\1384E684""}]}",absent,fastboot,30.0,28.4,List of devices attached,1384e684               fastboot
2026-09-28T12:12:31.973+00:00,2026-09-28T12:12:32.037+00:00,1334.494,present,3291.2,"{""state"":""present"",""devices"":[{""Status"":""OK"",""Class"":""AndroidUsbDeviceClass"",""FriendlyName"":""Android Bootloader Interface"",""InstanceId"":""USB\\VID_18D1&PID_D00D\\1384E684""}]}",absent,fastboot,28.4,35.8,List of devices attached,1384e684               fastboot
2026-09-28T12:12:32.973+00:00,2026-09-28T12:12:33.030+00:00,1335.486,present,3291.2,"{""state"":""present"",""devices"":[{""Status"":""OK"",""Class"":""AndroidUsbDeviceClass"",""FriendlyName"":""Android Bootloader Interface"",""InstanceId"":""USB\\VID_18D1&PID_D00D\\1384E684""}]}",absent,fastboot,29.3,26.9,List of devices attached,1384e684               fastboot
2026-09-28T12:12:33.973+00:00,2026-09-28T12:12:34.028+00:00,1336.485,present,3291.2,"{""state"":""present"",""devices"":[{""Status"":""OK"",""Class"":""AndroidUsbDeviceClass"",""FriendlyName"":""Android Bootloader Interface"",""InstanceId"":""USB\\VID_18D1&PID_D00D\\1384E684""}]}",absent,fastboot,28.4,26.3,List of devices attached | emulator-5568          offline transport_id:2214,1384e684               fastboot
2026-09-28T12:12:34.974+00:00,2026-09-28T12:12:35.030+00:00,1337.487,present,3358.7,"{""state"":""present"",""devices"":[{""Status"":""OK"",""Class"":""AndroidUsbDeviceClass"",""FriendlyName"":""Android Bootloader Interface"",""InstanceId"":""USB\\VID_18D1&PID_D00D\\1384E684""}]}",absent,fastboot,30.0,25.9,List of devices attached,1384e684               fastboot
2026-09-28T12:12:35.974+00:00,2026-09-28T12:12:36.030+00:00,1338.486,present,3358.7,"{""state"":""present"",""devices"":[{""Status"":""OK"",""Class"":""AndroidUsbDeviceClass"",""FriendlyName"":""Android Bootloader Interface"",""InstanceId"":""USB\\VID_18D1&PID_D00D\\1384E684""}]}",absent,fastboot,29.2,26.1,List of devices attached,1384e684               fastboot
2026-09-28T12:12:36.975+00:00,2026-09-28T12:12:37.048+00:00,1339.505,present,3358.7,"{""state"":""present"",""devices"":[{""Status"":""OK"",""Class"":""AndroidUsbDeviceClass"",""FriendlyName"":""Android Bootloader Interface"",""InstanceId"":""USB\\VID_18D1&PID_D00D\\1384E684""}]}",absent,fastboot,44.7,28.4,List of devices attached,1384e684               fastboot
2026-09-28T12:12:37.975+00:00,2026-09-28T12:12:38.033+00:00,1340.490,present,3358.7,"{""state"":""present"",""devices"":[{""Status"":""OK"",""Class"":""AndroidUsbDeviceClass"",""FriendlyName"":""Android Bootloader Interface"",""InstanceId"":""USB\\VID_18D1&PID_D00D\\1384E684""}]}",absent,fastboot,26.4,31.5,List of devices attached,1384e684               fastboot
2026-09-28T12:12:38.975+00:00,2026-09-28T12:12:39.027+00:00,1341.483,present,3288.5,"{""state"":""present"",""devices"":[{""Status"":""OK"",""Class"":""AndroidUsbDeviceClass"",""FriendlyName"":""Android Bootloader Interface"",""InstanceId"":""USB\\VID_18D1&PID_D00D\\1384E684""}]}",absent,fastboot,27.6,23.7,List of devices attached | emulator-5568          offline transport_id:2218,1384e684               fastboot
2026-09-28T12:12:39.976+00:00,2026-09-28T12:12:40.028+00:00,1342.485,present,3288.5,"{""state"":""present"",""devices"":[{""Status"":""OK"",""Class"":""AndroidUsbDeviceClass"",""FriendlyName"":""Android Bootloader Interface"",""InstanceId"":""USB\\VID_18D1&PID_D00D\\1384E684""}]}",absent,fastboot,27.7,24.4,List of devices attached,1384e684               fastboot
2026-09-28T12:12:40.976+00:00,2026-09-28T12:12:41.033+00:00,1343.490,present,3288.5,"{""state"":""present"",""devices"":[{""Status"":""OK"",""Class"":""AndroidUsbDeviceClass"",""FriendlyName"":""Android Bootloader Interface"",""InstanceId"":""USB\\VID_18D1&PID_D00D\\1384E684""}]}",absent,fastboot,30.4,26.4,List of devices attached,1384e684               fastboot
2026-09-28T12:12:41.976+00:00,2026-09-28T12:12:42.034+00:00,1344.490,present,3288.5,"{""state"":""present"",""devices"":[{""Status"":""OK"",""Class"":""AndroidUsbDeviceClass"",""FriendlyName"":""Android Bootloader Interface"",""InstanceId"":""USB\\VID_18D1&PID_D00D\\1384E684""}]}",absent,fastboot,29.6,27.5,List of devices attached,1384e684               fastboot
2026-09-28T12:12:42.977+00:00,2026-09-28T12:12:43.031+00:00,1345.488,present,3298.7,"{""state"":""present"",""devices"":[{""Status"":""OK"",""Class"":""AndroidUsbDeviceClass"",""FriendlyName"":""Android Bootloader Interface"",""InstanceId"":""USB\\VID_18D1&PID_D00D\\1384E684""}]}",absent,fastboot,28.3,25.5,List of devices attached,1384e684               fastboot
2026-09-28T12:12:43.977+00:00,2026-09-28T12:12:44.038+00:00,1346.495,present,3298.7,"{""state"":""present"",""devices"":[{""Status"":""OK"",""Class"":""AndroidUsbDeviceClass"",""FriendlyName"":""Android Bootloader Interface"",""InstanceId"":""USB\\VID_18D1&PID_D00D\\1384E684""}]}",absent,fastboot,27.5,33.0,List of devices attached,1384e684               fastboot
2026-09-28T12:12:44.978+00:00,2026-09-28T12:12:45.029+00:00,1347.485,present,3298.7,"{""state"":""present"",""devices"":[{""Status"":""OK"",""Class"":""AndroidUsbDeviceClass"",""FriendlyName"":""Android Bootloader Interface"",""InstanceId"":""USB\\VID_18D1&PID_D00D\\1384E684""}]}",absent,fastboot,26.7,24.3,List of devices attached,1384e684               fastboot
2026-09-28T12:12:45.978+00:00,2026-09-28T12:12:46.030+00:00,1348.487,present,3298.7,"{""state"":""present"",""devices"":[{""Status"":""OK"",""Class"":""AndroidUsbDeviceClass"",""FriendlyName"":""Android Bootloader Interface"",""InstanceId"":""USB\\VID_18D1&PID_D00D\\1384E684""}]}",absent,fastboot,27.1,24.9,List of devices attached,1384e684               fastboot
2026-09-28T12:12:46.979+00:00,2026-09-28T12:12:47.031+00:00,1349.488,present,3116.4,"{""state"":""present"",""devices"":[{""Status"":""OK"",""Class"":""AndroidUsbDeviceClass"",""FriendlyName"":""Android Bootloader Interface"",""InstanceId"":""USB\\VID_18D1&PID_D00D\\1384E684""}]}",absent,fastboot,28.4,24.2,List of devices attached,1384e684               fastboot
2026-09-28T12:12:47.979+00:00,2026-09-28T12:12:48.036+00:00,1350.492,present,3116.4,"{""state"":""present"",""devices"":[{""Status"":""OK"",""Class"":""AndroidUsbDeviceClass"",""FriendlyName"":""Android Bootloader Interface"",""InstanceId"":""USB\\VID_18D1&PID_D00D\\1384E684""}]}",absent,fastboot,29.3,27.6,List of devices attached | emulator-5568          offline transport_id:2225,1384e684               fastboot
2026-09-28T12:12:48.979+00:00,2026-09-28T12:12:49.038+00:00,1351.495,present,3116.4,"{""state"":""present"",""devices"":[{""Status"":""OK"",""Class"":""AndroidUsbDeviceClass"",""FriendlyName"":""Android Bootloader Interface"",""InstanceId"":""USB\\VID_18D1&PID_D00D\\1384E684""}]}",absent,fastboot,31.7,27.4,List of devices attached,1384e684               fastboot
2026-09-28T12:12:49.979+00:00,2026-09-28T12:12:50.038+00:00,1352.495,present,3116.4,"{""state"":""present"",""devices"":[{""Status"":""OK"",""Class"":""AndroidUsbDeviceClass"",""FriendlyName"":""Android Bootloader Interface"",""InstanceId"":""USB\\VID_18D1&PID_D00D\\1384E684""}]}",absent,fastboot,28.8,30.0,List of devices attached,1384e684               fastboot
2026-09-28T12:12:50.980+00:00,2026-09-28T12:12:51.033+00:00,1353.489,present,3481.5,"{""state"":""present"",""devices"":[{""Status"":""OK"",""Class"":""AndroidUsbDeviceClass"",""FriendlyName"":""Android Bootloader Interface"",""InstanceId"":""USB\\VID_18D1&PID_D00D\\1384E684""}]}",absent,fastboot,27.6,25.1,List of devices attached,1384e684               fastboot
2026-09-28T12:12:51.980+00:00,2026-09-28T12:12:52.036+00:00,1354.492,present,3481.5,"{""state"":""present"",""devices"":[{""Status"":""OK"",""Class"":""AndroidUsbDeviceClass"",""FriendlyName"":""Android Bootloader Interface"",""InstanceId"":""USB\\VID_18D1&PID_D00D\\1384E684""}]}",absent,fastboot,29.2,26.1,List of devices attached,1384e684               fastboot
2026-09-28T12:12:52.980+00:00,2026-09-28T12:12:53.036+00:00,1355.493,present,3481.5,"{""state"":""present"",""devices"":[{""Status"":""OK"",""Class"":""AndroidUsbDeviceClass"",""FriendlyName"":""Android Bootloader Interface"",""InstanceId"":""USB\\VID_18D1&PID_D00D\\1384E684""}]}",absent,fastboot,29.8,26.1,List of devices attached | emulator-5568          offline transport_id:2229,1384e684               fastboot
2026-09-28T12:12:53.981+00:00,2026-09-28T12:12:54.038+00:00,1356.495,present,3481.5,"{""state"":""present"",""devices"":[{""Status"":""OK"",""Class"":""AndroidUsbDeviceClass"",""FriendlyName"":""Android Bootloader Interface"",""InstanceId"":""USB\\VID_18D1&PID_D00D\\1384E684""}]}",absent,fastboot,33.5,24.0,List of devices attached,1384e684               fastboot
2026-09-28T12:12:54.981+00:00,2026-09-28T12:12:55.041+00:00,1357.498,present,3350.4,"{""state"":""present"",""devices"":[{""Status"":""OK"",""Class"":""AndroidUsbDeviceClass"",""FriendlyName"":""Android Bootloader Interface"",""InstanceId"":""USB\\VID_18D1&PID_D00D\\1384E684""}]}",absent,fastboot,27.7,31.7,List of devices attached,1384e684               fastboot
2026-09-28T12:12:55.982+00:00,2026-09-28T12:12:56.035+00:00,1358.492,present,3350.4,"{""state"":""present"",""devices"":[{""Status"":""OK"",""Class"":""AndroidUsbDeviceClass"",""FriendlyName"":""Android Bootloader Interface"",""InstanceId"":""USB\\VID_18D1&PID_D00D\\1384E684""}]}",absent,fastboot,27.7,25.6,List of devices attached,1384e684               fastboot
2026-09-28T12:12:56.982+00:00,2026-09-28T12:12:57.037+00:00,1359.493,present,3350.4,"{""state"":""present"",""devices"":[{""Status"":""OK"",""Class"":""AndroidUsbDeviceClass"",""FriendlyName"":""Android Bootloader Interface"",""InstanceId"":""USB\\VID_18D1&PID_D00D\\1384E684""}]}",absent,fastboot,29.3,25.0,List of devices attached,1384e684               fastboot
2026-09-28T12:12:57.983+00:00,2026-09-28T12:12:58.040+00:00,1360.497,present,3350.4,"{""state"":""present"",""devices"":[{""Status"":""OK"",""Class"":""AndroidUsbDeviceClass"",""FriendlyName"":""Android Bootloader Interface"",""InstanceId"":""USB\\VID_18D1&PID_D00D\\1384E684""}]}",absent,fastboot,30.4,27.1,List of devices attached,1384e684               fastboot
2026-09-28T12:12:58.983+00:00,2026-09-28T12:12:59.048+00:00,1361.504,present,3396.6,"{""state"":""present"",""devices"":[{""Status"":""OK"",""Class"":""AndroidUsbDeviceClass"",""FriendlyName"":""Android Bootloader Interface"",""InstanceId"":""USB\\VID_18D1&PID_D00D\\1384E684""}]}",absent,fastboot,36.8,27.9,List of devices attached,1384e684               fastboot
2026-09-28T12:12:59.984+00:00,2026-09-28T12:13:00.043+00:00,1362.500,present,3396.6,"{""state"":""present"",""devices"":[{""Status"":""OK"",""Class"":""AndroidUsbDeviceClass"",""FriendlyName"":""Android Bootloader Interface"",""InstanceId"":""USB\\VID_18D1&PID_D00D\\1384E684""}]}",absent,fastboot,27.4,32.2,List of devices attached,1384e684               fastboot
2026-09-28T12:13:00.984+00:00,2026-09-28T12:13:01.039+00:00,1363.495,present,3396.6,"{""state"":""present"",""devices"":[{""Status"":""OK"",""Class"":""AndroidUsbDeviceClass"",""FriendlyName"":""Android Bootloader Interface"",""InstanceId"":""USB\\VID_18D1&PID_D00D\\1384E684""}]}",absent,fastboot,28.7,26.1,List of devices attached,1384e684               fastboot
2026-09-28T12:13:01.984+00:00,2026-09-28T12:13:02.036+00:00,1364.493,present,3396.6,"{""state"":""present"",""devices"":[{""Status"":""OK"",""Class"":""AndroidUsbDeviceClass"",""FriendlyName"":""Android Bootloader Interface"",""InstanceId"":""USB\\VID_18D1&PID_D00D\\1384E684""}]}",absent,fastboot,27.4,24.9,List of devices attached | emulator-5568          offline transport_id:2236,1384e684               fastboot
2026-09-28T12:13:02.984+00:00,2026-09-28T12:13:03.037+00:00,1365.494,present,3285.5,"{""state"":""present"",""devices"":[{""Status"":""OK"",""Class"":""AndroidUsbDeviceClass"",""FriendlyName"":""Android Bootloader Interface"",""InstanceId"":""USB\\VID_18D1&PID_D00D\\1384E684""}]}",absent,fastboot,27.4,25.4,List of devices attached,1384e684               fastboot
2026-09-28T12:13:03.984+00:00,2026-09-28T12:13:04.037+00:00,1366.493,present,3285.5,"{""state"":""present"",""devices"":[{""Status"":""OK"",""Class"":""AndroidUsbDeviceClass"",""FriendlyName"":""Android Bootloader Interface"",""InstanceId"":""USB\\VID_18D1&PID_D00D\\1384E684""}]}",absent,fastboot,27.7,24.4,List of devices attached,1384e684               fastboot
2026-09-28T12:13:04.985+00:00,2026-09-28T12:13:05.040+00:00,1367.496,present,3285.5,"{""state"":""present"",""devices"":[{""Status"":""OK"",""Class"":""AndroidUsbDeviceClass"",""FriendlyName"":""Android Bootloader Interface"",""InstanceId"":""USB\\VID_18D1&PID_D00D\\1384E684""}]}",absent,fastboot,29.3,25.5,List of devices attached,1384e684               fastboot
2026-09-28T12:13:05.985+00:00,2026-09-28T12:13:06.054+00:00,1368.511,present,3285.5,"{""state"":""present"",""devices"":[{""Status"":""OK"",""Class"":""AndroidUsbDeviceClass"",""FriendlyName"":""Android Bootloader Interface"",""InstanceId"":""USB\\VID_18D1&PID_D00D\\1384E684""}]}",absent,fastboot,44.9,24.2,List of devices attached,1384e684               fastboot
2026-09-28T12:13:06.985+00:00,2026-09-28T12:13:07.039+00:00,1369.495,present,3376.6,"{""state"":""present"",""devices"":[{""Status"":""OK"",""Class"":""AndroidUsbDeviceClass"",""FriendlyName"":""Android Bootloader Interface"",""InstanceId"":""USB\\VID_18D1&PID_D00D\\1384E684""}]}",absent,fastboot,27.8,25.3,List of devices attached | emulator-5568          offline transport_id:2240,1384e684               fastboot
2026-09-28T12:13:07.986+00:00,2026-09-28T12:13:08.039+00:00,1370.496,present,3376.6,"{""state"":""present"",""devices"":[{""Status"":""OK"",""Class"":""AndroidUsbDeviceClass"",""FriendlyName"":""Android Bootloader Interface"",""InstanceId"":""USB\\VID_18D1&PID_D00D\\1384E684""}]}",absent,fastboot,28.8,24.9,List of devices attached,1384e684               fastboot
2026-09-28T12:13:08.986+00:00,2026-09-28T12:13:09.040+00:00,1371.497,present,3376.6,"{""state"":""present"",""devices"":[{""Status"":""OK"",""Class"":""AndroidUsbDeviceClass"",""FriendlyName"":""Android Bootloader Interface"",""InstanceId"":""USB\\VID_18D1&PID_D00D\\1384E684""}]}",absent,fastboot,27.8,26.1,List of devices attached,1384e684               fastboot
2026-09-28T12:13:09.986+00:00,2026-09-28T12:13:10.039+00:00,1372.496,present,3376.6,"{""state"":""present"",""devices"":[{""Status"":""OK"",""Class"":""AndroidUsbDeviceClass"",""FriendlyName"":""Android Bootloader Interface"",""InstanceId"":""USB\\VID_18D1&PID_D00D\\1384E684""}]}",absent,fastboot,28.2,24.5,List of devices attached,1384e684               fastboot
2026-09-28T12:13:10.987+00:00,2026-09-28T12:13:11.056+00:00,1373.512,present,3471.0,"{""state"":""present"",""devices"":[{""Status"":""OK"",""Class"":""AndroidUsbDeviceClass"",""FriendlyName"":""Android Bootloader Interface"",""InstanceId"":""USB\\VID_18D1&PID_D00D\\1384E684""}]}",absent,fastboot,43.2,25.4,List of devices attached,1384e684               fastboot
2026-09-28T12:13:11.987+00:00,2026-09-28T12:13:12.049+00:00,1374.505,present,3471.0,"{""state"":""present"",""devices"":[{""Status"":""OK"",""Class"":""AndroidUsbDeviceClass"",""FriendlyName"":""Android Bootloader Interface"",""InstanceId"":""USB\\VID_18D1&PID_D00D\\1384E684""}]}",absent,fastboot,27.4,34.0,List of devices attached | emulator-5568          offline transport_id:2244,1384e684               fastboot
2026-09-28T12:13:12.988+00:00,2026-09-28T12:13:13.040+00:00,1375.497,present,3471.0,"{""state"":""present"",""devices"":[{""Status"":""OK"",""Class"":""AndroidUsbDeviceClass"",""FriendlyName"":""Android Bootloader Interface"",""InstanceId"":""USB\\VID_18D1&PID_D00D\\1384E684""}]}",absent,fastboot,28.3,24.3,List of devices attached,1384e684               fastboot
2026-09-28T12:13:13.988+00:00,2026-09-28T12:13:14.042+00:00,1376.498,present,3471.0,"{""state"":""present"",""devices"":[{""Status"":""OK"",""Class"":""AndroidUsbDeviceClass"",""FriendlyName"":""Android Bootloader Interface"",""InstanceId"":""USB\\VID_18D1&PID_D00D\\1384E684""}]}",absent,fastboot,27.9,25.9,List of devices attached,1384e684               fastboot
2026-09-28T12:13:14.988+00:00,2026-09-28T12:13:15.042+00:00,1377.499,present,3542.7,"{""state"":""present"",""devices"":[{""Status"":""OK"",""Class"":""AndroidUsbDeviceClass"",""FriendlyName"":""Android Bootloader Interface"",""InstanceId"":""USB\\VID_18D1&PID_D00D\\1384E684""}]}",absent,fastboot,27.3,26.4,List of devices attached,1384e684               fastboot
2026-09-28T12:13:15.988+00:00,2026-09-28T12:13:16.044+00:00,1378.500,present,3542.7,"{""state"":""present"",""devices"":[{""Status"":""OK"",""Class"":""AndroidUsbDeviceClass"",""FriendlyName"":""Android Bootloader Interface"",""InstanceId"":""USB\\VID_18D1&PID_D00D\\1384E684""}]}",absent,fastboot,29.8,25.2,List of devices attached | emulator-5568          offline transport_id:2247,1384e684               fastboot
2026-09-28T12:13:16.989+00:00,2026-09-28T12:13:17.059+00:00,1379.515,present,3542.7,"{""state"":""present"",""devices"":[{""Status"":""OK"",""Class"":""AndroidUsbDeviceClass"",""FriendlyName"":""Android Bootloader Interface"",""InstanceId"":""USB\\VID_18D1&PID_D00D\\1384E684""}]}",absent,fastboot,43.3,26.6,List of devices attached,1384e684               fastboot
2026-09-28T12:13:17.989+00:00,2026-09-28T12:13:18.040+00:00,1380.497,present,3542.7,"{""state"":""present"",""devices"":[{""Status"":""OK"",""Class"":""AndroidUsbDeviceClass"",""FriendlyName"":""Android Bootloader Interface"",""InstanceId"":""USB\\VID_18D1&PID_D00D\\1384E684""}]}",absent,fastboot,26.1,24.9,List of devices attached,1384e684               fastboot
2026-09-28T12:13:18.989+00:00,2026-09-28T12:13:19.047+00:00,1381.504,present,3368.0,"{""state"":""present"",""devices"":[{""Status"":""OK"",""Class"":""AndroidUsbDeviceClass"",""FriendlyName"":""Android Bootloader Interface"",""InstanceId"":""USB\\VID_18D1&PID_D00D\\1384E684""}]}",absent,fastboot,28.4,29.2,List of devices attached,1384e684               fastboot
2026-09-28T12:13:19.990+00:00,2026-09-28T12:13:20.045+00:00,1382.502,present,3368.0,"{""state"":""present"",""devices"":[{""Status"":""OK"",""Class"":""AndroidUsbDeviceClass"",""FriendlyName"":""Android Bootloader Interface"",""InstanceId"":""USB\\VID_18D1&PID_D00D\\1384E684""}]}",absent,fastboot,29.0,26.2,List of devices attached,1384e684               fastboot
2026-09-28T12:13:20.990+00:00,2026-09-28T12:13:21.046+00:00,1383.503,present,3368.0,"{""state"":""present"",""devices"":[{""Status"":""OK"",""Class"":""AndroidUsbDeviceClass"",""FriendlyName"":""Android Bootloader Interface"",""InstanceId"":""USB\\VID_18D1&PID_D00D\\1384E684""}]}",absent,fastboot,30.3,25.5,List of devices attached | emulator-5568          offline transport_id:2251,1384e684               fastboot
2026-09-28T12:13:21.991+00:00,2026-09-28T12:13:22.042+00:00,1384.499,present,3368.0,"{""state"":""present"",""devices"":[{""Status"":""OK"",""Class"":""AndroidUsbDeviceClass"",""FriendlyName"":""Android Bootloader Interface"",""InstanceId"":""USB\\VID_18D1&PID_D00D\\1384E684""}]}",absent,fastboot,27.2,24.7,List of devices attached,1384e684               fastboot
2026-09-28T12:13:22.991+00:00,2026-09-28T12:13:23.048+00:00,1385.505,present,3247.8,"{""state"":""present"",""devices"":[{""Status"":""OK"",""Class"":""AndroidUsbDeviceClass"",""FriendlyName"":""Android Bootloader Interface"",""InstanceId"":""USB\\VID_18D1&PID_D00D\\1384E684""}]}",absent,fastboot,30.2,27.0,List of devices attached,1384e684               fastboot
2026-09-28T12:13:23.992+00:00,2026-09-28T12:13:24.048+00:00,1386.505,present,3247.8,"{""state"":""present"",""devices"":[{""Status"":""OK"",""Class"":""AndroidUsbDeviceClass"",""FriendlyName"":""Android Bootloader Interface"",""InstanceId"":""USB\\VID_18D1&PID_D00D\\1384E684""}]}",absent,fastboot,30.1,26.2,List of devices attached,1384e684               fastboot
2026-09-28T12:13:24.992+00:00,2026-09-28T12:13:25.045+00:00,1387.501,present,3247.8,"{""state"":""present"",""devices"":[{""Status"":""OK"",""Class"":""AndroidUsbDeviceClass"",""FriendlyName"":""Android Bootloader Interface"",""InstanceId"":""USB\\VID_18D1&PID_D00D\\1384E684""}]}",absent,fastboot,27.9,24.4,List of devices attached,1384e684               fastboot
2026-09-28T12:13:25.992+00:00,2026-09-28T12:13:26.047+00:00,1388.504,present,3247.8,"{""state"":""present"",""devices"":[{""Status"":""OK"",""Class"":""AndroidUsbDeviceClass"",""FriendlyName"":""Android Bootloader Interface"",""InstanceId"":""USB\\VID_18D1&PID_D00D\\1384E684""}]}",absent,fastboot,28.5,26.3,List of devices attached | emulator-5568          offline transport_id:2255,1384e684               fastboot
2026-09-28T12:13:26.992+00:00,2026-09-28T12:13:27.049+00:00,1389.506,present,3242.2,"{""state"":""present"",""devices"":[{""Status"":""OK"",""Class"":""AndroidUsbDeviceClass"",""FriendlyName"":""Android Bootloader Interface"",""InstanceId"":""USB\\VID_18D1&PID_D00D\\1384E684""}]}",absent,fastboot,28.9,27.8,List of devices attached,1384e684               fastboot
2026-09-28T12:13:27.993+00:00,2026-09-28T12:13:28.046+00:00,1390.503,present,3242.2,"{""state"":""present"",""devices"":[{""Status"":""OK"",""Class"":""AndroidUsbDeviceClass"",""FriendlyName"":""Android Bootloader Interface"",""InstanceId"":""USB\\VID_18D1&PID_D00D\\1384E684""}]}",absent,fastboot,28.3,24.8,List of devices attached,1384e684               fastboot
2026-09-28T12:13:28.993+00:00,2026-09-28T12:13:29.058+00:00,1391.515,present,3242.2,"{""state"":""present"",""devices"":[{""Status"":""OK"",""Class"":""AndroidUsbDeviceClass"",""FriendlyName"":""Android Bootloader Interface"",""InstanceId"":""USB\\VID_18D1&PID_D00D\\1384E684""}]}",absent,fastboot,27.3,37.6,List of devices attached,1384e684               fastboot
2026-09-28T12:13:29.993+00:00,2026-09-28T12:13:30.044+00:00,1392.500,present,3242.2,"{""state"":""present"",""devices"":[{""Status"":""OK"",""Class"":""AndroidUsbDeviceClass"",""FriendlyName"":""Android Bootloader Interface"",""InstanceId"":""USB\\VID_18D1&PID_D00D\\1384E684""}]}",absent,fastboot,26.4,24.1,List of devices attached | emulator-5568          offline transport_id:2258,1384e684               fastboot
2026-09-28T12:13:30.994+00:00,2026-09-28T12:13:31.047+00:00,1393.503,present,3301.7,"{""state"":""present"",""devices"":[{""Status"":""OK"",""Class"":""AndroidUsbDeviceClass"",""FriendlyName"":""Android Bootloader Interface"",""InstanceId"":""USB\\VID_18D1&PID_D00D\\1384E684""}]}",absent,fastboot,28.3,24.9,List of devices attached,1384e684               fastboot
2026-09-28T12:13:31.994+00:00,2026-09-28T12:13:32.045+00:00,1394.502,present,3301.7,"{""state"":""present"",""devices"":[{""Status"":""OK"",""Class"":""AndroidUsbDeviceClass"",""FriendlyName"":""Android Bootloader Interface"",""InstanceId"":""USB\\VID_18D1&PID_D00D\\1384E684""}]}",absent,fastboot,27.4,23.8,List of devices attached,1384e684               fastboot
2026-09-28T12:13:32.994+00:00,2026-09-28T12:13:33.049+00:00,1395.506,present,3301.7,"{""state"":""present"",""devices"":[{""Status"":""OK"",""Class"":""AndroidUsbDeviceClass"",""FriendlyName"":""Android Bootloader Interface"",""InstanceId"":""USB\\VID_18D1&PID_D00D\\1384E684""}]}",absent,fastboot,29.7,25.4,List of devices attached,1384e684               fastboot
2026-09-28T12:13:33.995+00:00,2026-09-28T12:13:34.050+00:00,1396.507,present,3301.7,"{""state"":""present"",""devices"":[{""Status"":""OK"",""Class"":""AndroidUsbDeviceClass"",""FriendlyName"":""Android Bootloader Interface"",""InstanceId"":""USB\\VID_18D1&PID_D00D\\1384E684""}]}",absent,fastboot,28.9,26.5,List of devices attached,1384e684               fastboot
2026-09-28T12:13:34.995+00:00,2026-09-28T12:13:35.059+00:00,1397.515,present,3171.3,"{""state"":""present"",""devices"":[{""Status"":""OK"",""Class"":""AndroidUsbDeviceClass"",""FriendlyName"":""Android Bootloader Interface"",""InstanceId"":""USB\\VID_18D1&PID_D00D\\1384E684""}]}",absent,fastboot,27.9,35.2,List of devices attached | emulator-5568          offline transport_id:2262,1384e684               fastboot
2026-09-28T12:13:35.996+00:00,2026-09-28T12:13:36.048+00:00,1398.505,present,3171.3,"{""state"":""present"",""devices"":[{""Status"":""OK"",""Class"":""AndroidUsbDeviceClass"",""FriendlyName"":""Android Bootloader Interface"",""InstanceId"":""USB\\VID_18D1&PID_D00D\\1384E684""}]}",absent,fastboot,28.0,24.2,List of devices attached,1384e684               fastboot
2026-09-28T12:13:36.996+00:00,2026-09-28T12:13:37.047+00:00,1399.504,present,3171.3,"{""state"":""present"",""devices"":[{""Status"":""OK"",""Class"":""AndroidUsbDeviceClass"",""FriendlyName"":""Android Bootloader Interface"",""InstanceId"":""USB\\VID_18D1&PID_D00D\\1384E684""}]}",absent,fastboot,27.2,24.0,List of devices attached,1384e684               fastboot
