sample_started_utc,sample_finished_utc,elapsed_seconds,usb_pnp_state,usb_query_ms,usb_pnp_output,adb_state,fastboot_state,adb_query_ms,fastboot_query_ms,adb_output,fastboot_output
2026-09-30T03:52:23.815+00:00,2026-09-30T03:52:26.471+00:00,2.675,query_pending,,initial PnP query pending,absent,fastboot,2294.7,359.9,List of devices attached |  | * daemon not running; starting now at tcp:5037 | * daemon started successfully,1384e684               fastboot
2026-09-30T03:52:26.473+00:00,2026-09-30T03:52:26.518+00:00,2.722,query_pending,,initial PnP query pending,absent,fastboot,23.1,21.4,List of devices attached,1384e684               fastboot
2026-09-30T03:52:27.473+00:00,2026-09-30T03:52:27.519+00:00,3.724,query_pending,,initial PnP query pending,absent,fastboot,23.9,22.4,List of devices attached,1384e684               fastboot
2026-09-30T03:52:28.474+00:00,2026-09-30T03:52:28.518+00:00,4.722,query_pending,,initial PnP query pending,absent,fastboot,21.8,22.5,List of devices attached,1384e684               fastboot
2026-09-30T03:52:29.474+00:00,2026-09-30T03:52:29.520+00:00,5.724,query_pending,,initial PnP query pending,absent,fastboot,23.6,22.1,List of devices attached,1384e684               fastboot
2026-09-30T03:52:30.474+00:00,2026-09-30T03:52:30.518+00:00,6.723,present,5772.0,"{""state"":""present"",""devices"":[{""Status"":""OK"",""Class"":""AndroidUsbDeviceClass"",""FriendlyName"":""Android Bootloader Interface"",""InstanceId"":""USB\\VID_18D1&PID_D00D\\1384E684""}]}",absent,fastboot,23.1,20.7,List of devices attached,1384e684               fastboot
2026-09-30T03:52:31.474+00:00,2026-09-30T03:52:31.521+00:00,7.725,present,5772.0,"{""state"":""present"",""devices"":[{""Status"":""OK"",""Class"":""AndroidUsbDeviceClass"",""FriendlyName"":""Android Bootloader Interface"",""InstanceId"":""USB\\VID_18D1&PID_D00D\\1384E684""}]}",absent,fastboot,23.8,22.6,List of devices attached,1384e684               fastboot
2026-09-30T03:52:32.475+00:00,2026-09-30T03:52:32.522+00:00,8.726,present,5772.0,"{""state"":""present"",""devices"":[{""Status"":""OK"",""Class"":""AndroidUsbDeviceClass"",""FriendlyName"":""Android Bootloader Interface"",""InstanceId"":""USB\\VID_18D1&PID_D00D\\1384E684""}]}",absent,fastboot,23.5,23.2,List of devices attached,1384e684               fastboot
2026-09-30T03:52:33.475+00:00,2026-09-30T03:52:33.523+00:00,9.727,present,5772.0,"{""state"":""present"",""devices"":[{""Status"":""OK"",""Class"":""AndroidUsbDeviceClass"",""FriendlyName"":""Android Bootloader Interface"",""InstanceId"":""USB\\VID_18D1&PID_D00D\\1384E684""}]}",absent,fastboot,23.4,24.0,List of devices attached,1384e684               fastboot
2026-09-30T03:52:34.476+00:00,2026-09-30T03:52:34.521+00:00,10.726,present,5772.0,"{""state"":""present"",""devices"":[{""Status"":""OK"",""Class"":""AndroidUsbDeviceClass"",""FriendlyName"":""Android Bootloader Interface"",""InstanceId"":""USB\\VID_18D1&PID_D00D\\1384E684""}]}",absent,fastboot,23.4,22.5,List of devices attached,1384e684               fastboot
2026-09-30T03:52:35.476+00:00,2026-09-30T03:52:35.519+00:00,11.724,present,4168.8,"{""state"":""present"",""devices"":[{""Status"":""OK"",""Class"":""AndroidUsbDeviceClass"",""FriendlyName"":""Android Bootloader Interface"",""InstanceId"":""USB\\VID_18D1&PID_D00D\\1384E684""}]}",absent,fastboot,22.5,21.1,List of devices attached,1384e684               fastboot
2026-09-30T03:52:36.476+00:00,2026-09-30T03:52:36.520+00:00,12.725,present,4168.8,"{""state"":""present"",""devices"":[{""Status"":""OK"",""Class"":""AndroidUsbDeviceClass"",""FriendlyName"":""Android Bootloader Interface"",""InstanceId"":""USB\\VID_18D1&PID_D00D\\1384E684""}]}",absent,fastboot,23.2,21.1,List of devices attached,1384e684               fastboot
2026-09-30T03:52:37.476+00:00,2026-09-30T03:52:37.520+00:00,13.724,present,4168.8,"{""state"":""present"",""devices"":[{""Status"":""OK"",""Class"":""AndroidUsbDeviceClass"",""FriendlyName"":""Android Bootloader Interface"",""InstanceId"":""USB\\VID_18D1&PID_D00D\\1384E684""}]}",absent,fastboot,22.4,21.1,List of devices attached,1384e684               fastboot
2026-09-30T03:52:38.477+00:00,2026-09-30T03:52:38.520+00:00,14.724,present,4168.8,"{""state"":""present"",""devices"":[{""Status"":""OK"",""Class"":""AndroidUsbDeviceClass"",""FriendlyName"":""Android Bootloader Interface"",""InstanceId"":""USB\\VID_18D1&PID_D00D\\1384E684""}]}",absent,fastboot,21.8,20.9,List of devices attached,1384e684               fastboot
2026-09-30T03:52:39.477+00:00,2026-09-30T03:52:39.523+00:00,15.728,present,4168.8,"{""state"":""present"",""devices"":[{""Status"":""OK"",""Class"":""AndroidUsbDeviceClass"",""FriendlyName"":""Android Bootloader Interface"",""InstanceId"":""USB\\VID_18D1&PID_D00D\\1384E684""}]}",absent,fastboot,23.8,22.6,List of devices attached,1384e684               fastboot
2026-09-30T03:52:40.477+00:00,2026-09-30T03:52:40.520+00:00,16.725,present,4128.6,"{""state"":""present"",""devices"":[{""Status"":""OK"",""Class"":""AndroidUsbDeviceClass"",""FriendlyName"":""Android Bootloader Interface"",""InstanceId"":""USB\\VID_18D1&PID_D00D\\1384E684""}]}",absent,fastboot,22.4,20.8,List of devices attached,1384e684               fastboot
2026-09-30T03:52:41.477+00:00,2026-09-30T03:52:41.520+00:00,17.724,present,4128.6,"{""state"":""present"",""devices"":[{""Status"":""OK"",""Class"":""AndroidUsbDeviceClass"",""FriendlyName"":""Android Bootloader Interface"",""InstanceId"":""USB\\VID_18D1&PID_D00D\\1384E684""}]}",absent,fastboot,22.1,20.5,List of devices attached,1384e684               fastboot
2026-09-30T03:52:42.478+00:00,2026-09-30T03:52:42.522+00:00,18.727,present,4128.6,"{""state"":""present"",""devices"":[{""Status"":""OK"",""Class"":""AndroidUsbDeviceClass"",""FriendlyName"":""Android Bootloader Interface"",""InstanceId"":""USB\\VID_18D1&PID_D00D\\1384E684""}]}",absent,fastboot,23.2,21.2,List of devices attached,1384e684               fastboot
2026-09-30T03:52:43.478+00:00,2026-09-30T03:52:43.523+00:00,19.728,present,4128.6,"{""state"":""present"",""devices"":[{""Status"":""OK"",""Class"":""AndroidUsbDeviceClass"",""FriendlyName"":""Android Bootloader Interface"",""InstanceId"":""USB\\VID_18D1&PID_D00D\\1384E684""}]}",absent,fastboot,22.5,22.2,List of devices attached,1384e684               fastboot
2026-09-30T03:52:44.479+00:00,2026-09-30T03:52:44.545+00:00,20.749,present,4128.6,"{""state"":""present"",""devices"":[{""Status"":""OK"",""Class"":""AndroidUsbDeviceClass"",""FriendlyName"":""Android Bootloader Interface"",""InstanceId"":""USB\\VID_18D1&PID_D00D\\1384E684""}]}",absent,fastboot,33.6,32.1,List of devices attached,1384e684               fastboot
2026-09-30T03:52:45.480+00:00,2026-09-30T03:52:45.525+00:00,21.729,present,4131.8,"{""state"":""present"",""devices"":[{""Status"":""OK"",""Class"":""AndroidUsbDeviceClass"",""FriendlyName"":""Android Bootloader Interface"",""InstanceId"":""USB\\VID_18D1&PID_D00D\\1384E684""}]}",absent,fastboot,22.6,22.3,List of devices attached,1384e684               fastboot
2026-09-30T03:52:46.480+00:00,2026-09-30T03:52:46.526+00:00,22.730,present,4131.8,"{""state"":""present"",""devices"":[{""Status"":""OK"",""Class"":""AndroidUsbDeviceClass"",""FriendlyName"":""Android Bootloader Interface"",""InstanceId"":""USB\\VID_18D1&PID_D00D\\1384E684""}]}",absent,fastboot,23.3,22.5,List of devices attached,1384e684               fastboot
2026-09-30T03:52:47.480+00:00,2026-09-30T03:52:47.524+00:00,23.728,present,4131.8,"{""state"":""present"",""devices"":[{""Status"":""OK"",""Class"":""AndroidUsbDeviceClass"",""FriendlyName"":""Android Bootloader Interface"",""InstanceId"":""USB\\VID_18D1&PID_D00D\\1384E684""}]}",absent,fastboot,22.8,21.2,List of devices attached,1384e684               fastboot
2026-09-30T03:52:48.481+00:00,2026-09-30T03:52:48.526+00:00,24.730,present,4131.8,"{""state"":""present"",""devices"":[{""Status"":""OK"",""Class"":""AndroidUsbDeviceClass"",""FriendlyName"":""Android Bootloader Interface"",""InstanceId"":""USB\\VID_18D1&PID_D00D\\1384E684""}]}",absent,fastboot,22.2,23.3,List of devices attached,1384e684               fastboot
2026-09-30T03:52:49.481+00:00,2026-09-30T03:52:49.531+00:00,25.736,present,4131.8,"{""state"":""present"",""devices"":[{""Status"":""OK"",""Class"":""AndroidUsbDeviceClass"",""FriendlyName"":""Android Bootloader Interface"",""InstanceId"":""USB\\VID_18D1&PID_D00D\\1384E684""}]}",absent,fastboot,25.8,24.7,List of devices attached,1384e684               fastboot
2026-09-30T03:52:50.481+00:00,2026-09-30T03:52:50.535+00:00,26.739,present,4130.2,"{""state"":""present"",""devices"":[{""Status"":""OK"",""Class"":""AndroidUsbDeviceClass"",""FriendlyName"":""Android Bootloader Interface"",""InstanceId"":""USB\\VID_18D1&PID_D00D\\1384E684""}]}",absent,fastboot,29.6,24.1,List of devices attached,1384e684               fastboot
2026-09-30T03:52:51.481+00:00,2026-09-30T03:52:51.531+00:00,27.735,present,4130.2,"{""state"":""present"",""devices"":[{""Status"":""OK"",""Class"":""AndroidUsbDeviceClass"",""FriendlyName"":""Android Bootloader Interface"",""InstanceId"":""USB\\VID_18D1&PID_D00D\\1384E684""}]}",absent,fastboot,24.5,25.4,List of devices attached,1384e684               fastboot
2026-09-30T03:52:52.481+00:00,2026-09-30T03:52:53.011+00:00,29.215,present,4130.2,"{""state"":""present"",""devices"":[{""Status"":""OK"",""Class"":""AndroidUsbDeviceClass"",""FriendlyName"":""Android Bootloader Interface"",""InstanceId"":""USB\\VID_18D1&PID_D00D\\1384E684""}]}",absent,fastboot,259.1,270.5,List of devices attached,1384e684               fastboot
2026-09-30T03:52:53.482+00:00,2026-09-30T03:52:53.612+00:00,29.817,present,4130.2,"{""state"":""present"",""devices"":[{""Status"":""OK"",""Class"":""AndroidUsbDeviceClass"",""FriendlyName"":""Android Bootloader Interface"",""InstanceId"":""USB\\VID_18D1&PID_D00D\\1384E684""}]}",absent,fastboot,105.9,24.4,List of devices attached,1384e684               fastboot
2026-09-30T03:52:54.482+00:00,2026-09-30T03:52:54.573+00:00,30.777,present,4130.2,"{""state"":""present"",""devices"":[{""Status"":""OK"",""Class"":""AndroidUsbDeviceClass"",""FriendlyName"":""Android Bootloader Interface"",""InstanceId"":""USB\\VID_18D1&PID_D00D\\1384E684""}]}",absent,fastboot,62.5,28.0,List of devices attached,1384e684               fastboot
2026-09-30T03:52:55.482+00:00,2026-09-30T03:52:55.531+00:00,31.735,present,4957.2,"{""state"":""present"",""devices"":[{""Status"":""OK"",""Class"":""AndroidUsbDeviceClass"",""FriendlyName"":""Android Bootloader Interface"",""InstanceId"":""USB\\VID_18D1&PID_D00D\\1384E684""}]}",absent,fastboot,24.1,24.4,List of devices attached,1384e684               fastboot
2026-09-30T03:52:56.483+00:00,2026-09-30T03:52:56.546+00:00,32.751,present,4957.2,"{""state"":""present"",""devices"":[{""Status"":""OK"",""Class"":""AndroidUsbDeviceClass"",""FriendlyName"":""Android Bootloader Interface"",""InstanceId"":""USB\\VID_18D1&PID_D00D\\1384E684""}]}",absent,fastboot,24.6,38.9,List of devices attached,1384e684               fastboot
2026-09-30T03:52:57.483+00:00,2026-09-30T03:52:57.537+00:00,33.741,present,4957.2,"{""state"":""present"",""devices"":[{""Status"":""OK"",""Class"":""AndroidUsbDeviceClass"",""FriendlyName"":""Android Bootloader Interface"",""InstanceId"":""USB\\VID_18D1&PID_D00D\\1384E684""}]}",absent,fastboot,27.3,26.4,List of devices attached,1384e684               fastboot
2026-09-30T03:52:58.483+00:00,2026-09-30T03:52:58.536+00:00,34.740,present,4957.2,"{""state"":""present"",""devices"":[{""Status"":""OK"",""Class"":""AndroidUsbDeviceClass"",""FriendlyName"":""Android Bootloader Interface"",""InstanceId"":""USB\\VID_18D1&PID_D00D\\1384E684""}]}",absent,fastboot,26.5,26.2,List of devices attached,1384e684               fastboot
2026-09-30T03:52:59.483+00:00,2026-09-30T03:52:59.533+00:00,35.737,present,3930.6,"{""state"":""present"",""devices"":[{""Status"":""OK"",""Class"":""AndroidUsbDeviceClass"",""FriendlyName"":""Android Bootloader Interface"",""InstanceId"":""USB\\VID_18D1&PID_D00D\\1384E684""}]}",absent,fastboot,24.9,24.6,List of devices attached,1384e684               fastboot
2026-09-30T03:53:00.484+00:00,2026-09-30T03:53:00.532+00:00,36.736,present,3930.6,"{""state"":""present"",""devices"":[{""Status"":""OK"",""Class"":""AndroidUsbDeviceClass"",""FriendlyName"":""Android Bootloader Interface"",""InstanceId"":""USB\\VID_18D1&PID_D00D\\1384E684""}]}",absent,fastboot,25.0,22.7,List of devices attached,1384e684               fastboot
2026-09-30T03:53:01.484+00:00,2026-09-30T03:53:01.531+00:00,37.735,present,3930.6,"{""state"":""present"",""devices"":[{""Status"":""OK"",""Class"":""AndroidUsbDeviceClass"",""FriendlyName"":""Android Bootloader Interface"",""InstanceId"":""USB\\VID_18D1&PID_D00D\\1384E684""}]}",absent,fastboot,23.9,23.2,List of devices attached,1384e684               fastboot
2026-09-30T03:53:02.484+00:00,2026-09-30T03:53:02.532+00:00,38.736,present,3930.6,"{""state"":""present"",""devices"":[{""Status"":""OK"",""Class"":""AndroidUsbDeviceClass"",""FriendlyName"":""Android Bootloader Interface"",""InstanceId"":""USB\\VID_18D1&PID_D00D\\1384E684""}]}",absent,fastboot,23.7,23.7,List of devices attached,1384e684               fastboot
2026-09-30T03:53:03.484+00:00,2026-09-30T03:53:03.531+00:00,39.735,present,3795.9,"{""state"":""present"",""devices"":[{""Status"":""OK"",""Class"":""AndroidUsbDeviceClass"",""FriendlyName"":""Android Bootloader Interface"",""InstanceId"":""USB\\VID_18D1&PID_D00D\\1384E684""}]}",absent,fastboot,23.3,22.8,List of devices attached,1384e684               fastboot
2026-09-30T03:53:04.484+00:00,2026-09-30T03:53:04.531+00:00,40.735,present,3795.9,"{""state"":""present"",""devices"":[{""Status"":""OK"",""Class"":""AndroidUsbDeviceClass"",""FriendlyName"":""Android Bootloader Interface"",""InstanceId"":""USB\\VID_18D1&PID_D00D\\1384E684""}]}",absent,fastboot,23.9,22.4,List of devices attached,1384e684               fastboot
2026-09-30T03:53:05.485+00:00,2026-09-30T03:53:05.531+00:00,41.735,present,3795.9,"{""state"":""present"",""devices"":[{""Status"":""OK"",""Class"":""AndroidUsbDeviceClass"",""FriendlyName"":""Android Bootloader Interface"",""InstanceId"":""USB\\VID_18D1&PID_D00D\\1384E684""}]}",absent,fastboot,24.0,22.4,List of devices attached,1384e684               fastboot
2026-09-30T03:53:06.485+00:00,2026-09-30T03:53:06.534+00:00,42.739,present,3795.9,"{""state"":""present"",""devices"":[{""Status"":""OK"",""Class"":""AndroidUsbDeviceClass"",""FriendlyName"":""Android Bootloader Interface"",""InstanceId"":""USB\\VID_18D1&PID_D00D\\1384E684""}]}",absent,fastboot,24.3,24.9,List of devices attached,1384e684               fastboot
2026-09-30T03:53:07.485+00:00,2026-09-30T03:53:07.529+00:00,43.734,present,3718.0,"{""state"":""present"",""devices"":[{""Status"":""OK"",""Class"":""AndroidUsbDeviceClass"",""FriendlyName"":""Android Bootloader Interface"",""InstanceId"":""USB\\VID_18D1&PID_D00D\\1384E684""}]}",absent,fastboot,22.7,21.1,List of devices attached,1384e684               fastboot
2026-09-30T03:53:08.486+00:00,2026-09-30T03:53:08.534+00:00,44.738,present,3718.0,"{""state"":""present"",""devices"":[{""Status"":""OK"",""Class"":""AndroidUsbDeviceClass"",""FriendlyName"":""Android Bootloader Interface"",""InstanceId"":""USB\\VID_18D1&PID_D00D\\1384E684""}]}",absent,fastboot,24.8,22.8,List of devices attached,1384e684               fastboot
2026-09-30T03:53:09.486+00:00,2026-09-30T03:53:09.533+00:00,45.738,present,3718.0,"{""state"":""present"",""devices"":[{""Status"":""OK"",""Class"":""AndroidUsbDeviceClass"",""FriendlyName"":""Android Bootloader Interface"",""InstanceId"":""USB\\VID_18D1&PID_D00D\\1384E684""}]}",absent,fastboot,23.5,23.9,List of devices attached,1384e684               fastboot
2026-09-30T03:53:10.486+00:00,2026-09-30T03:53:10.537+00:00,46.741,present,3718.0,"{""state"":""present"",""devices"":[{""Status"":""OK"",""Class"":""AndroidUsbDeviceClass"",""FriendlyName"":""Android Bootloader Interface"",""InstanceId"":""USB\\VID_18D1&PID_D00D\\1384E684""}]}",absent,fastboot,24.3,26.3,List of devices attached,1384e684               fastboot
2026-09-30T03:53:11.486+00:00,2026-09-30T03:53:11.540+00:00,47.744,present,3781.7,"{""state"":""present"",""devices"":[{""Status"":""OK"",""Class"":""AndroidUsbDeviceClass"",""FriendlyName"":""Android Bootloader Interface"",""InstanceId"":""USB\\VID_18D1&PID_D00D\\1384E684""}]}",absent,fastboot,26.6,26.6,List of devices attached,1384e684               fastboot
2026-09-30T03:53:12.487+00:00,2026-09-30T03:53:12.533+00:00,48.738,present,3781.7,"{""state"":""present"",""devices"":[{""Status"":""OK"",""Class"":""AndroidUsbDeviceClass"",""FriendlyName"":""Android Bootloader Interface"",""InstanceId"":""USB\\VID_18D1&PID_D00D\\1384E684""}]}",absent,fastboot,24.6,22.2,List of devices attached,1384e684               fastboot
2026-09-30T03:53:13.487+00:00,2026-09-30T03:53:13.534+00:00,49.739,present,3781.7,"{""state"":""present"",""devices"":[{""Status"":""OK"",""Class"":""AndroidUsbDeviceClass"",""FriendlyName"":""Android Bootloader Interface"",""InstanceId"":""USB\\VID_18D1&PID_D00D\\1384E684""}]}",absent,fastboot,23.7,23.5,List of devices attached,1384e684               fastboot
2026-09-30T03:53:14.487+00:00,2026-09-30T03:53:14.544+00:00,50.749,present,3781.7,"{""state"":""present"",""devices"":[{""Status"":""OK"",""Class"":""AndroidUsbDeviceClass"",""FriendlyName"":""Android Bootloader Interface"",""InstanceId"":""USB\\VID_18D1&PID_D00D\\1384E684""}]}",absent,fastboot,29.0,27.7,List of devices attached,1384e684               fastboot
2026-09-30T03:53:15.488+00:00,2026-09-30T03:53:15.538+00:00,51.743,present,3805.3,"{""state"":""present"",""devices"":[{""Status"":""OK"",""Class"":""AndroidUsbDeviceClass"",""FriendlyName"":""Android Bootloader Interface"",""InstanceId"":""USB\\VID_18D1&PID_D00D\\1384E684""}]}",absent,fastboot,24.7,25.5,List of devices attached,1384e684               fastboot
2026-09-30T03:53:16.488+00:00,2026-09-30T03:53:16.535+00:00,52.739,present,3805.3,"{""state"":""present"",""devices"":[{""Status"":""OK"",""Class"":""AndroidUsbDeviceClass"",""FriendlyName"":""Android Bootloader Interface"",""InstanceId"":""USB\\VID_18D1&PID_D00D\\1384E684""}]}",absent,fastboot,23.7,22.9,List of devices attached,1384e684               fastboot
2026-09-30T03:53:17.488+00:00,2026-09-30T03:53:17.536+00:00,53.740,present,3805.3,"{""state"":""present"",""devices"":[{""Status"":""OK"",""Class"":""AndroidUsbDeviceClass"",""FriendlyName"":""Android Bootloader Interface"",""InstanceId"":""USB\\VID_18D1&PID_D00D\\1384E684""}]}",absent,fastboot,24.6,22.4,List of devices attached,1384e684               fastboot
2026-09-30T03:53:18.489+00:00,2026-09-30T03:53:18.685+00:00,54.889,present,3805.3,"{""state"":""present"",""devices"":[{""Status"":""OK"",""Class"":""AndroidUsbDeviceClass"",""FriendlyName"":""Android Bootloader Interface"",""InstanceId"":""USB\\VID_18D1&PID_D00D\\1384E684""}]}",absent,fastboot,167.5,28.5,List of devices attached,1384e684               fastboot
2026-09-30T03:53:19.489+00:00,2026-09-30T03:53:20.174+00:00,56.378,present,3805.3,"{""state"":""present"",""devices"":[{""Status"":""OK"",""Class"":""AndroidUsbDeviceClass"",""FriendlyName"":""Android Bootloader Interface"",""InstanceId"":""USB\\VID_18D1&PID_D00D\\1384E684""}]}",absent,fastboot,654.1,31.0,List of devices attached,1384e684               fastboot
2026-09-30T03:53:20.489+00:00,2026-09-30T03:53:20.890+00:00,57.094,present,3805.3,"{""state"":""present"",""devices"":[{""Status"":""OK"",""Class"":""AndroidUsbDeviceClass"",""FriendlyName"":""Android Bootloader Interface"",""InstanceId"":""USB\\VID_18D1&PID_D00D\\1384E684""}]}",absent,fastboot,312.7,87.7,List of devices attached,1384e684               fastboot
2026-09-30T03:53:21.489+00:00,2026-09-30T03:53:21.780+00:00,57.984,present,3805.3,"{""state"":""present"",""devices"":[{""Status"":""OK"",""Class"":""AndroidUsbDeviceClass"",""FriendlyName"":""Android Bootloader Interface"",""InstanceId"":""USB\\VID_18D1&PID_D00D\\1384E684""}]}",absent,fastboot,264.4,25.9,List of devices attached,1384e684               fastboot
2026-09-30T03:53:22.490+00:00,2026-09-30T03:53:22.537+00:00,58.741,present,6318.7,"{""state"":""present"",""devices"":[{""Status"":""OK"",""Class"":""AndroidUsbDeviceClass"",""FriendlyName"":""Android Bootloader Interface"",""InstanceId"":""USB\\VID_18D1&PID_D00D\\1384E684""}]}",absent,fastboot,23.8,22.9,List of devices attached,1384e684               fastboot
2026-09-30T03:53:23.490+00:00,2026-09-30T03:53:23.539+00:00,59.744,present,6318.7,"{""state"":""present"",""devices"":[{""Status"":""OK"",""Class"":""AndroidUsbDeviceClass"",""FriendlyName"":""Android Bootloader Interface"",""InstanceId"":""USB\\VID_18D1&PID_D00D\\1384E684""}]}",absent,fastboot,26.1,23.0,List of devices attached,1384e684               fastboot
2026-09-30T03:53:24.490+00:00,2026-09-30T03:53:24.539+00:00,60.743,present,6318.7,"{""state"":""present"",""devices"":[{""Status"":""OK"",""Class"":""AndroidUsbDeviceClass"",""FriendlyName"":""Android Bootloader Interface"",""InstanceId"":""USB\\VID_18D1&PID_D00D\\1384E684""}]}",absent,fastboot,25.7,22.6,List of devices attached,1384e684               fastboot
2026-09-30T03:53:25.491+00:00,2026-09-30T03:53:25.540+00:00,61.744,present,6318.7,"{""state"":""present"",""devices"":[{""Status"":""OK"",""Class"":""AndroidUsbDeviceClass"",""FriendlyName"":""Android Bootloader Interface"",""InstanceId"":""USB\\VID_18D1&PID_D00D\\1384E684""}]}",absent,fastboot,24.2,24.8,List of devices attached,1384e684               fastboot
2026-09-30T03:53:26.491+00:00,2026-09-30T03:53:26.538+00:00,62.742,present,3950.3,"{""state"":""present"",""devices"":[{""Status"":""OK"",""Class"":""AndroidUsbDeviceClass"",""FriendlyName"":""Android Bootloader Interface"",""InstanceId"":""USB\\VID_18D1&PID_D00D\\1384E684""}]}",absent,fastboot,24.3,22.5,List of devices attached,1384e684               fastboot
2026-09-30T03:53:27.491+00:00,2026-09-30T03:53:27.537+00:00,63.742,present,3950.3,"{""state"":""present"",""devices"":[{""Status"":""OK"",""Class"":""AndroidUsbDeviceClass"",""FriendlyName"":""Android Bootloader Interface"",""InstanceId"":""USB\\VID_18D1&PID_D00D\\1384E684""}]}",absent,fastboot,24.8,21.2,List of devices attached,1384e684               fastboot
2026-09-30T03:53:28.491+00:00,2026-09-30T03:53:28.540+00:00,64.744,present,3950.3,"{""state"":""present"",""devices"":[{""Status"":""OK"",""Class"":""AndroidUsbDeviceClass"",""FriendlyName"":""Android Bootloader Interface"",""InstanceId"":""USB\\VID_18D1&PID_D00D\\1384E684""}]}",absent,fastboot,24.8,23.4,List of devices attached,1384e684               fastboot
2026-09-30T03:53:29.492+00:00,2026-09-30T03:53:29.540+00:00,65.744,present,3950.3,"{""state"":""present"",""devices"":[{""Status"":""OK"",""Class"":""AndroidUsbDeviceClass"",""FriendlyName"":""Android Bootloader Interface"",""InstanceId"":""USB\\VID_18D1&PID_D00D\\1384E684""}]}",absent,fastboot,24.8,23.1,List of devices attached,1384e684               fastboot
2026-09-30T03:53:30.492+00:00,2026-09-30T03:53:30.538+00:00,66.743,present,3661.5,"{""state"":""present"",""devices"":[{""Status"":""OK"",""Class"":""AndroidUsbDeviceClass"",""FriendlyName"":""Android Bootloader Interface"",""InstanceId"":""USB\\VID_18D1&PID_D00D\\1384E684""}]}",absent,fastboot,24.1,21.7,List of devices attached,1384e684               fastboot
2026-09-30T03:53:31.492+00:00,2026-09-30T03:53:31.541+00:00,67.746,present,3661.5,"{""state"":""present"",""devices"":[{""Status"":""OK"",""Class"":""AndroidUsbDeviceClass"",""FriendlyName"":""Android Bootloader Interface"",""InstanceId"":""USB\\VID_18D1&PID_D00D\\1384E684""}]}",absent,fastboot,25.8,22.9,List of devices attached,1384e684               fastboot
2026-09-30T03:53:32.493+00:00,2026-09-30T03:53:32.541+00:00,68.745,present,3661.5,"{""state"":""present"",""devices"":[{""Status"":""OK"",""Class"":""AndroidUsbDeviceClass"",""FriendlyName"":""Android Bootloader Interface"",""InstanceId"":""USB\\VID_18D1&PID_D00D\\1384E684""}]}",absent,fastboot,25.1,22.8,List of devices attached,1384e684               fastboot
2026-09-30T03:53:33.493+00:00,2026-09-30T03:53:33.554+00:00,69.759,present,3661.5,"{""state"":""present"",""devices"":[{""Status"":""OK"",""Class"":""AndroidUsbDeviceClass"",""FriendlyName"":""Android Bootloader Interface"",""InstanceId"":""USB\\VID_18D1&PID_D00D\\1384E684""}]}",absent,fastboot,35.2,25.6,List of devices attached,1384e684               fastboot
2026-09-30T03:53:34.493+00:00,2026-09-30T03:53:34.539+00:00,70.743,present,3993.6,"{""state"":""present"",""devices"":[{""Status"":""OK"",""Class"":""AndroidUsbDeviceClass"",""FriendlyName"":""Android Bootloader Interface"",""InstanceId"":""USB\\VID_18D1&PID_D00D\\1384E684""}]}",absent,fastboot,23.3,22.2,List of devices attached,1384e684               fastboot
2026-09-30T03:53:35.494+00:00,2026-09-30T03:53:35.540+00:00,71.744,present,3993.6,"{""state"":""present"",""devices"":[{""Status"":""OK"",""Class"":""AndroidUsbDeviceClass"",""FriendlyName"":""Android Bootloader Interface"",""InstanceId"":""USB\\VID_18D1&PID_D00D\\1384E684""}]}",absent,fastboot,23.9,22.1,List of devices attached,1384e684               fastboot
2026-09-30T03:53:36.495+00:00,2026-09-30T03:53:36.544+00:00,72.749,present,3993.6,"{""state"":""present"",""devices"":[{""Status"":""OK"",""Class"":""AndroidUsbDeviceClass"",""FriendlyName"":""Android Bootloader Interface"",""InstanceId"":""USB\\VID_18D1&PID_D00D\\1384E684""}]}",absent,fastboot,24.8,25.0,List of devices attached,1384e684               fastboot
2026-09-30T03:53:37.495+00:00,2026-09-30T03:53:37.543+00:00,73.747,present,3993.6,"{""state"":""present"",""devices"":[{""Status"":""OK"",""Class"":""AndroidUsbDeviceClass"",""FriendlyName"":""Android Bootloader Interface"",""InstanceId"":""USB\\VID_18D1&PID_D00D\\1384E684""}]}",absent,fastboot,23.6,24.3,List of devices attached,1384e684               fastboot
2026-09-30T03:53:38.495+00:00,2026-09-30T03:53:38.541+00:00,74.746,present,3684.9,"{""state"":""present"",""devices"":[{""Status"":""OK"",""Class"":""AndroidUsbDeviceClass"",""FriendlyName"":""Android Bootloader Interface"",""InstanceId"":""USB\\VID_18D1&PID_D00D\\1384E684""}]}",absent,fastboot,24.4,21.5,List of devices attached,1384e684               fastboot
2026-09-30T03:53:39.496+00:00,2026-09-30T03:53:39.543+00:00,75.748,present,3684.9,"{""state"":""present"",""devices"":[{""Status"":""OK"",""Class"":""AndroidUsbDeviceClass"",""FriendlyName"":""Android Bootloader Interface"",""InstanceId"":""USB\\VID_18D1&PID_D00D\\1384E684""}]}",absent,fastboot,25.3,21.8,List of devices attached,1384e684               fastboot
2026-09-30T03:53:40.496+00:00,2026-09-30T03:53:40.544+00:00,76.749,present,3684.9,"{""state"":""present"",""devices"":[{""Status"":""OK"",""Class"":""AndroidUsbDeviceClass"",""FriendlyName"":""Android Bootloader Interface"",""InstanceId"":""USB\\VID_18D1&PID_D00D\\1384E684""}]}",absent,fastboot,25.9,22.3,List of devices attached,1384e684               fastboot
2026-09-30T03:53:41.496+00:00,2026-09-30T03:53:41.545+00:00,77.750,present,3684.9,"{""state"":""present"",""devices"":[{""Status"":""OK"",""Class"":""AndroidUsbDeviceClass"",""FriendlyName"":""Android Bootloader Interface"",""InstanceId"":""USB\\VID_18D1&PID_D00D\\1384E684""}]}",absent,fastboot,24.6,24.5,List of devices attached,1384e684               fastboot
2026-09-30T03:53:42.497+00:00,2026-09-30T03:53:42.542+00:00,78.747,present,3660.6,"{""state"":""present"",""devices"":[{""Status"":""OK"",""Class"":""AndroidUsbDeviceClass"",""FriendlyName"":""Android Bootloader Interface"",""InstanceId"":""USB\\VID_18D1&PID_D00D\\1384E684""}]}",absent,fastboot,23.7,21.7,List of devices attached,1384e684               fastboot
2026-09-30T03:53:43.497+00:00,2026-09-30T03:53:43.544+00:00,79.749,present,3660.6,"{""state"":""present"",""devices"":[{""Status"":""OK"",""Class"":""AndroidUsbDeviceClass"",""FriendlyName"":""Android Bootloader Interface"",""InstanceId"":""USB\\VID_18D1&PID_D00D\\1384E684""}]}",absent,fastboot,25.7,21.5,List of devices attached,1384e684               fastboot
2026-09-30T03:53:44.497+00:00,2026-09-30T03:53:44.545+00:00,80.749,present,3660.6,"{""state"":""present"",""devices"":[{""Status"":""OK"",""Class"":""AndroidUsbDeviceClass"",""FriendlyName"":""Android Bootloader Interface"",""InstanceId"":""USB\\VID_18D1&PID_D00D\\1384E684""}]}",absent,fastboot,26.2,21.4,List of devices attached,1384e684               fastboot
2026-09-30T03:53:45.498+00:00,2026-09-30T03:53:45.547+00:00,81.751,present,3660.6,"{""state"":""present"",""devices"":[{""Status"":""OK"",""Class"":""AndroidUsbDeviceClass"",""FriendlyName"":""Android Bootloader Interface"",""InstanceId"":""USB\\VID_18D1&PID_D00D\\1384E684""}]}",absent,fastboot,25.8,23.3,List of devices attached,1384e684               fastboot
2026-09-30T03:53:46.498+00:00,2026-09-30T03:53:46.546+00:00,82.750,present,3750.1,"{""state"":""present"",""devices"":[{""Status"":""OK"",""Class"":""AndroidUsbDeviceClass"",""FriendlyName"":""Android Bootloader Interface"",""InstanceId"":""USB\\VID_18D1&PID_D00D\\1384E684""}]}",absent,fastboot,25.6,21.8,List of devices attached,1384e684               fastboot
2026-09-30T03:53:47.499+00:00,2026-09-30T03:53:47.549+00:00,83.753,present,3750.1,"{""state"":""present"",""devices"":[{""Status"":""OK"",""Class"":""AndroidUsbDeviceClass"",""FriendlyName"":""Android Bootloader Interface"",""InstanceId"":""USB\\VID_18D1&PID_D00D\\1384E684""}]}",absent,fastboot,24.4,25.3,List of devices attached,1384e684               fastboot
2026-09-30T03:53:48.499+00:00,2026-09-30T03:53:48.545+00:00,84.750,present,3750.1,"{""state"":""present"",""devices"":[{""Status"":""OK"",""Class"":""AndroidUsbDeviceClass"",""FriendlyName"":""Android Bootloader Interface"",""InstanceId"":""USB\\VID_18D1&PID_D00D\\1384E684""}]}",absent,fastboot,24.2,21.9,List of devices attached,1384e684               fastboot
2026-09-30T03:53:49.499+00:00,2026-09-30T03:53:49.556+00:00,85.760,present,3750.1,"{""state"":""present"",""devices"":[{""Status"":""OK"",""Class"":""AndroidUsbDeviceClass"",""FriendlyName"":""Android Bootloader Interface"",""InstanceId"":""USB\\VID_18D1&PID_D00D\\1384E684""}]}",absent,fastboot,29.1,27.3,List of devices attached,1384e684               fastboot
2026-09-30T03:53:50.500+00:00,2026-09-30T03:53:50.552+00:00,86.756,present,3777.8,"{""state"":""present"",""devices"":[{""Status"":""OK"",""Class"":""AndroidUsbDeviceClass"",""FriendlyName"":""Android Bootloader Interface"",""InstanceId"":""USB\\VID_18D1&PID_D00D\\1384E684""}]}",absent,fastboot,27.6,24.8,List of devices attached,1384e684               fastboot
2026-09-30T03:53:51.500+00:00,2026-09-30T03:53:51.546+00:00,87.750,present,3777.8,"{""state"":""present"",""devices"":[{""Status"":""OK"",""Class"":""AndroidUsbDeviceClass"",""FriendlyName"":""Android Bootloader Interface"",""InstanceId"":""USB\\VID_18D1&PID_D00D\\1384E684""}]}",absent,fastboot,23.8,21.6,List of devices attached,1384e684               fastboot
2026-09-30T03:53:52.500+00:00,2026-09-30T03:53:52.548+00:00,88.752,present,3777.8,"{""state"":""present"",""devices"":[{""Status"":""OK"",""Class"":""AndroidUsbDeviceClass"",""FriendlyName"":""Android Bootloader Interface"",""InstanceId"":""USB\\VID_18D1&PID_D00D\\1384E684""}]}",absent,fastboot,24.6,22.7,List of devices attached,1384e684               fastboot
2026-09-30T03:53:53.501+00:00,2026-09-30T03:53:53.551+00:00,89.755,present,3777.8,"{""state"":""present"",""devices"":[{""Status"":""OK"",""Class"":""AndroidUsbDeviceClass"",""FriendlyName"":""Android Bootloader Interface"",""InstanceId"":""USB\\VID_18D1&PID_D00D\\1384E684""}]}",absent,fastboot,26.4,24.1,List of devices attached,1384e684               fastboot
2026-09-30T03:53:54.501+00:00,2026-09-30T03:53:54.547+00:00,90.751,present,3758.0,"{""state"":""present"",""devices"":[{""Status"":""OK"",""Class"":""AndroidUsbDeviceClass"",""FriendlyName"":""Android Bootloader Interface"",""InstanceId"":""USB\\VID_18D1&PID_D00D\\1384E684""}]}",absent,fastboot,24.2,21.7,List of devices attached,1384e684               fastboot
2026-09-30T03:53:55.501+00:00,2026-09-30T03:53:55.551+00:00,91.755,present,3758.0,"{""state"":""present"",""devices"":[{""Status"":""OK"",""Class"":""AndroidUsbDeviceClass"",""FriendlyName"":""Android Bootloader Interface"",""InstanceId"":""USB\\VID_18D1&PID_D00D\\1384E684""}]}",absent,fastboot,27.1,22.7,List of devices attached,1384e684               fastboot
2026-09-30T03:53:56.501+00:00,2026-09-30T03:53:56.548+00:00,92.753,present,3758.0,"{""state"":""present"",""devices"":[{""Status"":""OK"",""Class"":""AndroidUsbDeviceClass"",""FriendlyName"":""Android Bootloader Interface"",""InstanceId"":""USB\\VID_18D1&PID_D00D\\1384E684""}]}",absent,fastboot,25.6,21.4,List of devices attached,1384e684               fastboot
2026-09-30T03:53:57.501+00:00,2026-09-30T03:53:57.551+00:00,93.756,present,3758.0,"{""state"":""present"",""devices"":[{""Status"":""OK"",""Class"":""AndroidUsbDeviceClass"",""FriendlyName"":""Android Bootloader Interface"",""InstanceId"":""USB\\VID_18D1&PID_D00D\\1384E684""}]}",absent,fastboot,25.9,24.0,List of devices attached,1384e684               fastboot
2026-09-30T03:53:58.502+00:00,2026-09-30T03:53:58.548+00:00,94.752,present,3824.9,"{""state"":""present"",""devices"":[{""Status"":""OK"",""Class"":""AndroidUsbDeviceClass"",""FriendlyName"":""Android Bootloader Interface"",""InstanceId"":""USB\\VID_18D1&PID_D00D\\1384E684""}]}",absent,fastboot,24.2,21.8,List of devices attached,1384e684               fastboot
2026-09-30T03:53:59.502+00:00,2026-09-30T03:53:59.548+00:00,95.753,present,3824.9,"{""state"":""present"",""devices"":[{""Status"":""OK"",""Class"":""AndroidUsbDeviceClass"",""FriendlyName"":""Android Bootloader Interface"",""InstanceId"":""USB\\VID_18D1&PID_D00D\\1384E684""}]}",absent,fastboot,24.1,22.6,List of devices attached,1384e684               fastboot
2026-09-30T03:54:00.502+00:00,2026-09-30T03:54:00.548+00:00,96.752,present,3824.9,"{""state"":""present"",""devices"":[{""Status"":""OK"",""Class"":""AndroidUsbDeviceClass"",""FriendlyName"":""Android Bootloader Interface"",""InstanceId"":""USB\\VID_18D1&PID_D00D\\1384E684""}]}",absent,fastboot,24.5,21.5,List of devices attached,1384e684               fastboot
2026-09-30T03:54:01.502+00:00,2026-09-30T03:54:01.555+00:00,97.759,present,3824.9,"{""state"":""present"",""devices"":[{""Status"":""OK"",""Class"":""AndroidUsbDeviceClass"",""FriendlyName"":""Android Bootloader Interface"",""InstanceId"":""USB\\VID_18D1&PID_D00D\\1384E684""}]}",absent,fastboot,27.1,25.6,List of devices attached,1384e684               fastboot
2026-09-30T03:54:02.503+00:00,2026-09-30T03:54:02.549+00:00,98.754,present,3743.6,"{""state"":""present"",""devices"":[{""Status"":""OK"",""Class"":""AndroidUsbDeviceClass"",""FriendlyName"":""Android Bootloader Interface"",""InstanceId"":""USB\\VID_18D1&PID_D00D\\1384E684""}]}",absent,fastboot,23.7,22.8,List of devices attached,1384e684               fastboot
2026-09-30T03:54:03.503+00:00,2026-09-30T03:54:03.552+00:00,99.756,present,3743.6,"{""state"":""present"",""devices"":[{""Status"":""OK"",""Class"":""AndroidUsbDeviceClass"",""FriendlyName"":""Android Bootloader Interface"",""InstanceId"":""USB\\VID_18D1&PID_D00D\\1384E684""}]}",absent,fastboot,26.0,23.3,List of devices attached,1384e684               fastboot
2026-09-30T03:54:04.503+00:00,2026-09-30T03:54:04.550+00:00,100.754,present,3743.6,"{""state"":""present"",""devices"":[{""Status"":""OK"",""Class"":""AndroidUsbDeviceClass"",""FriendlyName"":""Android Bootloader Interface"",""InstanceId"":""USB\\VID_18D1&PID_D00D\\1384E684""}]}",absent,fastboot,24.9,22.2,List of devices attached,1384e684               fastboot
2026-09-30T03:54:05.503+00:00,2026-09-30T03:54:05.554+00:00,101.758,present,3743.6,"{""state"":""present"",""devices"":[{""Status"":""OK"",""Class"":""AndroidUsbDeviceClass"",""FriendlyName"":""Android Bootloader Interface"",""InstanceId"":""USB\\VID_18D1&PID_D00D\\1384E684""}]}",absent,fastboot,25.7,24.5,List of devices attached,1384e684               fastboot
2026-09-30T03:54:06.503+00:00,2026-09-30T03:54:06.551+00:00,102.755,present,3694.1,"{""state"":""present"",""devices"":[{""Status"":""OK"",""Class"":""AndroidUsbDeviceClass"",""FriendlyName"":""Android Bootloader Interface"",""InstanceId"":""USB\\VID_18D1&PID_D00D\\1384E684""}]}",absent,fastboot,23.8,23.7,List of devices attached,1384e684               fastboot
2026-09-30T03:54:07.503+00:00,2026-09-30T03:54:07.550+00:00,103.755,present,3694.1,"{""state"":""present"",""devices"":[{""Status"":""OK"",""Class"":""AndroidUsbDeviceClass"",""FriendlyName"":""Android Bootloader Interface"",""InstanceId"":""USB\\VID_18D1&PID_D00D\\1384E684""}]}",absent,fastboot,24.9,22.1,List of devices attached,1384e684               fastboot
2026-09-30T03:54:08.504+00:00,2026-09-30T03:54:08.551+00:00,104.756,present,3694.1,"{""state"":""present"",""devices"":[{""Status"":""OK"",""Class"":""AndroidUsbDeviceClass"",""FriendlyName"":""Android Bootloader Interface"",""InstanceId"":""USB\\VID_18D1&PID_D00D\\1384E684""}]}",absent,fastboot,25.4,22.2,List of devices attached,1384e684               fastboot
2026-09-30T03:54:09.504+00:00,2026-09-30T03:54:09.555+00:00,105.759,present,3694.1,"{""state"":""present"",""devices"":[{""Status"":""OK"",""Class"":""AndroidUsbDeviceClass"",""FriendlyName"":""Android Bootloader Interface"",""InstanceId"":""USB\\VID_18D1&PID_D00D\\1384E684""}]}",absent,fastboot,26.9,24.1,List of devices attached,1384e684               fastboot
2026-09-30T03:54:10.504+00:00,2026-09-30T03:54:10.551+00:00,106.755,present,3636.1,"{""state"":""present"",""devices"":[{""Status"":""OK"",""Class"":""AndroidUsbDeviceClass"",""FriendlyName"":""Android Bootloader Interface"",""InstanceId"":""USB\\VID_18D1&PID_D00D\\1384E684""}]}",absent,fastboot,25.1,21.5,List of devices attached,1384e684               fastboot
2026-09-30T03:54:11.505+00:00,2026-09-30T03:54:11.567+00:00,107.771,present,3636.1,"{""state"":""present"",""devices"":[{""Status"":""OK"",""Class"":""AndroidUsbDeviceClass"",""FriendlyName"":""Android Bootloader Interface"",""InstanceId"":""USB\\VID_18D1&PID_D00D\\1384E684""}]}",absent,fastboot,31.3,30.9,List of devices attached,1384e684               fastboot
2026-09-30T03:54:12.505+00:00,2026-09-30T03:54:12.568+00:00,108.773,present,3636.1,"{""state"":""present"",""devices"":[{""Status"":""OK"",""Class"":""AndroidUsbDeviceClass"",""FriendlyName"":""Android Bootloader Interface"",""InstanceId"":""USB\\VID_18D1&PID_D00D\\1384E684""}]}",absent,fastboot,35.2,28.3,List of devices attached,1384e684               fastboot
2026-09-30T03:54:13.505+00:00,2026-09-30T03:54:13.573+00:00,109.777,present,3636.1,"{""state"":""present"",""devices"":[{""Status"":""OK"",""Class"":""AndroidUsbDeviceClass"",""FriendlyName"":""Android Bootloader Interface"",""InstanceId"":""USB\\VID_18D1&PID_D00D\\1384E684""}]}",absent,fastboot,36.3,31.1,List of devices attached,1384e684               fastboot
2026-09-30T03:54:14.505+00:00,2026-09-30T03:54:14.554+00:00,110.758,present,3353.1,"{""state"":""present"",""devices"":[{""Status"":""OK"",""Class"":""AndroidUsbDeviceClass"",""FriendlyName"":""Android Bootloader Interface"",""InstanceId"":""USB\\VID_18D1&PID_D00D\\1384E684""}]}",absent,fastboot,25.3,22.8,List of devices attached,1384e684               fastboot
2026-09-30T03:54:15.506+00:00,2026-09-30T03:54:15.555+00:00,111.760,present,3353.1,"{""state"":""present"",""devices"":[{""Status"":""OK"",""Class"":""AndroidUsbDeviceClass"",""FriendlyName"":""Android Bootloader Interface"",""InstanceId"":""USB\\VID_18D1&PID_D00D\\1384E684""}]}",absent,fastboot,24.9,24.3,List of devices attached,1384e684               fastboot
2026-09-30T03:54:16.506+00:00,2026-09-30T03:54:16.561+00:00,112.766,present,3353.1,"{""state"":""present"",""devices"":[{""Status"":""OK"",""Class"":""AndroidUsbDeviceClass"",""FriendlyName"":""Android Bootloader Interface"",""InstanceId"":""USB\\VID_18D1&PID_D00D\\1384E684""}]}",absent,fastboot,30.6,24.5,List of devices attached,1384e684               fastboot
2026-09-30T03:54:17.506+00:00,2026-09-30T03:54:17.576+00:00,113.780,present,3353.1,"{""state"":""present"",""devices"":[{""Status"":""OK"",""Class"":""AndroidUsbDeviceClass"",""FriendlyName"":""Android Bootloader Interface"",""InstanceId"":""USB\\VID_18D1&PID_D00D\\1384E684""}]}",absent,fastboot,36.0,33.3,List of devices attached,1384e684               fastboot
2026-09-30T03:54:18.507+00:00,2026-09-30T03:54:18.558+00:00,114.763,present,3353.1,"{""state"":""present"",""devices"":[{""Status"":""OK"",""Class"":""AndroidUsbDeviceClass"",""FriendlyName"":""Android Bootloader Interface"",""InstanceId"":""USB\\VID_18D1&PID_D00D\\1384E684""}]}",absent,fastboot,29.3,22.5,List of devices attached,1384e684               fastboot
2026-09-30T03:54:19.507+00:00,2026-09-30T03:54:19.558+00:00,115.762,present,4126.3,"{""state"":""present"",""devices"":[{""Status"":""OK"",""Class"":""AndroidUsbDeviceClass"",""FriendlyName"":""Android Bootloader Interface"",""InstanceId"":""USB\\VID_18D1&PID_D00D\\1384E684""}]}",absent,fastboot,27.8,23.2,List of devices attached,1384e684               fastboot
2026-09-30T03:54:20.507+00:00,2026-09-30T03:54:20.556+00:00,116.761,present,4126.3,"{""state"":""present"",""devices"":[{""Status"":""OK"",""Class"":""AndroidUsbDeviceClass"",""FriendlyName"":""Android Bootloader Interface"",""InstanceId"":""USB\\VID_18D1&PID_D00D\\1384E684""}]}",absent,fastboot,25.2,24.1,List of devices attached,1384e684               fastboot
2026-09-30T03:54:21.507+00:00,2026-09-30T03:54:21.559+00:00,117.764,present,4126.3,"{""state"":""present"",""devices"":[{""Status"":""OK"",""Class"":""AndroidUsbDeviceClass"",""FriendlyName"":""Android Bootloader Interface"",""InstanceId"":""USB\\VID_18D1&PID_D00D\\1384E684""}]}",absent,fastboot,27.6,24.3,List of devices attached,1384e684               fastboot
2026-09-30T03:54:22.508+00:00,2026-09-30T03:54:22.560+00:00,118.764,present,4126.3,"{""state"":""present"",""devices"":[{""Status"":""OK"",""Class"":""AndroidUsbDeviceClass"",""FriendlyName"":""Android Bootloader Interface"",""InstanceId"":""USB\\VID_18D1&PID_D00D\\1384E684""}]}",absent,fastboot,27.7,24.0,List of devices attached,1384e684               fastboot
2026-09-30T03:54:23.508+00:00,2026-09-30T03:54:23.560+00:00,119.764,present,4126.3,"{""state"":""present"",""devices"":[{""Status"":""OK"",""Class"":""AndroidUsbDeviceClass"",""FriendlyName"":""Android Bootloader Interface"",""InstanceId"":""USB\\VID_18D1&PID_D00D\\1384E684""}]}",absent,fastboot,28.0,23.3,List of devices attached,1384e684               fastboot
2026-09-30T03:54:24.509+00:00,2026-09-30T03:54:24.564+00:00,120.769,present,4348.4,"{""state"":""present"",""devices"":[{""Status"":""OK"",""Class"":""AndroidUsbDeviceClass"",""FriendlyName"":""Android Bootloader Interface"",""InstanceId"":""USB\\VID_18D1&PID_D00D\\1384E684""}]}",absent,fastboot,30.4,25.3,List of devices attached,1384e684               fastboot
2026-09-30T03:54:25.509+00:00,2026-09-30T03:54:25.570+00:00,121.775,present,4348.4,"{""state"":""present"",""devices"":[{""Status"":""OK"",""Class"":""AndroidUsbDeviceClass"",""FriendlyName"":""Android Bootloader Interface"",""InstanceId"":""USB\\VID_18D1&PID_D00D\\1384E684""}]}",absent,fastboot,24.6,36.9,List of devices attached,1384e684               fastboot
2026-09-30T03:54:26.509+00:00,2026-09-30T03:54:26.555+00:00,122.759,present,4348.4,"{""state"":""present"",""devices"":[{""Status"":""OK"",""Class"":""AndroidUsbDeviceClass"",""FriendlyName"":""Android Bootloader Interface"",""InstanceId"":""USB\\VID_18D1&PID_D00D\\1384E684""}]}",absent,fastboot,24.2,21.4,List of devices attached,1384e684               fastboot
2026-09-30T03:54:27.509+00:00,2026-09-30T03:54:27.559+00:00,123.763,present,4348.4,"{""state"":""present"",""devices"":[{""Status"":""OK"",""Class"":""AndroidUsbDeviceClass"",""FriendlyName"":""Android Bootloader Interface"",""InstanceId"":""USB\\VID_18D1&PID_D00D\\1384E684""}]}",absent,fastboot,26.3,23.0,List of devices attached,1384e684               fastboot
2026-09-30T03:54:28.510+00:00,2026-09-30T03:54:28.564+00:00,124.768,present,3914.3,"{""state"":""present"",""devices"":[{""Status"":""OK"",""Class"":""AndroidUsbDeviceClass"",""FriendlyName"":""Android Bootloader Interface"",""InstanceId"":""USB\\VID_18D1&PID_D00D\\1384E684""}]}",absent,fastboot,26.6,27.7,List of devices attached,1384e684               fastboot
2026-09-30T03:54:29.510+00:00,2026-09-30T03:54:29.555+00:00,125.759,present,3914.3,"{""state"":""present"",""devices"":[{""Status"":""OK"",""Class"":""AndroidUsbDeviceClass"",""FriendlyName"":""Android Bootloader Interface"",""InstanceId"":""USB\\VID_18D1&PID_D00D\\1384E684""}]}",absent,fastboot,24.0,21.4,List of devices attached,1384e684               fastboot
2026-09-30T03:54:30.510+00:00,2026-09-30T03:54:30.560+00:00,126.764,present,3914.3,"{""state"":""present"",""devices"":[{""Status"":""OK"",""Class"":""AndroidUsbDeviceClass"",""FriendlyName"":""Android Bootloader Interface"",""InstanceId"":""USB\\VID_18D1&PID_D00D\\1384E684""}]}",absent,fastboot,28.6,21.3,List of devices attached,1384e684               fastboot
2026-09-30T03:54:31.510+00:00,2026-09-30T03:54:31.568+00:00,127.773,present,3914.3,"{""state"":""present"",""devices"":[{""Status"":""OK"",""Class"":""AndroidUsbDeviceClass"",""FriendlyName"":""Android Bootloader Interface"",""InstanceId"":""USB\\VID_18D1&PID_D00D\\1384E684""}]}",absent,fastboot,25.5,32.8,List of devices attached,1384e684               fastboot
2026-09-30T03:54:32.510+00:00,2026-09-30T03:54:32.556+00:00,128.760,present,3816.2,"{""state"":""present"",""devices"":[{""Status"":""OK"",""Class"":""AndroidUsbDeviceClass"",""FriendlyName"":""Android Bootloader Interface"",""InstanceId"":""USB\\VID_18D1&PID_D00D\\1384E684""}]}",absent,fastboot,23.6,21.9,List of devices attached,1384e684               fastboot
2026-09-30T03:54:33.511+00:00,2026-09-30T03:54:33.557+00:00,129.762,present,3816.2,"{""state"":""present"",""devices"":[{""Status"":""OK"",""Class"":""AndroidUsbDeviceClass"",""FriendlyName"":""Android Bootloader Interface"",""InstanceId"":""USB\\VID_18D1&PID_D00D\\1384E684""}]}",absent,fastboot,25.2,21.5,List of devices attached,1384e684               fastboot
2026-09-30T03:54:34.511+00:00,2026-09-30T03:54:35.301+00:00,131.506,present,3816.2,"{""state"":""present"",""devices"":[{""Status"":""OK"",""Class"":""AndroidUsbDeviceClass"",""FriendlyName"":""Android Bootloader Interface"",""InstanceId"":""USB\\VID_18D1&PID_D00D\\1384E684""}]}",absent,fastboot,766.9,23.4,List of devices attached,1384e684               fastboot
2026-09-30T03:54:35.511+00:00,2026-09-30T03:54:35.849+00:00,132.053,present,3816.2,"{""state"":""present"",""devices"":[{""Status"":""OK"",""Class"":""AndroidUsbDeviceClass"",""FriendlyName"":""Android Bootloader Interface"",""InstanceId"":""USB\\VID_18D1&PID_D00D\\1384E684""}]}",absent,fastboot,313.8,23.7,List of devices attached,1384e684               fastboot
2026-09-30T03:54:36.513+00:00,2026-09-30T03:54:37.012+00:00,133.216,present,3816.2,"{""state"":""present"",""devices"":[{""Status"":""OK"",""Class"":""AndroidUsbDeviceClass"",""FriendlyName"":""Android Bootloader Interface"",""InstanceId"":""USB\\VID_18D1&PID_D00D\\1384E684""}]}",absent,fastboot,113.1,385.7,List of devices attached,1384e684               fastboot
2026-09-30T03:54:37.512+00:00,2026-09-30T03:54:37.575+00:00,133.779,present,3816.2,"{""state"":""present"",""devices"":[{""Status"":""OK"",""Class"":""AndroidUsbDeviceClass"",""FriendlyName"":""Android Bootloader Interface"",""InstanceId"":""USB\\VID_18D1&PID_D00D\\1384E684""}]}",absent,fastboot,34.1,28.4,List of devices attached,1384e684               fastboot
2026-09-30T03:54:38.512+00:00,2026-09-30T03:54:38.559+00:00,134.764,present,5671.1,"{""state"":""present"",""devices"":[{""Status"":""OK"",""Class"":""AndroidUsbDeviceClass"",""FriendlyName"":""Android Bootloader Interface"",""InstanceId"":""USB\\VID_18D1&PID_D00D\\1384E684""}]}",absent,fastboot,25.1,21.9,List of devices attached,1384e684               fastboot
2026-09-30T03:54:39.513+00:00,2026-09-30T03:54:39.571+00:00,135.775,present,5671.1,"{""state"":""present"",""devices"":[{""Status"":""OK"",""Class"":""AndroidUsbDeviceClass"",""FriendlyName"":""Android Bootloader Interface"",""InstanceId"":""USB\\VID_18D1&PID_D00D\\1384E684""}]}",absent,fastboot,24.9,33.1,List of devices attached,1384e684               fastboot
2026-09-30T03:54:40.513+00:00,2026-09-30T03:54:40.566+00:00,136.770,present,5671.1,"{""state"":""present"",""devices"":[{""Status"":""OK"",""Class"":""AndroidUsbDeviceClass"",""FriendlyName"":""Android Bootloader Interface"",""InstanceId"":""USB\\VID_18D1&PID_D00D\\1384E684""}]}",absent,fastboot,30.1,22.7,List of devices attached,1384e684               fastboot
2026-09-30T03:54:41.513+00:00,2026-09-30T03:54:41.561+00:00,137.766,present,5671.1,"{""state"":""present"",""devices"":[{""Status"":""OK"",""Class"":""AndroidUsbDeviceClass"",""FriendlyName"":""Android Bootloader Interface"",""InstanceId"":""USB\\VID_18D1&PID_D00D\\1384E684""}]}",absent,fastboot,24.1,23.8,List of devices attached,1384e684               fastboot
2026-09-30T03:54:42.514+00:00,2026-09-30T03:54:42.559+00:00,138.763,present,5671.1,"{""state"":""present"",""devices"":[{""Status"":""OK"",""Class"":""AndroidUsbDeviceClass"",""FriendlyName"":""Android Bootloader Interface"",""InstanceId"":""USB\\VID_18D1&PID_D00D\\1384E684""}]}",absent,fastboot,24.3,21.1,List of devices attached,1384e684               fastboot
2026-09-30T03:54:43.514+00:00,2026-09-30T03:54:43.570+00:00,139.774,present,4258.1,"{""state"":""present"",""devices"":[{""Status"":""OK"",""Class"":""AndroidUsbDeviceClass"",""FriendlyName"":""Android Bootloader Interface"",""InstanceId"":""USB\\VID_18D1&PID_D00D\\1384E684""}]}",absent,fastboot,24.3,31.3,List of devices attached,1384e684               fastboot
2026-09-30T03:54:44.514+00:00,2026-09-30T03:54:44.560+00:00,140.764,present,4258.1,"{""state"":""present"",""devices"":[{""Status"":""OK"",""Class"":""AndroidUsbDeviceClass"",""FriendlyName"":""Android Bootloader Interface"",""InstanceId"":""USB\\VID_18D1&PID_D00D\\1384E684""}]}",absent,fastboot,22.9,22.6,List of devices attached,1384e684               fastboot
2026-09-30T03:54:45.515+00:00,2026-09-30T03:54:46.212+00:00,142.416,present,4258.1,"{""state"":""present"",""devices"":[{""Status"":""OK"",""Class"":""AndroidUsbDeviceClass"",""FriendlyName"":""Android Bootloader Interface"",""InstanceId"":""USB\\VID_18D1&PID_D00D\\1384E684""}]}",absent,absent,267.1,430.1,List of devices attached,????????????           fastboot
2026-09-30T03:54:46.515+00:00,2026-09-30T03:54:46.579+00:00,142.783,present,4258.1,"{""state"":""present"",""devices"":[{""Status"":""OK"",""Class"":""AndroidUsbDeviceClass"",""FriendlyName"":""Android Bootloader Interface"",""InstanceId"":""USB\\VID_18D1&PID_D00D\\1384E684""}]}",absent,absent,40.4,23.9,List of devices attached,
2026-09-30T03:54:47.515+00:00,2026-09-30T03:54:47.929+00:00,144.133,present,4258.1,"{""state"":""present"",""devices"":[{""Status"":""OK"",""Class"":""AndroidUsbDeviceClass"",""FriendlyName"":""Android Bootloader Interface"",""InstanceId"":""USB\\VID_18D1&PID_D00D\\1384E684""}]}",absent,absent,22.8,390.9,List of devices attached,
2026-09-30T03:54:48.515+00:00,2026-09-30T03:54:48.559+00:00,144.763,present,4647.3,"{""state"":""present"",""devices"":[{""Status"":""OK"",""Class"":""AndroidUsbDeviceClass"",""FriendlyName"":""Android Bootloader Interface"",""InstanceId"":""USB\\VID_18D1&PID_D00D\\1384E684""}]}",absent,absent,22.6,20.6,List of devices attached,
2026-09-30T03:54:49.516+00:00,2026-09-30T03:54:49.560+00:00,145.765,present,4647.3,"{""state"":""present"",""devices"":[{""Status"":""OK"",""Class"":""AndroidUsbDeviceClass"",""FriendlyName"":""Android Bootloader Interface"",""InstanceId"":""USB\\VID_18D1&PID_D00D\\1384E684""}]}",absent,absent,23.9,20.5,List of devices attached,
2026-09-30T03:54:50.516+00:00,2026-09-30T03:54:50.561+00:00,146.766,present,4647.3,"{""state"":""present"",""devices"":[{""Status"":""OK"",""Class"":""AndroidUsbDeviceClass"",""FriendlyName"":""Android Bootloader Interface"",""InstanceId"":""USB\\VID_18D1&PID_D00D\\1384E684""}]}",absent,absent,24.4,20.6,List of devices attached,
2026-09-30T03:54:51.516+00:00,2026-09-30T03:54:54.695+00:00,150.900,present,4647.3,"{""state"":""present"",""devices"":[{""Status"":""OK"",""Class"":""AndroidUsbDeviceClass"",""FriendlyName"":""Android Bootloader Interface"",""InstanceId"":""USB\\VID_18D1&PID_D00D\\1384E684""}]}",absent,absent,1820.6,1358.1,List of devices attached,
2026-09-30T03:54:54.695+00:00,2026-09-30T03:54:55.434+00:00,151.638,present,4647.3,"{""state"":""present"",""devices"":[{""Status"":""OK"",""Class"":""AndroidUsbDeviceClass"",""FriendlyName"":""Android Bootloader Interface"",""InstanceId"":""USB\\VID_18D1&PID_D00D\\1384E684""}]}",absent,absent,379.3,358.9,List of devices attached,
2026-09-30T03:54:55.695+00:00,2026-09-30T03:54:57.875+00:00,154.079,present,4647.3,"{""state"":""present"",""devices"":[{""Status"":""OK"",""Class"":""AndroidUsbDeviceClass"",""FriendlyName"":""Android Bootloader Interface"",""InstanceId"":""USB\\VID_18D1&PID_D00D\\1384E684""}]}",absent,absent,1146.5,1032.9,List of devices attached,
2026-09-30T03:54:57.875+00:00,2026-09-30T03:54:59.015+00:00,155.219,present,4647.3,"{""state"":""present"",""devices"":[{""Status"":""OK"",""Class"":""AndroidUsbDeviceClass"",""FriendlyName"":""Android Bootloader Interface"",""InstanceId"":""USB\\VID_18D1&PID_D00D\\1384E684""}]}",absent,absent,387.5,752.0,List of devices attached,
2026-09-30T03:54:59.015+00:00,2026-09-30T03:55:00.150+00:00,156.355,query_error,10106.8,"TimeoutExpired(['C:\\WINDOWS\\System32\\WindowsPowerShell\\v1.0\\powershell.exe', '-NoLogo', '-NoProfile', '-NonInteractive', '-Command', ""\n$ErrorActionPreference = 'Stop'\n$serial = '1384e684'\n$matches = @(Get-PnpDevice -PresentOnly | Where-Object { $_.InstanceId -match [regex]::Escape($serial) } | Select-Object Status, Class, FriendlyName, InstanceId)\nif ($matches.Count -eq 0) { @{ state = 'absent'; devices = @() } | ConvertTo-Json -Compress -Depth 4 }\nelse { @{ state = 'present'; devices = $matches } | ConvertTo-Json -Compress -Depth 4 }\n""], 10.0)",absent,absent,1108.0,27.7,List of devices attached,
2026-09-30T03:55:00.152+00:00,2026-09-30T03:55:00.208+00:00,156.413,query_error,10106.8,"TimeoutExpired(['C:\\WINDOWS\\System32\\WindowsPowerShell\\v1.0\\powershell.exe', '-NoLogo', '-NoProfile', '-NonInteractive', '-Command', ""\n$ErrorActionPreference = 'Stop'\n$serial = '1384e684'\n$matches = @(Get-PnpDevice -PresentOnly | Where-Object { $_.InstanceId -match [regex]::Escape($serial) } | Select-Object Status, Class, FriendlyName, InstanceId)\nif ($matches.Count -eq 0) { @{ state = 'absent'; devices = @() } | ConvertTo-Json -Compress -Depth 4 }\nelse { @{ state = 'present'; devices = $matches } | ConvertTo-Json -Compress -Depth 4 }\n""], 10.0)",absent,absent,31.9,24.7,List of devices attached,
2026-09-30T03:55:01.152+00:00,2026-09-30T03:55:02.251+00:00,158.455,query_error,10106.8,"TimeoutExpired(['C:\\WINDOWS\\System32\\WindowsPowerShell\\v1.0\\powershell.exe', '-NoLogo', '-NoProfile', '-NonInteractive', '-Command', ""\n$ErrorActionPreference = 'Stop'\n$serial = '1384e684'\n$matches = @(Get-PnpDevice -PresentOnly | Where-Object { $_.InstanceId -match [regex]::Escape($serial) } | Select-Object Status, Class, FriendlyName, InstanceId)\nif ($matches.Count -eq 0) { @{ state = 'absent'; devices = @() } | ConvertTo-Json -Compress -Depth 4 }\nelse { @{ state = 'present'; devices = $matches } | ConvertTo-Json -Compress -Depth 4 }\n""], 10.0)",absent,absent,1074.5,24.4,List of devices attached,
2026-09-30T03:55:02.251+00:00,2026-09-30T03:55:02.624+00:00,158.829,query_error,10106.8,"TimeoutExpired(['C:\\WINDOWS\\System32\\WindowsPowerShell\\v1.0\\powershell.exe', '-NoLogo', '-NoProfile', '-NonInteractive', '-Command', ""\n$ErrorActionPreference = 'Stop'\n$serial = '1384e684'\n$matches = @(Get-PnpDevice -PresentOnly | Where-Object { $_.InstanceId -match [regex]::Escape($serial) } | Select-Object Status, Class, FriendlyName, InstanceId)\nif ($matches.Count -eq 0) { @{ state = 'absent'; devices = @() } | ConvertTo-Json -Compress -Depth 4 }\nelse { @{ state = 'present'; devices = $matches } | ConvertTo-Json -Compress -Depth 4 }\n""], 10.0)",absent,absent,349.0,24.2,List of devices attached,
2026-09-30T03:55:03.251+00:00,2026-09-30T03:55:03.448+00:00,159.652,query_error,10106.8,"TimeoutExpired(['C:\\WINDOWS\\System32\\WindowsPowerShell\\v1.0\\powershell.exe', '-NoLogo', '-NoProfile', '-NonInteractive', '-Command', ""\n$ErrorActionPreference = 'Stop'\n$serial = '1384e684'\n$matches = @(Get-PnpDevice -PresentOnly | Where-Object { $_.InstanceId -match [regex]::Escape($serial) } | Select-Object Status, Class, FriendlyName, InstanceId)\nif ($matches.Count -eq 0) { @{ state = 'absent'; devices = @() } | ConvertTo-Json -Compress -Depth 4 }\nelse { @{ state = 'present'; devices = $matches } | ConvertTo-Json -Compress -Depth 4 }\n""], 10.0)",absent,absent,174.1,22.1,List of devices attached,
2026-09-30T03:55:04.252+00:00,2026-09-30T03:55:04.611+00:00,160.815,query_error,10106.8,"TimeoutExpired(['C:\\WINDOWS\\System32\\WindowsPowerShell\\v1.0\\powershell.exe', '-NoLogo', '-NoProfile', '-NonInteractive', '-Command', ""\n$ErrorActionPreference = 'Stop'\n$serial = '1384e684'\n$matches = @(Get-PnpDevice -PresentOnly | Where-Object { $_.InstanceId -match [regex]::Escape($serial) } | Select-Object Status, Class, FriendlyName, InstanceId)\nif ($matches.Count -eq 0) { @{ state = 'absent'; devices = @() } | ConvertTo-Json -Compress -Depth 4 }\nelse { @{ state = 'present'; devices = $matches } | ConvertTo-Json -Compress -Depth 4 }\n""], 10.0)",absent,absent,25.0,333.9,List of devices attached,
2026-09-30T03:55:05.252+00:00,2026-09-30T03:55:05.311+00:00,161.516,query_error,10106.8,"TimeoutExpired(['C:\\WINDOWS\\System32\\WindowsPowerShell\\v1.0\\powershell.exe', '-NoLogo', '-NoProfile', '-NonInteractive', '-Command', ""\n$ErrorActionPreference = 'Stop'\n$serial = '1384e684'\n$matches = @(Get-PnpDevice -PresentOnly | Where-Object { $_.InstanceId -match [regex]::Escape($serial) } | Select-Object Status, Class, FriendlyName, InstanceId)\nif ($matches.Count -eq 0) { @{ state = 'absent'; devices = @() } | ConvertTo-Json -Compress -Depth 4 }\nelse { @{ state = 'present'; devices = $matches } | ConvertTo-Json -Compress -Depth 4 }\n""], 10.0)",absent,absent,26.7,32.4,List of devices attached,
2026-09-30T03:55:06.253+00:00,2026-09-30T03:55:06.315+00:00,162.519,query_error,10106.8,"TimeoutExpired(['C:\\WINDOWS\\System32\\WindowsPowerShell\\v1.0\\powershell.exe', '-NoLogo', '-NoProfile', '-NonInteractive', '-Command', ""\n$ErrorActionPreference = 'Stop'\n$serial = '1384e684'\n$matches = @(Get-PnpDevice -PresentOnly | Where-Object { $_.InstanceId -match [regex]::Escape($serial) } | Select-Object Status, Class, FriendlyName, InstanceId)\nif ($matches.Count -eq 0) { @{ state = 'absent'; devices = @() } | ConvertTo-Json -Compress -Depth 4 }\nelse { @{ state = 'present'; devices = $matches } | ConvertTo-Json -Compress -Depth 4 }\n""], 10.0)",absent,absent,32.3,29.4,List of devices attached,
2026-09-30T03:55:07.254+00:00,2026-09-30T03:55:07.301+00:00,163.505,query_error,10106.8,"TimeoutExpired(['C:\\WINDOWS\\System32\\WindowsPowerShell\\v1.0\\powershell.exe', '-NoLogo', '-NoProfile', '-NonInteractive', '-Command', ""\n$ErrorActionPreference = 'Stop'\n$serial = '1384e684'\n$matches = @(Get-PnpDevice -PresentOnly | Where-Object { $_.InstanceId -match [regex]::Escape($serial) } | Select-Object Status, Class, FriendlyName, InstanceId)\nif ($matches.Count -eq 0) { @{ state = 'absent'; devices = @() } | ConvertTo-Json -Compress -Depth 4 }\nelse { @{ state = 'present'; devices = $matches } | ConvertTo-Json -Compress -Depth 4 }\n""], 10.0)",absent,absent,24.8,21.9,List of devices attached,
2026-09-30T03:55:08.254+00:00,2026-09-30T03:55:08.303+00:00,164.507,absent,9148.1,"{""state"":""absent"",""devices"":[]}",absent,absent,25.7,23.0,List of devices attached,
2026-09-30T03:55:09.254+00:00,2026-09-30T03:55:09.618+00:00,165.823,absent,9148.1,"{""state"":""absent"",""devices"":[]}",absent,absent,341.9,22.0,List of devices attached,
2026-09-30T03:55:10.255+00:00,2026-09-30T03:55:10.324+00:00,166.528,absent,9148.1,"{""state"":""absent"",""devices"":[]}",absent,absent,36.5,32.4,List of devices attached,
2026-09-30T03:55:11.255+00:00,2026-09-30T03:55:11.314+00:00,167.519,absent,9148.1,"{""state"":""absent"",""devices"":[]}",absent,absent,23.9,35.3,List of devices attached,
2026-09-30T03:55:12.255+00:00,2026-09-30T03:55:12.301+00:00,168.506,absent,9148.1,"{""state"":""absent"",""devices"":[]}",absent,absent,25.1,20.9,List of devices attached,
2026-09-30T03:55:13.256+00:00,2026-09-30T03:55:13.304+00:00,169.509,absent,4663.2,"{""state"":""absent"",""devices"":[]}",absent,absent,24.9,23.6,List of devices attached,
2026-09-30T03:55:14.256+00:00,2026-09-30T03:55:14.302+00:00,170.506,absent,4663.2,"{""state"":""absent"",""devices"":[]}",absent,absent,24.5,21.4,List of devices attached,
2026-09-30T03:55:15.256+00:00,2026-09-30T03:55:15.303+00:00,171.507,absent,4663.2,"{""state"":""absent"",""devices"":[]}",absent,absent,24.5,22.3,List of devices attached,
2026-09-30T03:55:16.256+00:00,2026-09-30T03:55:16.363+00:00,172.567,absent,4663.2,"{""state"":""absent"",""devices"":[]}",absent,absent,84.7,21.8,List of devices attached,
2026-09-30T03:55:17.257+00:00,2026-09-30T03:55:17.516+00:00,173.720,absent,4663.2,"{""state"":""absent"",""devices"":[]}",absent,absent,236.9,21.9,List of devices attached,
2026-09-30T03:55:18.257+00:00,2026-09-30T03:55:18.302+00:00,174.506,absent,4422.8,"{""state"":""absent"",""devices"":[]}",absent,absent,23.3,21.6,List of devices attached,
2026-09-30T03:55:19.257+00:00,2026-09-30T03:55:19.312+00:00,175.517,absent,4422.8,"{""state"":""absent"",""devices"":[]}",absent,absent,24.1,31.1,List of devices attached,
2026-09-30T03:55:20.257+00:00,2026-09-30T03:55:20.302+00:00,176.507,absent,4422.8,"{""state"":""absent"",""devices"":[]}",absent,absent,24.4,20.6,List of devices attached,
2026-09-30T03:55:21.258+00:00,2026-09-30T03:55:21.302+00:00,177.506,absent,4422.8,"{""state"":""absent"",""devices"":[]}",absent,absent,23.9,19.8,List of devices attached,
2026-09-30T03:55:22.258+00:00,2026-09-30T03:55:22.302+00:00,178.507,absent,4422.8,"{""state"":""absent"",""devices"":[]}",absent,absent,24.0,20.0,List of devices attached,
2026-09-30T03:55:23.259+00:00,2026-09-30T03:55:23.645+00:00,179.850,absent,4381.0,"{""state"":""absent"",""devices"":[]}",absent,absent,364.5,22.1,List of devices attached,
2026-09-30T03:55:24.259+00:00,2026-09-30T03:55:24.319+00:00,180.523,absent,4381.0,"{""state"":""absent"",""devices"":[]}",absent,absent,37.5,21.8,List of devices attached,
2026-09-30T03:55:25.259+00:00,2026-09-30T03:55:25.304+00:00,181.509,absent,4381.0,"{""state"":""absent"",""devices"":[]}",absent,absent,23.6,21.5,List of devices attached,
2026-09-30T03:55:26.260+00:00,2026-09-30T03:55:26.305+00:00,182.509,absent,4381.0,"{""state"":""absent"",""devices"":[]}",absent,absent,24.7,20.6,List of devices attached,
2026-09-30T03:55:27.260+00:00,2026-09-30T03:55:27.311+00:00,183.515,absent,4381.0,"{""state"":""absent"",""devices"":[]}",absent,absent,29.5,21.2,List of devices attached,
2026-09-30T03:55:28.260+00:00,2026-09-30T03:55:28.306+00:00,184.510,absent,4518.9,"{""state"":""absent"",""devices"":[]}",absent,absent,24.8,20.9,List of devices attached,
2026-09-30T03:55:29.260+00:00,2026-09-30T03:55:29.317+00:00,185.522,absent,4518.9,"{""state"":""absent"",""devices"":[]}",absent,absent,24.2,32.7,List of devices attached,
2026-09-30T03:55:30.261+00:00,2026-09-30T03:55:30.413+00:00,186.617,absent,4518.9,"{""state"":""absent"",""devices"":[]}",absent,absent,128.8,22.9,List of devices attached,
2026-09-30T03:55:31.261+00:00,2026-09-30T03:55:31.308+00:00,187.512,absent,4518.9,"{""state"":""absent"",""devices"":[]}",absent,absent,25.3,21.2,List of devices attached,
2026-09-30T03:55:32.261+00:00,2026-09-30T03:55:32.305+00:00,188.510,absent,4518.9,"{""state"":""absent"",""devices"":[]}",absent,absent,23.6,20.4,List of devices attached,
2026-09-30T03:55:33.262+00:00,2026-09-30T03:55:33.307+00:00,189.511,absent,4608.9,"{""state"":""absent"",""devices"":[]}",absent,absent,24.0,21.0,List of devices attached,
2026-09-30T03:55:34.262+00:00,2026-09-30T03:55:34.307+00:00,190.512,absent,4608.9,"{""state"":""absent"",""devices"":[]}",absent,absent,24.4,21.1,List of devices attached,
2026-09-30T03:55:35.262+00:00,2026-09-30T03:55:35.311+00:00,191.516,absent,4608.9,"{""state"":""absent"",""devices"":[]}",absent,absent,26.7,22.3,List of devices attached,
2026-09-30T03:55:36.262+00:00,2026-09-30T03:55:36.311+00:00,192.515,absent,4608.9,"{""state"":""absent"",""devices"":[]}",absent,absent,26.7,21.6,List of devices attached,
2026-09-30T03:55:37.263+00:00,2026-09-30T03:55:37.347+00:00,193.552,absent,4608.9,"{""state"":""absent"",""devices"":[]}",absent,absent,36.0,48.5,List of devices attached,
2026-09-30T03:55:38.263+00:00,2026-09-30T03:55:38.320+00:00,194.524,absent,4608.9,"{""state"":""absent"",""devices"":[]}",absent,absent,26.2,30.3,List of devices attached,
2026-09-30T03:55:39.263+00:00,2026-09-30T03:55:39.310+00:00,195.514,absent,5212.2,"{""state"":""absent"",""devices"":[]}",absent,absent,23.9,22.6,List of devices attached,
2026-09-30T03:55:40.264+00:00,2026-09-30T03:55:40.310+00:00,196.514,absent,5212.2,"{""state"":""absent"",""devices"":[]}",absent,absent,23.3,22.7,List of devices attached,
2026-09-30T03:55:41.264+00:00,2026-09-30T03:55:41.308+00:00,197.512,absent,5212.2,"{""state"":""absent"",""devices"":[]}",absent,absent,23.7,19.9,List of devices attached,
2026-09-30T03:55:42.265+00:00,2026-09-30T03:55:42.311+00:00,198.516,absent,5212.2,"{""state"":""absent"",""devices"":[]}",absent,absent,24.6,22.1,List of devices attached,
2026-09-30T03:55:43.265+00:00,2026-09-30T03:55:43.317+00:00,199.521,absent,5212.2,"{""state"":""absent"",""devices"":[]}",absent,absent,29.5,22.1,List of devices attached,
2026-09-30T03:55:44.265+00:00,2026-09-30T03:55:44.313+00:00,200.517,absent,4373.0,"{""state"":""absent"",""devices"":[]}",absent,absent,24.5,22.9,List of devices attached,
2026-09-30T03:55:45.265+00:00,2026-09-30T03:55:45.311+00:00,201.515,absent,4373.0,"{""state"":""absent"",""devices"":[]}",absent,absent,24.3,20.9,List of devices attached,
2026-09-30T03:55:46.266+00:00,2026-09-30T03:55:46.312+00:00,202.517,absent,4373.0,"{""state"":""absent"",""devices"":[]}",absent,absent,25.5,20.9,List of devices attached,
2026-09-30T03:55:47.266+00:00,2026-09-30T03:55:47.312+00:00,203.516,absent,4373.0,"{""state"":""absent"",""devices"":[]}",absent,absent,23.9,21.4,List of devices attached,
2026-09-30T03:55:48.267+00:00,2026-09-30T03:55:48.312+00:00,204.517,absent,4373.0,"{""state"":""absent"",""devices"":[]}",absent,absent,23.2,22.5,List of devices attached,
2026-09-30T03:55:49.267+00:00,2026-09-30T03:55:49.314+00:00,205.518,absent,4375.8,"{""state"":""absent"",""devices"":[]}",absent,absent,24.1,22.5,List of devices attached,
2026-09-30T03:55:50.267+00:00,2026-09-30T03:55:50.313+00:00,206.517,absent,4375.8,"{""state"":""absent"",""devices"":[]}",absent,absent,23.8,21.4,List of devices attached,
2026-09-30T03:55:51.268+00:00,2026-09-30T03:55:51.312+00:00,207.517,absent,4375.8,"{""state"":""absent"",""devices"":[]}",absent,absent,23.8,20.7,List of devices attached,
2026-09-30T03:55:52.268+00:00,2026-09-30T03:55:52.316+00:00,208.520,absent,4375.8,"{""state"":""absent"",""devices"":[]}",absent,absent,25.6,22.2,List of devices attached,
2026-09-30T03:55:53.268+00:00,2026-09-30T03:55:53.324+00:00,209.529,absent,4375.8,"{""state"":""absent"",""devices"":[]}",absent,absent,25.6,30.3,List of devices attached,
2026-09-30T03:55:54.269+00:00,2026-09-30T03:55:54.330+00:00,210.535,absent,4066.2,"{""state"":""absent"",""devices"":[]}",absent,absent,29.2,32.2,List of devices attached,
2026-09-30T03:55:55.269+00:00,2026-09-30T03:55:55.317+00:00,211.521,absent,4066.2,"{""state"":""absent"",""devices"":[]}",absent,absent,25.4,22.3,List of devices attached,
2026-09-30T03:55:56.269+00:00,2026-09-30T03:55:56.315+00:00,212.519,absent,4066.2,"{""state"":""absent"",""devices"":[]}",absent,absent,25.3,20.5,List of devices attached,
2026-09-30T03:55:57.270+00:00,2026-09-30T03:55:57.319+00:00,213.523,absent,4066.2,"{""state"":""absent"",""devices"":[]}",absent,absent,26.2,22.6,List of devices attached,
2026-09-30T03:55:58.270+00:00,2026-09-30T03:55:58.317+00:00,214.521,absent,4066.2,"{""state"":""absent"",""devices"":[]}",absent,absent,24.5,22.0,List of devices attached,
2026-09-30T03:55:59.270+00:00,2026-09-30T03:55:59.318+00:00,215.522,absent,4320.7,"{""state"":""absent"",""devices"":[]}",absent,absent,25.4,22.1,List of devices attached,
2026-09-30T03:56:00.270+00:00,2026-09-30T03:56:00.320+00:00,216.525,absent,4320.7,"{""state"":""absent"",""devices"":[]}",absent,absent,27.0,22.8,List of devices attached,
2026-09-30T03:56:01.271+00:00,2026-09-30T03:56:01.316+00:00,217.521,absent,4320.7,"{""state"":""absent"",""devices"":[]}",absent,absent,25.1,20.7,List of devices attached,
2026-09-30T03:56:02.271+00:00,2026-09-30T03:56:02.317+00:00,218.522,absent,4320.7,"{""state"":""absent"",""devices"":[]}",absent,absent,24.9,21.4,List of devices attached,
2026-09-30T03:56:03.271+00:00,2026-09-30T03:56:03.320+00:00,219.524,absent,4320.7,"{""state"":""absent"",""devices"":[]}",absent,absent,26.4,22.2,List of devices attached,
2026-09-30T03:56:04.271+00:00,2026-09-30T03:56:04.319+00:00,220.524,absent,4417.8,"{""state"":""absent"",""devices"":[]}",absent,absent,24.7,23.0,List of devices attached,
2026-09-30T03:56:05.272+00:00,2026-09-30T03:56:05.320+00:00,221.524,absent,4417.8,"{""state"":""absent"",""devices"":[]}",absent,absent,25.8,22.2,List of devices attached,
2026-09-30T03:56:06.272+00:00,2026-09-30T03:56:06.318+00:00,222.523,absent,4417.8,"{""state"":""absent"",""devices"":[]}",absent,absent,25.5,20.6,List of devices attached,
2026-09-30T03:56:07.272+00:00,2026-09-30T03:56:07.319+00:00,223.523,absent,4417.8,"{""state"":""absent"",""devices"":[]}",absent,absent,24.4,21.9,List of devices attached,
2026-09-30T03:56:08.273+00:00,2026-09-30T03:56:08.322+00:00,224.526,absent,4417.8,"{""state"":""absent"",""devices"":[]}",absent,absent,26.8,22.5,List of devices attached,
2026-09-30T03:56:09.273+00:00,2026-09-30T03:56:09.319+00:00,225.523,absent,4123.6,"{""state"":""absent"",""devices"":[]}",absent,absent,24.3,22.0,List of devices attached,
2026-09-30T03:56:10.273+00:00,2026-09-30T03:56:10.319+00:00,226.523,absent,4123.6,"{""state"":""absent"",""devices"":[]}",absent,absent,24.6,20.7,List of devices attached,
2026-09-30T03:56:11.273+00:00,2026-09-30T03:56:11.318+00:00,227.522,absent,4123.6,"{""state"":""absent"",""devices"":[]}",absent,absent,23.7,20.7,List of devices attached,
2026-09-30T03:56:12.274+00:00,2026-09-30T03:56:12.320+00:00,228.524,absent,4123.6,"{""state"":""absent"",""devices"":[]}",absent,absent,23.1,23.1,List of devices attached,
2026-09-30T03:56:13.274+00:00,2026-09-30T03:56:13.322+00:00,229.527,absent,4123.6,"{""state"":""absent"",""devices"":[]}",absent,absent,25.2,23.1,List of devices attached,
2026-09-30T03:56:14.274+00:00,2026-09-30T03:56:14.320+00:00,230.524,absent,4013.0,"{""state"":""absent"",""devices"":[]}",absent,absent,25.3,19.9,List of devices attached,
2026-09-30T03:56:15.275+00:00,2026-09-30T03:56:15.320+00:00,231.525,absent,4013.0,"{""state"":""absent"",""devices"":[]}",absent,absent,24.4,20.8,List of devices attached,
2026-09-30T03:56:16.275+00:00,2026-09-30T03:56:16.322+00:00,232.527,absent,4013.0,"{""state"":""absent"",""devices"":[]}",absent,absent,25.4,21.6,List of devices attached,
2026-09-30T03:56:17.276+00:00,2026-09-30T03:56:17.324+00:00,233.528,absent,4013.0,"{""state"":""absent"",""devices"":[]}",absent,absent,26.1,21.8,List of devices attached,
2026-09-30T03:56:18.276+00:00,2026-09-30T03:56:18.321+00:00,234.526,absent,4013.0,"{""state"":""absent"",""devices"":[]}",absent,absent,23.4,21.9,List of devices attached,
2026-09-30T03:56:19.276+00:00,2026-09-30T03:56:19.324+00:00,235.529,absent,4066.6,"{""state"":""absent"",""devices"":[]}",absent,absent,25.6,22.4,List of devices attached,
2026-09-30T03:56:20.276+00:00,2026-09-30T03:56:20.322+00:00,236.526,absent,4066.6,"{""state"":""absent"",""devices"":[]}",absent,absent,24.3,21.0,List of devices attached,
2026-09-30T03:56:21.277+00:00,2026-09-30T03:56:21.322+00:00,237.527,absent,4066.6,"{""state"":""absent"",""devices"":[]}",absent,absent,24.2,21.3,List of devices attached,
2026-09-30T03:56:22.277+00:00,2026-09-30T03:56:22.321+00:00,238.526,absent,4066.6,"{""state"":""absent"",""devices"":[]}",absent,absent,23.6,20.4,List of devices attached,
2026-09-30T03:56:23.277+00:00,2026-09-30T03:56:23.327+00:00,239.532,absent,4066.6,"{""state"":""absent"",""devices"":[]}",absent,absent,25.8,24.2,List of devices attached,
2026-09-30T03:56:24.278+00:00,2026-09-30T03:56:24.323+00:00,240.528,absent,4033.8,"{""state"":""absent"",""devices"":[]}",absent,absent,24.3,21.1,List of devices attached,
2026-09-30T03:56:25.278+00:00,2026-09-30T03:56:25.323+00:00,241.527,absent,4033.8,"{""state"":""absent"",""devices"":[]}",absent,absent,24.2,20.2,List of devices attached,
2026-09-30T03:56:26.279+00:00,2026-09-30T03:56:26.326+00:00,242.531,absent,4033.8,"{""state"":""absent"",""devices"":[]}",absent,absent,24.4,22.8,List of devices attached,
2026-09-30T03:56:27.279+00:00,2026-09-30T03:56:27.325+00:00,243.529,absent,4033.8,"{""state"":""absent"",""devices"":[]}",absent,absent,24.2,21.1,List of devices attached,
2026-09-30T03:56:28.279+00:00,2026-09-30T03:56:28.330+00:00,244.534,absent,4033.8,"{""state"":""absent"",""devices"":[]}",absent,absent,26.9,23.2,List of devices attached,
2026-09-30T03:56:29.280+00:00,2026-09-30T03:56:29.327+00:00,245.531,absent,4049.6,"{""state"":""absent"",""devices"":[]}",absent,absent,25.8,21.2,List of devices attached,
2026-09-30T03:56:30.280+00:00,2026-09-30T03:56:30.325+00:00,246.529,absent,4049.6,"{""state"":""absent"",""devices"":[]}",absent,absent,23.8,21.1,List of devices attached,
2026-09-30T03:56:31.280+00:00,2026-09-30T03:56:31.327+00:00,247.532,absent,4049.6,"{""state"":""absent"",""devices"":[]}",absent,absent,25.4,21.8,List of devices attached,
2026-09-30T03:56:32.280+00:00,2026-09-30T03:56:32.328+00:00,248.532,absent,4049.6,"{""state"":""absent"",""devices"":[]}",absent,absent,23.7,23.7,List of devices attached,
2026-09-30T03:56:33.281+00:00,2026-09-30T03:56:33.327+00:00,249.532,absent,4049.6,"{""state"":""absent"",""devices"":[]}",absent,absent,25.2,21.1,List of devices attached,
2026-09-30T03:56:34.281+00:00,2026-09-30T03:56:34.328+00:00,250.532,absent,4120.5,"{""state"":""absent"",""devices"":[]}",absent,absent,24.6,21.9,List of devices attached,
2026-09-30T03:56:35.281+00:00,2026-09-30T03:56:35.327+00:00,251.532,absent,4120.5,"{""state"":""absent"",""devices"":[]}",absent,absent,23.0,22.9,List of devices attached,
2026-09-30T03:56:36.281+00:00,2026-09-30T03:56:36.326+00:00,252.530,absent,4120.5,"{""state"":""absent"",""devices"":[]}",absent,absent,24.0,20.2,List of devices attached,
2026-09-30T03:56:37.281+00:00,2026-09-30T03:56:37.326+00:00,253.531,absent,4120.5,"{""state"":""absent"",""devices"":[]}",absent,absent,24.3,20.4,List of devices attached,
2026-09-30T03:56:38.282+00:00,2026-09-30T03:56:38.327+00:00,254.531,absent,4120.5,"{""state"":""absent"",""devices"":[]}",absent,absent,24.0,21.0,List of devices attached,
2026-09-30T03:56:39.282+00:00,2026-09-30T03:56:39.329+00:00,255.534,absent,4191.9,"{""state"":""absent"",""devices"":[]}",absent,absent,25.8,21.8,List of devices attached,
2026-09-30T03:56:40.282+00:00,2026-09-30T03:56:40.328+00:00,256.532,absent,4191.9,"{""state"":""absent"",""devices"":[]}",absent,absent,24.2,21.0,List of devices attached,
2026-09-30T03:56:41.283+00:00,2026-09-30T03:56:41.330+00:00,257.535,absent,4191.9,"{""state"":""absent"",""devices"":[]}",absent,absent,26.0,21.6,List of devices attached,
2026-09-30T03:56:42.283+00:00,2026-09-30T03:56:42.331+00:00,258.535,absent,4191.9,"{""state"":""absent"",""devices"":[]}",absent,absent,24.7,23.1,List of devices attached,
2026-09-30T03:56:43.283+00:00,2026-09-30T03:56:43.330+00:00,259.535,absent,4191.9,"{""state"":""absent"",""devices"":[]}",absent,absent,26.3,20.6,List of devices attached,
2026-09-30T03:56:44.284+00:00,2026-09-30T03:56:44.328+00:00,260.533,absent,4120.6,"{""state"":""absent"",""devices"":[]}",absent,absent,24.3,20.2,List of devices attached,
2026-09-30T03:56:45.284+00:00,2026-09-30T03:56:45.329+00:00,261.533,absent,4120.6,"{""state"":""absent"",""devices"":[]}",absent,absent,24.3,20.4,List of devices attached,
2026-09-30T03:56:46.284+00:00,2026-09-30T03:56:46.330+00:00,262.535,absent,4120.6,"{""state"":""absent"",""devices"":[]}",absent,absent,24.9,21.2,List of devices attached,
2026-09-30T03:56:47.285+00:00,2026-09-30T03:56:47.329+00:00,263.533,absent,4120.6,"{""state"":""absent"",""devices"":[]}",absent,absent,23.7,20.3,List of devices attached,
2026-09-30T03:56:48.285+00:00,2026-09-30T03:56:48.331+00:00,264.535,absent,4120.6,"{""state"":""absent"",""devices"":[]}",absent,absent,24.1,21.5,List of devices attached,
2026-09-30T03:56:49.285+00:00,2026-09-30T03:56:49.331+00:00,265.535,absent,4022.2,"{""state"":""absent"",""devices"":[]}",absent,absent,23.8,21.7,List of devices attached,
2026-09-30T03:56:50.286+00:00,2026-09-30T03:56:50.333+00:00,266.537,absent,4022.2,"{""state"":""absent"",""devices"":[]}",absent,absent,25.1,21.8,List of devices attached,
2026-09-30T03:56:51.286+00:00,2026-09-30T03:56:51.330+00:00,267.534,absent,4022.2,"{""state"":""absent"",""devices"":[]}",absent,absent,23.9,19.7,List of devices attached,
2026-09-30T03:56:52.287+00:00,2026-09-30T03:56:52.333+00:00,268.537,absent,4022.2,"{""state"":""absent"",""devices"":[]}",absent,absent,24.8,21.1,List of devices attached,
2026-09-30T03:56:53.287+00:00,2026-09-30T03:56:53.333+00:00,269.537,absent,4022.2,"{""state"":""absent"",""devices"":[]}",absent,absent,24.7,21.2,List of devices attached,
2026-09-30T03:56:54.287+00:00,2026-09-30T03:56:54.331+00:00,270.536,absent,4009.3,"{""state"":""absent"",""devices"":[]}",absent,absent,23.7,20.3,List of devices attached,
2026-09-30T03:56:55.287+00:00,2026-09-30T03:56:55.333+00:00,271.537,absent,4009.3,"{""state"":""absent"",""devices"":[]}",absent,absent,24.3,21.0,List of devices attached,
2026-09-30T03:56:56.288+00:00,2026-09-30T03:56:56.335+00:00,272.539,absent,4009.3,"{""state"":""absent"",""devices"":[]}",absent,absent,25.2,21.6,List of devices attached,
2026-09-30T03:56:57.288+00:00,2026-09-30T03:56:57.332+00:00,273.536,absent,4009.3,"{""state"":""absent"",""devices"":[]}",absent,absent,23.5,20.3,List of devices attached,
2026-09-30T03:56:58.289+00:00,2026-09-30T03:56:58.353+00:00,274.557,absent,4009.3,"{""state"":""absent"",""devices"":[]}",absent,absent,36.7,27.5,List of devices attached,
2026-09-30T03:56:59.289+00:00,2026-09-30T03:56:59.334+00:00,275.538,absent,4145.9,"{""state"":""absent"",""devices"":[]}",absent,absent,24.0,20.7,List of devices attached,
2026-09-30T03:57:00.289+00:00,2026-09-30T03:57:00.336+00:00,276.540,absent,4145.9,"{""state"":""absent"",""devices"":[]}",absent,absent,24.5,21.7,List of devices attached,
2026-09-30T03:57:01.290+00:00,2026-09-30T03:57:01.333+00:00,277.538,absent,4145.9,"{""state"":""absent"",""devices"":[]}",absent,absent,23.3,20.3,List of devices attached,
2026-09-30T03:57:02.290+00:00,2026-09-30T03:57:02.347+00:00,278.552,absent,4145.9,"{""state"":""absent"",""devices"":[]}",absent,absent,26.8,30.4,List of devices attached,
2026-09-30T03:57:03.291+00:00,2026-09-30T03:57:03.336+00:00,279.540,absent,4145.9,"{""state"":""absent"",""devices"":[]}",absent,absent,23.8,21.1,List of devices attached,
2026-09-30T03:57:04.291+00:00,2026-09-30T03:57:04.336+00:00,280.540,absent,4234.8,"{""state"":""absent"",""devices"":[]}",absent,absent,23.7,20.9,List of devices attached,
2026-09-30T03:57:05.291+00:00,2026-09-30T03:57:05.336+00:00,281.540,absent,4234.8,"{""state"":""absent"",""devices"":[]}",absent,absent,23.5,21.0,List of devices attached,
2026-09-30T03:57:06.292+00:00,2026-09-30T03:57:06.337+00:00,282.541,absent,4234.8,"{""state"":""absent"",""devices"":[]}",absent,absent,24.0,21.5,List of devices attached,
2026-09-30T03:57:07.292+00:00,2026-09-30T03:57:07.340+00:00,283.544,absent,4234.8,"{""state"":""absent"",""devices"":[]}",absent,absent,25.3,22.5,List of devices attached,
2026-09-30T03:57:08.292+00:00,2026-09-30T03:57:08.339+00:00,284.544,absent,4234.8,"{""state"":""absent"",""devices"":[]}",absent,absent,24.2,22.9,List of devices attached,
2026-09-30T03:57:09.293+00:00,2026-09-30T03:57:09.340+00:00,285.545,absent,4090.9,"{""state"":""absent"",""devices"":[]}",absent,absent,24.9,22.6,List of devices attached,
2026-09-30T03:57:10.293+00:00,2026-09-30T03:57:10.338+00:00,286.543,absent,4090.9,"{""state"":""absent"",""devices"":[]}",absent,absent,24.1,20.9,List of devices attached,
2026-09-30T03:57:11.293+00:00,2026-09-30T03:57:11.338+00:00,287.543,absent,4090.9,"{""state"":""absent"",""devices"":[]}",absent,absent,23.8,21.0,List of devices attached,
2026-09-30T03:57:12.294+00:00,2026-09-30T03:57:12.338+00:00,288.543,absent,4090.9,"{""state"":""absent"",""devices"":[]}",absent,absent,24.1,20.6,List of devices attached,
2026-09-30T03:57:13.294+00:00,2026-09-30T03:57:13.338+00:00,289.542,absent,4090.9,"{""state"":""absent"",""devices"":[]}",absent,absent,22.7,21.0,List of devices attached,
2026-09-30T03:57:14.294+00:00,2026-09-30T03:57:14.339+00:00,290.543,absent,4133.1,"{""state"":""absent"",""devices"":[]}",absent,absent,23.6,21.1,List of devices attached,
2026-09-30T03:57:15.294+00:00,2026-09-30T03:57:15.341+00:00,291.545,absent,4133.1,"{""state"":""absent"",""devices"":[]}",absent,absent,23.8,22.4,List of devices attached,
2026-09-30T03:57:16.294+00:00,2026-09-30T03:57:16.340+00:00,292.544,absent,4133.1,"{""state"":""absent"",""devices"":[]}",absent,absent,24.3,20.9,List of devices attached,
2026-09-30T03:57:17.295+00:00,2026-09-30T03:57:17.341+00:00,293.545,absent,4133.1,"{""state"":""absent"",""devices"":[]}",absent,absent,24.2,21.4,List of devices attached,
2026-09-30T03:57:18.295+00:00,2026-09-30T03:57:18.343+00:00,294.547,absent,4133.1,"{""state"":""absent"",""devices"":[]}",absent,absent,24.9,22.6,List of devices attached,
2026-09-30T03:57:19.296+00:00,2026-09-30T03:57:19.341+00:00,295.546,absent,4036.3,"{""state"":""absent"",""devices"":[]}",absent,absent,24.3,21.4,List of devices attached,
2026-09-30T03:57:20.296+00:00,2026-09-30T03:57:20.341+00:00,296.545,absent,4036.3,"{""state"":""absent"",""devices"":[]}",absent,absent,23.8,21.0,List of devices attached,
2026-09-30T03:57:21.296+00:00,2026-09-30T03:57:21.341+00:00,297.545,absent,4036.3,"{""state"":""absent"",""devices"":[]}",absent,absent,23.9,21.0,List of devices attached,
2026-09-30T03:57:22.296+00:00,2026-09-30T03:57:22.344+00:00,298.548,absent,4036.3,"{""state"":""absent"",""devices"":[]}",absent,absent,24.6,22.6,List of devices attached,
2026-09-30T03:57:23.297+00:00,2026-09-30T03:57:23.340+00:00,299.544,absent,4036.3,"{""state"":""absent"",""devices"":[]}",absent,absent,23.1,19.9,List of devices attached,
2026-09-30T03:57:24.297+00:00,2026-09-30T03:57:24.342+00:00,300.546,absent,4177.1,"{""state"":""absent"",""devices"":[]}",absent,absent,24.5,20.3,List of devices attached,
2026-09-30T03:57:25.298+00:00,2026-09-30T03:57:25.344+00:00,301.548,absent,4177.1,"{""state"":""absent"",""devices"":[]}",absent,absent,24.8,21.1,List of devices attached,
2026-09-30T03:57:26.298+00:00,2026-09-30T03:57:26.373+00:00,302.577,absent,4177.1,"{""state"":""absent"",""devices"":[]}",absent,absent,43.8,31.2,List of devices attached,
2026-09-30T03:57:27.298+00:00,2026-09-30T03:57:27.351+00:00,303.556,absent,4177.1,"{""state"":""absent"",""devices"":[]}",absent,absent,23.8,29.4,List of devices attached,
2026-09-30T03:57:28.298+00:00,2026-09-30T03:57:28.359+00:00,304.563,absent,4177.1,"{""state"":""absent"",""devices"":[]}",absent,absent,25.1,35.2,List of devices attached,
2026-09-30T03:57:29.299+00:00,2026-09-30T03:57:29.347+00:00,305.552,absent,4074.5,"{""state"":""absent"",""devices"":[]}",absent,absent,25.9,22.7,List of devices attached,
2026-09-30T03:57:30.299+00:00,2026-09-30T03:57:30.344+00:00,306.548,absent,4074.5,"{""state"":""absent"",""devices"":[]}",absent,absent,24.5,20.4,List of devices attached,
2026-09-30T03:57:31.299+00:00,2026-09-30T03:57:31.344+00:00,307.548,absent,4074.5,"{""state"":""absent"",""devices"":[]}",absent,absent,23.3,20.8,List of devices attached,
2026-09-30T03:57:32.299+00:00,2026-09-30T03:57:32.345+00:00,308.549,absent,4074.5,"{""state"":""absent"",""devices"":[]}",absent,absent,24.5,21.1,List of devices attached,
2026-09-30T03:57:33.300+00:00,2026-09-30T03:57:33.361+00:00,309.565,absent,4074.5,"{""state"":""absent"",""devices"":[]}",absent,absent,37.4,23.7,List of devices attached,
2026-09-30T03:57:34.300+00:00,2026-09-30T03:57:34.345+00:00,310.550,absent,4142.4,"{""state"":""absent"",""devices"":[]}",absent,absent,24.4,20.6,List of devices attached,
2026-09-30T03:57:35.300+00:00,2026-09-30T03:57:35.346+00:00,311.551,absent,4142.4,"{""state"":""absent"",""devices"":[]}",absent,absent,24.2,21.7,List of devices attached,
2026-09-30T03:57:36.301+00:00,2026-09-30T03:57:36.346+00:00,312.550,absent,4142.4,"{""state"":""absent"",""devices"":[]}",absent,absent,25.0,20.1,List of devices attached,
2026-09-30T03:57:37.301+00:00,2026-09-30T03:57:37.346+00:00,313.551,absent,4142.4,"{""state"":""absent"",""devices"":[]}",absent,absent,23.7,21.7,List of devices attached,
2026-09-30T03:57:38.301+00:00,2026-09-30T03:57:38.346+00:00,314.550,absent,3956.2,"{""state"":""absent"",""devices"":[]}",absent,absent,24.2,20.2,List of devices attached,
2026-09-30T03:57:39.302+00:00,2026-09-30T03:57:39.350+00:00,315.554,absent,3956.2,"{""state"":""absent"",""devices"":[]}",absent,absent,24.6,23.3,List of devices attached,
2026-09-30T03:57:40.302+00:00,2026-09-30T03:57:40.346+00:00,316.550,absent,3956.2,"{""state"":""absent"",""devices"":[]}",absent,absent,23.4,20.6,List of devices attached,
2026-09-30T03:57:41.302+00:00,2026-09-30T03:57:41.348+00:00,317.552,absent,3956.2,"{""state"":""absent"",""devices"":[]}",absent,absent,24.9,20.4,List of devices attached,
2026-09-30T03:57:42.302+00:00,2026-09-30T03:57:42.349+00:00,318.553,absent,3999.4,"{""state"":""absent"",""devices"":[]}",absent,absent,25.1,21.4,List of devices attached,
2026-09-30T03:57:43.303+00:00,2026-09-30T03:57:43.351+00:00,319.555,absent,3999.4,"{""state"":""absent"",""devices"":[]}",absent,absent,26.3,21.6,List of devices attached,
2026-09-30T03:57:44.304+00:00,2026-09-30T03:57:44.348+00:00,320.552,absent,3999.4,"{""state"":""absent"",""devices"":[]}",absent,absent,23.6,20.4,List of devices attached,
2026-09-30T03:57:45.304+00:00,2026-09-30T03:57:45.349+00:00,321.553,absent,3999.4,"{""state"":""absent"",""devices"":[]}",absent,absent,23.8,20.9,List of devices attached,
2026-09-30T03:57:46.305+00:00,2026-09-30T03:57:46.351+00:00,322.555,absent,3987.4,"{""state"":""absent"",""devices"":[]}",absent,absent,24.8,21.6,List of devices attached,
2026-09-30T03:57:47.305+00:00,2026-09-30T03:57:47.349+00:00,323.554,absent,3987.4,"{""state"":""absent"",""devices"":[]}",absent,absent,24.2,20.5,List of devices attached,
2026-09-30T03:57:48.305+00:00,2026-09-30T03:57:48.350+00:00,324.554,absent,3987.4,"{""state"":""absent"",""devices"":[]}",absent,absent,24.2,20.9,List of devices attached,
2026-09-30T03:57:49.305+00:00,2026-09-30T03:57:49.351+00:00,325.555,absent,3987.4,"{""state"":""absent"",""devices"":[]}",absent,absent,24.7,21.0,List of devices attached,
2026-09-30T03:57:50.305+00:00,2026-09-30T03:57:50.352+00:00,326.556,absent,3952.6,"{""state"":""absent"",""devices"":[]}",absent,absent,25.2,20.9,List of devices attached,
2026-09-30T03:57:51.306+00:00,2026-09-30T03:57:51.351+00:00,327.556,absent,3952.6,"{""state"":""absent"",""devices"":[]}",absent,absent,24.9,20.8,List of devices attached,
2026-09-30T03:57:52.306+00:00,2026-09-30T03:57:52.349+00:00,328.554,absent,3952.6,"{""state"":""absent"",""devices"":[]}",absent,absent,23.5,19.9,List of devices attached,
2026-09-30T03:57:53.306+00:00,2026-09-30T03:57:53.352+00:00,329.556,absent,3952.6,"{""state"":""absent"",""devices"":[]}",absent,absent,25.3,20.4,List of devices attached,
2026-09-30T03:57:54.307+00:00,2026-09-30T03:57:54.352+00:00,330.556,absent,3952.6,"{""state"":""absent"",""devices"":[]}",absent,absent,24.5,20.3,List of devices attached,
2026-09-30T03:57:55.307+00:00,2026-09-30T03:57:55.353+00:00,331.557,absent,4100.8,"{""state"":""absent"",""devices"":[]}",absent,absent,24.4,21.0,List of devices attached,
2026-09-30T03:57:56.307+00:00,2026-09-30T03:57:56.353+00:00,332.557,absent,4100.8,"{""state"":""absent"",""devices"":[]}",absent,absent,24.6,20.5,List of devices attached,
2026-09-30T03:57:57.308+00:00,2026-09-30T03:57:57.356+00:00,333.560,absent,4100.8,"{""state"":""absent"",""devices"":[]}",absent,absent,25.8,22.0,List of devices attached,
2026-09-30T03:57:58.308+00:00,2026-09-30T03:57:58.352+00:00,334.557,absent,4100.8,"{""state"":""absent"",""devices"":[]}",absent,absent,23.1,21.2,List of devices attached,
2026-09-30T03:57:59.308+00:00,2026-09-30T03:57:59.355+00:00,335.559,absent,3995.2,"{""state"":""absent"",""devices"":[]}",absent,absent,24.3,22.2,List of devices attached,
2026-09-30T03:58:00.308+00:00,2026-09-30T03:58:00.354+00:00,336.558,absent,3995.2,"{""state"":""absent"",""devices"":[]}",absent,absent,24.2,21.4,List of devices attached,
2026-09-30T03:58:01.309+00:00,2026-09-30T03:58:01.353+00:00,337.557,absent,3995.2,"{""state"":""absent"",""devices"":[]}",absent,absent,23.7,20.2,List of devices attached,
2026-09-30T03:58:02.309+00:00,2026-09-30T03:58:02.355+00:00,338.560,absent,3995.2,"{""state"":""absent"",""devices"":[]}",absent,absent,24.0,22.1,List of devices attached,
2026-09-30T03:58:03.309+00:00,2026-09-30T03:58:03.355+00:00,339.559,absent,3995.2,"{""state"":""absent"",""devices"":[]}",absent,absent,24.4,21.2,List of devices attached,
2026-09-30T03:58:04.310+00:00,2026-09-30T03:58:04.356+00:00,340.560,absent,4129.2,"{""state"":""absent"",""devices"":[]}",absent,absent,23.5,22.1,List of devices attached,
2026-09-30T03:58:05.310+00:00,2026-09-30T03:58:05.361+00:00,341.565,absent,4129.2,"{""state"":""absent"",""devices"":[]}",absent,absent,26.4,24.6,List of devices attached,
2026-09-30T03:58:06.310+00:00,2026-09-30T03:58:06.356+00:00,342.560,absent,4129.2,"{""state"":""absent"",""devices"":[]}",absent,absent,25.3,20.5,List of devices attached,
2026-09-30T03:58:07.310+00:00,2026-09-30T03:58:07.355+00:00,343.560,absent,4129.2,"{""state"":""absent"",""devices"":[]}",absent,absent,24.3,20.5,List of devices attached,
2026-09-30T03:58:08.311+00:00,2026-09-30T03:58:08.359+00:00,344.563,absent,4129.2,"{""state"":""absent"",""devices"":[]}",absent,absent,24.8,22.8,List of devices attached,
2026-09-30T03:58:09.311+00:00,2026-09-30T03:58:09.357+00:00,345.561,absent,4061.1,"{""state"":""absent"",""devices"":[]}",absent,absent,24.4,21.2,List of devices attached,
2026-09-30T03:58:10.312+00:00,2026-09-30T03:58:10.355+00:00,346.560,absent,4061.1,"{""state"":""absent"",""devices"":[]}",absent,absent,23.6,19.9,List of devices attached,
2026-09-30T03:58:11.312+00:00,2026-09-30T03:58:11.357+00:00,347.561,absent,4061.1,"{""state"":""absent"",""devices"":[]}",absent,absent,24.2,20.8,List of devices attached,
2026-09-30T03:58:12.313+00:00,2026-09-30T03:58:12.357+00:00,348.561,absent,4061.1,"{""state"":""absent"",""devices"":[]}",absent,absent,24.3,20.2,List of devices attached,
2026-09-30T03:58:13.313+00:00,2026-09-30T03:58:13.360+00:00,349.565,absent,4061.1,"{""state"":""absent"",""devices"":[]}",absent,absent,25.4,21.7,List of devices attached,
2026-09-30T03:58:14.314+00:00,2026-09-30T03:58:14.359+00:00,350.563,absent,4069.7,"{""state"":""absent"",""devices"":[]}",absent,absent,24.0,21.1,List of devices attached,
2026-09-30T03:58:15.314+00:00,2026-09-30T03:58:15.362+00:00,351.566,absent,4069.7,"{""state"":""absent"",""devices"":[]}",absent,absent,26.4,21.5,List of devices attached,
2026-09-30T03:58:16.314+00:00,2026-09-30T03:58:16.359+00:00,352.564,absent,4069.7,"{""state"":""absent"",""devices"":[]}",absent,absent,23.2,21.9,List of devices attached,
2026-09-30T03:58:17.315+00:00,2026-09-30T03:58:17.361+00:00,353.566,absent,4069.7,"{""state"":""absent"",""devices"":[]}",absent,absent,23.9,22.7,List of devices attached,
2026-09-30T03:58:18.315+00:00,2026-09-30T03:58:18.364+00:00,354.569,absent,4069.7,"{""state"":""absent"",""devices"":[]}",absent,absent,26.2,23.4,List of devices attached,
2026-09-30T03:58:19.315+00:00,2026-09-30T03:58:19.361+00:00,355.565,absent,4097.8,"{""state"":""absent"",""devices"":[]}",absent,absent,23.7,22.0,List of devices attached,
2026-09-30T03:58:20.315+00:00,2026-09-30T03:58:20.361+00:00,356.566,absent,4097.8,"{""state"":""absent"",""devices"":[]}",absent,absent,24.4,21.6,List of devices attached,
2026-09-30T03:58:21.316+00:00,2026-09-30T03:58:21.363+00:00,357.567,absent,4097.8,"{""state"":""absent"",""devices"":[]}",absent,absent,24.6,22.4,List of devices attached,
2026-09-30T03:58:22.316+00:00,2026-09-30T03:58:22.360+00:00,358.565,absent,4097.8,"{""state"":""absent"",""devices"":[]}",absent,absent,23.3,20.9,List of devices attached,
2026-09-30T03:58:23.317+00:00,2026-09-30T03:58:23.369+00:00,359.573,absent,3961.5,"{""state"":""absent"",""devices"":[]}",absent,absent,24.5,27.4,List of devices attached,
2026-09-30T03:58:24.317+00:00,2026-09-30T03:58:24.377+00:00,360.581,absent,3961.5,"{""state"":""absent"",""devices"":[]}",absent,absent,25.3,34.1,List of devices attached,
2026-09-30T03:58:25.318+00:00,2026-09-30T03:58:25.365+00:00,361.569,absent,3961.5,"{""state"":""absent"",""devices"":[]}",absent,absent,24.8,22.2,List of devices attached,
2026-09-30T03:58:26.318+00:00,2026-09-30T03:58:26.364+00:00,362.568,absent,3961.5,"{""state"":""absent"",""devices"":[]}",absent,absent,23.8,22.2,List of devices attached,
2026-09-30T03:58:27.318+00:00,2026-09-30T03:58:27.363+00:00,363.567,absent,3997.9,"{""state"":""absent"",""devices"":[]}",absent,absent,23.9,20.5,List of devices attached,
2026-09-30T03:58:28.319+00:00,2026-09-30T03:58:28.365+00:00,364.569,absent,3997.9,"{""state"":""absent"",""devices"":[]}",absent,absent,23.7,22.6,List of devices attached,
2026-09-30T03:58:29.319+00:00,2026-09-30T03:58:29.362+00:00,365.567,absent,3997.9,"{""state"":""absent"",""devices"":[]}",absent,absent,23.1,20.5,List of devices attached,
2026-09-30T03:58:30.319+00:00,2026-09-30T03:58:30.367+00:00,366.571,absent,3997.9,"{""state"":""absent"",""devices"":[]}",absent,absent,25.5,22.3,List of devices attached,
2026-09-30T03:58:31.319+00:00,2026-09-30T03:58:31.365+00:00,367.569,absent,3940.9,"{""state"":""absent"",""devices"":[]}",absent,absent,24.7,21.0,List of devices attached,
2026-09-30T03:58:32.319+00:00,2026-09-30T03:58:32.363+00:00,368.567,absent,3940.9,"{""state"":""absent"",""devices"":[]}",absent,absent,23.4,20.6,List of devices attached,
2026-09-30T03:58:33.319+00:00,2026-09-30T03:58:33.369+00:00,369.573,absent,3940.9,"{""state"":""absent"",""devices"":[]}",absent,absent,26.0,23.7,List of devices attached,
2026-09-30T03:58:34.319+00:00,2026-09-30T03:58:34.363+00:00,370.567,absent,3940.9,"{""state"":""absent"",""devices"":[]}",absent,absent,23.8,19.6,List of devices attached,
2026-09-30T03:58:35.319+00:00,2026-09-30T03:58:35.382+00:00,371.587,absent,3878.9,"{""state"":""absent"",""devices"":[]}",absent,absent,31.3,31.5,List of devices attached,
2026-09-30T03:58:36.320+00:00,2026-09-30T03:58:36.365+00:00,372.569,absent,3878.9,"{""state"":""absent"",""devices"":[]}",absent,absent,23.8,21.0,List of devices attached,
2026-09-30T03:58:37.320+00:00,2026-09-30T03:58:37.366+00:00,373.570,absent,3878.9,"{""state"":""absent"",""devices"":[]}",absent,absent,24.0,21.7,List of devices attached,
2026-09-30T03:58:38.321+00:00,2026-09-30T03:58:38.362+00:00,374.567,absent,3878.9,"{""state"":""absent"",""devices"":[]}",absent,absent,22.2,19.3,List of devices attached,
2026-09-30T03:58:39.321+00:00,2026-09-30T03:58:39.373+00:00,375.577,absent,3798.3,"{""state"":""absent"",""devices"":[]}",absent,absent,30.2,21.1,List of devices attached,
2026-09-30T03:58:40.321+00:00,2026-09-30T03:58:40.370+00:00,376.574,absent,3798.3,"{""state"":""absent"",""devices"":[]}",absent,absent,23.8,24.3,List of devices attached,
2026-09-30T03:58:41.322+00:00,2026-09-30T03:58:41.378+00:00,377.582,absent,3798.3,"{""state"":""absent"",""devices"":[]}",absent,absent,23.3,32.8,List of devices attached,
2026-09-30T03:58:42.322+00:00,2026-09-30T03:58:42.372+00:00,378.577,absent,3798.3,"{""state"":""absent"",""devices"":[]}",absent,absent,26.7,23.6,List of devices attached,
2026-09-30T03:58:43.323+00:00,2026-09-30T03:58:43.371+00:00,379.576,absent,3798.3,"{""state"":""absent"",""devices"":[]}",absent,absent,25.9,22.9,List of devices attached,
2026-09-30T03:58:44.323+00:00,2026-09-30T03:58:44.375+00:00,380.579,absent,4092.5,"{""state"":""absent"",""devices"":[]}",absent,absent,27.4,24.3,List of devices attached,
2026-09-30T03:58:45.323+00:00,2026-09-30T03:58:45.368+00:00,381.573,absent,4092.5,"{""state"":""absent"",""devices"":[]}",absent,absent,23.9,21.4,List of devices attached,
2026-09-30T03:58:46.324+00:00,2026-09-30T03:58:46.371+00:00,382.576,absent,4092.5,"{""state"":""absent"",""devices"":[]}",absent,absent,25.4,22.1,List of devices attached,
2026-09-30T03:58:47.324+00:00,2026-09-30T03:58:47.370+00:00,383.574,absent,4092.5,"{""state"":""absent"",""devices"":[]}",absent,absent,24.7,20.6,List of devices attached,
2026-09-30T03:58:48.325+00:00,2026-09-30T03:58:48.375+00:00,384.580,absent,4092.5,"{""state"":""absent"",""devices"":[]}",absent,absent,26.9,23.6,List of devices attached,
2026-09-30T03:58:49.325+00:00,2026-09-30T03:58:49.374+00:00,385.578,absent,4009.4,"{""state"":""absent"",""devices"":[]}",absent,absent,25.9,22.7,List of devices attached,
2026-09-30T03:58:50.325+00:00,2026-09-30T03:58:50.385+00:00,386.589,absent,4009.4,"{""state"":""absent"",""devices"":[]}",absent,absent,24.7,34.8,List of devices attached,
2026-09-30T03:58:51.325+00:00,2026-09-30T03:58:51.374+00:00,387.578,absent,4009.4,"{""state"":""absent"",""devices"":[]}",absent,absent,24.5,23.9,List of devices attached,
2026-09-30T03:58:52.326+00:00,2026-09-30T03:58:52.375+00:00,388.580,absent,4009.4,"{""state"":""absent"",""devices"":[]}",absent,absent,27.0,22.3,List of devices attached,
2026-09-30T03:58:53.326+00:00,2026-09-30T03:58:53.375+00:00,389.579,absent,3685.7,"{""state"":""absent"",""devices"":[]}",absent,absent,25.1,23.4,List of devices attached,
2026-09-30T03:58:54.327+00:00,2026-09-30T03:58:54.390+00:00,390.594,absent,3685.7,"{""state"":""absent"",""devices"":[]}",absent,absent,34.0,29.2,List of devices attached,
2026-09-30T03:58:55.327+00:00,2026-09-30T03:58:55.372+00:00,391.577,absent,3685.7,"{""state"":""absent"",""devices"":[]}",absent,absent,24.5,21.0,List of devices attached,
2026-09-30T03:58:56.327+00:00,2026-09-30T03:58:56.373+00:00,392.578,absent,3685.7,"{""state"":""absent"",""devices"":[]}",absent,absent,23.8,22.3,List of devices attached,
2026-09-30T03:58:57.327+00:00,2026-09-30T03:58:57.393+00:00,393.597,absent,3839.4,"{""state"":""absent"",""devices"":[]}",absent,absent,34.9,30.3,List of devices attached,
2026-09-30T03:58:58.328+00:00,2026-09-30T03:58:58.375+00:00,394.579,absent,3839.4,"{""state"":""absent"",""devices"":[]}",absent,absent,25.3,21.6,List of devices attached,
2026-09-30T03:58:59.328+00:00,2026-09-30T03:58:59.376+00:00,395.580,absent,3839.4,"{""state"":""absent"",""devices"":[]}",absent,absent,25.3,22.7,List of devices attached,
2026-09-30T03:59:00.328+00:00,2026-09-30T03:59:00.380+00:00,396.584,absent,3839.4,"{""state"":""absent"",""devices"":[]}",absent,absent,28.5,23.1,List of devices attached,
2026-09-30T03:59:01.328+00:00,2026-09-30T03:59:01.400+00:00,397.604,absent,3874.7,"{""state"":""absent"",""devices"":[]}",absent,absent,37.9,33.1,List of devices attached,
2026-09-30T03:59:02.329+00:00,2026-09-30T03:59:02.376+00:00,398.580,absent,3874.7,"{""state"":""absent"",""devices"":[]}",absent,absent,23.6,23.3,List of devices attached,
2026-09-30T03:59:03.329+00:00,2026-09-30T03:59:03.409+00:00,399.613,absent,3874.7,"{""state"":""absent"",""devices"":[]}",absent,absent,45.0,34.5,List of devices attached,
2026-09-30T03:59:04.330+00:00,2026-09-30T03:59:04.388+00:00,400.592,absent,3874.7,"{""state"":""absent"",""devices"":[]}",absent,absent,25.4,32.7,List of devices attached,
2026-09-30T03:59:05.330+00:00,2026-09-30T03:59:05.377+00:00,401.582,absent,3741.1,"{""state"":""absent"",""devices"":[]}",absent,absent,25.1,22.4,List of devices attached,
2026-09-30T03:59:06.330+00:00,2026-09-30T03:59:06.382+00:00,402.586,absent,3741.1,"{""state"":""absent"",""devices"":[]}",absent,absent,27.5,24.3,List of devices attached,
2026-09-30T03:59:07.330+00:00,2026-09-30T03:59:07.381+00:00,403.585,absent,3741.1,"{""state"":""absent"",""devices"":[]}",absent,absent,27.8,22.7,List of devices attached,
2026-09-30T03:59:08.330+00:00,2026-09-30T03:59:08.384+00:00,404.589,absent,3741.1,"{""state"":""absent"",""devices"":[]}",absent,absent,32.4,21.8,List of devices attached,
2026-09-30T03:59:09.331+00:00,2026-09-30T03:59:09.382+00:00,405.586,absent,3790.1,"{""state"":""absent"",""devices"":[]}",absent,absent,28.3,22.7,List of devices attached,
2026-09-30T03:59:10.331+00:00,2026-09-30T03:59:10.381+00:00,406.585,absent,3790.1,"{""state"":""absent"",""devices"":[]}",absent,absent,25.2,24.6,List of devices attached,
2026-09-30T03:59:11.331+00:00,2026-09-30T03:59:11.381+00:00,407.585,absent,3790.1,"{""state"":""absent"",""devices"":[]}",absent,absent,26.1,23.8,List of devices attached,
2026-09-30T03:59:12.331+00:00,2026-09-30T03:59:12.381+00:00,408.586,absent,3790.1,"{""state"":""absent"",""devices"":[]}",absent,absent,27.9,22.2,List of devices attached,
2026-09-30T03:59:13.331+00:00,2026-09-30T03:59:13.392+00:00,409.596,absent,3866.8,"{""state"":""absent"",""devices"":[]}",absent,absent,25.3,34.9,List of devices attached,
2026-09-30T03:59:14.331+00:00,2026-09-30T03:59:14.382+00:00,410.586,absent,3866.8,"{""state"":""absent"",""devices"":[]}",absent,absent,26.8,23.4,List of devices attached,
2026-09-30T03:59:15.332+00:00,2026-09-30T03:59:15.378+00:00,411.582,absent,3866.8,"{""state"":""absent"",""devices"":[]}",absent,absent,24.9,21.1,List of devices attached,
2026-09-30T03:59:16.332+00:00,2026-09-30T03:59:16.376+00:00,412.581,absent,3866.8,"{""state"":""absent"",""devices"":[]}",absent,absent,23.2,21.0,List of devices attached,
2026-09-30T03:59:17.332+00:00,2026-09-30T03:59:17.381+00:00,413.586,absent,3622.7,"{""state"":""absent"",""devices"":[]}",absent,absent,25.6,23.4,List of devices attached,
2026-09-30T03:59:18.333+00:00,2026-09-30T03:59:18.398+00:00,414.602,absent,3622.7,"{""state"":""absent"",""devices"":[]}",absent,absent,41.1,24.2,List of devices attached,
2026-09-30T03:59:19.333+00:00,2026-09-30T03:59:19.383+00:00,415.587,absent,3622.7,"{""state"":""absent"",""devices"":[]}",absent,absent,24.9,25.0,List of devices attached,
2026-09-30T03:59:20.333+00:00,2026-09-30T03:59:20.379+00:00,416.583,absent,3622.7,"{""state"":""absent"",""devices"":[]}",absent,absent,24.0,21.4,List of devices attached,
2026-09-30T03:59:21.333+00:00,2026-09-30T03:59:21.390+00:00,417.594,absent,3736.3,"{""state"":""absent"",""devices"":[]}",absent,absent,32.9,23.6,List of devices attached,
2026-09-30T03:59:22.334+00:00,2026-09-30T03:59:22.379+00:00,418.583,absent,3736.3,"{""state"":""absent"",""devices"":[]}",absent,absent,23.0,22.0,List of devices attached,
2026-09-30T03:59:23.334+00:00,2026-09-30T03:59:23.379+00:00,419.583,absent,3736.3,"{""state"":""absent"",""devices"":[]}",absent,absent,24.5,20.3,List of devices attached,
2026-09-30T03:59:24.334+00:00,2026-09-30T03:59:24.383+00:00,420.587,absent,3736.3,"{""state"":""absent"",""devices"":[]}",absent,absent,26.5,21.7,List of devices attached,
2026-09-30T03:59:25.335+00:00,2026-09-30T03:59:25.381+00:00,421.585,absent,3999.1,"{""state"":""absent"",""devices"":[]}",absent,absent,24.3,22.1,List of devices attached,
2026-09-30T03:59:26.335+00:00,2026-09-30T03:59:26.381+00:00,422.585,absent,3999.1,"{""state"":""absent"",""devices"":[]}",absent,absent,23.7,22.1,List of devices attached,
2026-09-30T03:59:27.335+00:00,2026-09-30T03:59:27.391+00:00,423.595,absent,3999.1,"{""state"":""absent"",""devices"":[]}",absent,absent,34.0,21.5,List of devices attached,
2026-09-30T03:59:28.335+00:00,2026-09-30T03:59:28.421+00:00,424.625,absent,3999.1,"{""state"":""absent"",""devices"":[]}",absent,absent,36.2,49.1,List of devices attached,
2026-09-30T03:59:29.336+00:00,2026-09-30T03:59:29.388+00:00,425.592,absent,3999.1,"{""state"":""absent"",""devices"":[]}",absent,absent,26.4,25.6,List of devices attached,
2026-09-30T03:59:30.336+00:00,2026-09-30T03:59:30.382+00:00,426.587,absent,4043.6,"{""state"":""absent"",""devices"":[]}",absent,absent,24.7,21.7,List of devices attached,
2026-09-30T03:59:31.336+00:00,2026-09-30T03:59:31.379+00:00,427.583,absent,4043.6,"{""state"":""absent"",""devices"":[]}",absent,absent,22.4,20.4,List of devices attached,
2026-09-30T03:59:32.336+00:00,2026-09-30T03:59:32.396+00:00,428.600,absent,4043.6,"{""state"":""absent"",""devices"":[]}",absent,absent,37.7,21.8,List of devices attached,
2026-09-30T03:59:33.337+00:00,2026-09-30T03:59:33.387+00:00,429.591,absent,4043.6,"{""state"":""absent"",""devices"":[]}",absent,absent,24.5,25.5,List of devices attached,
2026-09-30T03:59:34.337+00:00,2026-09-30T03:59:34.396+00:00,430.600,absent,4043.6,"{""state"":""absent"",""devices"":[]}",absent,absent,26.0,32.9,List of devices attached,
2026-09-30T03:59:35.337+00:00,2026-09-30T03:59:35.382+00:00,431.586,absent,4118.3,"{""state"":""absent"",""devices"":[]}",absent,absent,23.9,20.5,List of devices attached,
2026-09-30T03:59:36.338+00:00,2026-09-30T03:59:36.386+00:00,432.591,absent,4118.3,"{""state"":""absent"",""devices"":[]}",absent,absent,25.2,23.2,List of devices attached,
2026-09-30T03:59:37.338+00:00,2026-09-30T03:59:37.385+00:00,433.590,absent,4118.3,"{""state"":""absent"",""devices"":[]}",absent,absent,24.3,22.6,List of devices attached,
2026-09-30T03:59:38.339+00:00,2026-09-30T03:59:38.431+00:00,434.635,absent,4118.3,"{""state"":""absent"",""devices"":[]}",absent,absent,70.6,21.1,List of devices attached,
2026-09-30T03:59:39.339+00:00,2026-09-30T03:59:39.384+00:00,435.588,absent,4118.3,"{""state"":""absent"",""devices"":[]}",absent,absent,23.9,21.3,List of devices attached,
2026-09-30T03:59:40.339+00:00,2026-09-30T03:59:40.385+00:00,436.589,absent,4171.5,"{""state"":""absent"",""devices"":[]}",absent,absent,24.0,21.6,List of devices attached,
2026-09-30T03:59:41.340+00:00,2026-09-30T03:59:41.399+00:00,437.604,absent,4171.5,"{""state"":""absent"",""devices"":[]}",absent,absent,38.0,21.8,List of devices attached,
2026-09-30T03:59:42.340+00:00,2026-09-30T03:59:42.386+00:00,438.591,absent,4171.5,"{""state"":""absent"",""devices"":[]}",absent,absent,23.7,22.8,List of devices attached,
2026-09-30T03:59:43.340+00:00,2026-09-30T03:59:43.395+00:00,439.600,absent,4171.5,"{""state"":""absent"",""devices"":[]}",absent,absent,24.3,30.8,List of devices attached,
2026-09-30T03:59:44.340+00:00,2026-09-30T03:59:44.387+00:00,440.591,absent,4171.5,"{""state"":""absent"",""devices"":[]}",absent,absent,24.6,22.1,List of devices attached,
2026-09-30T03:59:45.341+00:00,2026-09-30T03:59:45.384+00:00,441.588,absent,4135.7,"{""state"":""absent"",""devices"":[]}",absent,absent,23.2,19.8,List of devices attached,
2026-09-30T03:59:46.341+00:00,2026-09-30T03:59:46.389+00:00,442.593,absent,4135.7,"{""state"":""absent"",""devices"":[]}",absent,absent,27.0,20.6,List of devices attached,
2026-09-30T03:59:47.341+00:00,2026-09-30T03:59:47.386+00:00,443.591,absent,4135.7,"{""state"":""absent"",""devices"":[]}",absent,absent,24.0,20.9,List of devices attached,
2026-09-30T03:59:48.342+00:00,2026-09-30T03:59:48.387+00:00,444.591,absent,4135.7,"{""state"":""absent"",""devices"":[]}",absent,absent,24.5,20.5,List of devices attached,
2026-09-30T03:59:49.342+00:00,2026-09-30T03:59:49.386+00:00,445.591,absent,4135.7,"{""state"":""absent"",""devices"":[]}",absent,absent,24.0,20.2,List of devices attached,
2026-09-30T03:59:50.342+00:00,2026-09-30T03:59:50.388+00:00,446.593,absent,4002.4,"{""state"":""absent"",""devices"":[]}",absent,absent,24.5,21.4,List of devices attached,
2026-09-30T03:59:51.343+00:00,2026-09-30T03:59:51.390+00:00,447.595,absent,4002.4,"{""state"":""absent"",""devices"":[]}",absent,absent,24.7,22.8,List of devices attached,
2026-09-30T03:59:52.343+00:00,2026-09-30T03:59:52.387+00:00,448.592,absent,4002.4,"{""state"":""absent"",""devices"":[]}",absent,absent,23.1,21.6,List of devices attached,
2026-09-30T03:59:53.343+00:00,2026-09-30T03:59:53.388+00:00,449.592,absent,4002.4,"{""state"":""absent"",""devices"":[]}",absent,absent,24.1,20.6,List of devices attached,
2026-09-30T03:59:54.343+00:00,2026-09-30T03:59:54.428+00:00,450.632,absent,4002.4,"{""state"":""absent"",""devices"":[]}",absent,absent,64.8,19.8,List of devices attached,
2026-09-30T03:59:55.344+00:00,2026-09-30T03:59:55.390+00:00,451.594,absent,4560.1,"{""state"":""absent"",""devices"":[]}",absent,absent,24.4,21.4,List of devices attached,
2026-09-30T03:59:56.344+00:00,2026-09-30T03:59:56.390+00:00,452.594,absent,4560.1,"{""state"":""absent"",""devices"":[]}",absent,absent,24.2,21.2,List of devices attached,
2026-09-30T03:59:57.344+00:00,2026-09-30T03:59:57.389+00:00,453.593,absent,4560.1,"{""state"":""absent"",""devices"":[]}",absent,absent,23.7,21.0,List of devices attached,
2026-09-30T03:59:58.345+00:00,2026-09-30T03:59:58.393+00:00,454.597,absent,4560.1,"{""state"":""absent"",""devices"":[]}",absent,absent,26.1,22.0,List of devices attached,
2026-09-30T03:59:59.345+00:00,2026-09-30T03:59:59.398+00:00,455.603,absent,3941.1,"{""state"":""absent"",""devices"":[]}",absent,absent,29.0,24.3,List of devices attached,
2026-09-30T04:00:00.345+00:00,2026-09-30T04:00:00.958+00:00,457.162,absent,3941.1,"{""state"":""absent"",""devices"":[]}",absent,absent,268.0,345.0,List of devices attached,
2026-09-30T04:00:01.345+00:00,2026-09-30T04:00:01.394+00:00,457.598,absent,3941.1,"{""state"":""absent"",""devices"":[]}",absent,absent,26.0,22.6,List of devices attached,
2026-09-30T04:00:02.346+00:00,2026-09-30T04:00:02.395+00:00,458.600,absent,3941.1,"{""state"":""absent"",""devices"":[]}",absent,absent,28.1,21.8,List of devices attached,
2026-09-30T04:00:03.346+00:00,2026-09-30T04:00:03.388+00:00,459.592,absent,3941.1,"{""state"":""absent"",""devices"":[]}",absent,absent,22.9,19.3,List of devices attached,
2026-09-30T04:00:04.346+00:00,2026-09-30T04:00:04.392+00:00,460.596,absent,3941.1,"{""state"":""absent"",""devices"":[]}",absent,absent,25.2,20.5,List of devices attached,
2026-09-30T04:00:05.346+00:00,2026-09-30T04:00:05.393+00:00,461.598,absent,5292.0,"{""state"":""absent"",""devices"":[]}",absent,absent,25.4,21.5,List of devices attached,
2026-09-30T04:00:06.347+00:00,2026-09-30T04:00:06.410+00:00,462.614,absent,5292.0,"{""state"":""absent"",""devices"":[]}",absent,absent,35.7,27.3,List of devices attached,
2026-09-30T04:00:07.347+00:00,2026-09-30T04:00:07.392+00:00,463.597,absent,5292.0,"{""state"":""absent"",""devices"":[]}",absent,absent,24.3,20.6,List of devices attached,
2026-09-30T04:00:08.348+00:00,2026-09-30T04:00:08.403+00:00,464.607,absent,5292.0,"{""state"":""absent"",""devices"":[]}",absent,absent,25.0,30.0,List of devices attached,
2026-09-30T04:00:09.348+00:00,2026-09-30T04:00:09.670+00:00,465.874,absent,5292.0,"{""state"":""absent"",""devices"":[]}",absent,absent,297.7,24.0,List of devices attached,
2026-09-30T04:00:10.348+00:00,2026-09-30T04:00:10.404+00:00,466.609,absent,4941.0,"{""state"":""absent"",""devices"":[]}",absent,absent,27.1,29.1,List of devices attached,
2026-09-30T04:00:11.348+00:00,2026-09-30T04:00:11.393+00:00,467.597,absent,4941.0,"{""state"":""absent"",""devices"":[]}",absent,absent,23.8,20.9,List of devices attached,
2026-09-30T04:00:12.348+00:00,2026-09-30T04:00:12.393+00:00,468.597,absent,4941.0,"{""state"":""absent"",""devices"":[]}",absent,absent,23.5,20.5,List of devices attached,
2026-09-30T04:00:13.349+00:00,2026-09-30T04:00:13.392+00:00,469.596,absent,4941.0,"{""state"":""absent"",""devices"":[]}",absent,absent,23.8,19.4,List of devices attached,
2026-09-30T04:00:14.349+00:00,2026-09-30T04:00:14.418+00:00,470.623,absent,3860.6,"{""state"":""absent"",""devices"":[]}",absent,absent,36.7,32.5,List of devices attached,
2026-09-30T04:00:15.349+00:00,2026-09-30T04:00:15.397+00:00,471.602,absent,3860.6,"{""state"":""absent"",""devices"":[]}",absent,absent,26.1,21.8,List of devices attached,
2026-09-30T04:00:16.350+00:00,2026-09-30T04:00:16.398+00:00,472.602,absent,3860.6,"{""state"":""absent"",""devices"":[]}",absent,absent,25.2,23.0,List of devices attached,
2026-09-30T04:00:17.350+00:00,2026-09-30T04:00:17.417+00:00,473.622,absent,3860.6,"{""state"":""absent"",""devices"":[]}",absent,absent,40.7,26.3,List of devices attached,
2026-09-30T04:00:18.351+00:00,2026-09-30T04:00:18.734+00:00,474.939,absent,3860.6,"{""state"":""absent"",""devices"":[]}",absent,absent,359.9,23.7,List of devices attached,
2026-09-30T04:00:19.351+00:00,2026-09-30T04:00:19.398+00:00,475.602,absent,4519.2,"{""state"":""absent"",""devices"":[]}",absent,absent,24.7,22.2,List of devices attached,
2026-09-30T04:00:20.351+00:00,2026-09-30T04:00:20.399+00:00,476.603,absent,4519.2,"{""state"":""absent"",""devices"":[]}",absent,absent,24.6,23.1,List of devices attached,
2026-09-30T04:00:21.351+00:00,2026-09-30T04:00:21.403+00:00,477.608,absent,4519.2,"{""state"":""absent"",""devices"":[]}",absent,absent,29.4,22.3,List of devices attached,
2026-09-30T04:00:22.352+00:00,2026-09-30T04:00:22.396+00:00,478.601,absent,4519.2,"{""state"":""absent"",""devices"":[]}",absent,absent,23.6,20.6,List of devices attached,
2026-09-30T04:00:23.352+00:00,2026-09-30T04:00:23.404+00:00,479.608,absent,4519.2,"{""state"":""absent"",""devices"":[]}",absent,absent,27.3,23.7,List of devices attached,
2026-09-30T04:00:24.353+00:00,2026-09-30T04:00:24.409+00:00,480.613,absent,4067.7,"{""state"":""absent"",""devices"":[]}",absent,absent,26.3,30.1,List of devices attached,
2026-09-30T04:00:25.353+00:00,2026-09-30T04:00:25.405+00:00,481.609,absent,4067.7,"{""state"":""absent"",""devices"":[]}",absent,absent,30.1,21.8,List of devices attached,
2026-09-30T04:00:26.353+00:00,2026-09-30T04:00:26.399+00:00,482.603,absent,4067.7,"{""state"":""absent"",""devices"":[]}",absent,absent,22.9,22.4,List of devices attached,
2026-09-30T04:00:27.354+00:00,2026-09-30T04:00:27.403+00:00,483.608,absent,4067.7,"{""state"":""absent"",""devices"":[]}",absent,absent,25.7,23.5,List of devices attached,
2026-09-30T04:00:28.355+00:00,2026-09-30T04:00:28.414+00:00,484.618,absent,4067.7,"{""state"":""absent"",""devices"":[]}",absent,absent,24.8,34.1,List of devices attached,
2026-09-30T04:00:29.355+00:00,2026-09-30T04:00:29.584+00:00,485.788,absent,4109.8,"{""state"":""absent"",""devices"":[]}",absent,absent,206.6,21.9,List of devices attached,
2026-09-30T04:00:30.356+00:00,2026-09-30T04:00:30.402+00:00,486.606,absent,4109.8,"{""state"":""absent"",""devices"":[]}",absent,absent,25.1,21.2,List of devices attached,
2026-09-30T04:00:31.356+00:00,2026-09-30T04:00:31.403+00:00,487.607,absent,4109.8,"{""state"":""absent"",""devices"":[]}",absent,absent,25.1,21.8,List of devices attached,
2026-09-30T04:00:32.356+00:00,2026-09-30T04:00:32.413+00:00,488.617,absent,4109.8,"{""state"":""absent"",""devices"":[]}",absent,absent,35.8,20.7,List of devices attached,
2026-09-30T04:00:33.357+00:00,2026-09-30T04:00:33.403+00:00,489.607,absent,4109.8,"{""state"":""absent"",""devices"":[]}",absent,absent,24.1,22.0,List of devices attached,
2026-09-30T04:00:34.357+00:00,2026-09-30T04:00:34.403+00:00,490.608,absent,4436.7,"{""state"":""absent"",""devices"":[]}",absent,absent,24.6,22.0,List of devices attached,
2026-09-30T04:00:35.357+00:00,2026-09-30T04:00:35.404+00:00,491.609,absent,4436.7,"{""state"":""absent"",""devices"":[]}",absent,absent,26.4,21.0,List of devices attached,
2026-09-30T04:00:36.357+00:00,2026-09-30T04:00:36.420+00:00,492.624,absent,4436.7,"{""state"":""absent"",""devices"":[]}",absent,absent,39.7,23.2,List of devices attached,
2026-09-30T04:00:37.358+00:00,2026-09-30T04:00:37.407+00:00,493.611,absent,4436.7,"{""state"":""absent"",""devices"":[]}",absent,absent,24.9,24.2,List of devices attached,
2026-09-30T04:00:38.358+00:00,2026-09-30T04:00:38.405+00:00,494.609,absent,4436.7,"{""state"":""absent"",""devices"":[]}",absent,absent,24.6,21.7,List of devices attached,
2026-09-30T04:00:39.359+00:00,2026-09-30T04:00:39.408+00:00,495.612,absent,4101.2,"{""state"":""absent"",""devices"":[]}",absent,absent,25.4,23.9,List of devices attached,
2026-09-30T04:00:40.359+00:00,2026-09-30T04:00:40.403+00:00,496.608,absent,4101.2,"{""state"":""absent"",""devices"":[]}",absent,absent,24.3,20.1,List of devices attached,
2026-09-30T04:00:41.359+00:00,2026-09-30T04:00:41.402+00:00,497.606,absent,4101.2,"{""state"":""absent"",""devices"":[]}",absent,absent,23.1,19.2,List of devices attached,
2026-09-30T04:00:42.359+00:00,2026-09-30T04:00:42.404+00:00,498.608,absent,4101.2,"{""state"":""absent"",""devices"":[]}",absent,absent,23.9,20.8,List of devices attached,
2026-09-30T04:00:43.360+00:00,2026-09-30T04:00:43.408+00:00,499.612,absent,3983.4,"{""state"":""absent"",""devices"":[]}",absent,absent,26.6,21.3,List of devices attached,
2026-09-30T04:00:44.360+00:00,2026-09-30T04:00:44.406+00:00,500.611,absent,3983.4,"{""state"":""absent"",""devices"":[]}",absent,absent,23.8,22.2,List of devices attached,
2026-09-30T04:00:45.360+00:00,2026-09-30T04:00:45.427+00:00,501.631,absent,3983.4,"{""state"":""absent"",""devices"":[]}",absent,absent,35.1,31.5,List of devices attached,
2026-09-30T04:00:46.361+00:00,2026-09-30T04:00:46.404+00:00,502.608,absent,3983.4,"{""state"":""absent"",""devices"":[]}",absent,absent,22.6,20.7,List of devices attached,
2026-09-30T04:00:47.361+00:00,2026-09-30T04:00:47.456+00:00,503.661,absent,3983.4,"{""state"":""absent"",""devices"":[]}",absent,absent,75.3,20.1,List of devices attached,
2026-09-30T04:00:48.361+00:00,2026-09-30T04:00:48.406+00:00,504.610,absent,4393.2,"{""state"":""absent"",""devices"":[]}",absent,absent,23.8,20.7,List of devices attached,
2026-09-30T04:00:49.361+00:00,2026-09-30T04:00:49.406+00:00,505.610,absent,4393.2,"{""state"":""absent"",""devices"":[]}",absent,absent,24.2,20.0,List of devices attached,
2026-09-30T04:00:50.362+00:00,2026-09-30T04:00:50.430+00:00,506.634,absent,4393.2,"{""state"":""absent"",""devices"":[]}",absent,absent,23.7,44.7,List of devices attached,
2026-09-30T04:00:51.362+00:00,2026-09-30T04:00:51.405+00:00,507.610,absent,4393.2,"{""state"":""absent"",""devices"":[]}",absent,absent,23.7,19.9,List of devices attached,
2026-09-30T04:00:52.362+00:00,2026-09-30T04:00:52.405+00:00,508.609,absent,4393.2,"{""state"":""absent"",""devices"":[]}",absent,absent,22.3,20.6,List of devices attached,
2026-09-30T04:00:53.362+00:00,2026-09-30T04:00:53.407+00:00,509.612,absent,4197.4,"{""state"":""absent"",""devices"":[]}",absent,absent,24.5,20.8,List of devices attached,
2026-09-30T04:00:54.363+00:00,2026-09-30T04:00:54.405+00:00,510.609,absent,4197.4,"{""state"":""absent"",""devices"":[]}",absent,absent,22.7,19.7,List of devices attached,
2026-09-30T04:00:55.363+00:00,2026-09-30T04:00:55.406+00:00,511.611,absent,4197.4,"{""state"":""absent"",""devices"":[]}",absent,absent,23.4,20.0,List of devices attached,
2026-09-30T04:00:56.364+00:00,2026-09-30T04:00:56.410+00:00,512.615,absent,4197.4,"{""state"":""absent"",""devices"":[]}",absent,absent,24.7,21.8,List of devices attached,
2026-09-30T04:00:57.364+00:00,2026-09-30T04:00:57.416+00:00,513.620,absent,3657.4,"{""state"":""absent"",""devices"":[]}",absent,absent,28.4,23.2,List of devices attached,
2026-09-30T04:00:58.364+00:00,2026-09-30T04:00:58.410+00:00,514.614,absent,3657.4,"{""state"":""absent"",""devices"":[]}",absent,absent,24.9,20.6,List of devices attached,
2026-09-30T04:00:59.364+00:00,2026-09-30T04:00:59.412+00:00,515.616,absent,3657.4,"{""state"":""absent"",""devices"":[]}",absent,absent,25.2,22.1,List of devices attached,
2026-09-30T04:01:00.365+00:00,2026-09-30T04:01:00.413+00:00,516.617,absent,3657.4,"{""state"":""absent"",""devices"":[]}",absent,absent,25.1,23.0,List of devices attached,
2026-09-30T04:01:01.365+00:00,2026-09-30T04:01:01.422+00:00,517.626,absent,3657.4,"{""state"":""absent"",""devices"":[]}",absent,absent,34.9,21.7,List of devices attached,
2026-09-30T04:01:02.365+00:00,2026-09-30T04:01:02.768+00:00,518.973,absent,4272.6,"{""state"":""absent"",""devices"":[]}",absent,absent,380.3,22.7,List of devices attached,
2026-09-30T04:01:03.365+00:00,2026-09-30T04:01:03.427+00:00,519.631,absent,4272.6,"{""state"":""absent"",""devices"":[]}",absent,absent,32.7,28.5,List of devices attached,
2026-09-30T04:01:04.366+00:00,2026-09-30T04:01:04.408+00:00,520.612,absent,4272.6,"{""state"":""absent"",""devices"":[]}",absent,absent,22.5,19.7,List of devices attached,
2026-09-30T04:01:05.366+00:00,2026-09-30T04:01:05.410+00:00,521.614,absent,4272.6,"{""state"":""absent"",""devices"":[]}",absent,absent,24.6,19.4,List of devices attached,
2026-09-30T04:01:06.366+00:00,2026-09-30T04:01:06.427+00:00,522.631,absent,4272.6,"{""state"":""absent"",""devices"":[]}",absent,absent,31.4,29.0,List of devices attached,
2026-09-30T04:01:07.367+00:00,2026-09-30T04:01:07.418+00:00,523.623,absent,4387.9,"{""state"":""absent"",""devices"":[]}",absent,absent,28.6,22.9,List of devices attached,
2026-09-30T04:01:08.367+00:00,2026-09-30T04:01:08.412+00:00,524.617,absent,4387.9,"{""state"":""absent"",""devices"":[]}",absent,absent,24.4,20.9,List of devices attached,
2026-09-30T04:01:09.367+00:00,2026-09-30T04:01:09.412+00:00,525.616,absent,4387.9,"{""state"":""absent"",""devices"":[]}",absent,absent,23.5,21.2,List of devices attached,
2026-09-30T04:01:10.368+00:00,2026-09-30T04:01:10.413+00:00,526.618,absent,4387.9,"{""state"":""absent"",""devices"":[]}",absent,absent,25.8,19.7,List of devices attached,
2026-09-30T04:01:11.368+00:00,2026-09-30T04:01:11.421+00:00,527.626,absent,4387.9,"{""state"":""absent"",""devices"":[]}",absent,absent,25.6,27.4,List of devices attached,
2026-09-30T04:01:12.368+00:00,2026-09-30T04:01:12.415+00:00,528.619,absent,4033.0,"{""state"":""absent"",""devices"":[]}",absent,absent,24.7,21.8,List of devices attached,
2026-09-30T04:01:13.369+00:00,2026-09-30T04:01:13.415+00:00,529.619,absent,4033.0,"{""state"":""absent"",""devices"":[]}",absent,absent,25.3,20.6,List of devices attached,
2026-09-30T04:01:14.369+00:00,2026-09-30T04:01:14.416+00:00,530.621,absent,4033.0,"{""state"":""absent"",""devices"":[]}",absent,absent,24.7,22.6,List of devices attached,
2026-09-30T04:01:15.369+00:00,2026-09-30T04:01:15.416+00:00,531.620,absent,4033.0,"{""state"":""absent"",""devices"":[]}",absent,absent,25.0,21.3,List of devices attached,
2026-09-30T04:01:16.370+00:00,2026-09-30T04:01:16.415+00:00,532.619,absent,4033.0,"{""state"":""absent"",""devices"":[]}",absent,absent,23.5,21.9,List of devices attached,
2026-09-30T04:01:17.370+00:00,2026-09-30T04:01:17.417+00:00,533.622,absent,4150.7,"{""state"":""absent"",""devices"":[]}",absent,absent,25.1,22.6,List of devices attached,
2026-09-30T04:01:18.370+00:00,2026-09-30T04:01:18.416+00:00,534.620,absent,4150.7,"{""state"":""absent"",""devices"":[]}",absent,absent,23.9,21.9,List of devices attached,
2026-09-30T04:01:19.370+00:00,2026-09-30T04:01:19.415+00:00,535.619,absent,4150.7,"{""state"":""absent"",""devices"":[]}",absent,absent,23.4,20.9,List of devices attached,
2026-09-30T04:01:20.371+00:00,2026-09-30T04:01:20.417+00:00,536.621,absent,4150.7,"{""state"":""absent"",""devices"":[]}",absent,absent,24.4,21.8,List of devices attached,
2026-09-30T04:01:21.371+00:00,2026-09-30T04:01:21.418+00:00,537.622,absent,4150.7,"{""state"":""absent"",""devices"":[]}",absent,absent,25.3,21.4,List of devices attached,
2026-09-30T04:01:22.371+00:00,2026-09-30T04:01:22.418+00:00,538.622,absent,4031.6,"{""state"":""absent"",""devices"":[]}",absent,absent,24.1,22.4,List of devices attached,
2026-09-30T04:01:23.372+00:00,2026-09-30T04:01:23.418+00:00,539.622,absent,4031.6,"{""state"":""absent"",""devices"":[]}",absent,absent,25.2,21.1,List of devices attached,
2026-09-30T04:01:24.372+00:00,2026-09-30T04:01:24.418+00:00,540.622,absent,4031.6,"{""state"":""absent"",""devices"":[]}",absent,absent,24.0,21.6,List of devices attached,
2026-09-30T04:01:25.373+00:00,2026-09-30T04:01:25.418+00:00,541.622,absent,4031.6,"{""state"":""absent"",""devices"":[]}",absent,absent,23.4,22.0,List of devices attached,
2026-09-30T04:01:26.373+00:00,2026-09-30T04:01:26.426+00:00,542.631,absent,3995.1,"{""state"":""absent"",""devices"":[]}",absent,absent,30.7,22.5,List of devices attached,
2026-09-30T04:01:27.373+00:00,2026-09-30T04:01:27.419+00:00,543.623,absent,3995.1,"{""state"":""absent"",""devices"":[]}",absent,absent,24.8,21.1,List of devices attached,
2026-09-30T04:01:28.374+00:00,2026-09-30T04:01:28.419+00:00,544.624,absent,3995.1,"{""state"":""absent"",""devices"":[]}",absent,absent,24.8,20.8,List of devices attached,
2026-09-30T04:01:29.374+00:00,2026-09-30T04:01:29.420+00:00,545.624,absent,3995.1,"{""state"":""absent"",""devices"":[]}",absent,absent,24.5,20.7,List of devices attached,
2026-09-30T04:01:30.375+00:00,2026-09-30T04:01:30.422+00:00,546.627,absent,3959.5,"{""state"":""absent"",""devices"":[]}",absent,absent,25.2,22.5,List of devices attached,
2026-09-30T04:01:31.375+00:00,2026-09-30T04:01:31.420+00:00,547.624,absent,3959.5,"{""state"":""absent"",""devices"":[]}",absent,absent,24.3,20.6,List of devices attached,
2026-09-30T04:01:32.375+00:00,2026-09-30T04:01:32.423+00:00,548.628,absent,3959.5,"{""state"":""absent"",""devices"":[]}",absent,absent,25.1,22.6,List of devices attached,
2026-09-30T04:01:33.376+00:00,2026-09-30T04:01:33.423+00:00,549.628,absent,3959.5,"{""state"":""absent"",""devices"":[]}",absent,absent,25.9,21.5,List of devices attached,
2026-09-30T04:01:34.376+00:00,2026-09-30T04:01:34.424+00:00,550.628,absent,3962.3,"{""state"":""absent"",""devices"":[]}",absent,absent,24.9,22.5,List of devices attached,
2026-09-30T04:01:35.377+00:00,2026-09-30T04:01:35.421+00:00,551.626,absent,3962.3,"{""state"":""absent"",""devices"":[]}",absent,absent,24.3,20.2,List of devices attached,
2026-09-30T04:01:36.377+00:00,2026-09-30T04:01:36.422+00:00,552.626,absent,3962.3,"{""state"":""absent"",""devices"":[]}",absent,absent,23.5,21.2,List of devices attached,
2026-09-30T04:01:37.377+00:00,2026-09-30T04:01:37.442+00:00,553.646,absent,3962.3,"{""state"":""absent"",""devices"":[]}",absent,absent,28.9,35.4,List of devices attached,
2026-09-30T04:01:38.378+00:00,2026-09-30T04:01:38.426+00:00,554.630,absent,3962.3,"{""state"":""absent"",""devices"":[]}",absent,absent,26.2,21.5,List of devices attached,
2026-09-30T04:01:39.378+00:00,2026-09-30T04:01:39.426+00:00,555.630,absent,4188.6,"{""state"":""absent"",""devices"":[]}",absent,absent,25.2,22.4,List of devices attached,
2026-09-30T04:01:40.378+00:00,2026-09-30T04:01:40.425+00:00,556.630,absent,4188.6,"{""state"":""absent"",""devices"":[]}",absent,absent,24.7,22.3,List of devices attached,
2026-09-30T04:01:41.379+00:00,2026-09-30T04:01:41.424+00:00,557.628,absent,4188.6,"{""state"":""absent"",""devices"":[]}",absent,absent,24.6,20.2,List of devices attached,
2026-09-30T04:01:42.379+00:00,2026-09-30T04:01:42.447+00:00,558.651,absent,4188.6,"{""state"":""absent"",""devices"":[]}",absent,absent,34.9,32.7,List of devices attached,
2026-09-30T04:01:43.379+00:00,2026-09-30T04:01:43.424+00:00,559.629,absent,4188.6,"{""state"":""absent"",""devices"":[]}",absent,absent,24.9,19.9,List of devices attached,
2026-09-30T04:01:44.380+00:00,2026-09-30T04:01:44.425+00:00,560.629,absent,4181.9,"{""state"":""absent"",""devices"":[]}",absent,absent,23.4,21.2,List of devices attached,
2026-09-30T04:01:45.380+00:00,2026-09-30T04:01:45.426+00:00,561.631,absent,4181.9,"{""state"":""absent"",""devices"":[]}",absent,absent,24.0,22.2,List of devices attached,
2026-09-30T04:01:46.380+00:00,2026-09-30T04:01:46.426+00:00,562.631,absent,4181.9,"{""state"":""absent"",""devices"":[]}",absent,absent,24.5,21.1,List of devices attached,
2026-09-30T04:01:47.381+00:00,2026-09-30T04:01:47.428+00:00,563.633,absent,4181.9,"{""state"":""absent"",""devices"":[]}",absent,absent,25.3,22.3,List of devices attached,
2026-09-30T04:01:48.381+00:00,2026-09-30T04:01:48.426+00:00,564.630,absent,4181.9,"{""state"":""absent"",""devices"":[]}",absent,absent,25.0,20.2,List of devices attached,
2026-09-30T04:01:49.381+00:00,2026-09-30T04:01:49.427+00:00,565.632,absent,4018.3,"{""state"":""absent"",""devices"":[]}",absent,absent,24.8,21.4,List of devices attached,
2026-09-30T04:01:50.382+00:00,2026-09-30T04:01:50.429+00:00,566.633,absent,4018.3,"{""state"":""absent"",""devices"":[]}",absent,absent,24.2,22.5,List of devices attached,
2026-09-30T04:01:51.382+00:00,2026-09-30T04:01:51.429+00:00,567.634,absent,4018.3,"{""state"":""absent"",""devices"":[]}",absent,absent,24.6,22.3,List of devices attached,
2026-09-30T04:01:52.382+00:00,2026-09-30T04:01:52.427+00:00,568.632,absent,4018.3,"{""state"":""absent"",""devices"":[]}",absent,absent,23.5,21.2,List of devices attached,
2026-09-30T04:01:53.383+00:00,2026-09-30T04:01:53.432+00:00,569.637,absent,4018.3,"{""state"":""absent"",""devices"":[]}",absent,absent,25.8,23.4,List of devices attached,
2026-09-30T04:01:54.383+00:00,2026-09-30T04:01:54.430+00:00,570.635,absent,4042.7,"{""state"":""absent"",""devices"":[]}",absent,absent,24.0,22.8,List of devices attached,
2026-09-30T04:01:55.383+00:00,2026-09-30T04:01:55.429+00:00,571.633,absent,4042.7,"{""state"":""absent"",""devices"":[]}",absent,absent,24.0,21.1,List of devices attached,
2026-09-30T04:01:56.384+00:00,2026-09-30T04:01:56.429+00:00,572.634,absent,4042.7,"{""state"":""absent"",""devices"":[]}",absent,absent,24.4,21.2,List of devices attached,
2026-09-30T04:01:57.384+00:00,2026-09-30T04:01:57.429+00:00,573.633,absent,4042.7,"{""state"":""absent"",""devices"":[]}",absent,absent,24.0,20.5,List of devices attached,
2026-09-30T04:01:58.384+00:00,2026-09-30T04:01:58.433+00:00,574.637,absent,4042.7,"{""state"":""absent"",""devices"":[]}",absent,absent,25.5,22.9,List of devices attached,
2026-09-30T04:01:59.385+00:00,2026-09-30T04:01:59.436+00:00,575.641,absent,4026.2,"{""state"":""absent"",""devices"":[]}",absent,absent,30.3,21.5,List of devices attached,
2026-09-30T04:02:00.385+00:00,2026-09-30T04:02:00.432+00:00,576.637,absent,4026.2,"{""state"":""absent"",""devices"":[]}",absent,absent,24.8,22.2,List of devices attached,
2026-09-30T04:02:01.385+00:00,2026-09-30T04:02:01.436+00:00,577.640,absent,4026.2,"{""state"":""absent"",""devices"":[]}",absent,absent,29.0,21.1,List of devices attached,
2026-09-30T04:02:02.386+00:00,2026-09-30T04:02:02.446+00:00,578.650,absent,4026.2,"{""state"":""absent"",""devices"":[]}",absent,absent,38.9,21.4,List of devices attached,
2026-09-30T04:02:03.386+00:00,2026-09-30T04:02:03.438+00:00,579.643,absent,4026.2,"{""state"":""absent"",""devices"":[]}",absent,absent,26.2,26.1,List of devices attached,
2026-09-30T04:02:04.386+00:00,2026-09-30T04:02:04.431+00:00,580.636,absent,4101.6,"{""state"":""absent"",""devices"":[]}",absent,absent,24.3,21.0,List of devices attached,
2026-09-30T04:02:05.386+00:00,2026-09-30T04:02:05.432+00:00,581.636,absent,4101.6,"{""state"":""absent"",""devices"":[]}",absent,absent,23.9,21.6,List of devices attached,
2026-09-30T04:02:06.386+00:00,2026-09-30T04:02:06.433+00:00,582.638,absent,4101.6,"{""state"":""absent"",""devices"":[]}",absent,absent,24.7,22.3,List of devices attached,
2026-09-30T04:02:07.387+00:00,2026-09-30T04:02:07.455+00:00,583.659,absent,4101.6,"{""state"":""absent"",""devices"":[]}",absent,absent,37.2,30.8,List of devices attached,
2026-09-30T04:02:08.387+00:00,2026-09-30T04:02:08.437+00:00,584.641,absent,4000.8,"{""state"":""absent"",""devices"":[]}",absent,absent,26.7,22.7,List of devices attached,
2026-09-30T04:02:09.387+00:00,2026-09-30T04:02:09.438+00:00,585.643,absent,4000.8,"{""state"":""absent"",""devices"":[]}",absent,absent,26.7,24.4,List of devices attached,
2026-09-30T04:02:10.388+00:00,2026-09-30T04:02:10.432+00:00,586.637,absent,4000.8,"{""state"":""absent"",""devices"":[]}",absent,absent,24.9,19.5,List of devices attached,
2026-09-30T04:02:11.388+00:00,2026-09-30T04:02:11.432+00:00,587.637,absent,4000.8,"{""state"":""absent"",""devices"":[]}",absent,absent,24.3,20.1,List of devices attached,
2026-09-30T04:02:12.388+00:00,2026-09-30T04:02:12.435+00:00,588.640,absent,4000.8,"{""state"":""absent"",""devices"":[]}",absent,absent,24.8,22.5,List of devices attached,
2026-09-30T04:02:13.388+00:00,2026-09-30T04:02:13.434+00:00,589.638,absent,4100.6,"{""state"":""absent"",""devices"":[]}",absent,absent,23.6,21.4,List of devices attached,
2026-09-30T04:02:14.389+00:00,2026-09-30T04:02:14.436+00:00,590.640,absent,4100.6,"{""state"":""absent"",""devices"":[]}",absent,absent,25.3,21.4,List of devices attached,
2026-09-30T04:02:15.389+00:00,2026-09-30T04:02:15.435+00:00,591.639,absent,4100.6,"{""state"":""absent"",""devices"":[]}",absent,absent,23.1,22.6,List of devices attached,
2026-09-30T04:02:16.389+00:00,2026-09-30T04:02:16.434+00:00,592.638,absent,4100.6,"{""state"":""absent"",""devices"":[]}",absent,absent,23.1,21.1,List of devices attached,
2026-09-30T04:02:17.390+00:00,2026-09-30T04:02:17.439+00:00,593.643,absent,3986.8,"{""state"":""absent"",""devices"":[]}",absent,absent,26.5,22.1,List of devices attached,
2026-09-30T04:02:18.391+00:00,2026-09-30T04:02:18.435+00:00,594.639,absent,3986.8,"{""state"":""absent"",""devices"":[]}",absent,absent,22.5,21.9,List of devices attached,
2026-09-30T04:02:19.391+00:00,2026-09-30T04:02:19.436+00:00,595.640,absent,3986.8,"{""state"":""absent"",""devices"":[]}",absent,absent,24.7,20.5,List of devices attached,
2026-09-30T04:02:20.391+00:00,2026-09-30T04:02:20.438+00:00,596.642,absent,3986.8,"{""state"":""absent"",""devices"":[]}",absent,absent,25.5,21.2,List of devices attached,
2026-09-30T04:02:21.392+00:00,2026-09-30T04:02:21.436+00:00,597.641,absent,3986.8,"{""state"":""absent"",""devices"":[]}",absent,absent,23.5,21.2,List of devices attached,
2026-09-30T04:02:22.392+00:00,2026-09-30T04:02:22.439+00:00,598.643,absent,4250.5,"{""state"":""absent"",""devices"":[]}",absent,absent,24.4,22.1,List of devices attached,
2026-09-30T04:02:23.393+00:00,2026-09-30T04:02:23.440+00:00,599.644,absent,4250.5,"{""state"":""absent"",""devices"":[]}",absent,absent,24.8,22.6,List of devices attached,
2026-09-30T04:02:24.393+00:00,2026-09-30T04:02:24.450+00:00,600.654,absent,4250.5,"{""state"":""absent"",""devices"":[]}",absent,absent,23.9,33.3,List of devices attached,
2026-09-30T04:02:25.393+00:00,2026-09-30T04:02:25.438+00:00,601.642,absent,4250.5,"{""state"":""absent"",""devices"":[]}",absent,absent,23.7,21.0,List of devices attached,
2026-09-30T04:02:26.394+00:00,2026-09-30T04:02:26.441+00:00,602.646,absent,4250.5,"{""state"":""absent"",""devices"":[]}",absent,absent,25.8,21.6,List of devices attached,
2026-09-30T04:02:27.394+00:00,2026-09-30T04:02:27.439+00:00,603.643,absent,4039.6,"{""state"":""absent"",""devices"":[]}",absent,absent,23.6,20.7,List of devices attached,
2026-09-30T04:02:28.395+00:00,2026-09-30T04:02:28.440+00:00,604.644,absent,4039.6,"{""state"":""absent"",""devices"":[]}",absent,absent,24.1,20.9,List of devices attached,
2026-09-30T04:02:29.395+00:00,2026-09-30T04:02:29.442+00:00,605.647,absent,4039.6,"{""state"":""absent"",""devices"":[]}",absent,absent,24.3,23.1,List of devices attached,
2026-09-30T04:02:30.396+00:00,2026-09-30T04:02:30.441+00:00,606.646,absent,4039.6,"{""state"":""absent"",""devices"":[]}",absent,absent,24.7,20.9,List of devices attached,
2026-09-30T04:02:31.396+00:00,2026-09-30T04:02:31.444+00:00,607.648,absent,4039.6,"{""state"":""absent"",""devices"":[]}",absent,absent,24.3,23.3,List of devices attached,
2026-09-30T04:02:32.397+00:00,2026-09-30T04:02:32.441+00:00,608.645,absent,4112.9,"{""state"":""absent"",""devices"":[]}",absent,absent,23.8,20.3,List of devices attached,
2026-09-30T04:02:33.397+00:00,2026-09-30T04:02:33.442+00:00,609.647,absent,4112.9,"{""state"":""absent"",""devices"":[]}",absent,absent,24.6,20.7,List of devices attached,
2026-09-30T04:02:34.397+00:00,2026-09-30T04:02:34.441+00:00,610.646,absent,4112.9,"{""state"":""absent"",""devices"":[]}",absent,absent,23.4,20.3,List of devices attached,
2026-09-30T04:02:35.398+00:00,2026-09-30T04:02:35.443+00:00,611.648,absent,4112.9,"{""state"":""absent"",""devices"":[]}",absent,absent,24.9,20.7,List of devices attached,
2026-09-30T04:02:36.398+00:00,2026-09-30T04:02:36.445+00:00,612.649,absent,3971.7,"{""state"":""absent"",""devices"":[]}",absent,absent,23.7,23.2,List of devices attached,
2026-09-30T04:02:37.398+00:00,2026-09-30T04:02:37.444+00:00,613.648,absent,3971.7,"{""state"":""absent"",""devices"":[]}",absent,absent,24.5,21.3,List of devices attached,
2026-09-30T04:02:38.399+00:00,2026-09-30T04:02:38.446+00:00,614.650,absent,3971.7,"{""state"":""absent"",""devices"":[]}",absent,absent,25.3,21.7,List of devices attached,
2026-09-30T04:02:39.399+00:00,2026-09-30T04:02:39.446+00:00,615.650,absent,3971.7,"{""state"":""absent"",""devices"":[]}",absent,absent,25.9,20.9,List of devices attached,
2026-09-30T04:02:40.400+00:00,2026-09-30T04:02:40.444+00:00,616.648,absent,3971.7,"{""state"":""absent"",""devices"":[]}",absent,absent,23.5,20.6,List of devices attached,
2026-09-30T04:02:41.400+00:00,2026-09-30T04:02:41.446+00:00,617.650,absent,4005.9,"{""state"":""absent"",""devices"":[]}",absent,absent,24.2,21.7,List of devices attached,
2026-09-30T04:02:42.400+00:00,2026-09-30T04:02:42.444+00:00,618.649,absent,4005.9,"{""state"":""absent"",""devices"":[]}",absent,absent,22.6,21.2,List of devices attached,
2026-09-30T04:02:43.401+00:00,2026-09-30T04:02:43.447+00:00,619.651,absent,4005.9,"{""state"":""absent"",""devices"":[]}",absent,absent,24.5,21.1,List of devices attached,
2026-09-30T04:02:44.401+00:00,2026-09-30T04:02:44.445+00:00,620.649,absent,4005.9,"{""state"":""absent"",""devices"":[]}",absent,absent,24.0,19.6,List of devices attached,
2026-09-30T04:02:45.402+00:00,2026-09-30T04:02:45.445+00:00,621.649,absent,3908.4,"{""state"":""absent"",""devices"":[]}",absent,absent,23.1,19.7,List of devices attached,
2026-09-30T04:02:46.402+00:00,2026-09-30T04:02:46.444+00:00,622.648,absent,3908.4,"{""state"":""absent"",""devices"":[]}",absent,absent,22.3,19.6,List of devices attached,
2026-09-30T04:02:47.402+00:00,2026-09-30T04:02:47.449+00:00,623.653,absent,3908.4,"{""state"":""absent"",""devices"":[]}",absent,absent,24.6,21.8,List of devices attached,
2026-09-30T04:02:48.403+00:00,2026-09-30T04:02:48.448+00:00,624.652,absent,3908.4,"{""state"":""absent"",""devices"":[]}",absent,absent,25.0,19.7,List of devices attached,
2026-09-30T04:02:49.403+00:00,2026-09-30T04:02:49.449+00:00,625.653,absent,3907.1,"{""state"":""absent"",""devices"":[]}",absent,absent,24.5,21.4,List of devices attached,
2026-09-30T04:02:50.403+00:00,2026-09-30T04:02:50.450+00:00,626.655,absent,3907.1,"{""state"":""absent"",""devices"":[]}",absent,absent,24.5,22.7,List of devices attached,
2026-09-30T04:02:51.403+00:00,2026-09-30T04:02:51.452+00:00,627.657,absent,3907.1,"{""state"":""absent"",""devices"":[]}",absent,absent,25.2,23.5,List of devices attached,
2026-09-30T04:02:52.404+00:00,2026-09-30T04:02:52.449+00:00,628.653,absent,3907.1,"{""state"":""absent"",""devices"":[]}",absent,absent,24.3,20.6,List of devices attached,
2026-09-30T04:02:53.404+00:00,2026-09-30T04:02:53.454+00:00,629.658,absent,3907.1,"{""state"":""absent"",""devices"":[]}",absent,absent,30.1,19.6,List of devices attached,
2026-09-30T04:02:54.405+00:00,2026-09-30T04:02:54.449+00:00,630.654,absent,4010.3,"{""state"":""absent"",""devices"":[]}",absent,absent,23.6,20.8,List of devices attached,
2026-09-30T04:02:55.405+00:00,2026-09-30T04:02:55.453+00:00,631.657,absent,4010.3,"{""state"":""absent"",""devices"":[]}",absent,absent,25.7,22.2,List of devices attached,
2026-09-30T04:02:56.405+00:00,2026-09-30T04:02:56.453+00:00,632.657,absent,4010.3,"{""state"":""absent"",""devices"":[]}",absent,absent,24.8,22.2,List of devices attached,
2026-09-30T04:02:57.406+00:00,2026-09-30T04:02:57.453+00:00,633.657,absent,4010.3,"{""state"":""absent"",""devices"":[]}",absent,absent,24.7,22.3,List of devices attached,
2026-09-30T04:02:58.406+00:00,2026-09-30T04:02:58.452+00:00,634.656,absent,4010.3,"{""state"":""absent"",""devices"":[]}",absent,absent,25.1,20.6,List of devices attached,
2026-09-30T04:02:59.407+00:00,2026-09-30T04:02:59.452+00:00,635.656,absent,4203.2,"{""state"":""absent"",""devices"":[]}",absent,absent,24.4,20.4,List of devices attached,
2026-09-30T04:03:00.407+00:00,2026-09-30T04:03:00.452+00:00,636.657,absent,4203.2,"{""state"":""absent"",""devices"":[]}",absent,absent,24.4,20.9,List of devices attached,
2026-09-30T04:03:01.407+00:00,2026-09-30T04:03:01.454+00:00,637.658,absent,4203.2,"{""state"":""absent"",""devices"":[]}",absent,absent,24.8,21.7,List of devices attached,
2026-09-30T04:03:02.408+00:00,2026-09-30T04:03:02.454+00:00,638.658,absent,4203.2,"{""state"":""absent"",""devices"":[]}",absent,absent,24.2,22.1,List of devices attached,
2026-09-30T04:03:03.408+00:00,2026-09-30T04:03:03.456+00:00,639.661,absent,4203.2,"{""state"":""absent"",""devices"":[]}",absent,absent,26.4,22.1,List of devices attached,
2026-09-30T04:03:04.408+00:00,2026-09-30T04:03:04.454+00:00,640.658,absent,4172.8,"{""state"":""absent"",""devices"":[]}",absent,absent,23.2,22.5,List of devices attached,
2026-09-30T04:03:05.408+00:00,2026-09-30T04:03:05.454+00:00,641.658,absent,4172.8,"{""state"":""absent"",""devices"":[]}",absent,absent,23.9,21.6,List of devices attached,
2026-09-30T04:03:06.409+00:00,2026-09-30T04:03:06.456+00:00,642.660,absent,4172.8,"{""state"":""absent"",""devices"":[]}",absent,absent,26.6,20.9,List of devices attached,
2026-09-30T04:03:07.409+00:00,2026-09-30T04:03:07.455+00:00,643.659,absent,4172.8,"{""state"":""absent"",""devices"":[]}",absent,absent,25.3,20.8,List of devices attached,
2026-09-30T04:03:08.409+00:00,2026-09-30T04:03:08.456+00:00,644.660,absent,3968.6,"{""state"":""absent"",""devices"":[]}",absent,absent,24.9,21.7,List of devices attached,
2026-09-30T04:03:09.410+00:00,2026-09-30T04:03:09.454+00:00,645.658,absent,3968.6,"{""state"":""absent"",""devices"":[]}",absent,absent,24.2,19.9,List of devices attached,
2026-09-30T04:03:10.410+00:00,2026-09-30T04:03:10.455+00:00,646.660,absent,3968.6,"{""state"":""absent"",""devices"":[]}",absent,absent,23.9,21.4,List of devices attached,
2026-09-30T04:03:11.410+00:00,2026-09-30T04:03:11.457+00:00,647.661,absent,3968.6,"{""state"":""absent"",""devices"":[]}",absent,absent,25.0,21.5,List of devices attached,
2026-09-30T04:03:12.411+00:00,2026-09-30T04:03:12.458+00:00,648.663,absent,3968.6,"{""state"":""absent"",""devices"":[]}",absent,absent,24.5,22.9,List of devices attached,
2026-09-30T04:03:13.411+00:00,2026-09-30T04:03:13.459+00:00,649.663,absent,4139.4,"{""state"":""absent"",""devices"":[]}",absent,absent,26.0,21.5,List of devices attached,
2026-09-30T04:03:14.412+00:00,2026-09-30T04:03:14.458+00:00,650.662,absent,4139.4,"{""state"":""absent"",""devices"":[]}",absent,absent,24.7,21.3,List of devices attached,
2026-09-30T04:03:15.412+00:00,2026-09-30T04:03:15.460+00:00,651.664,absent,4139.4,"{""state"":""absent"",""devices"":[]}",absent,absent,25.3,22.7,List of devices attached,
2026-09-30T04:03:16.412+00:00,2026-09-30T04:03:16.458+00:00,652.663,absent,4139.4,"{""state"":""absent"",""devices"":[]}",absent,absent,24.4,21.9,List of devices attached,
2026-09-30T04:03:17.413+00:00,2026-09-30T04:03:17.459+00:00,653.663,absent,3950.3,"{""state"":""absent"",""devices"":[]}",absent,absent,26.4,19.9,List of devices attached,
2026-09-30T04:03:18.413+00:00,2026-09-30T04:03:18.474+00:00,654.679,absent,3950.3,"{""state"":""absent"",""devices"":[]}",absent,absent,39.6,21.5,List of devices attached,
2026-09-30T04:03:19.413+00:00,2026-09-30T04:03:19.459+00:00,655.664,absent,3950.3,"{""state"":""absent"",""devices"":[]}",absent,absent,23.2,22.5,List of devices attached,
2026-09-30T04:03:20.414+00:00,2026-09-30T04:03:20.469+00:00,656.673,absent,3950.3,"{""state"":""absent"",""devices"":[]}",absent,absent,24.1,30.6,List of devices attached,
2026-09-30T04:03:21.414+00:00,2026-09-30T04:03:21.461+00:00,657.665,absent,3927.1,"{""state"":""absent"",""devices"":[]}",absent,absent,24.1,22.4,List of devices attached,
2026-09-30T04:03:22.414+00:00,2026-09-30T04:03:22.460+00:00,658.664,absent,3927.1,"{""state"":""absent"",""devices"":[]}",absent,absent,23.1,22.1,List of devices attached,
2026-09-30T04:03:23.415+00:00,2026-09-30T04:03:23.461+00:00,659.665,absent,3927.1,"{""state"":""absent"",""devices"":[]}",absent,absent,24.7,21.0,List of devices attached,
2026-09-30T04:03:24.415+00:00,2026-09-30T04:03:24.459+00:00,660.664,absent,3927.1,"{""state"":""absent"",""devices"":[]}",absent,absent,22.7,21.5,List of devices attached,
2026-09-30T04:03:25.415+00:00,2026-09-30T04:03:25.461+00:00,661.665,absent,3957.0,"{""state"":""absent"",""devices"":[]}",absent,absent,24.3,21.0,List of devices attached,
2026-09-30T04:03:26.415+00:00,2026-09-30T04:03:26.464+00:00,662.668,absent,3957.0,"{""state"":""absent"",""devices"":[]}",absent,absent,26.6,21.4,List of devices attached,
2026-09-30T04:03:27.416+00:00,2026-09-30T04:03:27.462+00:00,663.666,absent,3957.0,"{""state"":""absent"",""devices"":[]}",absent,absent,24.7,21.4,List of devices attached,
2026-09-30T04:03:28.416+00:00,2026-09-30T04:03:28.462+00:00,664.666,absent,3957.0,"{""state"":""absent"",""devices"":[]}",absent,absent,24.7,21.1,List of devices attached,
2026-09-30T04:03:29.416+00:00,2026-09-30T04:03:29.462+00:00,665.667,absent,3943.0,"{""state"":""absent"",""devices"":[]}",absent,absent,24.5,21.9,List of devices attached,
2026-09-30T04:03:30.416+00:00,2026-09-30T04:03:30.462+00:00,666.666,absent,3943.0,"{""state"":""absent"",""devices"":[]}",absent,absent,24.3,21.2,List of devices attached,
2026-09-30T04:03:31.416+00:00,2026-09-30T04:03:31.464+00:00,667.668,absent,3943.0,"{""state"":""absent"",""devices"":[]}",absent,absent,24.6,22.4,List of devices attached,
2026-09-30T04:03:32.417+00:00,2026-09-30T04:03:32.463+00:00,668.668,absent,3943.0,"{""state"":""absent"",""devices"":[]}",absent,absent,25.2,21.0,List of devices attached,
2026-09-30T04:03:33.417+00:00,2026-09-30T04:03:33.480+00:00,669.684,absent,3943.0,"{""state"":""absent"",""devices"":[]}",absent,absent,30.5,32.0,List of devices attached,
2026-09-30T04:03:34.417+00:00,2026-09-30T04:03:34.463+00:00,670.668,absent,4009.7,"{""state"":""absent"",""devices"":[]}",absent,absent,24.3,21.7,List of devices attached,
2026-09-30T04:03:35.417+00:00,2026-09-30T04:03:35.461+00:00,671.665,absent,4009.7,"{""state"":""absent"",""devices"":[]}",absent,absent,23.2,20.0,List of devices attached,
2026-09-30T04:03:36.418+00:00,2026-09-30T04:03:36.461+00:00,672.665,absent,4009.7,"{""state"":""absent"",""devices"":[]}",absent,absent,23.3,19.6,List of devices attached,
2026-09-30T04:03:37.418+00:00,2026-09-30T04:03:37.460+00:00,673.665,absent,4009.7,"{""state"":""absent"",""devices"":[]}",absent,absent,22.9,19.0,List of devices attached,
2026-09-30T04:03:38.419+00:00,2026-09-30T04:03:38.462+00:00,674.667,absent,3877.2,"{""state"":""absent"",""devices"":[]}",absent,absent,23.5,20.0,List of devices attached,
2026-09-30T04:03:39.419+00:00,2026-09-30T04:03:39.462+00:00,675.666,absent,3877.2,"{""state"":""absent"",""devices"":[]}",absent,absent,22.8,20.0,List of devices attached,
2026-09-30T04:03:40.419+00:00,2026-09-30T04:03:40.463+00:00,676.667,absent,3877.2,"{""state"":""absent"",""devices"":[]}",absent,absent,23.6,20.0,List of devices attached,
2026-09-30T04:03:41.420+00:00,2026-09-30T04:03:41.463+00:00,677.667,absent,3877.2,"{""state"":""absent"",""devices"":[]}",absent,absent,24.0,19.2,List of devices attached,
2026-09-30T04:03:42.420+00:00,2026-09-30T04:03:42.463+00:00,678.667,absent,3917.9,"{""state"":""absent"",""devices"":[]}",absent,absent,23.5,19.7,List of devices attached,
2026-09-30T04:03:43.420+00:00,2026-09-30T04:03:43.465+00:00,679.670,absent,3917.9,"{""state"":""absent"",""devices"":[]}",absent,absent,24.6,20.7,List of devices attached,
2026-09-30T04:03:44.421+00:00,2026-09-30T04:03:44.466+00:00,680.670,absent,3917.9,"{""state"":""absent"",""devices"":[]}",absent,absent,24.5,20.5,List of devices attached,
2026-09-30T04:03:45.421+00:00,2026-09-30T04:03:45.463+00:00,681.668,absent,3917.9,"{""state"":""absent"",""devices"":[]}",absent,absent,23.3,19.1,List of devices attached,
2026-09-30T04:03:46.421+00:00,2026-09-30T04:03:46.468+00:00,682.672,absent,3906.1,"{""state"":""absent"",""devices"":[]}",absent,absent,25.1,21.5,List of devices attached,
2026-09-30T04:03:47.421+00:00,2026-09-30T04:03:47.466+00:00,683.671,absent,3906.1,"{""state"":""absent"",""devices"":[]}",absent,absent,23.7,21.2,List of devices attached,
2026-09-30T04:03:48.422+00:00,2026-09-30T04:03:48.469+00:00,684.673,absent,3906.1,"{""state"":""absent"",""devices"":[]}",absent,absent,24.7,22.4,List of devices attached,
2026-09-30T04:03:49.422+00:00,2026-09-30T04:03:49.470+00:00,685.674,absent,3906.1,"{""state"":""absent"",""devices"":[]}",absent,absent,24.2,23.7,List of devices attached,
2026-09-30T04:03:50.422+00:00,2026-09-30T04:03:50.469+00:00,686.674,absent,3906.1,"{""state"":""absent"",""devices"":[]}",absent,absent,24.3,22.9,List of devices attached,
2026-09-30T04:03:51.423+00:00,2026-09-30T04:03:51.469+00:00,687.674,absent,4134.1,"{""state"":""absent"",""devices"":[]}",absent,absent,24.5,22.1,List of devices attached,
2026-09-30T04:03:52.423+00:00,2026-09-30T04:03:52.470+00:00,688.674,absent,4134.1,"{""state"":""absent"",""devices"":[]}",absent,absent,24.4,22.5,List of devices attached,
2026-09-30T04:03:53.423+00:00,2026-09-30T04:03:53.469+00:00,689.674,absent,4134.1,"{""state"":""absent"",""devices"":[]}",absent,absent,23.7,22.5,List of devices attached,
2026-09-30T04:03:54.423+00:00,2026-09-30T04:03:54.469+00:00,690.673,absent,4134.1,"{""state"":""absent"",""devices"":[]}",absent,absent,24.3,20.8,List of devices attached,
2026-09-30T04:03:55.424+00:00,2026-09-30T04:03:55.469+00:00,691.673,absent,3971.5,"{""state"":""absent"",""devices"":[]}",absent,absent,24.1,20.9,List of devices attached,
2026-09-30T04:03:56.424+00:00,2026-09-30T04:03:56.470+00:00,692.674,absent,3971.5,"{""state"":""absent"",""devices"":[]}",absent,absent,24.4,21.7,List of devices attached,
2026-09-30T04:03:57.424+00:00,2026-09-30T04:03:57.473+00:00,693.677,absent,3971.5,"{""state"":""absent"",""devices"":[]}",absent,absent,24.7,24.0,List of devices attached,
2026-09-30T04:03:58.424+00:00,2026-09-30T04:03:58.470+00:00,694.675,absent,3971.5,"{""state"":""absent"",""devices"":[]}",absent,absent,24.7,21.6,List of devices attached,
2026-09-30T04:03:59.425+00:00,2026-09-30T04:03:59.469+00:00,695.674,absent,3962.3,"{""state"":""absent"",""devices"":[]}",absent,absent,23.4,21.2,List of devices attached,
2026-09-30T04:04:00.425+00:00,2026-09-30T04:04:00.470+00:00,696.674,absent,3962.3,"{""state"":""absent"",""devices"":[]}",absent,absent,23.9,20.9,List of devices attached,
2026-09-30T04:04:01.425+00:00,2026-09-30T04:04:01.470+00:00,697.674,absent,3962.3,"{""state"":""absent"",""devices"":[]}",absent,absent,24.3,20.3,List of devices attached,
2026-09-30T04:04:02.425+00:00,2026-09-30T04:04:02.471+00:00,698.676,absent,3962.3,"{""state"":""absent"",""devices"":[]}",absent,absent,24.3,21.4,List of devices attached,
2026-09-30T04:04:03.426+00:00,2026-09-30T04:04:03.473+00:00,699.678,absent,3962.3,"{""state"":""absent"",""devices"":[]}",absent,absent,24.4,22.9,List of devices attached,
2026-09-30T04:04:04.426+00:00,2026-09-30T04:04:04.472+00:00,700.677,absent,4091.6,"{""state"":""absent"",""devices"":[]}",absent,absent,24.3,21.3,List of devices attached,
2026-09-30T04:04:05.427+00:00,2026-09-30T04:04:05.473+00:00,701.677,absent,4091.6,"{""state"":""absent"",""devices"":[]}",absent,absent,25.0,20.8,List of devices attached,
2026-09-30T04:04:06.427+00:00,2026-09-30T04:04:06.472+00:00,702.677,absent,4091.6,"{""state"":""absent"",""devices"":[]}",absent,absent,24.0,21.3,List of devices attached,
2026-09-30T04:04:07.427+00:00,2026-09-30T04:04:07.473+00:00,703.677,absent,4091.6,"{""state"":""absent"",""devices"":[]}",absent,absent,24.2,21.6,List of devices attached,
2026-09-30T04:04:08.428+00:00,2026-09-30T04:04:08.471+00:00,704.676,absent,4091.6,"{""state"":""absent"",""devices"":[]}",absent,absent,23.6,20.1,List of devices attached,
2026-09-30T04:04:09.428+00:00,2026-09-30T04:04:09.473+00:00,705.677,absent,4077.0,"{""state"":""absent"",""devices"":[]}",absent,absent,24.8,20.6,List of devices attached,
2026-09-30T04:04:10.428+00:00,2026-09-30T04:04:10.680+00:00,706.884,absent,4077.0,"{""state"":""absent"",""devices"":[]}",absent,absent,231.3,20.6,List of devices attached,
2026-09-30T04:04:11.428+00:00,2026-09-30T04:04:11.472+00:00,707.676,absent,4077.0,"{""state"":""absent"",""devices"":[]}",absent,absent,22.8,20.5,List of devices attached,
2026-09-30T04:04:12.429+00:00,2026-09-30T04:04:12.474+00:00,708.678,absent,4077.0,"{""state"":""absent"",""devices"":[]}",absent,absent,24.2,20.7,List of devices attached,
2026-09-30T04:04:13.429+00:00,2026-09-30T04:04:13.474+00:00,709.678,absent,4077.0,"{""state"":""absent"",""devices"":[]}",absent,absent,25.0,19.4,List of devices attached,
2026-09-30T04:04:14.429+00:00,2026-09-30T04:04:14.474+00:00,710.678,absent,4181.8,"{""state"":""absent"",""devices"":[]}",absent,absent,24.1,20.7,List of devices attached,
2026-09-30T04:04:15.429+00:00,2026-09-30T04:04:15.485+00:00,711.690,absent,4181.8,"{""state"":""absent"",""devices"":[]}",absent,absent,35.7,20.3,List of devices attached,
2026-09-30T04:04:16.430+00:00,2026-09-30T04:04:16.476+00:00,712.680,absent,4181.8,"{""state"":""absent"",""devices"":[]}",absent,absent,22.4,23.5,List of devices attached,
2026-09-30T04:04:17.430+00:00,2026-09-30T04:04:17.475+00:00,713.679,absent,4181.8,"{""state"":""absent"",""devices"":[]}",absent,absent,23.5,20.9,List of devices attached,
2026-09-30T04:04:18.430+00:00,2026-09-30T04:04:18.474+00:00,714.678,absent,4181.8,"{""state"":""absent"",""devices"":[]}",absent,absent,23.9,19.9,List of devices attached,
2026-09-30T04:04:19.431+00:00,2026-09-30T04:04:19.475+00:00,715.679,absent,4021.5,"{""state"":""absent"",""devices"":[]}",absent,absent,22.8,21.2,List of devices attached,
2026-09-30T04:04:20.431+00:00,2026-09-30T04:04:20.475+00:00,716.679,absent,4021.5,"{""state"":""absent"",""devices"":[]}",absent,absent,24.0,19.5,List of devices attached,
2026-09-30T04:04:21.431+00:00,2026-09-30T04:04:21.476+00:00,717.680,absent,4021.5,"{""state"":""absent"",""devices"":[]}",absent,absent,24.3,20.7,List of devices attached,
2026-09-30T04:04:22.431+00:00,2026-09-30T04:04:22.477+00:00,718.681,absent,4021.5,"{""state"":""absent"",""devices"":[]}",absent,absent,24.6,21.2,List of devices attached,
2026-09-30T04:04:23.432+00:00,2026-09-30T04:04:23.478+00:00,719.682,absent,4021.5,"{""state"":""absent"",""devices"":[]}",absent,absent,24.8,21.3,List of devices attached,
2026-09-30T04:04:24.432+00:00,2026-09-30T04:04:24.477+00:00,720.682,absent,4041.6,"{""state"":""absent"",""devices"":[]}",absent,absent,23.8,21.3,List of devices attached,
2026-09-30T04:04:25.432+00:00,2026-09-30T04:04:25.477+00:00,721.681,absent,4041.6,"{""state"":""absent"",""devices"":[]}",absent,absent,23.7,20.8,List of devices attached,
2026-09-30T04:04:26.433+00:00,2026-09-30T04:04:26.478+00:00,722.682,absent,4041.6,"{""state"":""absent"",""devices"":[]}",absent,absent,23.9,21.1,List of devices attached,
2026-09-30T04:04:27.433+00:00,2026-09-30T04:04:27.479+00:00,723.684,absent,4041.6,"{""state"":""absent"",""devices"":[]}",absent,absent,24.7,21.3,List of devices attached,
2026-09-30T04:04:28.433+00:00,2026-09-30T04:04:28.483+00:00,724.687,absent,4041.6,"{""state"":""absent"",""devices"":[]}",absent,absent,27.0,22.4,List of devices attached,
2026-09-30T04:04:29.434+00:00,2026-09-30T04:04:29.481+00:00,725.685,absent,4048.3,"{""state"":""absent"",""devices"":[]}",absent,absent,25.2,21.7,List of devices attached,
2026-09-30T04:04:30.434+00:00,2026-09-30T04:04:30.481+00:00,726.685,absent,4048.3,"{""state"":""absent"",""devices"":[]}",absent,absent,25.2,21.8,List of devices attached,
2026-09-30T04:04:31.434+00:00,2026-09-30T04:04:31.496+00:00,727.700,absent,4048.3,"{""state"":""absent"",""devices"":[]}",absent,absent,33.4,28.3,List of devices attached,
2026-09-30T04:04:32.434+00:00,2026-09-30T04:04:32.481+00:00,728.686,absent,4048.3,"{""state"":""absent"",""devices"":[]}",absent,absent,26.1,21.1,List of devices attached,
2026-09-30T04:04:33.434+00:00,2026-09-30T04:04:33.486+00:00,729.690,absent,4048.3,"{""state"":""absent"",""devices"":[]}",absent,absent,28.1,23.4,List of devices attached,
2026-09-30T04:04:34.434+00:00,2026-09-30T04:04:34.480+00:00,730.685,absent,4140.2,"{""state"":""absent"",""devices"":[]}",absent,absent,24.6,21.3,List of devices attached,
2026-09-30T04:04:35.435+00:00,2026-09-30T04:04:35.480+00:00,731.684,absent,4140.2,"{""state"":""absent"",""devices"":[]}",absent,absent,23.8,21.1,List of devices attached,
2026-09-30T04:04:36.435+00:00,2026-09-30T04:04:36.480+00:00,732.684,absent,4140.2,"{""state"":""absent"",""devices"":[]}",absent,absent,24.0,20.6,List of devices attached,
2026-09-30T04:04:37.435+00:00,2026-09-30T04:04:37.479+00:00,733.684,absent,4140.2,"{""state"":""absent"",""devices"":[]}",absent,absent,23.6,20.4,List of devices attached,
2026-09-30T04:04:38.436+00:00,2026-09-30T04:04:38.482+00:00,734.686,absent,4140.2,"{""state"":""absent"",""devices"":[]}",absent,absent,25.2,20.4,List of devices attached,
2026-09-30T04:04:39.436+00:00,2026-09-30T04:04:39.482+00:00,735.687,absent,4246.7,"{""state"":""absent"",""devices"":[]}",absent,absent,23.2,22.8,List of devices attached,
2026-09-30T04:04:40.436+00:00,2026-09-30T04:04:40.480+00:00,736.684,absent,4246.7,"{""state"":""absent"",""devices"":[]}",absent,absent,23.7,19.9,List of devices attached,
2026-09-30T04:04:41.437+00:00,2026-09-30T04:04:41.479+00:00,737.684,absent,4246.7,"{""state"":""absent"",""devices"":[]}",absent,absent,22.6,19.9,List of devices attached,
2026-09-30T04:04:42.437+00:00,2026-09-30T04:04:42.480+00:00,738.685,absent,4246.7,"{""state"":""absent"",""devices"":[]}",absent,absent,23.5,19.6,List of devices attached,
2026-09-30T04:04:43.437+00:00,2026-09-30T04:04:43.482+00:00,739.686,absent,4246.7,"{""state"":""absent"",""devices"":[]}",absent,absent,24.8,19.6,List of devices attached,
2026-09-30T04:04:44.437+00:00,2026-09-30T04:04:44.481+00:00,740.685,absent,4026.4,"{""state"":""absent"",""devices"":[]}",absent,absent,23.9,19.7,List of devices attached,
2026-09-30T04:04:45.438+00:00,2026-09-30T04:04:45.481+00:00,741.685,absent,4026.4,"{""state"":""absent"",""devices"":[]}",absent,absent,23.3,19.7,List of devices attached,
2026-09-30T04:04:46.438+00:00,2026-09-30T04:04:46.480+00:00,742.684,absent,4026.4,"{""state"":""absent"",""devices"":[]}",absent,absent,22.7,19.5,List of devices attached,
2026-09-30T04:04:47.438+00:00,2026-09-30T04:04:47.481+00:00,743.685,absent,4026.4,"{""state"":""absent"",""devices"":[]}",absent,absent,23.5,19.0,List of devices attached,
2026-09-30T04:04:48.439+00:00,2026-09-30T04:04:48.484+00:00,744.688,absent,3992.8,"{""state"":""absent"",""devices"":[]}",absent,absent,23.6,21.0,List of devices attached,
2026-09-30T04:04:49.439+00:00,2026-09-30T04:04:49.485+00:00,745.689,absent,3992.8,"{""state"":""absent"",""devices"":[]}",absent,absent,25.0,20.9,List of devices attached,
2026-09-30T04:04:50.439+00:00,2026-09-30T04:04:50.485+00:00,746.690,absent,3992.8,"{""state"":""absent"",""devices"":[]}",absent,absent,25.1,20.6,List of devices attached,
2026-09-30T04:04:51.440+00:00,2026-09-30T04:04:51.489+00:00,747.693,absent,3992.8,"{""state"":""absent"",""devices"":[]}",absent,absent,27.1,22.2,List of devices attached,
2026-09-30T04:04:52.440+00:00,2026-09-30T04:04:52.495+00:00,748.699,absent,3804.7,"{""state"":""absent"",""devices"":[]}",absent,absent,25.2,29.8,List of devices attached,
2026-09-30T04:04:53.440+00:00,2026-09-30T04:04:53.485+00:00,749.689,absent,3804.7,"{""state"":""absent"",""devices"":[]}",absent,absent,23.4,21.3,List of devices attached,
2026-09-30T04:04:54.440+00:00,2026-09-30T04:04:54.482+00:00,750.687,absent,3804.7,"{""state"":""absent"",""devices"":[]}",absent,absent,22.0,20.0,List of devices attached,
2026-09-30T04:04:55.441+00:00,2026-09-30T04:04:55.485+00:00,751.689,absent,3804.7,"{""state"":""absent"",""devices"":[]}",absent,absent,23.4,20.4,List of devices attached,
2026-09-30T04:04:56.441+00:00,2026-09-30T04:04:56.485+00:00,752.689,absent,3804.7,"{""state"":""absent"",""devices"":[]}",absent,absent,23.8,19.9,List of devices attached,
2026-09-30T04:04:57.441+00:00,2026-09-30T04:04:57.488+00:00,753.692,absent,4057.6,"{""state"":""absent"",""devices"":[]}",absent,absent,24.8,21.5,List of devices attached,
2026-09-30T04:04:58.442+00:00,2026-09-30T04:04:58.485+00:00,754.689,absent,4057.6,"{""state"":""absent"",""devices"":[]}",absent,absent,22.7,19.9,List of devices attached,
2026-09-30T04:04:59.442+00:00,2026-09-30T04:04:59.485+00:00,755.689,absent,4057.6,"{""state"":""absent"",""devices"":[]}",absent,absent,23.3,19.3,List of devices attached,
2026-09-30T04:05:00.442+00:00,2026-09-30T04:05:00.485+00:00,756.689,absent,4057.6,"{""state"":""absent"",""devices"":[]}",absent,absent,23.8,19.1,List of devices attached,
2026-09-30T04:05:01.442+00:00,2026-09-30T04:05:01.497+00:00,757.701,absent,4057.6,"{""state"":""absent"",""devices"":[]}",absent,absent,30.9,23.8,List of devices attached,
2026-09-30T04:05:02.443+00:00,2026-09-30T04:05:02.493+00:00,758.697,absent,4430.9,"{""state"":""absent"",""devices"":[]}",absent,fastboot,25.4,24.6,List of devices attached,1384e684               fastboot
2026-09-30T04:05:03.443+00:00,2026-09-30T04:05:03.505+00:00,759.709,absent,4430.9,"{""state"":""absent"",""devices"":[]}",absent,fastboot,33.4,28.5,List of devices attached,1384e684               fastboot
2026-09-30T04:05:04.443+00:00,2026-09-30T04:05:04.813+00:00,761.017,absent,4430.9,"{""state"":""absent"",""devices"":[]}",absent,fastboot,347.2,22.0,List of devices attached,1384e684               fastboot
2026-09-30T04:05:05.444+00:00,2026-09-30T04:05:05.504+00:00,761.708,absent,4430.9,"{""state"":""absent"",""devices"":[]}",absent,fastboot,23.4,36.9,List of devices attached,1384e684               fastboot
2026-09-30T04:05:06.444+00:00,2026-09-30T04:05:06.490+00:00,762.694,absent,4430.9,"{""state"":""absent"",""devices"":[]}",absent,fastboot,23.3,22.4,List of devices attached,1384e684               fastboot
2026-09-30T04:05:07.445+00:00,2026-09-30T04:05:07.492+00:00,763.697,present,4749.4,"{""state"":""present"",""devices"":[{""Status"":""OK"",""Class"":""AndroidUsbDeviceClass"",""FriendlyName"":""Android Bootloader Interface"",""InstanceId"":""USB\\VID_18D1&PID_D00D\\1384E684""}]}",absent,fastboot,24.8,22.7,List of devices attached,1384e684               fastboot
2026-09-30T04:05:08.445+00:00,2026-09-30T04:05:08.492+00:00,764.696,present,4749.4,"{""state"":""present"",""devices"":[{""Status"":""OK"",""Class"":""AndroidUsbDeviceClass"",""FriendlyName"":""Android Bootloader Interface"",""InstanceId"":""USB\\VID_18D1&PID_D00D\\1384E684""}]}",absent,fastboot,23.9,22.4,List of devices attached,1384e684               fastboot
2026-09-30T04:05:09.445+00:00,2026-09-30T04:05:09.489+00:00,765.693,present,4749.4,"{""state"":""present"",""devices"":[{""Status"":""OK"",""Class"":""AndroidUsbDeviceClass"",""FriendlyName"":""Android Bootloader Interface"",""InstanceId"":""USB\\VID_18D1&PID_D00D\\1384E684""}]}",absent,fastboot,22.1,21.4,List of devices attached,1384e684               fastboot
2026-09-30T04:05:10.446+00:00,2026-09-30T04:05:10.506+00:00,766.710,present,4749.4,"{""state"":""present"",""devices"":[{""Status"":""OK"",""Class"":""AndroidUsbDeviceClass"",""FriendlyName"":""Android Bootloader Interface"",""InstanceId"":""USB\\VID_18D1&PID_D00D\\1384E684""}]}",absent,fastboot,33.7,26.1,List of devices attached,1384e684               fastboot
2026-09-30T04:05:11.446+00:00,2026-09-30T04:05:11.519+00:00,767.723,present,3832.8,"{""state"":""present"",""devices"":[{""Status"":""OK"",""Class"":""AndroidUsbDeviceClass"",""FriendlyName"":""Android Bootloader Interface"",""InstanceId"":""USB\\VID_18D1&PID_D00D\\1384E684""}]}",absent,fastboot,41.5,31.6,List of devices attached,1384e684               fastboot
2026-09-30T04:05:12.446+00:00,2026-09-30T04:05:12.500+00:00,768.704,present,3832.8,"{""state"":""present"",""devices"":[{""Status"":""OK"",""Class"":""AndroidUsbDeviceClass"",""FriendlyName"":""Android Bootloader Interface"",""InstanceId"":""USB\\VID_18D1&PID_D00D\\1384E684""}]}",absent,fastboot,23.4,30.7,List of devices attached,1384e684               fastboot
2026-09-30T04:05:13.446+00:00,2026-09-30T04:05:13.511+00:00,769.716,present,3832.8,"{""state"":""present"",""devices"":[{""Status"":""OK"",""Class"":""AndroidUsbDeviceClass"",""FriendlyName"":""Android Bootloader Interface"",""InstanceId"":""USB\\VID_18D1&PID_D00D\\1384E684""}]}",absent,fastboot,32.9,32.1,List of devices attached,1384e684               fastboot
2026-09-30T04:05:14.447+00:00,2026-09-30T04:05:14.492+00:00,770.696,present,3832.8,"{""state"":""present"",""devices"":[{""Status"":""OK"",""Class"":""AndroidUsbDeviceClass"",""FriendlyName"":""Android Bootloader Interface"",""InstanceId"":""USB\\VID_18D1&PID_D00D\\1384E684""}]}",absent,fastboot,24.1,21.2,List of devices attached,1384e684               fastboot
2026-09-30T04:05:15.447+00:00,2026-09-30T04:05:15.495+00:00,771.699,present,3819.6,"{""state"":""present"",""devices"":[{""Status"":""OK"",""Class"":""AndroidUsbDeviceClass"",""FriendlyName"":""Android Bootloader Interface"",""InstanceId"":""USB\\VID_18D1&PID_D00D\\1384E684""}]}",absent,fastboot,25.0,22.5,List of devices attached,1384e684               fastboot
2026-09-30T04:05:16.447+00:00,2026-09-30T04:05:16.495+00:00,772.699,present,3819.6,"{""state"":""present"",""devices"":[{""Status"":""OK"",""Class"":""AndroidUsbDeviceClass"",""FriendlyName"":""Android Bootloader Interface"",""InstanceId"":""USB\\VID_18D1&PID_D00D\\1384E684""}]}",absent,fastboot,23.3,23.8,List of devices attached,1384e684               fastboot
2026-09-30T04:05:17.448+00:00,2026-09-30T04:05:17.493+00:00,773.698,present,3819.6,"{""state"":""present"",""devices"":[{""Status"":""OK"",""Class"":""AndroidUsbDeviceClass"",""FriendlyName"":""Android Bootloader Interface"",""InstanceId"":""USB\\VID_18D1&PID_D00D\\1384E684""}]}",absent,fastboot,24.1,21.7,List of devices attached,1384e684               fastboot
2026-09-30T04:05:18.448+00:00,2026-09-30T04:05:18.510+00:00,774.714,present,3819.6,"{""state"":""present"",""devices"":[{""Status"":""OK"",""Class"":""AndroidUsbDeviceClass"",""FriendlyName"":""Android Bootloader Interface"",""InstanceId"":""USB\\VID_18D1&PID_D00D\\1384E684""}]}",absent,fastboot,32.0,29.9,List of devices attached,1384e684               fastboot
2026-09-30T04:05:19.448+00:00,2026-09-30T04:05:19.501+00:00,775.705,present,3684.7,"{""state"":""present"",""devices"":[{""Status"":""OK"",""Class"":""AndroidUsbDeviceClass"",""FriendlyName"":""Android Bootloader Interface"",""InstanceId"":""USB\\VID_18D1&PID_D00D\\1384E684""}]}",absent,fastboot,29.6,23.2,List of devices attached,1384e684               fastboot
2026-09-30T04:05:20.448+00:00,2026-09-30T04:05:20.510+00:00,776.714,present,3684.7,"{""state"":""present"",""devices"":[{""Status"":""OK"",""Class"":""AndroidUsbDeviceClass"",""FriendlyName"":""Android Bootloader Interface"",""InstanceId"":""USB\\VID_18D1&PID_D00D\\1384E684""}]}",absent,fastboot,38.3,22.7,List of devices attached,1384e684               fastboot
2026-09-30T04:05:21.449+00:00,2026-09-30T04:05:21.498+00:00,777.702,present,3684.7,"{""state"":""present"",""devices"":[{""Status"":""OK"",""Class"":""AndroidUsbDeviceClass"",""FriendlyName"":""Android Bootloader Interface"",""InstanceId"":""USB\\VID_18D1&PID_D00D\\1384E684""}]}",absent,fastboot,23.0,26.2,List of devices attached,1384e684               fastboot
2026-09-30T04:05:22.449+00:00,2026-09-30T04:05:22.496+00:00,778.700,present,3684.7,"{""state"":""present"",""devices"":[{""Status"":""OK"",""Class"":""AndroidUsbDeviceClass"",""FriendlyName"":""Android Bootloader Interface"",""InstanceId"":""USB\\VID_18D1&PID_D00D\\1384E684""}]}",absent,fastboot,24.8,21.7,List of devices attached,1384e684               fastboot
2026-09-30T04:05:23.450+00:00,2026-09-30T04:05:23.497+00:00,779.702,present,3702.8,"{""state"":""present"",""devices"":[{""Status"":""OK"",""Class"":""AndroidUsbDeviceClass"",""FriendlyName"":""Android Bootloader Interface"",""InstanceId"":""USB\\VID_18D1&PID_D00D\\1384E684""}]}",absent,fastboot,25.5,22.2,List of devices attached,1384e684               fastboot
2026-09-30T04:05:24.450+00:00,2026-09-30T04:05:24.494+00:00,780.699,present,3702.8,"{""state"":""present"",""devices"":[{""Status"":""OK"",""Class"":""AndroidUsbDeviceClass"",""FriendlyName"":""Android Bootloader Interface"",""InstanceId"":""USB\\VID_18D1&PID_D00D\\1384E684""}]}",absent,fastboot,23.6,20.9,List of devices attached,1384e684               fastboot
2026-09-30T04:05:25.450+00:00,2026-09-30T04:05:25.502+00:00,781.706,present,3702.8,"{""state"":""present"",""devices"":[{""Status"":""OK"",""Class"":""AndroidUsbDeviceClass"",""FriendlyName"":""Android Bootloader Interface"",""InstanceId"":""USB\\VID_18D1&PID_D00D\\1384E684""}]}",absent,fastboot,27.0,24.2,List of devices attached,1384e684               fastboot
2026-09-30T04:05:26.451+00:00,2026-09-30T04:05:26.504+00:00,782.709,present,3702.8,"{""state"":""present"",""devices"":[{""Status"":""OK"",""Class"":""AndroidUsbDeviceClass"",""FriendlyName"":""Android Bootloader Interface"",""InstanceId"":""USB\\VID_18D1&PID_D00D\\1384E684""}]}",absent,fastboot,28.9,25.0,List of devices attached,1384e684               fastboot
2026-09-30T04:05:27.451+00:00,2026-09-30T04:05:27.713+00:00,783.918,present,3991.5,"{""state"":""present"",""devices"":[{""Status"":""OK"",""Class"":""AndroidUsbDeviceClass"",""FriendlyName"":""Android Bootloader Interface"",""InstanceId"":""USB\\VID_18D1&PID_D00D\\1384E684""}]}",absent,fastboot,240.3,21.9,List of devices attached,1384e684               fastboot
2026-09-30T04:05:28.451+00:00,2026-09-30T04:05:28.504+00:00,784.708,present,3991.5,"{""state"":""present"",""devices"":[{""Status"":""OK"",""Class"":""AndroidUsbDeviceClass"",""FriendlyName"":""Android Bootloader Interface"",""InstanceId"":""USB\\VID_18D1&PID_D00D\\1384E684""}]}",absent,fastboot,22.9,29.6,List of devices attached,1384e684               fastboot
2026-09-30T04:05:29.452+00:00,2026-09-30T04:05:29.500+00:00,785.704,present,3991.5,"{""state"":""present"",""devices"":[{""Status"":""OK"",""Class"":""AndroidUsbDeviceClass"",""FriendlyName"":""Android Bootloader Interface"",""InstanceId"":""USB\\VID_18D1&PID_D00D\\1384E684""}]}",absent,fastboot,27.9,20.2,List of devices attached,1384e684               fastboot
2026-09-30T04:05:30.452+00:00,2026-09-30T04:05:30.494+00:00,786.698,present,3991.5,"{""state"":""present"",""devices"":[{""Status"":""OK"",""Class"":""AndroidUsbDeviceClass"",""FriendlyName"":""Android Bootloader Interface"",""InstanceId"":""USB\\VID_18D1&PID_D00D\\1384E684""}]}",absent,fastboot,22.2,20.0,List of devices attached,1384e684               fastboot
2026-09-30T04:05:31.452+00:00,2026-09-30T04:05:31.517+00:00,787.722,present,3991.5,"{""state"":""present"",""devices"":[{""Status"":""OK"",""Class"":""AndroidUsbDeviceClass"",""FriendlyName"":""Android Bootloader Interface"",""InstanceId"":""USB\\VID_18D1&PID_D00D\\1384E684""}]}",absent,fastboot,33.3,31.7,List of devices attached,1384e684               fastboot
2026-09-30T04:05:32.452+00:00,2026-09-30T04:05:32.498+00:00,788.702,present,4817.1,"{""state"":""present"",""devices"":[{""Status"":""OK"",""Class"":""AndroidUsbDeviceClass"",""FriendlyName"":""Android Bootloader Interface"",""InstanceId"":""USB\\VID_18D1&PID_D00D\\1384E684""}]}",absent,fastboot,24.2,21.2,List of devices attached,1384e684               fastboot
2026-09-30T04:05:33.453+00:00,2026-09-30T04:05:33.497+00:00,789.701,present,4817.1,"{""state"":""present"",""devices"":[{""Status"":""OK"",""Class"":""AndroidUsbDeviceClass"",""FriendlyName"":""Android Bootloader Interface"",""InstanceId"":""USB\\VID_18D1&PID_D00D\\1384E684""}]}",absent,fastboot,23.4,20.7,List of devices attached,1384e684               fastboot
2026-09-30T04:05:34.453+00:00,2026-09-30T04:05:34.499+00:00,790.703,present,4817.1,"{""state"":""present"",""devices"":[{""Status"":""OK"",""Class"":""AndroidUsbDeviceClass"",""FriendlyName"":""Android Bootloader Interface"",""InstanceId"":""USB\\VID_18D1&PID_D00D\\1384E684""}]}",absent,fastboot,23.4,22.2,List of devices attached,1384e684               fastboot
2026-09-30T04:05:35.453+00:00,2026-09-30T04:05:35.513+00:00,791.717,present,4817.1,"{""state"":""present"",""devices"":[{""Status"":""OK"",""Class"":""AndroidUsbDeviceClass"",""FriendlyName"":""Android Bootloader Interface"",""InstanceId"":""USB\\VID_18D1&PID_D00D\\1384E684""}]}",absent,fastboot,23.3,36.2,List of devices attached,1384e684               fastboot
2026-09-30T04:05:36.454+00:00,2026-09-30T04:05:36.498+00:00,792.703,present,4817.1,"{""state"":""present"",""devices"":[{""Status"":""OK"",""Class"":""AndroidUsbDeviceClass"",""FriendlyName"":""Android Bootloader Interface"",""InstanceId"":""USB\\VID_18D1&PID_D00D\\1384E684""}]}",absent,fastboot,23.0,21.8,List of devices attached,1384e684               fastboot
2026-09-30T04:05:37.454+00:00,2026-09-30T04:05:37.499+00:00,793.703,present,4299.9,"{""state"":""present"",""devices"":[{""Status"":""OK"",""Class"":""AndroidUsbDeviceClass"",""FriendlyName"":""Android Bootloader Interface"",""InstanceId"":""USB\\VID_18D1&PID_D00D\\1384E684""}]}",absent,fastboot,24.0,21.0,List of devices attached,1384e684               fastboot
2026-09-30T04:05:38.454+00:00,2026-09-30T04:05:38.656+00:00,794.861,present,4299.9,"{""state"":""present"",""devices"":[{""Status"":""OK"",""Class"":""AndroidUsbDeviceClass"",""FriendlyName"":""Android Bootloader Interface"",""InstanceId"":""USB\\VID_18D1&PID_D00D\\1384E684""}]}",absent,fastboot,178.9,23.0,List of devices attached,1384e684               fastboot
2026-09-30T04:05:39.455+00:00,2026-09-30T04:05:39.501+00:00,795.706,present,4299.9,"{""state"":""present"",""devices"":[{""Status"":""OK"",""Class"":""AndroidUsbDeviceClass"",""FriendlyName"":""Android Bootloader Interface"",""InstanceId"":""USB\\VID_18D1&PID_D00D\\1384E684""}]}",absent,fastboot,23.7,23.0,List of devices attached,1384e684               fastboot
2026-09-30T04:05:40.455+00:00,2026-09-30T04:05:40.504+00:00,796.708,present,4299.9,"{""state"":""present"",""devices"":[{""Status"":""OK"",""Class"":""AndroidUsbDeviceClass"",""FriendlyName"":""Android Bootloader Interface"",""InstanceId"":""USB\\VID_18D1&PID_D00D\\1384E684""}]}",absent,fastboot,24.0,24.7,List of devices attached,1384e684               fastboot
2026-09-30T04:05:41.456+00:00,2026-09-30T04:05:41.499+00:00,797.703,present,4299.9,"{""state"":""present"",""devices"":[{""Status"":""OK"",""Class"":""AndroidUsbDeviceClass"",""FriendlyName"":""Android Bootloader Interface"",""InstanceId"":""USB\\VID_18D1&PID_D00D\\1384E684""}]}",absent,fastboot,23.0,20.0,List of devices attached,1384e684               fastboot
2026-09-30T04:05:42.456+00:00,2026-09-30T04:05:42.500+00:00,798.704,present,4222.0,"{""state"":""present"",""devices"":[{""Status"":""OK"",""Class"":""AndroidUsbDeviceClass"",""FriendlyName"":""Android Bootloader Interface"",""InstanceId"":""USB\\VID_18D1&PID_D00D\\1384E684""}]}",absent,fastboot,22.5,21.2,List of devices attached,1384e684               fastboot
2026-09-30T04:05:43.456+00:00,2026-09-30T04:05:43.501+00:00,799.705,present,4222.0,"{""state"":""present"",""devices"":[{""Status"":""OK"",""Class"":""AndroidUsbDeviceClass"",""FriendlyName"":""Android Bootloader Interface"",""InstanceId"":""USB\\VID_18D1&PID_D00D\\1384E684""}]}",absent,fastboot,23.5,20.7,List of devices attached,1384e684               fastboot
2026-09-30T04:05:44.457+00:00,2026-09-30T04:05:44.513+00:00,800.717,present,4222.0,"{""state"":""present"",""devices"":[{""Status"":""OK"",""Class"":""AndroidUsbDeviceClass"",""FriendlyName"":""Android Bootloader Interface"",""InstanceId"":""USB\\VID_18D1&PID_D00D\\1384E684""}]}",absent,fastboot,32.8,23.4,List of devices attached,1384e684               fastboot
2026-09-30T04:05:45.457+00:00,2026-09-30T04:05:45.508+00:00,801.712,present,4222.0,"{""state"":""present"",""devices"":[{""Status"":""OK"",""Class"":""AndroidUsbDeviceClass"",""FriendlyName"":""Android Bootloader Interface"",""InstanceId"":""USB\\VID_18D1&PID_D00D\\1384E684""}]}",absent,fastboot,27.3,24.0,List of devices attached,1384e684               fastboot
2026-09-30T04:05:46.457+00:00,2026-09-30T04:05:46.510+00:00,802.714,present,4222.0,"{""state"":""present"",""devices"":[{""Status"":""OK"",""Class"":""AndroidUsbDeviceClass"",""FriendlyName"":""Android Bootloader Interface"",""InstanceId"":""USB\\VID_18D1&PID_D00D\\1384E684""}]}",absent,fastboot,23.4,29.7,List of devices attached,1384e684               fastboot
2026-09-30T04:05:47.457+00:00,2026-09-30T04:05:47.508+00:00,803.713,present,4232.0,"{""state"":""present"",""devices"":[{""Status"":""OK"",""Class"":""AndroidUsbDeviceClass"",""FriendlyName"":""Android Bootloader Interface"",""InstanceId"":""USB\\VID_18D1&PID_D00D\\1384E684""}]}",absent,fastboot,27.1,24.0,List of devices attached,1384e684               fastboot
2026-09-30T04:05:48.457+00:00,2026-09-30T04:05:48.502+00:00,804.706,present,4232.0,"{""state"":""present"",""devices"":[{""Status"":""OK"",""Class"":""AndroidUsbDeviceClass"",""FriendlyName"":""Android Bootloader Interface"",""InstanceId"":""USB\\VID_18D1&PID_D00D\\1384E684""}]}",absent,fastboot,23.2,21.5,List of devices attached,1384e684               fastboot
2026-09-30T04:05:49.457+00:00,2026-09-30T04:05:49.736+00:00,805.940,present,4232.0,"{""state"":""present"",""devices"":[{""Status"":""OK"",""Class"":""AndroidUsbDeviceClass"",""FriendlyName"":""Android Bootloader Interface"",""InstanceId"":""USB\\VID_18D1&PID_D00D\\1384E684""}]}",absent,fastboot,253.7,24.7,List of devices attached,1384e684               fastboot
2026-09-30T04:05:50.458+00:00,2026-09-30T04:05:50.505+00:00,806.709,present,4232.0,"{""state"":""present"",""devices"":[{""Status"":""OK"",""Class"":""AndroidUsbDeviceClass"",""FriendlyName"":""Android Bootloader Interface"",""InstanceId"":""USB\\VID_18D1&PID_D00D\\1384E684""}]}",absent,fastboot,25.4,21.9,List of devices attached,1384e684               fastboot
2026-09-30T04:05:51.458+00:00,2026-09-30T04:05:51.507+00:00,807.711,present,4232.0,"{""state"":""present"",""devices"":[{""Status"":""OK"",""Class"":""AndroidUsbDeviceClass"",""FriendlyName"":""Android Bootloader Interface"",""InstanceId"":""USB\\VID_18D1&PID_D00D\\1384E684""}]}",absent,fastboot,25.2,23.2,List of devices attached,1384e684               fastboot
2026-09-30T04:05:52.459+00:00,2026-09-30T04:05:52.505+00:00,808.709,present,4008.6,"{""state"":""present"",""devices"":[{""Status"":""OK"",""Class"":""AndroidUsbDeviceClass"",""FriendlyName"":""Android Bootloader Interface"",""InstanceId"":""USB\\VID_18D1&PID_D00D\\1384E684""}]}",absent,fastboot,25.0,21.3,List of devices attached,1384e684               fastboot
2026-09-30T04:05:53.459+00:00,2026-09-30T04:05:53.513+00:00,809.718,present,4008.6,"{""state"":""present"",""devices"":[{""Status"":""OK"",""Class"":""AndroidUsbDeviceClass"",""FriendlyName"":""Android Bootloader Interface"",""InstanceId"":""USB\\VID_18D1&PID_D00D\\1384E684""}]}",absent,fastboot,25.6,28.9,List of devices attached,1384e684               fastboot
2026-09-30T04:05:54.459+00:00,2026-09-30T04:05:54.507+00:00,810.711,present,4008.6,"{""state"":""present"",""devices"":[{""Status"":""OK"",""Class"":""AndroidUsbDeviceClass"",""FriendlyName"":""Android Bootloader Interface"",""InstanceId"":""USB\\VID_18D1&PID_D00D\\1384E684""}]}",absent,fastboot,23.9,23.6,List of devices attached,1384e684               fastboot
2026-09-30T04:05:55.459+00:00,2026-09-30T04:05:55.507+00:00,811.711,present,4008.6,"{""state"":""present"",""devices"":[{""Status"":""OK"",""Class"":""AndroidUsbDeviceClass"",""FriendlyName"":""Android Bootloader Interface"",""InstanceId"":""USB\\VID_18D1&PID_D00D\\1384E684""}]}",absent,fastboot,24.1,23.0,List of devices attached,1384e684               fastboot
2026-09-30T04:05:56.460+00:00,2026-09-30T04:05:56.506+00:00,812.710,present,4008.6,"{""state"":""present"",""devices"":[{""Status"":""OK"",""Class"":""AndroidUsbDeviceClass"",""FriendlyName"":""Android Bootloader Interface"",""InstanceId"":""USB\\VID_18D1&PID_D00D\\1384E684""}]}",absent,fastboot,23.8,22.6,List of devices attached,1384e684               fastboot
2026-09-30T04:05:57.460+00:00,2026-09-30T04:05:57.506+00:00,813.711,present,4244.4,"{""state"":""present"",""devices"":[{""Status"":""OK"",""Class"":""AndroidUsbDeviceClass"",""FriendlyName"":""Android Bootloader Interface"",""InstanceId"":""USB\\VID_18D1&PID_D00D\\1384E684""}]}",absent,fastboot,24.6,22.0,List of devices attached,1384e684               fastboot
2026-09-30T04:05:58.460+00:00,2026-09-30T04:05:58.507+00:00,814.711,present,4244.4,"{""state"":""present"",""devices"":[{""Status"":""OK"",""Class"":""AndroidUsbDeviceClass"",""FriendlyName"":""Android Bootloader Interface"",""InstanceId"":""USB\\VID_18D1&PID_D00D\\1384E684""}]}",absent,fastboot,23.6,23.0,List of devices attached,1384e684               fastboot
2026-09-30T04:05:59.460+00:00,2026-09-30T04:05:59.506+00:00,815.710,present,4244.4,"{""state"":""present"",""devices"":[{""Status"":""OK"",""Class"":""AndroidUsbDeviceClass"",""FriendlyName"":""Android Bootloader Interface"",""InstanceId"":""USB\\VID_18D1&PID_D00D\\1384E684""}]}",absent,fastboot,23.9,21.7,List of devices attached,1384e684               fastboot
2026-09-30T04:06:00.461+00:00,2026-09-30T04:06:00.513+00:00,816.717,present,4244.4,"{""state"":""present"",""devices"":[{""Status"":""OK"",""Class"":""AndroidUsbDeviceClass"",""FriendlyName"":""Android Bootloader Interface"",""InstanceId"":""USB\\VID_18D1&PID_D00D\\1384E684""}]}",absent,fastboot,28.8,23.1,List of devices attached,1384e684               fastboot
2026-09-30T04:06:01.461+00:00,2026-09-30T04:06:01.509+00:00,817.714,present,4244.4,"{""state"":""present"",""devices"":[{""Status"":""OK"",""Class"":""AndroidUsbDeviceClass"",""FriendlyName"":""Android Bootloader Interface"",""InstanceId"":""USB\\VID_18D1&PID_D00D\\1384E684""}]}",absent,fastboot,24.4,23.7,List of devices attached,1384e684               fastboot
2026-09-30T04:06:02.462+00:00,2026-09-30T04:06:02.510+00:00,818.714,present,4358.5,"{""state"":""present"",""devices"":[{""Status"":""OK"",""Class"":""AndroidUsbDeviceClass"",""FriendlyName"":""Android Bootloader Interface"",""InstanceId"":""USB\\VID_18D1&PID_D00D\\1384E684""}]}",absent,fastboot,24.8,23.4,List of devices attached,1384e684               fastboot
2026-09-30T04:06:03.462+00:00,2026-09-30T04:06:03.514+00:00,819.718,present,4358.5,"{""state"":""present"",""devices"":[{""Status"":""OK"",""Class"":""AndroidUsbDeviceClass"",""FriendlyName"":""Android Bootloader Interface"",""InstanceId"":""USB\\VID_18D1&PID_D00D\\1384E684""}]}",absent,fastboot,25.5,26.5,List of devices attached,1384e684               fastboot
2026-09-30T04:06:04.462+00:00,2026-09-30T04:06:04.508+00:00,820.713,present,4358.5,"{""state"":""present"",""devices"":[{""Status"":""OK"",""Class"":""AndroidUsbDeviceClass"",""FriendlyName"":""Android Bootloader Interface"",""InstanceId"":""USB\\VID_18D1&PID_D00D\\1384E684""}]}",absent,fastboot,23.7,22.5,List of devices attached,1384e684               fastboot
2026-09-30T04:06:05.463+00:00,2026-09-30T04:06:05.512+00:00,821.716,present,4358.5,"{""state"":""present"",""devices"":[{""Status"":""OK"",""Class"":""AndroidUsbDeviceClass"",""FriendlyName"":""Android Bootloader Interface"",""InstanceId"":""USB\\VID_18D1&PID_D00D\\1384E684""}]}",absent,fastboot,25.4,23.9,List of devices attached,1384e684               fastboot
2026-09-30T04:06:06.463+00:00,2026-09-30T04:06:06.511+00:00,822.715,present,4358.5,"{""state"":""present"",""devices"":[{""Status"":""OK"",""Class"":""AndroidUsbDeviceClass"",""FriendlyName"":""Android Bootloader Interface"",""InstanceId"":""USB\\VID_18D1&PID_D00D\\1384E684""}]}",absent,fastboot,24.7,22.9,List of devices attached,1384e684               fastboot
2026-09-30T04:06:07.464+00:00,2026-09-30T04:06:07.510+00:00,823.714,present,4199.8,"{""state"":""present"",""devices"":[{""Status"":""OK"",""Class"":""AndroidUsbDeviceClass"",""FriendlyName"":""Android Bootloader Interface"",""InstanceId"":""USB\\VID_18D1&PID_D00D\\1384E684""}]}",absent,fastboot,24.2,22.0,List of devices attached,1384e684               fastboot
2026-09-30T04:06:08.464+00:00,2026-09-30T04:06:08.513+00:00,824.718,present,4199.8,"{""state"":""present"",""devices"":[{""Status"":""OK"",""Class"":""AndroidUsbDeviceClass"",""FriendlyName"":""Android Bootloader Interface"",""InstanceId"":""USB\\VID_18D1&PID_D00D\\1384E684""}]}",absent,fastboot,26.3,22.9,List of devices attached,1384e684               fastboot
2026-09-30T04:06:09.464+00:00,2026-09-30T04:06:09.510+00:00,825.714,present,4199.8,"{""state"":""present"",""devices"":[{""Status"":""OK"",""Class"":""AndroidUsbDeviceClass"",""FriendlyName"":""Android Bootloader Interface"",""InstanceId"":""USB\\VID_18D1&PID_D00D\\1384E684""}]}",absent,fastboot,23.6,21.4,List of devices attached,1384e684               fastboot
2026-09-30T04:06:10.465+00:00,2026-09-30T04:06:10.518+00:00,826.722,present,4199.8,"{""state"":""present"",""devices"":[{""Status"":""OK"",""Class"":""AndroidUsbDeviceClass"",""FriendlyName"":""Android Bootloader Interface"",""InstanceId"":""USB\\VID_18D1&PID_D00D\\1384E684""}]}",absent,fastboot,28.6,24.1,List of devices attached,1384e684               fastboot
2026-09-30T04:06:11.465+00:00,2026-09-30T04:06:11.512+00:00,827.716,present,4199.8,"{""state"":""present"",""devices"":[{""Status"":""OK"",""Class"":""AndroidUsbDeviceClass"",""FriendlyName"":""Android Bootloader Interface"",""InstanceId"":""USB\\VID_18D1&PID_D00D\\1384E684""}]}",absent,fastboot,24.5,22.1,List of devices attached,1384e684               fastboot
2026-09-30T04:06:12.465+00:00,2026-09-30T04:06:12.515+00:00,828.719,present,4183.2,"{""state"":""present"",""devices"":[{""Status"":""OK"",""Class"":""AndroidUsbDeviceClass"",""FriendlyName"":""Android Bootloader Interface"",""InstanceId"":""USB\\VID_18D1&PID_D00D\\1384E684""}]}",absent,fastboot,25.4,23.8,List of devices attached,1384e684               fastboot
2026-09-30T04:06:13.466+00:00,2026-09-30T04:06:13.737+00:00,829.942,present,4183.2,"{""state"":""present"",""devices"":[{""Status"":""OK"",""Class"":""AndroidUsbDeviceClass"",""FriendlyName"":""Android Bootloader Interface"",""InstanceId"":""USB\\VID_18D1&PID_D00D\\1384E684""}]}",absent,fastboot,247.6,23.9,List of devices attached,1384e684               fastboot
2026-09-30T04:06:14.466+00:00,2026-09-30T04:06:14.513+00:00,830.717,present,4183.2,"{""state"":""present"",""devices"":[{""Status"":""OK"",""Class"":""AndroidUsbDeviceClass"",""FriendlyName"":""Android Bootloader Interface"",""InstanceId"":""USB\\VID_18D1&PID_D00D\\1384E684""}]}",absent,fastboot,24.9,21.9,List of devices attached,1384e684               fastboot
2026-09-30T04:06:15.466+00:00,2026-09-30T04:06:15.516+00:00,831.721,present,4183.2,"{""state"":""present"",""devices"":[{""Status"":""OK"",""Class"":""AndroidUsbDeviceClass"",""FriendlyName"":""Android Bootloader Interface"",""InstanceId"":""USB\\VID_18D1&PID_D00D\\1384E684""}]}",absent,fastboot,26.4,23.6,List of devices attached,1384e684               fastboot
2026-09-30T04:06:16.467+00:00,2026-09-30T04:06:16.519+00:00,832.724,present,4183.2,"{""state"":""present"",""devices"":[{""Status"":""OK"",""Class"":""AndroidUsbDeviceClass"",""FriendlyName"":""Android Bootloader Interface"",""InstanceId"":""USB\\VID_18D1&PID_D00D\\1384E684""}]}",absent,fastboot,29.2,23.3,List of devices attached,1384e684               fastboot
2026-09-30T04:06:17.467+00:00,2026-09-30T04:06:17.515+00:00,833.719,present,4621.7,"{""state"":""present"",""devices"":[{""Status"":""OK"",""Class"":""AndroidUsbDeviceClass"",""FriendlyName"":""Android Bootloader Interface"",""InstanceId"":""USB\\VID_18D1&PID_D00D\\1384E684""}]}",absent,fastboot,24.9,23.2,List of devices attached,1384e684               fastboot
2026-09-30T04:06:18.467+00:00,2026-09-30T04:06:18.513+00:00,834.717,present,4621.7,"{""state"":""present"",""devices"":[{""Status"":""OK"",""Class"":""AndroidUsbDeviceClass"",""FriendlyName"":""Android Bootloader Interface"",""InstanceId"":""USB\\VID_18D1&PID_D00D\\1384E684""}]}",absent,fastboot,24.7,21.3,List of devices attached,1384e684               fastboot
2026-09-30T04:06:19.467+00:00,2026-09-30T04:06:19.514+00:00,835.718,present,4621.7,"{""state"":""present"",""devices"":[{""Status"":""OK"",""Class"":""AndroidUsbDeviceClass"",""FriendlyName"":""Android Bootloader Interface"",""InstanceId"":""USB\\VID_18D1&PID_D00D\\1384E684""}]}",absent,fastboot,25.3,21.5,List of devices attached,1384e684               fastboot
2026-09-30T04:06:20.468+00:00,2026-09-30T04:06:20.516+00:00,836.721,present,4621.7,"{""state"":""present"",""devices"":[{""Status"":""OK"",""Class"":""AndroidUsbDeviceClass"",""FriendlyName"":""Android Bootloader Interface"",""InstanceId"":""USB\\VID_18D1&PID_D00D\\1384E684""}]}",absent,fastboot,25.2,23.4,List of devices attached,1384e684               fastboot
2026-09-30T04:06:21.468+00:00,2026-09-30T04:06:21.519+00:00,837.723,present,4621.7,"{""state"":""present"",""devices"":[{""Status"":""OK"",""Class"":""AndroidUsbDeviceClass"",""FriendlyName"":""Android Bootloader Interface"",""InstanceId"":""USB\\VID_18D1&PID_D00D\\1384E684""}]}",absent,fastboot,25.7,25.0,List of devices attached,1384e684               fastboot
2026-09-30T04:06:22.468+00:00,2026-09-30T04:06:22.670+00:00,838.874,present,4131.7,"{""state"":""present"",""devices"":[{""Status"":""OK"",""Class"":""AndroidUsbDeviceClass"",""FriendlyName"":""Android Bootloader Interface"",""InstanceId"":""USB\\VID_18D1&PID_D00D\\1384E684""}]}",absent,fastboot,179.0,22.5,List of devices attached,1384e684               fastboot
2026-09-30T04:06:23.469+00:00,2026-09-30T04:06:23.518+00:00,839.722,present,4131.7,"{""state"":""present"",""devices"":[{""Status"":""OK"",""Class"":""AndroidUsbDeviceClass"",""FriendlyName"":""Android Bootloader Interface"",""InstanceId"":""USB\\VID_18D1&PID_D00D\\1384E684""}]}",absent,fastboot,25.4,23.5,List of devices attached,1384e684               fastboot
2026-09-30T04:06:24.469+00:00,2026-09-30T04:06:24.515+00:00,840.719,present,4131.7,"{""state"":""present"",""devices"":[{""Status"":""OK"",""Class"":""AndroidUsbDeviceClass"",""FriendlyName"":""Android Bootloader Interface"",""InstanceId"":""USB\\VID_18D1&PID_D00D\\1384E684""}]}",absent,fastboot,23.9,22.1,List of devices attached,1384e684               fastboot
2026-09-30T04:06:25.469+00:00,2026-09-30T04:06:25.515+00:00,841.720,present,4131.7,"{""state"":""present"",""devices"":[{""Status"":""OK"",""Class"":""AndroidUsbDeviceClass"",""FriendlyName"":""Android Bootloader Interface"",""InstanceId"":""USB\\VID_18D1&PID_D00D\\1384E684""}]}",absent,fastboot,24.1,21.9,List of devices attached,1384e684               fastboot
2026-09-30T04:06:26.470+00:00,2026-09-30T04:06:26.517+00:00,842.721,present,4131.7,"{""state"":""present"",""devices"":[{""Status"":""OK"",""Class"":""AndroidUsbDeviceClass"",""FriendlyName"":""Android Bootloader Interface"",""InstanceId"":""USB\\VID_18D1&PID_D00D\\1384E684""}]}",absent,fastboot,24.5,22.7,List of devices attached,1384e684               fastboot
2026-09-30T04:06:27.470+00:00,2026-09-30T04:06:27.516+00:00,843.721,present,4197.8,"{""state"":""present"",""devices"":[{""Status"":""OK"",""Class"":""AndroidUsbDeviceClass"",""FriendlyName"":""Android Bootloader Interface"",""InstanceId"":""USB\\VID_18D1&PID_D00D\\1384E684""}]}",absent,fastboot,24.7,21.8,List of devices attached,1384e684               fastboot
2026-09-30T04:06:28.470+00:00,2026-09-30T04:06:28.517+00:00,844.721,present,4197.8,"{""state"":""present"",""devices"":[{""Status"":""OK"",""Class"":""AndroidUsbDeviceClass"",""FriendlyName"":""Android Bootloader Interface"",""InstanceId"":""USB\\VID_18D1&PID_D00D\\1384E684""}]}",absent,fastboot,24.0,22.9,List of devices attached,1384e684               fastboot
2026-09-30T04:06:29.470+00:00,2026-09-30T04:06:29.516+00:00,845.721,present,4197.8,"{""state"":""present"",""devices"":[{""Status"":""OK"",""Class"":""AndroidUsbDeviceClass"",""FriendlyName"":""Android Bootloader Interface"",""InstanceId"":""USB\\VID_18D1&PID_D00D\\1384E684""}]}",absent,fastboot,23.7,22.6,List of devices attached,1384e684               fastboot
2026-09-30T04:06:30.471+00:00,2026-09-30T04:06:30.520+00:00,846.724,present,4197.8,"{""state"":""present"",""devices"":[{""Status"":""OK"",""Class"":""AndroidUsbDeviceClass"",""FriendlyName"":""Android Bootloader Interface"",""InstanceId"":""USB\\VID_18D1&PID_D00D\\1384E684""}]}",absent,fastboot,25.1,24.1,List of devices attached,1384e684               fastboot
2026-09-30T04:06:31.471+00:00,2026-09-30T04:06:31.518+00:00,847.723,present,3992.0,"{""state"":""present"",""devices"":[{""Status"":""OK"",""Class"":""AndroidUsbDeviceClass"",""FriendlyName"":""Android Bootloader Interface"",""InstanceId"":""USB\\VID_18D1&PID_D00D\\1384E684""}]}",absent,fastboot,24.7,22.8,List of devices attached,1384e684               fastboot
2026-09-30T04:06:32.471+00:00,2026-09-30T04:06:32.519+00:00,848.723,present,3992.0,"{""state"":""present"",""devices"":[{""Status"":""OK"",""Class"":""AndroidUsbDeviceClass"",""FriendlyName"":""Android Bootloader Interface"",""InstanceId"":""USB\\VID_18D1&PID_D00D\\1384E684""}]}",absent,fastboot,24.9,22.9,List of devices attached,1384e684               fastboot
2026-09-30T04:06:33.471+00:00,2026-09-30T04:06:33.515+00:00,849.719,present,3992.0,"{""state"":""present"",""devices"":[{""Status"":""OK"",""Class"":""AndroidUsbDeviceClass"",""FriendlyName"":""Android Bootloader Interface"",""InstanceId"":""USB\\VID_18D1&PID_D00D\\1384E684""}]}",absent,fastboot,21.7,21.5,List of devices attached,1384e684               fastboot
2026-09-30T04:06:34.472+00:00,2026-09-30T04:06:34.516+00:00,850.720,present,3992.0,"{""state"":""present"",""devices"":[{""Status"":""OK"",""Class"":""AndroidUsbDeviceClass"",""FriendlyName"":""Android Bootloader Interface"",""InstanceId"":""USB\\VID_18D1&PID_D00D\\1384E684""}]}",absent,fastboot,23.1,20.9,List of devices attached,1384e684               fastboot
2026-09-30T04:06:35.472+00:00,2026-09-30T04:06:35.517+00:00,851.722,present,3992.0,"{""state"":""present"",""devices"":[{""Status"":""OK"",""Class"":""AndroidUsbDeviceClass"",""FriendlyName"":""Android Bootloader Interface"",""InstanceId"":""USB\\VID_18D1&PID_D00D\\1384E684""}]}",absent,fastboot,23.8,21.6,List of devices attached,1384e684               fastboot
2026-09-30T04:06:36.472+00:00,2026-09-30T04:06:36.518+00:00,852.723,present,4083.5,"{""state"":""present"",""devices"":[{""Status"":""OK"",""Class"":""AndroidUsbDeviceClass"",""FriendlyName"":""Android Bootloader Interface"",""InstanceId"":""USB\\VID_18D1&PID_D00D\\1384E684""}]}",absent,fastboot,22.9,23.1,List of devices attached,1384e684               fastboot
2026-09-30T04:06:37.473+00:00,2026-09-30T04:06:37.519+00:00,853.724,present,4083.5,"{""state"":""present"",""devices"":[{""Status"":""OK"",""Class"":""AndroidUsbDeviceClass"",""FriendlyName"":""Android Bootloader Interface"",""InstanceId"":""USB\\VID_18D1&PID_D00D\\1384E684""}]}",absent,fastboot,24.3,22.1,List of devices attached,1384e684               fastboot
2026-09-30T04:06:38.473+00:00,2026-09-30T04:06:38.518+00:00,854.722,present,4083.5,"{""state"":""present"",""devices"":[{""Status"":""OK"",""Class"":""AndroidUsbDeviceClass"",""FriendlyName"":""Android Bootloader Interface"",""InstanceId"":""USB\\VID_18D1&PID_D00D\\1384E684""}]}",absent,fastboot,22.6,22.1,List of devices attached,1384e684               fastboot
2026-09-30T04:06:39.473+00:00,2026-09-30T04:06:39.518+00:00,855.722,present,4083.5,"{""state"":""present"",""devices"":[{""Status"":""OK"",""Class"":""AndroidUsbDeviceClass"",""FriendlyName"":""Android Bootloader Interface"",""InstanceId"":""USB\\VID_18D1&PID_D00D\\1384E684""}]}",absent,fastboot,23.5,20.7,List of devices attached,1384e684               fastboot
2026-09-30T04:06:40.474+00:00,2026-09-30T04:06:40.519+00:00,856.724,present,4083.5,"{""state"":""present"",""devices"":[{""Status"":""OK"",""Class"":""AndroidUsbDeviceClass"",""FriendlyName"":""Android Bootloader Interface"",""InstanceId"":""USB\\VID_18D1&PID_D00D\\1384E684""}]}",absent,fastboot,23.8,22.1,List of devices attached,1384e684               fastboot
2026-09-30T04:06:41.474+00:00,2026-09-30T04:06:41.520+00:00,857.724,present,4005.6,"{""state"":""present"",""devices"":[{""Status"":""OK"",""Class"":""AndroidUsbDeviceClass"",""FriendlyName"":""Android Bootloader Interface"",""InstanceId"":""USB\\VID_18D1&PID_D00D\\1384E684""}]}",absent,fastboot,23.8,21.9,List of devices attached,1384e684               fastboot
2026-09-30T04:06:42.474+00:00,2026-09-30T04:06:42.518+00:00,858.723,present,4005.6,"{""state"":""present"",""devices"":[{""Status"":""OK"",""Class"":""AndroidUsbDeviceClass"",""FriendlyName"":""Android Bootloader Interface"",""InstanceId"":""USB\\VID_18D1&PID_D00D\\1384E684""}]}",absent,absent,23.2,20.7,List of devices attached,
2026-09-30T04:06:43.474+00:00,2026-09-30T04:06:43.519+00:00,859.723,present,4005.6,"{""state"":""present"",""devices"":[{""Status"":""OK"",""Class"":""AndroidUsbDeviceClass"",""FriendlyName"":""Android Bootloader Interface"",""InstanceId"":""USB\\VID_18D1&PID_D00D\\1384E684""}]}",absent,absent,24.1,20.6,List of devices attached,
2026-09-30T04:06:44.475+00:00,2026-09-30T04:06:44.520+00:00,860.724,present,4005.6,"{""state"":""present"",""devices"":[{""Status"":""OK"",""Class"":""AndroidUsbDeviceClass"",""FriendlyName"":""Android Bootloader Interface"",""InstanceId"":""USB\\VID_18D1&PID_D00D\\1384E684""}]}",absent,absent,22.9,21.8,List of devices attached,
2026-09-30T04:06:45.475+00:00,2026-09-30T04:06:45.521+00:00,861.725,present,4005.6,"{""state"":""present"",""devices"":[{""Status"":""OK"",""Class"":""AndroidUsbDeviceClass"",""FriendlyName"":""Android Bootloader Interface"",""InstanceId"":""USB\\VID_18D1&PID_D00D\\1384E684""}]}",absent,absent,24.5,21.1,List of devices attached,
2026-09-30T04:06:46.476+00:00,2026-09-30T04:06:46.521+00:00,862.725,present,4033.8,"{""state"":""present"",""devices"":[{""Status"":""OK"",""Class"":""AndroidUsbDeviceClass"",""FriendlyName"":""Android Bootloader Interface"",""InstanceId"":""USB\\VID_18D1&PID_D00D\\1384E684""}]}",absent,absent,23.0,22.3,List of devices attached,
2026-09-30T04:06:47.476+00:00,2026-09-30T04:06:48.753+00:00,864.958,present,4033.8,"{""state"":""present"",""devices"":[{""Status"":""OK"",""Class"":""AndroidUsbDeviceClass"",""FriendlyName"":""Android Bootloader Interface"",""InstanceId"":""USB\\VID_18D1&PID_D00D\\1384E684""}]}",absent,absent,22.9,1254.2,List of devices attached,????????????           fastboot
2026-09-30T04:06:48.753+00:00,2026-09-30T04:06:48.801+00:00,865.006,present,4033.8,"{""state"":""present"",""devices"":[{""Status"":""OK"",""Class"":""AndroidUsbDeviceClass"",""FriendlyName"":""Android Bootloader Interface"",""InstanceId"":""USB\\VID_18D1&PID_D00D\\1384E684""}]}",absent,absent,27.0,20.9,List of devices attached,
2026-09-30T04:06:49.754+00:00,2026-09-30T04:06:49.801+00:00,866.005,present,4033.8,"{""state"":""present"",""devices"":[{""Status"":""OK"",""Class"":""AndroidUsbDeviceClass"",""FriendlyName"":""Android Bootloader Interface"",""InstanceId"":""USB\\VID_18D1&PID_D00D\\1384E684""}]}",absent,absent,26.0,20.7,List of devices attached,
2026-09-30T04:06:50.755+00:00,2026-09-30T04:06:50.799+00:00,867.004,present,4033.8,"{""state"":""present"",""devices"":[{""Status"":""OK"",""Class"":""AndroidUsbDeviceClass"",""FriendlyName"":""Android Bootloader Interface"",""InstanceId"":""USB\\VID_18D1&PID_D00D\\1384E684""}]}",absent,absent,24.2,20.6,List of devices attached,
2026-09-30T04:06:51.755+00:00,2026-09-30T04:06:51.799+00:00,868.003,present,4391.2,"{""state"":""present"",""devices"":[{""Status"":""OK"",""Class"":""AndroidUsbDeviceClass"",""FriendlyName"":""Android Bootloader Interface"",""InstanceId"":""USB\\VID_18D1&PID_D00D\\1384E684""}]}",absent,absent,23.7,20.3,List of devices attached,
2026-09-30T04:06:52.755+00:00,2026-09-30T04:06:52.801+00:00,869.005,present,4391.2,"{""state"":""present"",""devices"":[{""Status"":""OK"",""Class"":""AndroidUsbDeviceClass"",""FriendlyName"":""Android Bootloader Interface"",""InstanceId"":""USB\\VID_18D1&PID_D00D\\1384E684""}]}",absent,absent,23.6,22.0,List of devices attached,
2026-09-30T04:06:53.755+00:00,2026-09-30T04:06:53.802+00:00,870.006,present,4391.2,"{""state"":""present"",""devices"":[{""Status"":""OK"",""Class"":""AndroidUsbDeviceClass"",""FriendlyName"":""Android Bootloader Interface"",""InstanceId"":""USB\\VID_18D1&PID_D00D\\1384E684""}]}",absent,absent,24.8,21.9,List of devices attached,
2026-09-30T04:06:54.755+00:00,2026-09-30T04:06:54.863+00:00,871.067,present,4391.2,"{""state"":""present"",""devices"":[{""Status"":""OK"",""Class"":""AndroidUsbDeviceClass"",""FriendlyName"":""Android Bootloader Interface"",""InstanceId"":""USB\\VID_18D1&PID_D00D\\1384E684""}]}",absent,absent,71.8,35.6,List of devices attached,
2026-09-30T04:06:55.756+00:00,2026-09-30T04:06:55.813+00:00,872.018,present,4391.2,"{""state"":""present"",""devices"":[{""Status"":""OK"",""Class"":""AndroidUsbDeviceClass"",""FriendlyName"":""Android Bootloader Interface"",""InstanceId"":""USB\\VID_18D1&PID_D00D\\1384E684""}]}",absent,absent,28.4,28.8,List of devices attached,
2026-09-30T04:06:56.756+00:00,2026-09-30T04:06:56.802+00:00,873.006,absent,4076.1,"{""state"":""absent"",""devices"":[]}",absent,absent,24.5,21.0,List of devices attached,
2026-09-30T04:06:57.756+00:00,2026-09-30T04:06:57.800+00:00,874.004,absent,4076.1,"{""state"":""absent"",""devices"":[]}",absent,absent,23.8,19.8,List of devices attached,
2026-09-30T04:06:58.756+00:00,2026-09-30T04:06:58.799+00:00,875.004,absent,4076.1,"{""state"":""absent"",""devices"":[]}",absent,absent,23.1,19.7,List of devices attached,
2026-09-30T04:06:59.757+00:00,2026-09-30T04:06:59.800+00:00,876.004,absent,4076.1,"{""state"":""absent"",""devices"":[]}",absent,absent,24.2,19.0,List of devices attached,
2026-09-30T04:07:00.757+00:00,2026-09-30T04:07:00.824+00:00,877.028,present,3841.2,"{""state"":""present"",""devices"":[{""Status"":""OK"",""Class"":""WPD"",""FriendlyName"":""THYME_DIAG"",""InstanceId"":""SWD\\WPDBUSENUM\\_??_USBSTOR#DISK&VEN_SONY_MIC&PROD_ROVAULT&REV_#1384E684&0#{53F56307-B6BF-11D0-94F2-00A0C91EFB8B}""},{""Status"":""OK"",""Class"":""Volume"",""FriendlyName"":""Volume"",""InstanceId"":""STORAGE\\VOLUME\\_??_USBSTOR#DISK&VEN_SONY_MIC&PROD_ROVAULT&REV_#1384E684&0#{53F56307-B6BF-11D0-94F2-00A0C91EFB8B}""},{""Status"":""OK"",""Class"":""DiskDrive"",""FriendlyName"":""Sony Mic roVault USB Device"",""InstanceId"":""USBSTOR\\DISK&VEN_SONY_MIC&PROD_ROVAULT&REV_\\1384E684&0""},{""Status"":""OK"",""Class"":""USB"",""FriendlyName"":""Sony USB HiFD Drive"",""InstanceId"":""USB\\VID_054C&PID_0022\\1384E684""}]}",absent,absent,37.3,29.2,List of devices attached,
2026-09-30T04:07:01.758+00:00,2026-09-30T04:07:01.802+00:00,878.006,present,3841.2,"{""state"":""present"",""devices"":[{""Status"":""OK"",""Class"":""WPD"",""FriendlyName"":""THYME_DIAG"",""InstanceId"":""SWD\\WPDBUSENUM\\_??_USBSTOR#DISK&VEN_SONY_MIC&PROD_ROVAULT&REV_#1384E684&0#{53F56307-B6BF-11D0-94F2-00A0C91EFB8B}""},{""Status"":""OK"",""Class"":""Volume"",""FriendlyName"":""Volume"",""InstanceId"":""STORAGE\\VOLUME\\_??_USBSTOR#DISK&VEN_SONY_MIC&PROD_ROVAULT&REV_#1384E684&0#{53F56307-B6BF-11D0-94F2-00A0C91EFB8B}""},{""Status"":""OK"",""Class"":""DiskDrive"",""FriendlyName"":""Sony Mic roVault USB Device"",""InstanceId"":""USBSTOR\\DISK&VEN_SONY_MIC&PROD_ROVAULT&REV_\\1384E684&0""},{""Status"":""OK"",""Class"":""USB"",""FriendlyName"":""Sony USB HiFD Drive"",""InstanceId"":""USB\\VID_054C&PID_0022\\1384E684""}]}",absent,absent,23.9,20.6,List of devices attached,
2026-09-30T04:07:02.758+00:00,2026-09-30T04:07:02.805+00:00,879.009,present,3841.2,"{""state"":""present"",""devices"":[{""Status"":""OK"",""Class"":""WPD"",""FriendlyName"":""THYME_DIAG"",""InstanceId"":""SWD\\WPDBUSENUM\\_??_USBSTOR#DISK&VEN_SONY_MIC&PROD_ROVAULT&REV_#1384E684&0#{53F56307-B6BF-11D0-94F2-00A0C91EFB8B}""},{""Status"":""OK"",""Class"":""Volume"",""FriendlyName"":""Volume"",""InstanceId"":""STORAGE\\VOLUME\\_??_USBSTOR#DISK&VEN_SONY_MIC&PROD_ROVAULT&REV_#1384E684&0#{53F56307-B6BF-11D0-94F2-00A0C91EFB8B}""},{""Status"":""OK"",""Class"":""DiskDrive"",""FriendlyName"":""Sony Mic roVault USB Device"",""InstanceId"":""USBSTOR\\DISK&VEN_SONY_MIC&PROD_ROVAULT&REV_\\1384E684&0""},{""Status"":""OK"",""Class"":""USB"",""FriendlyName"":""Sony USB HiFD Drive"",""InstanceId"":""USB\\VID_054C&PID_0022\\1384E684""}]}",absent,absent,24.4,22.3,List of devices attached,
2026-09-30T04:07:03.759+00:00,2026-09-30T04:07:03.801+00:00,880.005,present,3841.2,"{""state"":""present"",""devices"":[{""Status"":""OK"",""Class"":""WPD"",""FriendlyName"":""THYME_DIAG"",""InstanceId"":""SWD\\WPDBUSENUM\\_??_USBSTOR#DISK&VEN_SONY_MIC&PROD_ROVAULT&REV_#1384E684&0#{53F56307-B6BF-11D0-94F2-00A0C91EFB8B}""},{""Status"":""OK"",""Class"":""Volume"",""FriendlyName"":""Volume"",""InstanceId"":""STORAGE\\VOLUME\\_??_USBSTOR#DISK&VEN_SONY_MIC&PROD_ROVAULT&REV_#1384E684&0#{53F56307-B6BF-11D0-94F2-00A0C91EFB8B}""},{""Status"":""OK"",""Class"":""DiskDrive"",""FriendlyName"":""Sony Mic roVault USB Device"",""InstanceId"":""USBSTOR\\DISK&VEN_SONY_MIC&PROD_ROVAULT&REV_\\1384E684&0""},{""Status"":""OK"",""Class"":""USB"",""FriendlyName"":""Sony USB HiFD Drive"",""InstanceId"":""USB\\VID_054C&PID_0022\\1384E684""}]}",absent,absent,22.9,19.6,List of devices attached,
2026-09-30T04:07:04.759+00:00,2026-09-30T04:07:04.806+00:00,881.010,present,3908.7,"{""state"":""present"",""devices"":[{""Status"":""OK"",""Class"":""WPD"",""FriendlyName"":""THYME_DIAG"",""InstanceId"":""SWD\\WPDBUSENUM\\_??_USBSTOR#DISK&VEN_SONY_MIC&PROD_ROVAULT&REV_#1384E684&0#{53F56307-B6BF-11D0-94F2-00A0C91EFB8B}""},{""Status"":""OK"",""Class"":""Volume"",""FriendlyName"":""Volume"",""InstanceId"":""STORAGE\\VOLUME\\_??_USBSTOR#DISK&VEN_SONY_MIC&PROD_ROVAULT&REV_#1384E684&0#{53F56307-B6BF-11D0-94F2-00A0C91EFB8B}""},{""Status"":""OK"",""Class"":""DiskDrive"",""FriendlyName"":""Sony Mic roVault USB Device"",""InstanceId"":""USBSTOR\\DISK&VEN_SONY_MIC&PROD_ROVAULT&REV_\\1384E684&0""},{""Status"":""OK"",""Class"":""USB"",""FriendlyName"":""Sony USB HiFD Drive"",""InstanceId"":""USB\\VID_054C&PID_0022\\1384E684""}]}",absent,absent,24.7,21.7,List of devices attached,
2026-09-30T04:07:05.760+00:00,2026-09-30T04:07:05.807+00:00,882.011,present,3908.7,"{""state"":""present"",""devices"":[{""Status"":""OK"",""Class"":""WPD"",""FriendlyName"":""THYME_DIAG"",""InstanceId"":""SWD\\WPDBUSENUM\\_??_USBSTOR#DISK&VEN_SONY_MIC&PROD_ROVAULT&REV_#1384E684&0#{53F56307-B6BF-11D0-94F2-00A0C91EFB8B}""},{""Status"":""OK"",""Class"":""Volume"",""FriendlyName"":""Volume"",""InstanceId"":""STORAGE\\VOLUME\\_??_USBSTOR#DISK&VEN_SONY_MIC&PROD_ROVAULT&REV_#1384E684&0#{53F56307-B6BF-11D0-94F2-00A0C91EFB8B}""},{""Status"":""OK"",""Class"":""DiskDrive"",""FriendlyName"":""Sony Mic roVault USB Device"",""InstanceId"":""USBSTOR\\DISK&VEN_SONY_MIC&PROD_ROVAULT&REV_\\1384E684&0""},{""Status"":""OK"",""Class"":""USB"",""FriendlyName"":""Sony USB HiFD Drive"",""InstanceId"":""USB\\VID_054C&PID_0022\\1384E684""}]}",absent,absent,24.9,22.6,List of devices attached,
2026-09-30T04:07:06.760+00:00,2026-09-30T04:07:06.806+00:00,883.010,present,3908.7,"{""state"":""present"",""devices"":[{""Status"":""OK"",""Class"":""WPD"",""FriendlyName"":""THYME_DIAG"",""InstanceId"":""SWD\\WPDBUSENUM\\_??_USBSTOR#DISK&VEN_SONY_MIC&PROD_ROVAULT&REV_#1384E684&0#{53F56307-B6BF-11D0-94F2-00A0C91EFB8B}""},{""Status"":""OK"",""Class"":""Volume"",""FriendlyName"":""Volume"",""InstanceId"":""STORAGE\\VOLUME\\_??_USBSTOR#DISK&VEN_SONY_MIC&PROD_ROVAULT&REV_#1384E684&0#{53F56307-B6BF-11D0-94F2-00A0C91EFB8B}""},{""Status"":""OK"",""Class"":""DiskDrive"",""FriendlyName"":""Sony Mic roVault USB Device"",""InstanceId"":""USBSTOR\\DISK&VEN_SONY_MIC&PROD_ROVAULT&REV_\\1384E684&0""},{""Status"":""OK"",""Class"":""USB"",""FriendlyName"":""Sony USB HiFD Drive"",""InstanceId"":""USB\\VID_054C&PID_0022\\1384E684""}]}",absent,absent,25.4,20.6,List of devices attached,
2026-09-30T04:07:07.761+00:00,2026-09-30T04:07:07.805+00:00,884.009,present,3908.7,"{""state"":""present"",""devices"":[{""Status"":""OK"",""Class"":""WPD"",""FriendlyName"":""THYME_DIAG"",""InstanceId"":""SWD\\WPDBUSENUM\\_??_USBSTOR#DISK&VEN_SONY_MIC&PROD_ROVAULT&REV_#1384E684&0#{53F56307-B6BF-11D0-94F2-00A0C91EFB8B}""},{""Status"":""OK"",""Class"":""Volume"",""FriendlyName"":""Volume"",""InstanceId"":""STORAGE\\VOLUME\\_??_USBSTOR#DISK&VEN_SONY_MIC&PROD_ROVAULT&REV_#1384E684&0#{53F56307-B6BF-11D0-94F2-00A0C91EFB8B}""},{""Status"":""OK"",""Class"":""DiskDrive"",""FriendlyName"":""Sony Mic roVault USB Device"",""InstanceId"":""USBSTOR\\DISK&VEN_SONY_MIC&PROD_ROVAULT&REV_\\1384E684&0""},{""Status"":""OK"",""Class"":""USB"",""FriendlyName"":""Sony USB HiFD Drive"",""InstanceId"":""USB\\VID_054C&PID_0022\\1384E684""}]}",absent,absent,24.5,19.9,List of devices attached,
2026-09-30T04:07:08.761+00:00,2026-09-30T04:07:08.813+00:00,885.017,present,3894.9,"{""state"":""present"",""devices"":[{""Status"":""OK"",""Class"":""WPD"",""FriendlyName"":""THYME_DIAG"",""InstanceId"":""SWD\\WPDBUSENUM\\_??_USBSTOR#DISK&VEN_SONY_MIC&PROD_ROVAULT&REV_#1384E684&0#{53F56307-B6BF-11D0-94F2-00A0C91EFB8B}""},{""Status"":""OK"",""Class"":""Volume"",""FriendlyName"":""Volume"",""InstanceId"":""STORAGE\\VOLUME\\_??_USBSTOR#DISK&VEN_SONY_MIC&PROD_ROVAULT&REV_#1384E684&0#{53F56307-B6BF-11D0-94F2-00A0C91EFB8B}""},{""Status"":""OK"",""Class"":""DiskDrive"",""FriendlyName"":""Sony Mic roVault USB Device"",""InstanceId"":""USBSTOR\\DISK&VEN_SONY_MIC&PROD_ROVAULT&REV_\\1384E684&0""},{""Status"":""OK"",""Class"":""USB"",""FriendlyName"":""Sony USB HiFD Drive"",""InstanceId"":""USB\\VID_054C&PID_0022\\1384E684""}]}",absent,absent,26.8,24.9,List of devices attached,
2026-09-30T04:07:09.761+00:00,2026-09-30T04:07:09.805+00:00,886.009,present,3894.9,"{""state"":""present"",""devices"":[{""Status"":""OK"",""Class"":""WPD"",""FriendlyName"":""THYME_DIAG"",""InstanceId"":""SWD\\WPDBUSENUM\\_??_USBSTOR#DISK&VEN_SONY_MIC&PROD_ROVAULT&REV_#1384E684&0#{53F56307-B6BF-11D0-94F2-00A0C91EFB8B}""},{""Status"":""OK"",""Class"":""Volume"",""FriendlyName"":""Volume"",""InstanceId"":""STORAGE\\VOLUME\\_??_USBSTOR#DISK&VEN_SONY_MIC&PROD_ROVAULT&REV_#1384E684&0#{53F56307-B6BF-11D0-94F2-00A0C91EFB8B}""},{""Status"":""OK"",""Class"":""DiskDrive"",""FriendlyName"":""Sony Mic roVault USB Device"",""InstanceId"":""USBSTOR\\DISK&VEN_SONY_MIC&PROD_ROVAULT&REV_\\1384E684&0""},{""Status"":""OK"",""Class"":""USB"",""FriendlyName"":""Sony USB HiFD Drive"",""InstanceId"":""USB\\VID_054C&PID_0022\\1384E684""}]}",absent,absent,23.0,20.1,List of devices attached,
2026-09-30T04:07:10.762+00:00,2026-09-30T04:07:10.806+00:00,887.010,present,3894.9,"{""state"":""present"",""devices"":[{""Status"":""OK"",""Class"":""WPD"",""FriendlyName"":""THYME_DIAG"",""InstanceId"":""SWD\\WPDBUSENUM\\_??_USBSTOR#DISK&VEN_SONY_MIC&PROD_ROVAULT&REV_#1384E684&0#{53F56307-B6BF-11D0-94F2-00A0C91EFB8B}""},{""Status"":""OK"",""Class"":""Volume"",""FriendlyName"":""Volume"",""InstanceId"":""STORAGE\\VOLUME\\_??_USBSTOR#DISK&VEN_SONY_MIC&PROD_ROVAULT&REV_#1384E684&0#{53F56307-B6BF-11D0-94F2-00A0C91EFB8B}""},{""Status"":""OK"",""Class"":""DiskDrive"",""FriendlyName"":""Sony Mic roVault USB Device"",""InstanceId"":""USBSTOR\\DISK&VEN_SONY_MIC&PROD_ROVAULT&REV_\\1384E684&0""},{""Status"":""OK"",""Class"":""USB"",""FriendlyName"":""Sony USB HiFD Drive"",""InstanceId"":""USB\\VID_054C&PID_0022\\1384E684""}]}",absent,absent,24.3,19.7,List of devices attached,
2026-09-30T04:07:11.762+00:00,2026-09-30T04:07:11.808+00:00,888.012,present,3894.9,"{""state"":""present"",""devices"":[{""Status"":""OK"",""Class"":""WPD"",""FriendlyName"":""THYME_DIAG"",""InstanceId"":""SWD\\WPDBUSENUM\\_??_USBSTOR#DISK&VEN_SONY_MIC&PROD_ROVAULT&REV_#1384E684&0#{53F56307-B6BF-11D0-94F2-00A0C91EFB8B}""},{""Status"":""OK"",""Class"":""Volume"",""FriendlyName"":""Volume"",""InstanceId"":""STORAGE\\VOLUME\\_??_USBSTOR#DISK&VEN_SONY_MIC&PROD_ROVAULT&REV_#1384E684&0#{53F56307-B6BF-11D0-94F2-00A0C91EFB8B}""},{""Status"":""OK"",""Class"":""DiskDrive"",""FriendlyName"":""Sony Mic roVault USB Device"",""InstanceId"":""USBSTOR\\DISK&VEN_SONY_MIC&PROD_ROVAULT&REV_\\1384E684&0""},{""Status"":""OK"",""Class"":""USB"",""FriendlyName"":""Sony USB HiFD Drive"",""InstanceId"":""USB\\VID_054C&PID_0022\\1384E684""}]}",absent,absent,25.4,20.6,List of devices attached,
2026-09-30T04:07:12.762+00:00,2026-09-30T04:07:12.805+00:00,889.009,present,3894.9,"{""state"":""present"",""devices"":[{""Status"":""OK"",""Class"":""WPD"",""FriendlyName"":""THYME_DIAG"",""InstanceId"":""SWD\\WPDBUSENUM\\_??_USBSTOR#DISK&VEN_SONY_MIC&PROD_ROVAULT&REV_#1384E684&0#{53F56307-B6BF-11D0-94F2-00A0C91EFB8B}""},{""Status"":""OK"",""Class"":""Volume"",""FriendlyName"":""Volume"",""InstanceId"":""STORAGE\\VOLUME\\_??_USBSTOR#DISK&VEN_SONY_MIC&PROD_ROVAULT&REV_#1384E684&0#{53F56307-B6BF-11D0-94F2-00A0C91EFB8B}""},{""Status"":""OK"",""Class"":""DiskDrive"",""FriendlyName"":""Sony Mic roVault USB Device"",""InstanceId"":""USBSTOR\\DISK&VEN_SONY_MIC&PROD_ROVAULT&REV_\\1384E684&0""},{""Status"":""OK"",""Class"":""USB"",""FriendlyName"":""Sony USB HiFD Drive"",""InstanceId"":""USB\\VID_054C&PID_0022\\1384E684""}]}",absent,absent,23.2,19.1,List of devices attached,
2026-09-30T04:07:13.763+00:00,2026-09-30T04:07:13.807+00:00,890.012,present,4155.4,"{""state"":""present"",""devices"":[{""Status"":""OK"",""Class"":""WPD"",""FriendlyName"":""THYME_DIAG"",""InstanceId"":""SWD\\WPDBUSENUM\\_??_USBSTOR#DISK&VEN_SONY_MIC&PROD_ROVAULT&REV_#1384E684&0#{53F56307-B6BF-11D0-94F2-00A0C91EFB8B}""},{""Status"":""OK"",""Class"":""Volume"",""FriendlyName"":""Volume"",""InstanceId"":""STORAGE\\VOLUME\\_??_USBSTOR#DISK&VEN_SONY_MIC&PROD_ROVAULT&REV_#1384E684&0#{53F56307-B6BF-11D0-94F2-00A0C91EFB8B}""},{""Status"":""OK"",""Class"":""DiskDrive"",""FriendlyName"":""Sony Mic roVault USB Device"",""InstanceId"":""USBSTOR\\DISK&VEN_SONY_MIC&PROD_ROVAULT&REV_\\1384E684&0""},{""Status"":""OK"",""Class"":""USB"",""FriendlyName"":""Sony USB HiFD Drive"",""InstanceId"":""USB\\VID_054C&PID_0022\\1384E684""}]}",absent,absent,24.5,20.0,List of devices attached,
2026-09-30T04:07:14.763+00:00,2026-09-30T04:07:14.804+00:00,891.008,present,4155.4,"{""state"":""present"",""devices"":[{""Status"":""OK"",""Class"":""WPD"",""FriendlyName"":""THYME_DIAG"",""InstanceId"":""SWD\\WPDBUSENUM\\_??_USBSTOR#DISK&VEN_SONY_MIC&PROD_ROVAULT&REV_#1384E684&0#{53F56307-B6BF-11D0-94F2-00A0C91EFB8B}""},{""Status"":""OK"",""Class"":""Volume"",""FriendlyName"":""Volume"",""InstanceId"":""STORAGE\\VOLUME\\_??_USBSTOR#DISK&VEN_SONY_MIC&PROD_ROVAULT&REV_#1384E684&0#{53F56307-B6BF-11D0-94F2-00A0C91EFB8B}""},{""Status"":""OK"",""Class"":""DiskDrive"",""FriendlyName"":""Sony Mic roVault USB Device"",""InstanceId"":""USBSTOR\\DISK&VEN_SONY_MIC&PROD_ROVAULT&REV_\\1384E684&0""},{""Status"":""OK"",""Class"":""USB"",""FriendlyName"":""Sony USB HiFD Drive"",""InstanceId"":""USB\\VID_054C&PID_0022\\1384E684""}]}",absent,absent,21.8,18.9,List of devices attached,
2026-09-30T04:07:15.763+00:00,2026-09-30T04:07:15.806+00:00,892.011,present,4155.4,"{""state"":""present"",""devices"":[{""Status"":""OK"",""Class"":""WPD"",""FriendlyName"":""THYME_DIAG"",""InstanceId"":""SWD\\WPDBUSENUM\\_??_USBSTOR#DISK&VEN_SONY_MIC&PROD_ROVAULT&REV_#1384E684&0#{53F56307-B6BF-11D0-94F2-00A0C91EFB8B}""},{""Status"":""OK"",""Class"":""Volume"",""FriendlyName"":""Volume"",""InstanceId"":""STORAGE\\VOLUME\\_??_USBSTOR#DISK&VEN_SONY_MIC&PROD_ROVAULT&REV_#1384E684&0#{53F56307-B6BF-11D0-94F2-00A0C91EFB8B}""},{""Status"":""OK"",""Class"":""DiskDrive"",""FriendlyName"":""Sony Mic roVault USB Device"",""InstanceId"":""USBSTOR\\DISK&VEN_SONY_MIC&PROD_ROVAULT&REV_\\1384E684&0""},{""Status"":""OK"",""Class"":""USB"",""FriendlyName"":""Sony USB HiFD Drive"",""InstanceId"":""USB\\VID_054C&PID_0022\\1384E684""}]}",absent,absent,22.5,20.4,List of devices attached,
2026-09-30T04:07:16.764+00:00,2026-09-30T04:07:16.807+00:00,893.011,present,4155.4,"{""state"":""present"",""devices"":[{""Status"":""OK"",""Class"":""WPD"",""FriendlyName"":""THYME_DIAG"",""InstanceId"":""SWD\\WPDBUSENUM\\_??_USBSTOR#DISK&VEN_SONY_MIC&PROD_ROVAULT&REV_#1384E684&0#{53F56307-B6BF-11D0-94F2-00A0C91EFB8B}""},{""Status"":""OK"",""Class"":""Volume"",""FriendlyName"":""Volume"",""InstanceId"":""STORAGE\\VOLUME\\_??_USBSTOR#DISK&VEN_SONY_MIC&PROD_ROVAULT&REV_#1384E684&0#{53F56307-B6BF-11D0-94F2-00A0C91EFB8B}""},{""Status"":""OK"",""Class"":""DiskDrive"",""FriendlyName"":""Sony Mic roVault USB Device"",""InstanceId"":""USBSTOR\\DISK&VEN_SONY_MIC&PROD_ROVAULT&REV_\\1384E684&0""},{""Status"":""OK"",""Class"":""USB"",""FriendlyName"":""Sony USB HiFD Drive"",""InstanceId"":""USB\\VID_054C&PID_0022\\1384E684""}]}",absent,absent,23.4,19.6,List of devices attached,
2026-09-30T04:07:17.764+00:00,2026-09-30T04:07:17.807+00:00,894.011,present,4155.4,"{""state"":""present"",""devices"":[{""Status"":""OK"",""Class"":""WPD"",""FriendlyName"":""THYME_DIAG"",""InstanceId"":""SWD\\WPDBUSENUM\\_??_USBSTOR#DISK&VEN_SONY_MIC&PROD_ROVAULT&REV_#1384E684&0#{53F56307-B6BF-11D0-94F2-00A0C91EFB8B}""},{""Status"":""OK"",""Class"":""Volume"",""FriendlyName"":""Volume"",""InstanceId"":""STORAGE\\VOLUME\\_??_USBSTOR#DISK&VEN_SONY_MIC&PROD_ROVAULT&REV_#1384E684&0#{53F56307-B6BF-11D0-94F2-00A0C91EFB8B}""},{""Status"":""OK"",""Class"":""DiskDrive"",""FriendlyName"":""Sony Mic roVault USB Device"",""InstanceId"":""USBSTOR\\DISK&VEN_SONY_MIC&PROD_ROVAULT&REV_\\1384E684&0""},{""Status"":""OK"",""Class"":""USB"",""FriendlyName"":""Sony USB HiFD Drive"",""InstanceId"":""USB\\VID_054C&PID_0022\\1384E684""}]}",absent,absent,22.8,19.6,List of devices attached,
2026-09-30T04:07:18.765+00:00,2026-09-30T04:07:18.810+00:00,895.014,present,4095.4,"{""state"":""present"",""devices"":[{""Status"":""OK"",""Class"":""WPD"",""FriendlyName"":""THYME_DIAG"",""InstanceId"":""SWD\\WPDBUSENUM\\_??_USBSTOR#DISK&VEN_SONY_MIC&PROD_ROVAULT&REV_#1384E684&0#{53F56307-B6BF-11D0-94F2-00A0C91EFB8B}""},{""Status"":""OK"",""Class"":""Volume"",""FriendlyName"":""Volume"",""InstanceId"":""STORAGE\\VOLUME\\_??_USBSTOR#DISK&VEN_SONY_MIC&PROD_ROVAULT&REV_#1384E684&0#{53F56307-B6BF-11D0-94F2-00A0C91EFB8B}""},{""Status"":""OK"",""Class"":""DiskDrive"",""FriendlyName"":""Sony Mic roVault USB Device"",""InstanceId"":""USBSTOR\\DISK&VEN_SONY_MIC&PROD_ROVAULT&REV_\\1384E684&0""},{""Status"":""OK"",""Class"":""USB"",""FriendlyName"":""Sony USB HiFD Drive"",""InstanceId"":""USB\\VID_054C&PID_0022\\1384E684""}]}",absent,absent,23.8,21.1,List of devices attached,
2026-09-30T04:07:19.765+00:00,2026-09-30T04:07:19.808+00:00,896.012,present,4095.4,"{""state"":""present"",""devices"":[{""Status"":""OK"",""Class"":""WPD"",""FriendlyName"":""THYME_DIAG"",""InstanceId"":""SWD\\WPDBUSENUM\\_??_USBSTOR#DISK&VEN_SONY_MIC&PROD_ROVAULT&REV_#1384E684&0#{53F56307-B6BF-11D0-94F2-00A0C91EFB8B}""},{""Status"":""OK"",""Class"":""Volume"",""FriendlyName"":""Volume"",""InstanceId"":""STORAGE\\VOLUME\\_??_USBSTOR#DISK&VEN_SONY_MIC&PROD_ROVAULT&REV_#1384E684&0#{53F56307-B6BF-11D0-94F2-00A0C91EFB8B}""},{""Status"":""OK"",""Class"":""DiskDrive"",""FriendlyName"":""Sony Mic roVault USB Device"",""InstanceId"":""USBSTOR\\DISK&VEN_SONY_MIC&PROD_ROVAULT&REV_\\1384E684&0""},{""Status"":""OK"",""Class"":""USB"",""FriendlyName"":""Sony USB HiFD Drive"",""InstanceId"":""USB\\VID_054C&PID_0022\\1384E684""}]}",absent,absent,23.9,18.7,List of devices attached,
2026-09-30T04:07:20.765+00:00,2026-09-30T04:07:20.809+00:00,897.014,present,4095.4,"{""state"":""present"",""devices"":[{""Status"":""OK"",""Class"":""WPD"",""FriendlyName"":""THYME_DIAG"",""InstanceId"":""SWD\\WPDBUSENUM\\_??_USBSTOR#DISK&VEN_SONY_MIC&PROD_ROVAULT&REV_#1384E684&0#{53F56307-B6BF-11D0-94F2-00A0C91EFB8B}""},{""Status"":""OK"",""Class"":""Volume"",""FriendlyName"":""Volume"",""InstanceId"":""STORAGE\\VOLUME\\_??_USBSTOR#DISK&VEN_SONY_MIC&PROD_ROVAULT&REV_#1384E684&0#{53F56307-B6BF-11D0-94F2-00A0C91EFB8B}""},{""Status"":""OK"",""Class"":""DiskDrive"",""FriendlyName"":""Sony Mic roVault USB Device"",""InstanceId"":""USBSTOR\\DISK&VEN_SONY_MIC&PROD_ROVAULT&REV_\\1384E684&0""},{""Status"":""OK"",""Class"":""USB"",""FriendlyName"":""Sony USB HiFD Drive"",""InstanceId"":""USB\\VID_054C&PID_0022\\1384E684""}]}",absent,absent,23.2,20.9,List of devices attached,
2026-09-30T04:07:21.766+00:00,2026-09-30T04:07:21.810+00:00,898.015,present,4095.4,"{""state"":""present"",""devices"":[{""Status"":""OK"",""Class"":""WPD"",""FriendlyName"":""THYME_DIAG"",""InstanceId"":""SWD\\WPDBUSENUM\\_??_USBSTOR#DISK&VEN_SONY_MIC&PROD_ROVAULT&REV_#1384E684&0#{53F56307-B6BF-11D0-94F2-00A0C91EFB8B}""},{""Status"":""OK"",""Class"":""Volume"",""FriendlyName"":""Volume"",""InstanceId"":""STORAGE\\VOLUME\\_??_USBSTOR#DISK&VEN_SONY_MIC&PROD_ROVAULT&REV_#1384E684&0#{53F56307-B6BF-11D0-94F2-00A0C91EFB8B}""},{""Status"":""OK"",""Class"":""DiskDrive"",""FriendlyName"":""Sony Mic roVault USB Device"",""InstanceId"":""USBSTOR\\DISK&VEN_SONY_MIC&PROD_ROVAULT&REV_\\1384E684&0""},{""Status"":""OK"",""Class"":""USB"",""FriendlyName"":""Sony USB HiFD Drive"",""InstanceId"":""USB\\VID_054C&PID_0022\\1384E684""}]}",absent,absent,24.4,20.4,List of devices attached,
2026-09-30T04:07:22.766+00:00,2026-09-30T04:07:22.812+00:00,899.016,present,4095.4,"{""state"":""present"",""devices"":[{""Status"":""OK"",""Class"":""WPD"",""FriendlyName"":""THYME_DIAG"",""InstanceId"":""SWD\\WPDBUSENUM\\_??_USBSTOR#DISK&VEN_SONY_MIC&PROD_ROVAULT&REV_#1384E684&0#{53F56307-B6BF-11D0-94F2-00A0C91EFB8B}""},{""Status"":""OK"",""Class"":""Volume"",""FriendlyName"":""Volume"",""InstanceId"":""STORAGE\\VOLUME\\_??_USBSTOR#DISK&VEN_SONY_MIC&PROD_ROVAULT&REV_#1384E684&0#{53F56307-B6BF-11D0-94F2-00A0C91EFB8B}""},{""Status"":""OK"",""Class"":""DiskDrive"",""FriendlyName"":""Sony Mic roVault USB Device"",""InstanceId"":""USBSTOR\\DISK&VEN_SONY_MIC&PROD_ROVAULT&REV_\\1384E684&0""},{""Status"":""OK"",""Class"":""USB"",""FriendlyName"":""Sony USB HiFD Drive"",""InstanceId"":""USB\\VID_054C&PID_0022\\1384E684""}]}",absent,absent,23.2,22.3,List of devices attached,
2026-09-30T04:07:23.766+00:00,2026-09-30T04:07:23.812+00:00,900.016,present,4056.0,"{""state"":""present"",""devices"":[{""Status"":""OK"",""Class"":""WPD"",""FriendlyName"":""THYME_DIAG"",""InstanceId"":""SWD\\WPDBUSENUM\\_??_USBSTOR#DISK&VEN_SONY_MIC&PROD_ROVAULT&REV_#1384E684&0#{53F56307-B6BF-11D0-94F2-00A0C91EFB8B}""},{""Status"":""OK"",""Class"":""Volume"",""FriendlyName"":""Volume"",""InstanceId"":""STORAGE\\VOLUME\\_??_USBSTOR#DISK&VEN_SONY_MIC&PROD_ROVAULT&REV_#1384E684&0#{53F56307-B6BF-11D0-94F2-00A0C91EFB8B}""},{""Status"":""OK"",""Class"":""DiskDrive"",""FriendlyName"":""Sony Mic roVault USB Device"",""InstanceId"":""USBSTOR\\DISK&VEN_SONY_MIC&PROD_ROVAULT&REV_\\1384E684&0""},{""Status"":""OK"",""Class"":""USB"",""FriendlyName"":""Sony USB HiFD Drive"",""InstanceId"":""USB\\VID_054C&PID_0022\\1384E684""}]}",absent,absent,24.2,21.4,List of devices attached,
2026-09-30T04:07:24.767+00:00,2026-09-30T04:07:24.813+00:00,901.017,present,4056.0,"{""state"":""present"",""devices"":[{""Status"":""OK"",""Class"":""WPD"",""FriendlyName"":""THYME_DIAG"",""InstanceId"":""SWD\\WPDBUSENUM\\_??_USBSTOR#DISK&VEN_SONY_MIC&PROD_ROVAULT&REV_#1384E684&0#{53F56307-B6BF-11D0-94F2-00A0C91EFB8B}""},{""Status"":""OK"",""Class"":""Volume"",""FriendlyName"":""Volume"",""InstanceId"":""STORAGE\\VOLUME\\_??_USBSTOR#DISK&VEN_SONY_MIC&PROD_ROVAULT&REV_#1384E684&0#{53F56307-B6BF-11D0-94F2-00A0C91EFB8B}""},{""Status"":""OK"",""Class"":""DiskDrive"",""FriendlyName"":""Sony Mic roVault USB Device"",""InstanceId"":""USBSTOR\\DISK&VEN_SONY_MIC&PROD_ROVAULT&REV_\\1384E684&0""},{""Status"":""OK"",""Class"":""USB"",""FriendlyName"":""Sony USB HiFD Drive"",""InstanceId"":""USB\\VID_054C&PID_0022\\1384E684""}]}",absent,absent,23.7,21.8,List of devices attached,
2026-09-30T04:07:25.767+00:00,2026-09-30T04:07:25.830+00:00,902.034,present,4056.0,"{""state"":""present"",""devices"":[{""Status"":""OK"",""Class"":""WPD"",""FriendlyName"":""THYME_DIAG"",""InstanceId"":""SWD\\WPDBUSENUM\\_??_USBSTOR#DISK&VEN_SONY_MIC&PROD_ROVAULT&REV_#1384E684&0#{53F56307-B6BF-11D0-94F2-00A0C91EFB8B}""},{""Status"":""OK"",""Class"":""Volume"",""FriendlyName"":""Volume"",""InstanceId"":""STORAGE\\VOLUME\\_??_USBSTOR#DISK&VEN_SONY_MIC&PROD_ROVAULT&REV_#1384E684&0#{53F56307-B6BF-11D0-94F2-00A0C91EFB8B}""},{""Status"":""OK"",""Class"":""DiskDrive"",""FriendlyName"":""Sony Mic roVault USB Device"",""InstanceId"":""USBSTOR\\DISK&VEN_SONY_MIC&PROD_ROVAULT&REV_\\1384E684&0""},{""Status"":""OK"",""Class"":""USB"",""FriendlyName"":""Sony USB HiFD Drive"",""InstanceId"":""USB\\VID_054C&PID_0022\\1384E684""}]}",absent,absent,34.0,28.8,List of devices attached,
2026-09-30T04:07:26.767+00:00,2026-09-30T04:07:26.813+00:00,903.017,present,4056.0,"{""state"":""present"",""devices"":[{""Status"":""OK"",""Class"":""WPD"",""FriendlyName"":""THYME_DIAG"",""InstanceId"":""SWD\\WPDBUSENUM\\_??_USBSTOR#DISK&VEN_SONY_MIC&PROD_ROVAULT&REV_#1384E684&0#{53F56307-B6BF-11D0-94F2-00A0C91EFB8B}""},{""Status"":""OK"",""Class"":""Volume"",""FriendlyName"":""Volume"",""InstanceId"":""STORAGE\\VOLUME\\_??_USBSTOR#DISK&VEN_SONY_MIC&PROD_ROVAULT&REV_#1384E684&0#{53F56307-B6BF-11D0-94F2-00A0C91EFB8B}""},{""Status"":""OK"",""Class"":""DiskDrive"",""FriendlyName"":""Sony Mic roVault USB Device"",""InstanceId"":""USBSTOR\\DISK&VEN_SONY_MIC&PROD_ROVAULT&REV_\\1384E684&0""},{""Status"":""OK"",""Class"":""USB"",""FriendlyName"":""Sony USB HiFD Drive"",""InstanceId"":""USB\\VID_054C&PID_0022\\1384E684""}]}",absent,absent,25.3,20.2,List of devices attached,
2026-09-30T04:07:27.768+00:00,2026-09-30T04:07:27.811+00:00,904.016,present,4056.0,"{""state"":""present"",""devices"":[{""Status"":""OK"",""Class"":""WPD"",""FriendlyName"":""THYME_DIAG"",""InstanceId"":""SWD\\WPDBUSENUM\\_??_USBSTOR#DISK&VEN_SONY_MIC&PROD_ROVAULT&REV_#1384E684&0#{53F56307-B6BF-11D0-94F2-00A0C91EFB8B}""},{""Status"":""OK"",""Class"":""Volume"",""FriendlyName"":""Volume"",""InstanceId"":""STORAGE\\VOLUME\\_??_USBSTOR#DISK&VEN_SONY_MIC&PROD_ROVAULT&REV_#1384E684&0#{53F56307-B6BF-11D0-94F2-00A0C91EFB8B}""},{""Status"":""OK"",""Class"":""DiskDrive"",""FriendlyName"":""Sony Mic roVault USB Device"",""InstanceId"":""USBSTOR\\DISK&VEN_SONY_MIC&PROD_ROVAULT&REV_\\1384E684&0""},{""Status"":""OK"",""Class"":""USB"",""FriendlyName"":""Sony USB HiFD Drive"",""InstanceId"":""USB\\VID_054C&PID_0022\\1384E684""}]}",absent,absent,23.9,19.6,List of devices attached,
2026-09-30T04:07:28.768+00:00,2026-09-30T04:07:28.812+00:00,905.016,present,4290.4,"{""state"":""present"",""devices"":[{""Status"":""OK"",""Class"":""WPD"",""FriendlyName"":""THYME_DIAG"",""InstanceId"":""SWD\\WPDBUSENUM\\_??_USBSTOR#DISK&VEN_SONY_MIC&PROD_ROVAULT&REV_#1384E684&0#{53F56307-B6BF-11D0-94F2-00A0C91EFB8B}""},{""Status"":""OK"",""Class"":""Volume"",""FriendlyName"":""Volume"",""InstanceId"":""STORAGE\\VOLUME\\_??_USBSTOR#DISK&VEN_SONY_MIC&PROD_ROVAULT&REV_#1384E684&0#{53F56307-B6BF-11D0-94F2-00A0C91EFB8B}""},{""Status"":""OK"",""Class"":""DiskDrive"",""FriendlyName"":""Sony Mic roVault USB Device"",""InstanceId"":""USBSTOR\\DISK&VEN_SONY_MIC&PROD_ROVAULT&REV_\\1384E684&0""},{""Status"":""OK"",""Class"":""USB"",""FriendlyName"":""Sony USB HiFD Drive"",""InstanceId"":""USB\\VID_054C&PID_0022\\1384E684""}]}",absent,absent,23.4,20.4,List of devices attached,
2026-09-30T04:07:29.768+00:00,2026-09-30T04:07:29.810+00:00,906.014,present,4290.4,"{""state"":""present"",""devices"":[{""Status"":""OK"",""Class"":""WPD"",""FriendlyName"":""THYME_DIAG"",""InstanceId"":""SWD\\WPDBUSENUM\\_??_USBSTOR#DISK&VEN_SONY_MIC&PROD_ROVAULT&REV_#1384E684&0#{53F56307-B6BF-11D0-94F2-00A0C91EFB8B}""},{""Status"":""OK"",""Class"":""Volume"",""FriendlyName"":""Volume"",""InstanceId"":""STORAGE\\VOLUME\\_??_USBSTOR#DISK&VEN_SONY_MIC&PROD_ROVAULT&REV_#1384E684&0#{53F56307-B6BF-11D0-94F2-00A0C91EFB8B}""},{""Status"":""OK"",""Class"":""DiskDrive"",""FriendlyName"":""Sony Mic roVault USB Device"",""InstanceId"":""USBSTOR\\DISK&VEN_SONY_MIC&PROD_ROVAULT&REV_\\1384E684&0""},{""Status"":""OK"",""Class"":""USB"",""FriendlyName"":""Sony USB HiFD Drive"",""InstanceId"":""USB\\VID_054C&PID_0022\\1384E684""}]}",absent,absent,22.3,19.2,List of devices attached,
2026-09-30T04:07:30.769+00:00,2026-09-30T04:07:30.812+00:00,907.016,present,4290.4,"{""state"":""present"",""devices"":[{""Status"":""OK"",""Class"":""WPD"",""FriendlyName"":""THYME_DIAG"",""InstanceId"":""SWD\\WPDBUSENUM\\_??_USBSTOR#DISK&VEN_SONY_MIC&PROD_ROVAULT&REV_#1384E684&0#{53F56307-B6BF-11D0-94F2-00A0C91EFB8B}""},{""Status"":""OK"",""Class"":""Volume"",""FriendlyName"":""Volume"",""InstanceId"":""STORAGE\\VOLUME\\_??_USBSTOR#DISK&VEN_SONY_MIC&PROD_ROVAULT&REV_#1384E684&0#{53F56307-B6BF-11D0-94F2-00A0C91EFB8B}""},{""Status"":""OK"",""Class"":""DiskDrive"",""FriendlyName"":""Sony Mic roVault USB Device"",""InstanceId"":""USBSTOR\\DISK&VEN_SONY_MIC&PROD_ROVAULT&REV_\\1384E684&0""},{""Status"":""OK"",""Class"":""USB"",""FriendlyName"":""Sony USB HiFD Drive"",""InstanceId"":""USB\\VID_054C&PID_0022\\1384E684""}]}",absent,absent,23.5,19.5,List of devices attached,
2026-09-30T04:07:31.769+00:00,2026-09-30T04:07:31.814+00:00,908.018,present,4290.4,"{""state"":""present"",""devices"":[{""Status"":""OK"",""Class"":""WPD"",""FriendlyName"":""THYME_DIAG"",""InstanceId"":""SWD\\WPDBUSENUM\\_??_USBSTOR#DISK&VEN_SONY_MIC&PROD_ROVAULT&REV_#1384E684&0#{53F56307-B6BF-11D0-94F2-00A0C91EFB8B}""},{""Status"":""OK"",""Class"":""Volume"",""FriendlyName"":""Volume"",""InstanceId"":""STORAGE\\VOLUME\\_??_USBSTOR#DISK&VEN_SONY_MIC&PROD_ROVAULT&REV_#1384E684&0#{53F56307-B6BF-11D0-94F2-00A0C91EFB8B}""},{""Status"":""OK"",""Class"":""DiskDrive"",""FriendlyName"":""Sony Mic roVault USB Device"",""InstanceId"":""USBSTOR\\DISK&VEN_SONY_MIC&PROD_ROVAULT&REV_\\1384E684&0""},{""Status"":""OK"",""Class"":""USB"",""FriendlyName"":""Sony USB HiFD Drive"",""InstanceId"":""USB\\VID_054C&PID_0022\\1384E684""}]}",absent,absent,25.2,19.7,List of devices attached,
2026-09-30T04:07:32.769+00:00,2026-09-30T04:07:32.813+00:00,909.018,present,4290.4,"{""state"":""present"",""devices"":[{""Status"":""OK"",""Class"":""WPD"",""FriendlyName"":""THYME_DIAG"",""InstanceId"":""SWD\\WPDBUSENUM\\_??_USBSTOR#DISK&VEN_SONY_MIC&PROD_ROVAULT&REV_#1384E684&0#{53F56307-B6BF-11D0-94F2-00A0C91EFB8B}""},{""Status"":""OK"",""Class"":""Volume"",""FriendlyName"":""Volume"",""InstanceId"":""STORAGE\\VOLUME\\_??_USBSTOR#DISK&VEN_SONY_MIC&PROD_ROVAULT&REV_#1384E684&0#{53F56307-B6BF-11D0-94F2-00A0C91EFB8B}""},{""Status"":""OK"",""Class"":""DiskDrive"",""FriendlyName"":""Sony Mic roVault USB Device"",""InstanceId"":""USBSTOR\\DISK&VEN_SONY_MIC&PROD_ROVAULT&REV_\\1384E684&0""},{""Status"":""OK"",""Class"":""USB"",""FriendlyName"":""Sony USB HiFD Drive"",""InstanceId"":""USB\\VID_054C&PID_0022\\1384E684""}]}",absent,absent,24.3,19.5,List of devices attached,
2026-09-30T04:07:33.769+00:00,2026-09-30T04:07:33.814+00:00,910.019,present,4152.8,"{""state"":""present"",""devices"":[{""Status"":""OK"",""Class"":""WPD"",""FriendlyName"":""THYME_DIAG"",""InstanceId"":""SWD\\WPDBUSENUM\\_??_USBSTOR#DISK&VEN_SONY_MIC&PROD_ROVAULT&REV_#1384E684&0#{53F56307-B6BF-11D0-94F2-00A0C91EFB8B}""},{""Status"":""OK"",""Class"":""Volume"",""FriendlyName"":""Volume"",""InstanceId"":""STORAGE\\VOLUME\\_??_USBSTOR#DISK&VEN_SONY_MIC&PROD_ROVAULT&REV_#1384E684&0#{53F56307-B6BF-11D0-94F2-00A0C91EFB8B}""},{""Status"":""OK"",""Class"":""DiskDrive"",""FriendlyName"":""Sony Mic roVault USB Device"",""InstanceId"":""USBSTOR\\DISK&VEN_SONY_MIC&PROD_ROVAULT&REV_\\1384E684&0""},{""Status"":""OK"",""Class"":""USB"",""FriendlyName"":""Sony USB HiFD Drive"",""InstanceId"":""USB\\VID_054C&PID_0022\\1384E684""}]}",absent,absent,24.0,20.7,List of devices attached,
2026-09-30T04:07:34.770+00:00,2026-09-30T04:07:34.812+00:00,911.017,present,4152.8,"{""state"":""present"",""devices"":[{""Status"":""OK"",""Class"":""WPD"",""FriendlyName"":""THYME_DIAG"",""InstanceId"":""SWD\\WPDBUSENUM\\_??_USBSTOR#DISK&VEN_SONY_MIC&PROD_ROVAULT&REV_#1384E684&0#{53F56307-B6BF-11D0-94F2-00A0C91EFB8B}""},{""Status"":""OK"",""Class"":""Volume"",""FriendlyName"":""Volume"",""InstanceId"":""STORAGE\\VOLUME\\_??_USBSTOR#DISK&VEN_SONY_MIC&PROD_ROVAULT&REV_#1384E684&0#{53F56307-B6BF-11D0-94F2-00A0C91EFB8B}""},{""Status"":""OK"",""Class"":""DiskDrive"",""FriendlyName"":""Sony Mic roVault USB Device"",""InstanceId"":""USBSTOR\\DISK&VEN_SONY_MIC&PROD_ROVAULT&REV_\\1384E684&0""},{""Status"":""OK"",""Class"":""USB"",""FriendlyName"":""Sony USB HiFD Drive"",""InstanceId"":""USB\\VID_054C&PID_0022\\1384E684""}]}",absent,absent,23.5,19.4,List of devices attached,
2026-09-30T04:07:35.770+00:00,2026-09-30T04:07:35.811+00:00,912.015,present,4152.8,"{""state"":""present"",""devices"":[{""Status"":""OK"",""Class"":""WPD"",""FriendlyName"":""THYME_DIAG"",""InstanceId"":""SWD\\WPDBUSENUM\\_??_USBSTOR#DISK&VEN_SONY_MIC&PROD_ROVAULT&REV_#1384E684&0#{53F56307-B6BF-11D0-94F2-00A0C91EFB8B}""},{""Status"":""OK"",""Class"":""Volume"",""FriendlyName"":""Volume"",""InstanceId"":""STORAGE\\VOLUME\\_??_USBSTOR#DISK&VEN_SONY_MIC&PROD_ROVAULT&REV_#1384E684&0#{53F56307-B6BF-11D0-94F2-00A0C91EFB8B}""},{""Status"":""OK"",""Class"":""DiskDrive"",""FriendlyName"":""Sony Mic roVault USB Device"",""InstanceId"":""USBSTOR\\DISK&VEN_SONY_MIC&PROD_ROVAULT&REV_\\1384E684&0""},{""Status"":""OK"",""Class"":""USB"",""FriendlyName"":""Sony USB HiFD Drive"",""InstanceId"":""USB\\VID_054C&PID_0022\\1384E684""}]}",absent,absent,22.1,19.1,List of devices attached,
2026-09-30T04:07:36.770+00:00,2026-09-30T04:07:36.814+00:00,913.019,present,4152.8,"{""state"":""present"",""devices"":[{""Status"":""OK"",""Class"":""WPD"",""FriendlyName"":""THYME_DIAG"",""InstanceId"":""SWD\\WPDBUSENUM\\_??_USBSTOR#DISK&VEN_SONY_MIC&PROD_ROVAULT&REV_#1384E684&0#{53F56307-B6BF-11D0-94F2-00A0C91EFB8B}""},{""Status"":""OK"",""Class"":""Volume"",""FriendlyName"":""Volume"",""InstanceId"":""STORAGE\\VOLUME\\_??_USBSTOR#DISK&VEN_SONY_MIC&PROD_ROVAULT&REV_#1384E684&0#{53F56307-B6BF-11D0-94F2-00A0C91EFB8B}""},{""Status"":""OK"",""Class"":""DiskDrive"",""FriendlyName"":""Sony Mic roVault USB Device"",""InstanceId"":""USBSTOR\\DISK&VEN_SONY_MIC&PROD_ROVAULT&REV_\\1384E684&0""},{""Status"":""OK"",""Class"":""USB"",""FriendlyName"":""Sony USB HiFD Drive"",""InstanceId"":""USB\\VID_054C&PID_0022\\1384E684""}]}",absent,absent,23.7,20.3,List of devices attached,
2026-09-30T04:07:37.771+00:00,2026-09-30T04:07:37.813+00:00,914.017,present,4152.8,"{""state"":""present"",""devices"":[{""Status"":""OK"",""Class"":""WPD"",""FriendlyName"":""THYME_DIAG"",""InstanceId"":""SWD\\WPDBUSENUM\\_??_USBSTOR#DISK&VEN_SONY_MIC&PROD_ROVAULT&REV_#1384E684&0#{53F56307-B6BF-11D0-94F2-00A0C91EFB8B}""},{""Status"":""OK"",""Class"":""Volume"",""FriendlyName"":""Volume"",""InstanceId"":""STORAGE\\VOLUME\\_??_USBSTOR#DISK&VEN_SONY_MIC&PROD_ROVAULT&REV_#1384E684&0#{53F56307-B6BF-11D0-94F2-00A0C91EFB8B}""},{""Status"":""OK"",""Class"":""DiskDrive"",""FriendlyName"":""Sony Mic roVault USB Device"",""InstanceId"":""USBSTOR\\DISK&VEN_SONY_MIC&PROD_ROVAULT&REV_\\1384E684&0""},{""Status"":""OK"",""Class"":""USB"",""FriendlyName"":""Sony USB HiFD Drive"",""InstanceId"":""USB\\VID_054C&PID_0022\\1384E684""}]}",absent,absent,22.9,19.0,List of devices attached,
2026-09-30T04:07:38.771+00:00,2026-09-30T04:07:38.814+00:00,915.019,present,4126.5,"{""state"":""present"",""devices"":[{""Status"":""OK"",""Class"":""WPD"",""FriendlyName"":""THYME_DIAG"",""InstanceId"":""SWD\\WPDBUSENUM\\_??_USBSTOR#DISK&VEN_SONY_MIC&PROD_ROVAULT&REV_#1384E684&0#{53F56307-B6BF-11D0-94F2-00A0C91EFB8B}""},{""Status"":""OK"",""Class"":""Volume"",""FriendlyName"":""Volume"",""InstanceId"":""STORAGE\\VOLUME\\_??_USBSTOR#DISK&VEN_SONY_MIC&PROD_ROVAULT&REV_#1384E684&0#{53F56307-B6BF-11D0-94F2-00A0C91EFB8B}""},{""Status"":""OK"",""Class"":""DiskDrive"",""FriendlyName"":""Sony Mic roVault USB Device"",""InstanceId"":""USBSTOR\\DISK&VEN_SONY_MIC&PROD_ROVAULT&REV_\\1384E684&0""},{""Status"":""OK"",""Class"":""USB"",""FriendlyName"":""Sony USB HiFD Drive"",""InstanceId"":""USB\\VID_054C&PID_0022\\1384E684""}]}",absent,absent,22.8,20.1,List of devices attached,
2026-09-30T04:07:39.772+00:00,2026-09-30T04:07:39.815+00:00,916.020,present,4126.5,"{""state"":""present"",""devices"":[{""Status"":""OK"",""Class"":""WPD"",""FriendlyName"":""THYME_DIAG"",""InstanceId"":""SWD\\WPDBUSENUM\\_??_USBSTOR#DISK&VEN_SONY_MIC&PROD_ROVAULT&REV_#1384E684&0#{53F56307-B6BF-11D0-94F2-00A0C91EFB8B}""},{""Status"":""OK"",""Class"":""Volume"",""FriendlyName"":""Volume"",""InstanceId"":""STORAGE\\VOLUME\\_??_USBSTOR#DISK&VEN_SONY_MIC&PROD_ROVAULT&REV_#1384E684&0#{53F56307-B6BF-11D0-94F2-00A0C91EFB8B}""},{""Status"":""OK"",""Class"":""DiskDrive"",""FriendlyName"":""Sony Mic roVault USB Device"",""InstanceId"":""USBSTOR\\DISK&VEN_SONY_MIC&PROD_ROVAULT&REV_\\1384E684&0""},{""Status"":""OK"",""Class"":""USB"",""FriendlyName"":""Sony USB HiFD Drive"",""InstanceId"":""USB\\VID_054C&PID_0022\\1384E684""}]}",absent,absent,22.6,21.0,List of devices attached,
2026-09-30T04:07:40.772+00:00,2026-09-30T04:07:40.814+00:00,917.019,present,4126.5,"{""state"":""present"",""devices"":[{""Status"":""OK"",""Class"":""WPD"",""FriendlyName"":""THYME_DIAG"",""InstanceId"":""SWD\\WPDBUSENUM\\_??_USBSTOR#DISK&VEN_SONY_MIC&PROD_ROVAULT&REV_#1384E684&0#{53F56307-B6BF-11D0-94F2-00A0C91EFB8B}""},{""Status"":""OK"",""Class"":""Volume"",""FriendlyName"":""Volume"",""InstanceId"":""STORAGE\\VOLUME\\_??_USBSTOR#DISK&VEN_SONY_MIC&PROD_ROVAULT&REV_#1384E684&0#{53F56307-B6BF-11D0-94F2-00A0C91EFB8B}""},{""Status"":""OK"",""Class"":""DiskDrive"",""FriendlyName"":""Sony Mic roVault USB Device"",""InstanceId"":""USBSTOR\\DISK&VEN_SONY_MIC&PROD_ROVAULT&REV_\\1384E684&0""},{""Status"":""OK"",""Class"":""USB"",""FriendlyName"":""Sony USB HiFD Drive"",""InstanceId"":""USB\\VID_054C&PID_0022\\1384E684""}]}",absent,absent,22.2,19.8,List of devices attached,
2026-09-30T04:07:41.772+00:00,2026-09-30T04:07:41.817+00:00,918.021,present,4126.5,"{""state"":""present"",""devices"":[{""Status"":""OK"",""Class"":""WPD"",""FriendlyName"":""THYME_DIAG"",""InstanceId"":""SWD\\WPDBUSENUM\\_??_USBSTOR#DISK&VEN_SONY_MIC&PROD_ROVAULT&REV_#1384E684&0#{53F56307-B6BF-11D0-94F2-00A0C91EFB8B}""},{""Status"":""OK"",""Class"":""Volume"",""FriendlyName"":""Volume"",""InstanceId"":""STORAGE\\VOLUME\\_??_USBSTOR#DISK&VEN_SONY_MIC&PROD_ROVAULT&REV_#1384E684&0#{53F56307-B6BF-11D0-94F2-00A0C91EFB8B}""},{""Status"":""OK"",""Class"":""DiskDrive"",""FriendlyName"":""Sony Mic roVault USB Device"",""InstanceId"":""USBSTOR\\DISK&VEN_SONY_MIC&PROD_ROVAULT&REV_\\1384E684&0""},{""Status"":""OK"",""Class"":""USB"",""FriendlyName"":""Sony USB HiFD Drive"",""InstanceId"":""USB\\VID_054C&PID_0022\\1384E684""}]}",absent,absent,24.6,19.6,List of devices attached,
2026-09-30T04:07:42.773+00:00,2026-09-30T04:07:42.818+00:00,919.022,present,4126.5,"{""state"":""present"",""devices"":[{""Status"":""OK"",""Class"":""WPD"",""FriendlyName"":""THYME_DIAG"",""InstanceId"":""SWD\\WPDBUSENUM\\_??_USBSTOR#DISK&VEN_SONY_MIC&PROD_ROVAULT&REV_#1384E684&0#{53F56307-B6BF-11D0-94F2-00A0C91EFB8B}""},{""Status"":""OK"",""Class"":""Volume"",""FriendlyName"":""Volume"",""InstanceId"":""STORAGE\\VOLUME\\_??_USBSTOR#DISK&VEN_SONY_MIC&PROD_ROVAULT&REV_#1384E684&0#{53F56307-B6BF-11D0-94F2-00A0C91EFB8B}""},{""Status"":""OK"",""Class"":""DiskDrive"",""FriendlyName"":""Sony Mic roVault USB Device"",""InstanceId"":""USBSTOR\\DISK&VEN_SONY_MIC&PROD_ROVAULT&REV_\\1384E684&0""},{""Status"":""OK"",""Class"":""USB"",""FriendlyName"":""Sony USB HiFD Drive"",""InstanceId"":""USB\\VID_054C&PID_0022\\1384E684""}]}",absent,absent,23.3,21.4,List of devices attached,
2026-09-30T04:07:43.773+00:00,2026-09-30T04:07:43.819+00:00,920.023,present,4018.6,"{""state"":""present"",""devices"":[{""Status"":""OK"",""Class"":""WPD"",""FriendlyName"":""THYME_DIAG"",""InstanceId"":""SWD\\WPDBUSENUM\\_??_USBSTOR#DISK&VEN_SONY_MIC&PROD_ROVAULT&REV_#1384E684&0#{53F56307-B6BF-11D0-94F2-00A0C91EFB8B}""},{""Status"":""OK"",""Class"":""Volume"",""FriendlyName"":""Volume"",""InstanceId"":""STORAGE\\VOLUME\\_??_USBSTOR#DISK&VEN_SONY_MIC&PROD_ROVAULT&REV_#1384E684&0#{53F56307-B6BF-11D0-94F2-00A0C91EFB8B}""},{""Status"":""OK"",""Class"":""DiskDrive"",""FriendlyName"":""Sony Mic roVault USB Device"",""InstanceId"":""USBSTOR\\DISK&VEN_SONY_MIC&PROD_ROVAULT&REV_\\1384E684&0""},{""Status"":""OK"",""Class"":""USB"",""FriendlyName"":""Sony USB HiFD Drive"",""InstanceId"":""USB\\VID_054C&PID_0022\\1384E684""}]}",absent,absent,24.3,21.0,List of devices attached,
2026-09-30T04:07:44.774+00:00,2026-09-30T04:07:44.819+00:00,921.024,present,4018.6,"{""state"":""present"",""devices"":[{""Status"":""OK"",""Class"":""WPD"",""FriendlyName"":""THYME_DIAG"",""InstanceId"":""SWD\\WPDBUSENUM\\_??_USBSTOR#DISK&VEN_SONY_MIC&PROD_ROVAULT&REV_#1384E684&0#{53F56307-B6BF-11D0-94F2-00A0C91EFB8B}""},{""Status"":""OK"",""Class"":""Volume"",""FriendlyName"":""Volume"",""InstanceId"":""STORAGE\\VOLUME\\_??_USBSTOR#DISK&VEN_SONY_MIC&PROD_ROVAULT&REV_#1384E684&0#{53F56307-B6BF-11D0-94F2-00A0C91EFB8B}""},{""Status"":""OK"",""Class"":""DiskDrive"",""FriendlyName"":""Sony Mic roVault USB Device"",""InstanceId"":""USBSTOR\\DISK&VEN_SONY_MIC&PROD_ROVAULT&REV_\\1384E684&0""},{""Status"":""OK"",""Class"":""USB"",""FriendlyName"":""Sony USB HiFD Drive"",""InstanceId"":""USB\\VID_054C&PID_0022\\1384E684""}]}",absent,absent,24.1,21.4,List of devices attached,
2026-09-30T04:07:45.774+00:00,2026-09-30T04:07:45.821+00:00,922.025,present,4018.6,"{""state"":""present"",""devices"":[{""Status"":""OK"",""Class"":""WPD"",""FriendlyName"":""THYME_DIAG"",""InstanceId"":""SWD\\WPDBUSENUM\\_??_USBSTOR#DISK&VEN_SONY_MIC&PROD_ROVAULT&REV_#1384E684&0#{53F56307-B6BF-11D0-94F2-00A0C91EFB8B}""},{""Status"":""OK"",""Class"":""Volume"",""FriendlyName"":""Volume"",""InstanceId"":""STORAGE\\VOLUME\\_??_USBSTOR#DISK&VEN_SONY_MIC&PROD_ROVAULT&REV_#1384E684&0#{53F56307-B6BF-11D0-94F2-00A0C91EFB8B}""},{""Status"":""OK"",""Class"":""DiskDrive"",""FriendlyName"":""Sony Mic roVault USB Device"",""InstanceId"":""USBSTOR\\DISK&VEN_SONY_MIC&PROD_ROVAULT&REV_\\1384E684&0""},{""Status"":""OK"",""Class"":""USB"",""FriendlyName"":""Sony USB HiFD Drive"",""InstanceId"":""USB\\VID_054C&PID_0022\\1384E684""}]}",absent,absent,25.0,21.7,List of devices attached,
2026-09-30T04:07:46.775+00:00,2026-09-30T04:07:46.821+00:00,923.026,present,4018.6,"{""state"":""present"",""devices"":[{""Status"":""OK"",""Class"":""WPD"",""FriendlyName"":""THYME_DIAG"",""InstanceId"":""SWD\\WPDBUSENUM\\_??_USBSTOR#DISK&VEN_SONY_MIC&PROD_ROVAULT&REV_#1384E684&0#{53F56307-B6BF-11D0-94F2-00A0C91EFB8B}""},{""Status"":""OK"",""Class"":""Volume"",""FriendlyName"":""Volume"",""InstanceId"":""STORAGE\\VOLUME\\_??_USBSTOR#DISK&VEN_SONY_MIC&PROD_ROVAULT&REV_#1384E684&0#{53F56307-B6BF-11D0-94F2-00A0C91EFB8B}""},{""Status"":""OK"",""Class"":""DiskDrive"",""FriendlyName"":""Sony Mic roVault USB Device"",""InstanceId"":""USBSTOR\\DISK&VEN_SONY_MIC&PROD_ROVAULT&REV_\\1384E684&0""},{""Status"":""OK"",""Class"":""USB"",""FriendlyName"":""Sony USB HiFD Drive"",""InstanceId"":""USB\\VID_054C&PID_0022\\1384E684""}]}",absent,absent,25.3,21.3,List of devices attached,
2026-09-30T04:07:47.775+00:00,2026-09-30T04:07:47.826+00:00,924.030,present,3700.7,"{""state"":""present"",""devices"":[{""Status"":""OK"",""Class"":""WPD"",""FriendlyName"":""THYME_DIAG"",""InstanceId"":""SWD\\WPDBUSENUM\\_??_USBSTOR#DISK&VEN_SONY_MIC&PROD_ROVAULT&REV_#1384E684&0#{53F56307-B6BF-11D0-94F2-00A0C91EFB8B}""},{""Status"":""OK"",""Class"":""Volume"",""FriendlyName"":""Volume"",""InstanceId"":""STORAGE\\VOLUME\\_??_USBSTOR#DISK&VEN_SONY_MIC&PROD_ROVAULT&REV_#1384E684&0#{53F56307-B6BF-11D0-94F2-00A0C91EFB8B}""},{""Status"":""OK"",""Class"":""DiskDrive"",""FriendlyName"":""Sony Mic roVault USB Device"",""InstanceId"":""USBSTOR\\DISK&VEN_SONY_MIC&PROD_ROVAULT&REV_\\1384E684&0""},{""Status"":""OK"",""Class"":""USB"",""FriendlyName"":""Sony USB HiFD Drive"",""InstanceId"":""USB\\VID_054C&PID_0022\\1384E684""}]}",absent,absent,26.4,23.9,List of devices attached,
2026-09-30T04:07:48.775+00:00,2026-09-30T04:07:48.824+00:00,925.028,present,3700.7,"{""state"":""present"",""devices"":[{""Status"":""OK"",""Class"":""WPD"",""FriendlyName"":""THYME_DIAG"",""InstanceId"":""SWD\\WPDBUSENUM\\_??_USBSTOR#DISK&VEN_SONY_MIC&PROD_ROVAULT&REV_#1384E684&0#{53F56307-B6BF-11D0-94F2-00A0C91EFB8B}""},{""Status"":""OK"",""Class"":""Volume"",""FriendlyName"":""Volume"",""InstanceId"":""STORAGE\\VOLUME\\_??_USBSTOR#DISK&VEN_SONY_MIC&PROD_ROVAULT&REV_#1384E684&0#{53F56307-B6BF-11D0-94F2-00A0C91EFB8B}""},{""Status"":""OK"",""Class"":""DiskDrive"",""FriendlyName"":""Sony Mic roVault USB Device"",""InstanceId"":""USBSTOR\\DISK&VEN_SONY_MIC&PROD_ROVAULT&REV_\\1384E684&0""},{""Status"":""OK"",""Class"":""USB"",""FriendlyName"":""Sony USB HiFD Drive"",""InstanceId"":""USB\\VID_054C&PID_0022\\1384E684""}]}",absent,absent,25.5,23.3,List of devices attached,
2026-09-30T04:07:49.776+00:00,2026-09-30T04:07:49.821+00:00,926.025,present,3700.7,"{""state"":""present"",""devices"":[{""Status"":""OK"",""Class"":""WPD"",""FriendlyName"":""THYME_DIAG"",""InstanceId"":""SWD\\WPDBUSENUM\\_??_USBSTOR#DISK&VEN_SONY_MIC&PROD_ROVAULT&REV_#1384E684&0#{53F56307-B6BF-11D0-94F2-00A0C91EFB8B}""},{""Status"":""OK"",""Class"":""Volume"",""FriendlyName"":""Volume"",""InstanceId"":""STORAGE\\VOLUME\\_??_USBSTOR#DISK&VEN_SONY_MIC&PROD_ROVAULT&REV_#1384E684&0#{53F56307-B6BF-11D0-94F2-00A0C91EFB8B}""},{""Status"":""OK"",""Class"":""DiskDrive"",""FriendlyName"":""Sony Mic roVault USB Device"",""InstanceId"":""USBSTOR\\DISK&VEN_SONY_MIC&PROD_ROVAULT&REV_\\1384E684&0""},{""Status"":""OK"",""Class"":""USB"",""FriendlyName"":""Sony USB HiFD Drive"",""InstanceId"":""USB\\VID_054C&PID_0022\\1384E684""}]}",absent,absent,23.5,21.4,List of devices attached,
2026-09-30T04:07:50.776+00:00,2026-09-30T04:07:50.820+00:00,927.024,present,3700.7,"{""state"":""present"",""devices"":[{""Status"":""OK"",""Class"":""WPD"",""FriendlyName"":""THYME_DIAG"",""InstanceId"":""SWD\\WPDBUSENUM\\_??_USBSTOR#DISK&VEN_SONY_MIC&PROD_ROVAULT&REV_#1384E684&0#{53F56307-B6BF-11D0-94F2-00A0C91EFB8B}""},{""Status"":""OK"",""Class"":""Volume"",""FriendlyName"":""Volume"",""InstanceId"":""STORAGE\\VOLUME\\_??_USBSTOR#DISK&VEN_SONY_MIC&PROD_ROVAULT&REV_#1384E684&0#{53F56307-B6BF-11D0-94F2-00A0C91EFB8B}""},{""Status"":""OK"",""Class"":""DiskDrive"",""FriendlyName"":""Sony Mic roVault USB Device"",""InstanceId"":""USBSTOR\\DISK&VEN_SONY_MIC&PROD_ROVAULT&REV_\\1384E684&0""},{""Status"":""OK"",""Class"":""USB"",""FriendlyName"":""Sony USB HiFD Drive"",""InstanceId"":""USB\\VID_054C&PID_0022\\1384E684""}]}",absent,absent,24.0,19.7,List of devices attached,
2026-09-30T04:07:51.776+00:00,2026-09-30T04:07:51.846+00:00,928.050,present,3823.4,"{""state"":""present"",""devices"":[{""Status"":""OK"",""Class"":""WPD"",""FriendlyName"":""THYME_DIAG"",""InstanceId"":""SWD\\WPDBUSENUM\\_??_USBSTOR#DISK&VEN_SONY_MIC&PROD_ROVAULT&REV_#1384E684&0#{53F56307-B6BF-11D0-94F2-00A0C91EFB8B}""},{""Status"":""OK"",""Class"":""Volume"",""FriendlyName"":""Volume"",""InstanceId"":""STORAGE\\VOLUME\\_??_USBSTOR#DISK&VEN_SONY_MIC&PROD_ROVAULT&REV_#1384E684&0#{53F56307-B6BF-11D0-94F2-00A0C91EFB8B}""},{""Status"":""OK"",""Class"":""DiskDrive"",""FriendlyName"":""Sony Mic roVault USB Device"",""InstanceId"":""USBSTOR\\DISK&VEN_SONY_MIC&PROD_ROVAULT&REV_\\1384E684&0""},{""Status"":""OK"",""Class"":""USB"",""FriendlyName"":""Sony USB HiFD Drive"",""InstanceId"":""USB\\VID_054C&PID_0022\\1384E684""}]}",absent,absent,36.3,33.2,List of devices attached,
2026-09-30T04:07:52.777+00:00,2026-09-30T04:07:52.824+00:00,929.028,present,3823.4,"{""state"":""present"",""devices"":[{""Status"":""OK"",""Class"":""WPD"",""FriendlyName"":""THYME_DIAG"",""InstanceId"":""SWD\\WPDBUSENUM\\_??_USBSTOR#DISK&VEN_SONY_MIC&PROD_ROVAULT&REV_#1384E684&0#{53F56307-B6BF-11D0-94F2-00A0C91EFB8B}""},{""Status"":""OK"",""Class"":""Volume"",""FriendlyName"":""Volume"",""InstanceId"":""STORAGE\\VOLUME\\_??_USBSTOR#DISK&VEN_SONY_MIC&PROD_ROVAULT&REV_#1384E684&0#{53F56307-B6BF-11D0-94F2-00A0C91EFB8B}""},{""Status"":""OK"",""Class"":""DiskDrive"",""FriendlyName"":""Sony Mic roVault USB Device"",""InstanceId"":""USBSTOR\\DISK&VEN_SONY_MIC&PROD_ROVAULT&REV_\\1384E684&0""},{""Status"":""OK"",""Class"":""USB"",""FriendlyName"":""Sony USB HiFD Drive"",""InstanceId"":""USB\\VID_054C&PID_0022\\1384E684""}]}",absent,absent,25.2,21.8,List of devices attached,
2026-09-30T04:07:53.777+00:00,2026-09-30T04:07:53.833+00:00,930.038,present,3823.4,"{""state"":""present"",""devices"":[{""Status"":""OK"",""Class"":""WPD"",""FriendlyName"":""THYME_DIAG"",""InstanceId"":""SWD\\WPDBUSENUM\\_??_USBSTOR#DISK&VEN_SONY_MIC&PROD_ROVAULT&REV_#1384E684&0#{53F56307-B6BF-11D0-94F2-00A0C91EFB8B}""},{""Status"":""OK"",""Class"":""Volume"",""FriendlyName"":""Volume"",""InstanceId"":""STORAGE\\VOLUME\\_??_USBSTOR#DISK&VEN_SONY_MIC&PROD_ROVAULT&REV_#1384E684&0#{53F56307-B6BF-11D0-94F2-00A0C91EFB8B}""},{""Status"":""OK"",""Class"":""DiskDrive"",""FriendlyName"":""Sony Mic roVault USB Device"",""InstanceId"":""USBSTOR\\DISK&VEN_SONY_MIC&PROD_ROVAULT&REV_\\1384E684&0""},{""Status"":""OK"",""Class"":""USB"",""FriendlyName"":""Sony USB HiFD Drive"",""InstanceId"":""USB\\VID_054C&PID_0022\\1384E684""}]}",absent,absent,35.1,21.3,List of devices attached,
2026-09-30T04:07:54.777+00:00,2026-09-30T04:07:54.821+00:00,931.025,present,3823.4,"{""state"":""present"",""devices"":[{""Status"":""OK"",""Class"":""WPD"",""FriendlyName"":""THYME_DIAG"",""InstanceId"":""SWD\\WPDBUSENUM\\_??_USBSTOR#DISK&VEN_SONY_MIC&PROD_ROVAULT&REV_#1384E684&0#{53F56307-B6BF-11D0-94F2-00A0C91EFB8B}""},{""Status"":""OK"",""Class"":""Volume"",""FriendlyName"":""Volume"",""InstanceId"":""STORAGE\\VOLUME\\_??_USBSTOR#DISK&VEN_SONY_MIC&PROD_ROVAULT&REV_#1384E684&0#{53F56307-B6BF-11D0-94F2-00A0C91EFB8B}""},{""Status"":""OK"",""Class"":""DiskDrive"",""FriendlyName"":""Sony Mic roVault USB Device"",""InstanceId"":""USBSTOR\\DISK&VEN_SONY_MIC&PROD_ROVAULT&REV_\\1384E684&0""},{""Status"":""OK"",""Class"":""USB"",""FriendlyName"":""Sony USB HiFD Drive"",""InstanceId"":""USB\\VID_054C&PID_0022\\1384E684""}]}",absent,absent,23.8,20.2,List of devices attached,
2026-09-30T04:07:55.777+00:00,2026-09-30T04:07:55.821+00:00,932.025,present,3740.3,"{""state"":""present"",""devices"":[{""Status"":""OK"",""Class"":""WPD"",""FriendlyName"":""THYME_DIAG"",""InstanceId"":""SWD\\WPDBUSENUM\\_??_USBSTOR#DISK&VEN_SONY_MIC&PROD_ROVAULT&REV_#1384E684&0#{53F56307-B6BF-11D0-94F2-00A0C91EFB8B}""},{""Status"":""OK"",""Class"":""Volume"",""FriendlyName"":""Volume"",""InstanceId"":""STORAGE\\VOLUME\\_??_USBSTOR#DISK&VEN_SONY_MIC&PROD_ROVAULT&REV_#1384E684&0#{53F56307-B6BF-11D0-94F2-00A0C91EFB8B}""},{""Status"":""OK"",""Class"":""DiskDrive"",""FriendlyName"":""Sony Mic roVault USB Device"",""InstanceId"":""USBSTOR\\DISK&VEN_SONY_MIC&PROD_ROVAULT&REV_\\1384E684&0""},{""Status"":""OK"",""Class"":""USB"",""FriendlyName"":""Sony USB HiFD Drive"",""InstanceId"":""USB\\VID_054C&PID_0022\\1384E684""}]}",absent,absent,23.5,19.4,List of devices attached,
2026-09-30T04:07:56.778+00:00,2026-09-30T04:07:56.821+00:00,933.025,present,3740.3,"{""state"":""present"",""devices"":[{""Status"":""OK"",""Class"":""WPD"",""FriendlyName"":""THYME_DIAG"",""InstanceId"":""SWD\\WPDBUSENUM\\_??_USBSTOR#DISK&VEN_SONY_MIC&PROD_ROVAULT&REV_#1384E684&0#{53F56307-B6BF-11D0-94F2-00A0C91EFB8B}""},{""Status"":""OK"",""Class"":""Volume"",""FriendlyName"":""Volume"",""InstanceId"":""STORAGE\\VOLUME\\_??_USBSTOR#DISK&VEN_SONY_MIC&PROD_ROVAULT&REV_#1384E684&0#{53F56307-B6BF-11D0-94F2-00A0C91EFB8B}""},{""Status"":""OK"",""Class"":""DiskDrive"",""FriendlyName"":""Sony Mic roVault USB Device"",""InstanceId"":""USBSTOR\\DISK&VEN_SONY_MIC&PROD_ROVAULT&REV_\\1384E684&0""},{""Status"":""OK"",""Class"":""USB"",""FriendlyName"":""Sony USB HiFD Drive"",""InstanceId"":""USB\\VID_054C&PID_0022\\1384E684""}]}",absent,absent,23.0,19.5,List of devices attached,
2026-09-30T04:07:57.779+00:00,2026-09-30T04:07:57.826+00:00,934.030,present,3740.3,"{""state"":""present"",""devices"":[{""Status"":""OK"",""Class"":""WPD"",""FriendlyName"":""THYME_DIAG"",""InstanceId"":""SWD\\WPDBUSENUM\\_??_USBSTOR#DISK&VEN_SONY_MIC&PROD_ROVAULT&REV_#1384E684&0#{53F56307-B6BF-11D0-94F2-00A0C91EFB8B}""},{""Status"":""OK"",""Class"":""Volume"",""FriendlyName"":""Volume"",""InstanceId"":""STORAGE\\VOLUME\\_??_USBSTOR#DISK&VEN_SONY_MIC&PROD_ROVAULT&REV_#1384E684&0#{53F56307-B6BF-11D0-94F2-00A0C91EFB8B}""},{""Status"":""OK"",""Class"":""DiskDrive"",""FriendlyName"":""Sony Mic roVault USB Device"",""InstanceId"":""USBSTOR\\DISK&VEN_SONY_MIC&PROD_ROVAULT&REV_\\1384E684&0""},{""Status"":""OK"",""Class"":""USB"",""FriendlyName"":""Sony USB HiFD Drive"",""InstanceId"":""USB\\VID_054C&PID_0022\\1384E684""}]}",absent,absent,25.0,22.1,List of devices attached,
2026-09-30T04:07:58.779+00:00,2026-09-30T04:07:58.834+00:00,935.038,present,3740.3,"{""state"":""present"",""devices"":[{""Status"":""OK"",""Class"":""WPD"",""FriendlyName"":""THYME_DIAG"",""InstanceId"":""SWD\\WPDBUSENUM\\_??_USBSTOR#DISK&VEN_SONY_MIC&PROD_ROVAULT&REV_#1384E684&0#{53F56307-B6BF-11D0-94F2-00A0C91EFB8B}""},{""Status"":""OK"",""Class"":""Volume"",""FriendlyName"":""Volume"",""InstanceId"":""STORAGE\\VOLUME\\_??_USBSTOR#DISK&VEN_SONY_MIC&PROD_ROVAULT&REV_#1384E684&0#{53F56307-B6BF-11D0-94F2-00A0C91EFB8B}""},{""Status"":""OK"",""Class"":""DiskDrive"",""FriendlyName"":""Sony Mic roVault USB Device"",""InstanceId"":""USBSTOR\\DISK&VEN_SONY_MIC&PROD_ROVAULT&REV_\\1384E684&0""},{""Status"":""OK"",""Class"":""USB"",""FriendlyName"":""Sony USB HiFD Drive"",""InstanceId"":""USB\\VID_054C&PID_0022\\1384E684""}]}",absent,absent,28.7,25.9,List of devices attached,
2026-09-30T04:07:59.779+00:00,2026-09-30T04:07:59.852+00:00,936.057,present,3847.1,"{""state"":""present"",""devices"":[{""Status"":""OK"",""Class"":""WPD"",""FriendlyName"":""THYME_DIAG"",""InstanceId"":""SWD\\WPDBUSENUM\\_??_USBSTOR#DISK&VEN_SONY_MIC&PROD_ROVAULT&REV_#1384E684&0#{53F56307-B6BF-11D0-94F2-00A0C91EFB8B}""},{""Status"":""OK"",""Class"":""Volume"",""FriendlyName"":""Volume"",""InstanceId"":""STORAGE\\VOLUME\\_??_USBSTOR#DISK&VEN_SONY_MIC&PROD_ROVAULT&REV_#1384E684&0#{53F56307-B6BF-11D0-94F2-00A0C91EFB8B}""},{""Status"":""OK"",""Class"":""DiskDrive"",""FriendlyName"":""Sony Mic roVault USB Device"",""InstanceId"":""USBSTOR\\DISK&VEN_SONY_MIC&PROD_ROVAULT&REV_\\1384E684&0""},{""Status"":""OK"",""Class"":""USB"",""FriendlyName"":""Sony USB HiFD Drive"",""InstanceId"":""USB\\VID_054C&PID_0022\\1384E684""}]}",absent,absent,36.9,35.7,List of devices attached,
2026-09-30T04:08:00.780+00:00,2026-09-30T04:08:00.827+00:00,937.031,present,3847.1,"{""state"":""present"",""devices"":[{""Status"":""OK"",""Class"":""WPD"",""FriendlyName"":""THYME_DIAG"",""InstanceId"":""SWD\\WPDBUSENUM\\_??_USBSTOR#DISK&VEN_SONY_MIC&PROD_ROVAULT&REV_#1384E684&0#{53F56307-B6BF-11D0-94F2-00A0C91EFB8B}""},{""Status"":""OK"",""Class"":""Volume"",""FriendlyName"":""Volume"",""InstanceId"":""STORAGE\\VOLUME\\_??_USBSTOR#DISK&VEN_SONY_MIC&PROD_ROVAULT&REV_#1384E684&0#{53F56307-B6BF-11D0-94F2-00A0C91EFB8B}""},{""Status"":""OK"",""Class"":""DiskDrive"",""FriendlyName"":""Sony Mic roVault USB Device"",""InstanceId"":""USBSTOR\\DISK&VEN_SONY_MIC&PROD_ROVAULT&REV_\\1384E684&0""},{""Status"":""OK"",""Class"":""USB"",""FriendlyName"":""Sony USB HiFD Drive"",""InstanceId"":""USB\\VID_054C&PID_0022\\1384E684""}]}",absent,absent,24.6,22.4,List of devices attached,
2026-09-30T04:08:01.780+00:00,2026-09-30T04:08:01.823+00:00,938.028,present,3847.1,"{""state"":""present"",""devices"":[{""Status"":""OK"",""Class"":""WPD"",""FriendlyName"":""THYME_DIAG"",""InstanceId"":""SWD\\WPDBUSENUM\\_??_USBSTOR#DISK&VEN_SONY_MIC&PROD_ROVAULT&REV_#1384E684&0#{53F56307-B6BF-11D0-94F2-00A0C91EFB8B}""},{""Status"":""OK"",""Class"":""Volume"",""FriendlyName"":""Volume"",""InstanceId"":""STORAGE\\VOLUME\\_??_USBSTOR#DISK&VEN_SONY_MIC&PROD_ROVAULT&REV_#1384E684&0#{53F56307-B6BF-11D0-94F2-00A0C91EFB8B}""},{""Status"":""OK"",""Class"":""DiskDrive"",""FriendlyName"":""Sony Mic roVault USB Device"",""InstanceId"":""USBSTOR\\DISK&VEN_SONY_MIC&PROD_ROVAULT&REV_\\1384E684&0""},{""Status"":""OK"",""Class"":""USB"",""FriendlyName"":""Sony USB HiFD Drive"",""InstanceId"":""USB\\VID_054C&PID_0022\\1384E684""}]}",absent,absent,23.8,19.4,List of devices attached,
2026-09-30T04:08:02.780+00:00,2026-09-30T04:08:02.826+00:00,939.030,present,3847.1,"{""state"":""present"",""devices"":[{""Status"":""OK"",""Class"":""WPD"",""FriendlyName"":""THYME_DIAG"",""InstanceId"":""SWD\\WPDBUSENUM\\_??_USBSTOR#DISK&VEN_SONY_MIC&PROD_ROVAULT&REV_#1384E684&0#{53F56307-B6BF-11D0-94F2-00A0C91EFB8B}""},{""Status"":""OK"",""Class"":""Volume"",""FriendlyName"":""Volume"",""InstanceId"":""STORAGE\\VOLUME\\_??_USBSTOR#DISK&VEN_SONY_MIC&PROD_ROVAULT&REV_#1384E684&0#{53F56307-B6BF-11D0-94F2-00A0C91EFB8B}""},{""Status"":""OK"",""Class"":""DiskDrive"",""FriendlyName"":""Sony Mic roVault USB Device"",""InstanceId"":""USBSTOR\\DISK&VEN_SONY_MIC&PROD_ROVAULT&REV_\\1384E684&0""},{""Status"":""OK"",""Class"":""USB"",""FriendlyName"":""Sony USB HiFD Drive"",""InstanceId"":""USB\\VID_054C&PID_0022\\1384E684""}]}",absent,absent,24.8,20.6,List of devices attached,
2026-09-30T04:08:03.781+00:00,2026-09-30T04:08:03.830+00:00,940.035,present,3932.8,"{""state"":""present"",""devices"":[{""Status"":""OK"",""Class"":""WPD"",""FriendlyName"":""THYME_DIAG"",""InstanceId"":""SWD\\WPDBUSENUM\\_??_USBSTOR#DISK&VEN_SONY_MIC&PROD_ROVAULT&REV_#1384E684&0#{53F56307-B6BF-11D0-94F2-00A0C91EFB8B}""},{""Status"":""OK"",""Class"":""Volume"",""FriendlyName"":""Volume"",""InstanceId"":""STORAGE\\VOLUME\\_??_USBSTOR#DISK&VEN_SONY_MIC&PROD_ROVAULT&REV_#1384E684&0#{53F56307-B6BF-11D0-94F2-00A0C91EFB8B}""},{""Status"":""OK"",""Class"":""DiskDrive"",""FriendlyName"":""Sony Mic roVault USB Device"",""InstanceId"":""USBSTOR\\DISK&VEN_SONY_MIC&PROD_ROVAULT&REV_\\1384E684&0""},{""Status"":""OK"",""Class"":""USB"",""FriendlyName"":""Sony USB HiFD Drive"",""InstanceId"":""USB\\VID_054C&PID_0022\\1384E684""}]}",absent,absent,24.6,24.9,List of devices attached,
2026-09-30T04:08:04.781+00:00,2026-09-30T04:08:04.828+00:00,941.032,present,3932.8,"{""state"":""present"",""devices"":[{""Status"":""OK"",""Class"":""WPD"",""FriendlyName"":""THYME_DIAG"",""InstanceId"":""SWD\\WPDBUSENUM\\_??_USBSTOR#DISK&VEN_SONY_MIC&PROD_ROVAULT&REV_#1384E684&0#{53F56307-B6BF-11D0-94F2-00A0C91EFB8B}""},{""Status"":""OK"",""Class"":""Volume"",""FriendlyName"":""Volume"",""InstanceId"":""STORAGE\\VOLUME\\_??_USBSTOR#DISK&VEN_SONY_MIC&PROD_ROVAULT&REV_#1384E684&0#{53F56307-B6BF-11D0-94F2-00A0C91EFB8B}""},{""Status"":""OK"",""Class"":""DiskDrive"",""FriendlyName"":""Sony Mic roVault USB Device"",""InstanceId"":""USBSTOR\\DISK&VEN_SONY_MIC&PROD_ROVAULT&REV_\\1384E684&0""},{""Status"":""OK"",""Class"":""USB"",""FriendlyName"":""Sony USB HiFD Drive"",""InstanceId"":""USB\\VID_054C&PID_0022\\1384E684""}]}",absent,absent,22.8,23.6,List of devices attached,
2026-09-30T04:08:05.782+00:00,2026-09-30T04:08:05.841+00:00,942.045,present,3932.8,"{""state"":""present"",""devices"":[{""Status"":""OK"",""Class"":""WPD"",""FriendlyName"":""THYME_DIAG"",""InstanceId"":""SWD\\WPDBUSENUM\\_??_USBSTOR#DISK&VEN_SONY_MIC&PROD_ROVAULT&REV_#1384E684&0#{53F56307-B6BF-11D0-94F2-00A0C91EFB8B}""},{""Status"":""OK"",""Class"":""Volume"",""FriendlyName"":""Volume"",""InstanceId"":""STORAGE\\VOLUME\\_??_USBSTOR#DISK&VEN_SONY_MIC&PROD_ROVAULT&REV_#1384E684&0#{53F56307-B6BF-11D0-94F2-00A0C91EFB8B}""},{""Status"":""OK"",""Class"":""DiskDrive"",""FriendlyName"":""Sony Mic roVault USB Device"",""InstanceId"":""USBSTOR\\DISK&VEN_SONY_MIC&PROD_ROVAULT&REV_\\1384E684&0""},{""Status"":""OK"",""Class"":""USB"",""FriendlyName"":""Sony USB HiFD Drive"",""InstanceId"":""USB\\VID_054C&PID_0022\\1384E684""}]}",absent,absent,23.8,35.2,List of devices attached,
2026-09-30T04:08:06.782+00:00,2026-09-30T04:08:06.825+00:00,943.030,present,3932.8,"{""state"":""present"",""devices"":[{""Status"":""OK"",""Class"":""WPD"",""FriendlyName"":""THYME_DIAG"",""InstanceId"":""SWD\\WPDBUSENUM\\_??_USBSTOR#DISK&VEN_SONY_MIC&PROD_ROVAULT&REV_#1384E684&0#{53F56307-B6BF-11D0-94F2-00A0C91EFB8B}""},{""Status"":""OK"",""Class"":""Volume"",""FriendlyName"":""Volume"",""InstanceId"":""STORAGE\\VOLUME\\_??_USBSTOR#DISK&VEN_SONY_MIC&PROD_ROVAULT&REV_#1384E684&0#{53F56307-B6BF-11D0-94F2-00A0C91EFB8B}""},{""Status"":""OK"",""Class"":""DiskDrive"",""FriendlyName"":""Sony Mic roVault USB Device"",""InstanceId"":""USBSTOR\\DISK&VEN_SONY_MIC&PROD_ROVAULT&REV_\\1384E684&0""},{""Status"":""OK"",""Class"":""USB"",""FriendlyName"":""Sony USB HiFD Drive"",""InstanceId"":""USB\\VID_054C&PID_0022\\1384E684""}]}",absent,absent,23.8,19.4,List of devices attached,
2026-09-30T04:08:07.782+00:00,2026-09-30T04:08:07.826+00:00,944.030,present,3932.8,"{""state"":""present"",""devices"":[{""Status"":""OK"",""Class"":""WPD"",""FriendlyName"":""THYME_DIAG"",""InstanceId"":""SWD\\WPDBUSENUM\\_??_USBSTOR#DISK&VEN_SONY_MIC&PROD_ROVAULT&REV_#1384E684&0#{53F56307-B6BF-11D0-94F2-00A0C91EFB8B}""},{""Status"":""OK"",""Class"":""Volume"",""FriendlyName"":""Volume"",""InstanceId"":""STORAGE\\VOLUME\\_??_USBSTOR#DISK&VEN_SONY_MIC&PROD_ROVAULT&REV_#1384E684&0#{53F56307-B6BF-11D0-94F2-00A0C91EFB8B}""},{""Status"":""OK"",""Class"":""DiskDrive"",""FriendlyName"":""Sony Mic roVault USB Device"",""InstanceId"":""USBSTOR\\DISK&VEN_SONY_MIC&PROD_ROVAULT&REV_\\1384E684&0""},{""Status"":""OK"",""Class"":""USB"",""FriendlyName"":""Sony USB HiFD Drive"",""InstanceId"":""USB\\VID_054C&PID_0022\\1384E684""}]}",absent,absent,23.0,20.5,List of devices attached,
2026-09-30T04:08:08.782+00:00,2026-09-30T04:08:08.828+00:00,945.033,present,4027.5,"{""state"":""present"",""devices"":[{""Status"":""OK"",""Class"":""WPD"",""FriendlyName"":""THYME_DIAG"",""InstanceId"":""SWD\\WPDBUSENUM\\_??_USBSTOR#DISK&VEN_SONY_MIC&PROD_ROVAULT&REV_#1384E684&0#{53F56307-B6BF-11D0-94F2-00A0C91EFB8B}""},{""Status"":""OK"",""Class"":""Volume"",""FriendlyName"":""Volume"",""InstanceId"":""STORAGE\\VOLUME\\_??_USBSTOR#DISK&VEN_SONY_MIC&PROD_ROVAULT&REV_#1384E684&0#{53F56307-B6BF-11D0-94F2-00A0C91EFB8B}""},{""Status"":""OK"",""Class"":""DiskDrive"",""FriendlyName"":""Sony Mic roVault USB Device"",""InstanceId"":""USBSTOR\\DISK&VEN_SONY_MIC&PROD_ROVAULT&REV_\\1384E684&0""},{""Status"":""OK"",""Class"":""USB"",""FriendlyName"":""Sony USB HiFD Drive"",""InstanceId"":""USB\\VID_054C&PID_0022\\1384E684""}]}",absent,absent,24.5,21.3,List of devices attached,
2026-09-30T04:08:09.783+00:00,2026-09-30T04:08:09.827+00:00,946.031,present,4027.5,"{""state"":""present"",""devices"":[{""Status"":""OK"",""Class"":""WPD"",""FriendlyName"":""THYME_DIAG"",""InstanceId"":""SWD\\WPDBUSENUM\\_??_USBSTOR#DISK&VEN_SONY_MIC&PROD_ROVAULT&REV_#1384E684&0#{53F56307-B6BF-11D0-94F2-00A0C91EFB8B}""},{""Status"":""OK"",""Class"":""Volume"",""FriendlyName"":""Volume"",""InstanceId"":""STORAGE\\VOLUME\\_??_USBSTOR#DISK&VEN_SONY_MIC&PROD_ROVAULT&REV_#1384E684&0#{53F56307-B6BF-11D0-94F2-00A0C91EFB8B}""},{""Status"":""OK"",""Class"":""DiskDrive"",""FriendlyName"":""Sony Mic roVault USB Device"",""InstanceId"":""USBSTOR\\DISK&VEN_SONY_MIC&PROD_ROVAULT&REV_\\1384E684&0""},{""Status"":""OK"",""Class"":""USB"",""FriendlyName"":""Sony USB HiFD Drive"",""InstanceId"":""USB\\VID_054C&PID_0022\\1384E684""}]}",absent,absent,23.8,20.5,List of devices attached,
2026-09-30T04:08:10.783+00:00,2026-09-30T04:08:10.825+00:00,947.030,present,4027.5,"{""state"":""present"",""devices"":[{""Status"":""OK"",""Class"":""WPD"",""FriendlyName"":""THYME_DIAG"",""InstanceId"":""SWD\\WPDBUSENUM\\_??_USBSTOR#DISK&VEN_SONY_MIC&PROD_ROVAULT&REV_#1384E684&0#{53F56307-B6BF-11D0-94F2-00A0C91EFB8B}""},{""Status"":""OK"",""Class"":""Volume"",""FriendlyName"":""Volume"",""InstanceId"":""STORAGE\\VOLUME\\_??_USBSTOR#DISK&VEN_SONY_MIC&PROD_ROVAULT&REV_#1384E684&0#{53F56307-B6BF-11D0-94F2-00A0C91EFB8B}""},{""Status"":""OK"",""Class"":""DiskDrive"",""FriendlyName"":""Sony Mic roVault USB Device"",""InstanceId"":""USBSTOR\\DISK&VEN_SONY_MIC&PROD_ROVAULT&REV_\\1384E684&0""},{""Status"":""OK"",""Class"":""USB"",""FriendlyName"":""Sony USB HiFD Drive"",""InstanceId"":""USB\\VID_054C&PID_0022\\1384E684""}]}",absent,absent,23.0,19.5,List of devices attached,
2026-09-30T04:08:11.783+00:00,2026-09-30T04:08:11.827+00:00,948.031,present,4027.5,"{""state"":""present"",""devices"":[{""Status"":""OK"",""Class"":""WPD"",""FriendlyName"":""THYME_DIAG"",""InstanceId"":""SWD\\WPDBUSENUM\\_??_USBSTOR#DISK&VEN_SONY_MIC&PROD_ROVAULT&REV_#1384E684&0#{53F56307-B6BF-11D0-94F2-00A0C91EFB8B}""},{""Status"":""OK"",""Class"":""Volume"",""FriendlyName"":""Volume"",""InstanceId"":""STORAGE\\VOLUME\\_??_USBSTOR#DISK&VEN_SONY_MIC&PROD_ROVAULT&REV_#1384E684&0#{53F56307-B6BF-11D0-94F2-00A0C91EFB8B}""},{""Status"":""OK"",""Class"":""DiskDrive"",""FriendlyName"":""Sony Mic roVault USB Device"",""InstanceId"":""USBSTOR\\DISK&VEN_SONY_MIC&PROD_ROVAULT&REV_\\1384E684&0""},{""Status"":""OK"",""Class"":""USB"",""FriendlyName"":""Sony USB HiFD Drive"",""InstanceId"":""USB\\VID_054C&PID_0022\\1384E684""}]}",absent,absent,24.8,19.3,List of devices attached,
2026-09-30T04:08:12.783+00:00,2026-09-30T04:08:12.825+00:00,949.029,present,3894.9,"{""state"":""present"",""devices"":[{""Status"":""OK"",""Class"":""WPD"",""FriendlyName"":""THYME_DIAG"",""InstanceId"":""SWD\\WPDBUSENUM\\_??_USBSTOR#DISK&VEN_SONY_MIC&PROD_ROVAULT&REV_#1384E684&0#{53F56307-B6BF-11D0-94F2-00A0C91EFB8B}""},{""Status"":""OK"",""Class"":""Volume"",""FriendlyName"":""Volume"",""InstanceId"":""STORAGE\\VOLUME\\_??_USBSTOR#DISK&VEN_SONY_MIC&PROD_ROVAULT&REV_#1384E684&0#{53F56307-B6BF-11D0-94F2-00A0C91EFB8B}""},{""Status"":""OK"",""Class"":""DiskDrive"",""FriendlyName"":""Sony Mic roVault USB Device"",""InstanceId"":""USBSTOR\\DISK&VEN_SONY_MIC&PROD_ROVAULT&REV_\\1384E684&0""},{""Status"":""OK"",""Class"":""USB"",""FriendlyName"":""Sony USB HiFD Drive"",""InstanceId"":""USB\\VID_054C&PID_0022\\1384E684""}]}",absent,absent,22.6,19.2,List of devices attached,
2026-09-30T04:08:13.783+00:00,2026-09-30T04:08:13.828+00:00,950.032,present,3894.9,"{""state"":""present"",""devices"":[{""Status"":""OK"",""Class"":""WPD"",""FriendlyName"":""THYME_DIAG"",""InstanceId"":""SWD\\WPDBUSENUM\\_??_USBSTOR#DISK&VEN_SONY_MIC&PROD_ROVAULT&REV_#1384E684&0#{53F56307-B6BF-11D0-94F2-00A0C91EFB8B}""},{""Status"":""OK"",""Class"":""Volume"",""FriendlyName"":""Volume"",""InstanceId"":""STORAGE\\VOLUME\\_??_USBSTOR#DISK&VEN_SONY_MIC&PROD_ROVAULT&REV_#1384E684&0#{53F56307-B6BF-11D0-94F2-00A0C91EFB8B}""},{""Status"":""OK"",""Class"":""DiskDrive"",""FriendlyName"":""Sony Mic roVault USB Device"",""InstanceId"":""USBSTOR\\DISK&VEN_SONY_MIC&PROD_ROVAULT&REV_\\1384E684&0""},{""Status"":""OK"",""Class"":""USB"",""FriendlyName"":""Sony USB HiFD Drive"",""InstanceId"":""USB\\VID_054C&PID_0022\\1384E684""}]}",absent,absent,24.1,19.9,List of devices attached,
2026-09-30T04:08:14.784+00:00,2026-09-30T04:08:14.828+00:00,951.033,present,3894.9,"{""state"":""present"",""devices"":[{""Status"":""OK"",""Class"":""WPD"",""FriendlyName"":""THYME_DIAG"",""InstanceId"":""SWD\\WPDBUSENUM\\_??_USBSTOR#DISK&VEN_SONY_MIC&PROD_ROVAULT&REV_#1384E684&0#{53F56307-B6BF-11D0-94F2-00A0C91EFB8B}""},{""Status"":""OK"",""Class"":""Volume"",""FriendlyName"":""Volume"",""InstanceId"":""STORAGE\\VOLUME\\_??_USBSTOR#DISK&VEN_SONY_MIC&PROD_ROVAULT&REV_#1384E684&0#{53F56307-B6BF-11D0-94F2-00A0C91EFB8B}""},{""Status"":""OK"",""Class"":""DiskDrive"",""FriendlyName"":""Sony Mic roVault USB Device"",""InstanceId"":""USBSTOR\\DISK&VEN_SONY_MIC&PROD_ROVAULT&REV_\\1384E684&0""},{""Status"":""OK"",""Class"":""USB"",""FriendlyName"":""Sony USB HiFD Drive"",""InstanceId"":""USB\\VID_054C&PID_0022\\1384E684""}]}",absent,absent,24.0,20.4,List of devices attached,
2026-09-30T04:08:15.784+00:00,2026-09-30T04:08:15.827+00:00,952.032,present,3894.9,"{""state"":""present"",""devices"":[{""Status"":""OK"",""Class"":""WPD"",""FriendlyName"":""THYME_DIAG"",""InstanceId"":""SWD\\WPDBUSENUM\\_??_USBSTOR#DISK&VEN_SONY_MIC&PROD_ROVAULT&REV_#1384E684&0#{53F56307-B6BF-11D0-94F2-00A0C91EFB8B}""},{""Status"":""OK"",""Class"":""Volume"",""FriendlyName"":""Volume"",""InstanceId"":""STORAGE\\VOLUME\\_??_USBSTOR#DISK&VEN_SONY_MIC&PROD_ROVAULT&REV_#1384E684&0#{53F56307-B6BF-11D0-94F2-00A0C91EFB8B}""},{""Status"":""OK"",""Class"":""DiskDrive"",""FriendlyName"":""Sony Mic roVault USB Device"",""InstanceId"":""USBSTOR\\DISK&VEN_SONY_MIC&PROD_ROVAULT&REV_\\1384E684&0""},{""Status"":""OK"",""Class"":""USB"",""FriendlyName"":""Sony USB HiFD Drive"",""InstanceId"":""USB\\VID_054C&PID_0022\\1384E684""}]}",absent,absent,22.6,20.3,List of devices attached,
2026-09-30T04:08:16.785+00:00,2026-09-30T04:08:16.829+00:00,953.033,present,3877.3,"{""state"":""present"",""devices"":[{""Status"":""OK"",""Class"":""WPD"",""FriendlyName"":""THYME_DIAG"",""InstanceId"":""SWD\\WPDBUSENUM\\_??_USBSTOR#DISK&VEN_SONY_MIC&PROD_ROVAULT&REV_#1384E684&0#{53F56307-B6BF-11D0-94F2-00A0C91EFB8B}""},{""Status"":""OK"",""Class"":""Volume"",""FriendlyName"":""Volume"",""InstanceId"":""STORAGE\\VOLUME\\_??_USBSTOR#DISK&VEN_SONY_MIC&PROD_ROVAULT&REV_#1384E684&0#{53F56307-B6BF-11D0-94F2-00A0C91EFB8B}""},{""Status"":""OK"",""Class"":""DiskDrive"",""FriendlyName"":""Sony Mic roVault USB Device"",""InstanceId"":""USBSTOR\\DISK&VEN_SONY_MIC&PROD_ROVAULT&REV_\\1384E684&0""},{""Status"":""OK"",""Class"":""USB"",""FriendlyName"":""Sony USB HiFD Drive"",""InstanceId"":""USB\\VID_054C&PID_0022\\1384E684""}]}",absent,absent,23.8,20.3,List of devices attached,
2026-09-30T04:08:17.785+00:00,2026-09-30T04:08:17.828+00:00,954.033,present,3877.3,"{""state"":""present"",""devices"":[{""Status"":""OK"",""Class"":""WPD"",""FriendlyName"":""THYME_DIAG"",""InstanceId"":""SWD\\WPDBUSENUM\\_??_USBSTOR#DISK&VEN_SONY_MIC&PROD_ROVAULT&REV_#1384E684&0#{53F56307-B6BF-11D0-94F2-00A0C91EFB8B}""},{""Status"":""OK"",""Class"":""Volume"",""FriendlyName"":""Volume"",""InstanceId"":""STORAGE\\VOLUME\\_??_USBSTOR#DISK&VEN_SONY_MIC&PROD_ROVAULT&REV_#1384E684&0#{53F56307-B6BF-11D0-94F2-00A0C91EFB8B}""},{""Status"":""OK"",""Class"":""DiskDrive"",""FriendlyName"":""Sony Mic roVault USB Device"",""InstanceId"":""USBSTOR\\DISK&VEN_SONY_MIC&PROD_ROVAULT&REV_\\1384E684&0""},{""Status"":""OK"",""Class"":""USB"",""FriendlyName"":""Sony USB HiFD Drive"",""InstanceId"":""USB\\VID_054C&PID_0022\\1384E684""}]}",absent,absent,23.1,20.0,List of devices attached,
2026-09-30T04:08:18.785+00:00,2026-09-30T04:08:18.829+00:00,955.034,present,3877.3,"{""state"":""present"",""devices"":[{""Status"":""OK"",""Class"":""WPD"",""FriendlyName"":""THYME_DIAG"",""InstanceId"":""SWD\\WPDBUSENUM\\_??_USBSTOR#DISK&VEN_SONY_MIC&PROD_ROVAULT&REV_#1384E684&0#{53F56307-B6BF-11D0-94F2-00A0C91EFB8B}""},{""Status"":""OK"",""Class"":""Volume"",""FriendlyName"":""Volume"",""InstanceId"":""STORAGE\\VOLUME\\_??_USBSTOR#DISK&VEN_SONY_MIC&PROD_ROVAULT&REV_#1384E684&0#{53F56307-B6BF-11D0-94F2-00A0C91EFB8B}""},{""Status"":""OK"",""Class"":""DiskDrive"",""FriendlyName"":""Sony Mic roVault USB Device"",""InstanceId"":""USBSTOR\\DISK&VEN_SONY_MIC&PROD_ROVAULT&REV_\\1384E684&0""},{""Status"":""OK"",""Class"":""USB"",""FriendlyName"":""Sony USB HiFD Drive"",""InstanceId"":""USB\\VID_054C&PID_0022\\1384E684""}]}",absent,absent,24.2,20.1,List of devices attached,
2026-09-30T04:08:19.785+00:00,2026-09-30T04:08:19.830+00:00,956.034,present,3877.3,"{""state"":""present"",""devices"":[{""Status"":""OK"",""Class"":""WPD"",""FriendlyName"":""THYME_DIAG"",""InstanceId"":""SWD\\WPDBUSENUM\\_??_USBSTOR#DISK&VEN_SONY_MIC&PROD_ROVAULT&REV_#1384E684&0#{53F56307-B6BF-11D0-94F2-00A0C91EFB8B}""},{""Status"":""OK"",""Class"":""Volume"",""FriendlyName"":""Volume"",""InstanceId"":""STORAGE\\VOLUME\\_??_USBSTOR#DISK&VEN_SONY_MIC&PROD_ROVAULT&REV_#1384E684&0#{53F56307-B6BF-11D0-94F2-00A0C91EFB8B}""},{""Status"":""OK"",""Class"":""DiskDrive"",""FriendlyName"":""Sony Mic roVault USB Device"",""InstanceId"":""USBSTOR\\DISK&VEN_SONY_MIC&PROD_ROVAULT&REV_\\1384E684&0""},{""Status"":""OK"",""Class"":""USB"",""FriendlyName"":""Sony USB HiFD Drive"",""InstanceId"":""USB\\VID_054C&PID_0022\\1384E684""}]}",absent,absent,23.8,20.4,List of devices attached,
2026-09-30T04:08:20.786+00:00,2026-09-30T04:08:20.834+00:00,957.038,present,3891.7,"{""state"":""present"",""devices"":[{""Status"":""OK"",""Class"":""WPD"",""FriendlyName"":""THYME_DIAG"",""InstanceId"":""SWD\\WPDBUSENUM\\_??_USBSTOR#DISK&VEN_SONY_MIC&PROD_ROVAULT&REV_#1384E684&0#{53F56307-B6BF-11D0-94F2-00A0C91EFB8B}""},{""Status"":""OK"",""Class"":""Volume"",""FriendlyName"":""Volume"",""InstanceId"":""STORAGE\\VOLUME\\_??_USBSTOR#DISK&VEN_SONY_MIC&PROD_ROVAULT&REV_#1384E684&0#{53F56307-B6BF-11D0-94F2-00A0C91EFB8B}""},{""Status"":""OK"",""Class"":""DiskDrive"",""FriendlyName"":""Sony Mic roVault USB Device"",""InstanceId"":""USBSTOR\\DISK&VEN_SONY_MIC&PROD_ROVAULT&REV_\\1384E684&0""},{""Status"":""OK"",""Class"":""USB"",""FriendlyName"":""Sony USB HiFD Drive"",""InstanceId"":""USB\\VID_054C&PID_0022\\1384E684""}]}",absent,absent,26.7,21.3,List of devices attached,
2026-09-30T04:08:21.786+00:00,2026-09-30T04:08:21.829+00:00,958.034,present,3891.7,"{""state"":""present"",""devices"":[{""Status"":""OK"",""Class"":""WPD"",""FriendlyName"":""THYME_DIAG"",""InstanceId"":""SWD\\WPDBUSENUM\\_??_USBSTOR#DISK&VEN_SONY_MIC&PROD_ROVAULT&REV_#1384E684&0#{53F56307-B6BF-11D0-94F2-00A0C91EFB8B}""},{""Status"":""OK"",""Class"":""Volume"",""FriendlyName"":""Volume"",""InstanceId"":""STORAGE\\VOLUME\\_??_USBSTOR#DISK&VEN_SONY_MIC&PROD_ROVAULT&REV_#1384E684&0#{53F56307-B6BF-11D0-94F2-00A0C91EFB8B}""},{""Status"":""OK"",""Class"":""DiskDrive"",""FriendlyName"":""Sony Mic roVault USB Device"",""InstanceId"":""USBSTOR\\DISK&VEN_SONY_MIC&PROD_ROVAULT&REV_\\1384E684&0""},{""Status"":""OK"",""Class"":""USB"",""FriendlyName"":""Sony USB HiFD Drive"",""InstanceId"":""USB\\VID_054C&PID_0022\\1384E684""}]}",absent,absent,23.8,19.8,List of devices attached,
2026-09-30T04:08:22.786+00:00,2026-09-30T04:08:22.829+00:00,959.033,present,3891.7,"{""state"":""present"",""devices"":[{""Status"":""OK"",""Class"":""WPD"",""FriendlyName"":""THYME_DIAG"",""InstanceId"":""SWD\\WPDBUSENUM\\_??_USBSTOR#DISK&VEN_SONY_MIC&PROD_ROVAULT&REV_#1384E684&0#{53F56307-B6BF-11D0-94F2-00A0C91EFB8B}""},{""Status"":""OK"",""Class"":""Volume"",""FriendlyName"":""Volume"",""InstanceId"":""STORAGE\\VOLUME\\_??_USBSTOR#DISK&VEN_SONY_MIC&PROD_ROVAULT&REV_#1384E684&0#{53F56307-B6BF-11D0-94F2-00A0C91EFB8B}""},{""Status"":""OK"",""Class"":""DiskDrive"",""FriendlyName"":""Sony Mic roVault USB Device"",""InstanceId"":""USBSTOR\\DISK&VEN_SONY_MIC&PROD_ROVAULT&REV_\\1384E684&0""},{""Status"":""OK"",""Class"":""USB"",""FriendlyName"":""Sony USB HiFD Drive"",""InstanceId"":""USB\\VID_054C&PID_0022\\1384E684""}]}",absent,absent,22.7,20.5,List of devices attached,
2026-09-30T04:08:23.786+00:00,2026-09-30T04:08:23.830+00:00,960.034,present,3891.7,"{""state"":""present"",""devices"":[{""Status"":""OK"",""Class"":""WPD"",""FriendlyName"":""THYME_DIAG"",""InstanceId"":""SWD\\WPDBUSENUM\\_??_USBSTOR#DISK&VEN_SONY_MIC&PROD_ROVAULT&REV_#1384E684&0#{53F56307-B6BF-11D0-94F2-00A0C91EFB8B}""},{""Status"":""OK"",""Class"":""Volume"",""FriendlyName"":""Volume"",""InstanceId"":""STORAGE\\VOLUME\\_??_USBSTOR#DISK&VEN_SONY_MIC&PROD_ROVAULT&REV_#1384E684&0#{53F56307-B6BF-11D0-94F2-00A0C91EFB8B}""},{""Status"":""OK"",""Class"":""DiskDrive"",""FriendlyName"":""Sony Mic roVault USB Device"",""InstanceId"":""USBSTOR\\DISK&VEN_SONY_MIC&PROD_ROVAULT&REV_\\1384E684&0""},{""Status"":""OK"",""Class"":""USB"",""FriendlyName"":""Sony USB HiFD Drive"",""InstanceId"":""USB\\VID_054C&PID_0022\\1384E684""}]}",absent,absent,22.6,20.9,List of devices attached,
2026-09-30T04:08:24.787+00:00,2026-09-30T04:08:24.831+00:00,961.036,present,3890.1,"{""state"":""present"",""devices"":[{""Status"":""OK"",""Class"":""WPD"",""FriendlyName"":""THYME_DIAG"",""InstanceId"":""SWD\\WPDBUSENUM\\_??_USBSTOR#DISK&VEN_SONY_MIC&PROD_ROVAULT&REV_#1384E684&0#{53F56307-B6BF-11D0-94F2-00A0C91EFB8B}""},{""Status"":""OK"",""Class"":""Volume"",""FriendlyName"":""Volume"",""InstanceId"":""STORAGE\\VOLUME\\_??_USBSTOR#DISK&VEN_SONY_MIC&PROD_ROVAULT&REV_#1384E684&0#{53F56307-B6BF-11D0-94F2-00A0C91EFB8B}""},{""Status"":""OK"",""Class"":""DiskDrive"",""FriendlyName"":""Sony Mic roVault USB Device"",""InstanceId"":""USBSTOR\\DISK&VEN_SONY_MIC&PROD_ROVAULT&REV_\\1384E684&0""},{""Status"":""OK"",""Class"":""USB"",""FriendlyName"":""Sony USB HiFD Drive"",""InstanceId"":""USB\\VID_054C&PID_0022\\1384E684""}]}",absent,absent,24.4,20.2,List of devices attached,
2026-09-30T04:08:25.787+00:00,2026-09-30T04:08:25.834+00:00,962.038,present,3890.1,"{""state"":""present"",""devices"":[{""Status"":""OK"",""Class"":""WPD"",""FriendlyName"":""THYME_DIAG"",""InstanceId"":""SWD\\WPDBUSENUM\\_??_USBSTOR#DISK&VEN_SONY_MIC&PROD_ROVAULT&REV_#1384E684&0#{53F56307-B6BF-11D0-94F2-00A0C91EFB8B}""},{""Status"":""OK"",""Class"":""Volume"",""FriendlyName"":""Volume"",""InstanceId"":""STORAGE\\VOLUME\\_??_USBSTOR#DISK&VEN_SONY_MIC&PROD_ROVAULT&REV_#1384E684&0#{53F56307-B6BF-11D0-94F2-00A0C91EFB8B}""},{""Status"":""OK"",""Class"":""DiskDrive"",""FriendlyName"":""Sony Mic roVault USB Device"",""InstanceId"":""USBSTOR\\DISK&VEN_SONY_MIC&PROD_ROVAULT&REV_\\1384E684&0""},{""Status"":""OK"",""Class"":""USB"",""FriendlyName"":""Sony USB HiFD Drive"",""InstanceId"":""USB\\VID_054C&PID_0022\\1384E684""}]}",absent,absent,25.1,21.6,List of devices attached,
2026-09-30T04:08:26.787+00:00,2026-09-30T04:08:26.835+00:00,963.039,present,3890.1,"{""state"":""present"",""devices"":[{""Status"":""OK"",""Class"":""WPD"",""FriendlyName"":""THYME_DIAG"",""InstanceId"":""SWD\\WPDBUSENUM\\_??_USBSTOR#DISK&VEN_SONY_MIC&PROD_ROVAULT&REV_#1384E684&0#{53F56307-B6BF-11D0-94F2-00A0C91EFB8B}""},{""Status"":""OK"",""Class"":""Volume"",""FriendlyName"":""Volume"",""InstanceId"":""STORAGE\\VOLUME\\_??_USBSTOR#DISK&VEN_SONY_MIC&PROD_ROVAULT&REV_#1384E684&0#{53F56307-B6BF-11D0-94F2-00A0C91EFB8B}""},{""Status"":""OK"",""Class"":""DiskDrive"",""FriendlyName"":""Sony Mic roVault USB Device"",""InstanceId"":""USBSTOR\\DISK&VEN_SONY_MIC&PROD_ROVAULT&REV_\\1384E684&0""},{""Status"":""OK"",""Class"":""USB"",""FriendlyName"":""Sony USB HiFD Drive"",""InstanceId"":""USB\\VID_054C&PID_0022\\1384E684""}]}",absent,absent,25.5,21.6,List of devices attached,
2026-09-30T04:08:27.788+00:00,2026-09-30T04:08:27.833+00:00,964.038,present,3890.1,"{""state"":""present"",""devices"":[{""Status"":""OK"",""Class"":""WPD"",""FriendlyName"":""THYME_DIAG"",""InstanceId"":""SWD\\WPDBUSENUM\\_??_USBSTOR#DISK&VEN_SONY_MIC&PROD_ROVAULT&REV_#1384E684&0#{53F56307-B6BF-11D0-94F2-00A0C91EFB8B}""},{""Status"":""OK"",""Class"":""Volume"",""FriendlyName"":""Volume"",""InstanceId"":""STORAGE\\VOLUME\\_??_USBSTOR#DISK&VEN_SONY_MIC&PROD_ROVAULT&REV_#1384E684&0#{53F56307-B6BF-11D0-94F2-00A0C91EFB8B}""},{""Status"":""OK"",""Class"":""DiskDrive"",""FriendlyName"":""Sony Mic roVault USB Device"",""InstanceId"":""USBSTOR\\DISK&VEN_SONY_MIC&PROD_ROVAULT&REV_\\1384E684&0""},{""Status"":""OK"",""Class"":""USB"",""FriendlyName"":""Sony USB HiFD Drive"",""InstanceId"":""USB\\VID_054C&PID_0022\\1384E684""}]}",absent,absent,25.0,20.5,List of devices attached,
2026-09-30T04:08:28.788+00:00,2026-09-30T04:08:28.834+00:00,965.038,present,3747.6,"{""state"":""present"",""devices"":[{""Status"":""OK"",""Class"":""WPD"",""FriendlyName"":""THYME_DIAG"",""InstanceId"":""SWD\\WPDBUSENUM\\_??_USBSTOR#DISK&VEN_SONY_MIC&PROD_ROVAULT&REV_#1384E684&0#{53F56307-B6BF-11D0-94F2-00A0C91EFB8B}""},{""Status"":""OK"",""Class"":""Volume"",""FriendlyName"":""Volume"",""InstanceId"":""STORAGE\\VOLUME\\_??_USBSTOR#DISK&VEN_SONY_MIC&PROD_ROVAULT&REV_#1384E684&0#{53F56307-B6BF-11D0-94F2-00A0C91EFB8B}""},{""Status"":""OK"",""Class"":""DiskDrive"",""FriendlyName"":""Sony Mic roVault USB Device"",""InstanceId"":""USBSTOR\\DISK&VEN_SONY_MIC&PROD_ROVAULT&REV_\\1384E684&0""},{""Status"":""OK"",""Class"":""USB"",""FriendlyName"":""Sony USB HiFD Drive"",""InstanceId"":""USB\\VID_054C&PID_0022\\1384E684""}]}",absent,absent,24.2,21.3,List of devices attached,
2026-09-30T04:08:29.788+00:00,2026-09-30T04:08:29.851+00:00,966.055,present,3747.6,"{""state"":""present"",""devices"":[{""Status"":""OK"",""Class"":""WPD"",""FriendlyName"":""THYME_DIAG"",""InstanceId"":""SWD\\WPDBUSENUM\\_??_USBSTOR#DISK&VEN_SONY_MIC&PROD_ROVAULT&REV_#1384E684&0#{53F56307-B6BF-11D0-94F2-00A0C91EFB8B}""},{""Status"":""OK"",""Class"":""Volume"",""FriendlyName"":""Volume"",""InstanceId"":""STORAGE\\VOLUME\\_??_USBSTOR#DISK&VEN_SONY_MIC&PROD_ROVAULT&REV_#1384E684&0#{53F56307-B6BF-11D0-94F2-00A0C91EFB8B}""},{""Status"":""OK"",""Class"":""DiskDrive"",""FriendlyName"":""Sony Mic roVault USB Device"",""InstanceId"":""USBSTOR\\DISK&VEN_SONY_MIC&PROD_ROVAULT&REV_\\1384E684&0""},{""Status"":""OK"",""Class"":""USB"",""FriendlyName"":""Sony USB HiFD Drive"",""InstanceId"":""USB\\VID_054C&PID_0022\\1384E684""}]}",absent,absent,39.8,22.7,List of devices attached,
2026-09-30T04:08:30.789+00:00,2026-09-30T04:08:30.837+00:00,967.041,present,3747.6,"{""state"":""present"",""devices"":[{""Status"":""OK"",""Class"":""WPD"",""FriendlyName"":""THYME_DIAG"",""InstanceId"":""SWD\\WPDBUSENUM\\_??_USBSTOR#DISK&VEN_SONY_MIC&PROD_ROVAULT&REV_#1384E684&0#{53F56307-B6BF-11D0-94F2-00A0C91EFB8B}""},{""Status"":""OK"",""Class"":""Volume"",""FriendlyName"":""Volume"",""InstanceId"":""STORAGE\\VOLUME\\_??_USBSTOR#DISK&VEN_SONY_MIC&PROD_ROVAULT&REV_#1384E684&0#{53F56307-B6BF-11D0-94F2-00A0C91EFB8B}""},{""Status"":""OK"",""Class"":""DiskDrive"",""FriendlyName"":""Sony Mic roVault USB Device"",""InstanceId"":""USBSTOR\\DISK&VEN_SONY_MIC&PROD_ROVAULT&REV_\\1384E684&0""},{""Status"":""OK"",""Class"":""USB"",""FriendlyName"":""Sony USB HiFD Drive"",""InstanceId"":""USB\\VID_054C&PID_0022\\1384E684""}]}",absent,absent,25.1,23.0,List of devices attached,
2026-09-30T04:08:31.789+00:00,2026-09-30T04:08:31.849+00:00,968.054,present,3747.6,"{""state"":""present"",""devices"":[{""Status"":""OK"",""Class"":""WPD"",""FriendlyName"":""THYME_DIAG"",""InstanceId"":""SWD\\WPDBUSENUM\\_??_USBSTOR#DISK&VEN_SONY_MIC&PROD_ROVAULT&REV_#1384E684&0#{53F56307-B6BF-11D0-94F2-00A0C91EFB8B}""},{""Status"":""OK"",""Class"":""Volume"",""FriendlyName"":""Volume"",""InstanceId"":""STORAGE\\VOLUME\\_??_USBSTOR#DISK&VEN_SONY_MIC&PROD_ROVAULT&REV_#1384E684&0#{53F56307-B6BF-11D0-94F2-00A0C91EFB8B}""},{""Status"":""OK"",""Class"":""DiskDrive"",""FriendlyName"":""Sony Mic roVault USB Device"",""InstanceId"":""USBSTOR\\DISK&VEN_SONY_MIC&PROD_ROVAULT&REV_\\1384E684&0""},{""Status"":""OK"",""Class"":""USB"",""FriendlyName"":""Sony USB HiFD Drive"",""InstanceId"":""USB\\VID_054C&PID_0022\\1384E684""}]}",absent,absent,25.0,34.8,List of devices attached,
2026-09-30T04:08:32.789+00:00,2026-09-30T04:08:32.836+00:00,969.040,present,3591.5,"{""state"":""present"",""devices"":[{""Status"":""OK"",""Class"":""WPD"",""FriendlyName"":""THYME_DIAG"",""InstanceId"":""SWD\\WPDBUSENUM\\_??_USBSTOR#DISK&VEN_SONY_MIC&PROD_ROVAULT&REV_#1384E684&0#{53F56307-B6BF-11D0-94F2-00A0C91EFB8B}""},{""Status"":""OK"",""Class"":""Volume"",""FriendlyName"":""Volume"",""InstanceId"":""STORAGE\\VOLUME\\_??_USBSTOR#DISK&VEN_SONY_MIC&PROD_ROVAULT&REV_#1384E684&0#{53F56307-B6BF-11D0-94F2-00A0C91EFB8B}""},{""Status"":""OK"",""Class"":""DiskDrive"",""FriendlyName"":""Sony Mic roVault USB Device"",""InstanceId"":""USBSTOR\\DISK&VEN_SONY_MIC&PROD_ROVAULT&REV_\\1384E684&0""},{""Status"":""OK"",""Class"":""USB"",""FriendlyName"":""Sony USB HiFD Drive"",""InstanceId"":""USB\\VID_054C&PID_0022\\1384E684""}]}",absent,absent,24.9,21.4,List of devices attached,
2026-09-30T04:08:33.790+00:00,2026-09-30T04:08:33.836+00:00,970.041,present,3591.5,"{""state"":""present"",""devices"":[{""Status"":""OK"",""Class"":""WPD"",""FriendlyName"":""THYME_DIAG"",""InstanceId"":""SWD\\WPDBUSENUM\\_??_USBSTOR#DISK&VEN_SONY_MIC&PROD_ROVAULT&REV_#1384E684&0#{53F56307-B6BF-11D0-94F2-00A0C91EFB8B}""},{""Status"":""OK"",""Class"":""Volume"",""FriendlyName"":""Volume"",""InstanceId"":""STORAGE\\VOLUME\\_??_USBSTOR#DISK&VEN_SONY_MIC&PROD_ROVAULT&REV_#1384E684&0#{53F56307-B6BF-11D0-94F2-00A0C91EFB8B}""},{""Status"":""OK"",""Class"":""DiskDrive"",""FriendlyName"":""Sony Mic roVault USB Device"",""InstanceId"":""USBSTOR\\DISK&VEN_SONY_MIC&PROD_ROVAULT&REV_\\1384E684&0""},{""Status"":""OK"",""Class"":""USB"",""FriendlyName"":""Sony USB HiFD Drive"",""InstanceId"":""USB\\VID_054C&PID_0022\\1384E684""}]}",absent,absent,24.6,21.9,List of devices attached,
2026-09-30T04:08:34.790+00:00,2026-09-30T04:08:34.835+00:00,971.039,present,3591.5,"{""state"":""present"",""devices"":[{""Status"":""OK"",""Class"":""WPD"",""FriendlyName"":""THYME_DIAG"",""InstanceId"":""SWD\\WPDBUSENUM\\_??_USBSTOR#DISK&VEN_SONY_MIC&PROD_ROVAULT&REV_#1384E684&0#{53F56307-B6BF-11D0-94F2-00A0C91EFB8B}""},{""Status"":""OK"",""Class"":""Volume"",""FriendlyName"":""Volume"",""InstanceId"":""STORAGE\\VOLUME\\_??_USBSTOR#DISK&VEN_SONY_MIC&PROD_ROVAULT&REV_#1384E684&0#{53F56307-B6BF-11D0-94F2-00A0C91EFB8B}""},{""Status"":""OK"",""Class"":""DiskDrive"",""FriendlyName"":""Sony Mic roVault USB Device"",""InstanceId"":""USBSTOR\\DISK&VEN_SONY_MIC&PROD_ROVAULT&REV_\\1384E684&0""},{""Status"":""OK"",""Class"":""USB"",""FriendlyName"":""Sony USB HiFD Drive"",""InstanceId"":""USB\\VID_054C&PID_0022\\1384E684""}]}",absent,absent,24.3,20.4,List of devices attached,
2026-09-30T04:08:35.790+00:00,2026-09-30T04:08:35.835+00:00,972.039,present,3591.5,"{""state"":""present"",""devices"":[{""Status"":""OK"",""Class"":""WPD"",""FriendlyName"":""THYME_DIAG"",""InstanceId"":""SWD\\WPDBUSENUM\\_??_USBSTOR#DISK&VEN_SONY_MIC&PROD_ROVAULT&REV_#1384E684&0#{53F56307-B6BF-11D0-94F2-00A0C91EFB8B}""},{""Status"":""OK"",""Class"":""Volume"",""FriendlyName"":""Volume"",""InstanceId"":""STORAGE\\VOLUME\\_??_USBSTOR#DISK&VEN_SONY_MIC&PROD_ROVAULT&REV_#1384E684&0#{53F56307-B6BF-11D0-94F2-00A0C91EFB8B}""},{""Status"":""OK"",""Class"":""DiskDrive"",""FriendlyName"":""Sony Mic roVault USB Device"",""InstanceId"":""USBSTOR\\DISK&VEN_SONY_MIC&PROD_ROVAULT&REV_\\1384E684&0""},{""Status"":""OK"",""Class"":""USB"",""FriendlyName"":""Sony USB HiFD Drive"",""InstanceId"":""USB\\VID_054C&PID_0022\\1384E684""}]}",absent,absent,24.3,20.4,List of devices attached,
2026-09-30T04:08:36.790+00:00,2026-09-30T04:08:36.851+00:00,973.055,present,3824.9,"{""state"":""present"",""devices"":[{""Status"":""OK"",""Class"":""WPD"",""FriendlyName"":""THYME_DIAG"",""InstanceId"":""SWD\\WPDBUSENUM\\_??_USBSTOR#DISK&VEN_SONY_MIC&PROD_ROVAULT&REV_#1384E684&0#{53F56307-B6BF-11D0-94F2-00A0C91EFB8B}""},{""Status"":""OK"",""Class"":""Volume"",""FriendlyName"":""Volume"",""InstanceId"":""STORAGE\\VOLUME\\_??_USBSTOR#DISK&VEN_SONY_MIC&PROD_ROVAULT&REV_#1384E684&0#{53F56307-B6BF-11D0-94F2-00A0C91EFB8B}""},{""Status"":""OK"",""Class"":""DiskDrive"",""FriendlyName"":""Sony Mic roVault USB Device"",""InstanceId"":""USBSTOR\\DISK&VEN_SONY_MIC&PROD_ROVAULT&REV_\\1384E684&0""},{""Status"":""OK"",""Class"":""USB"",""FriendlyName"":""Sony USB HiFD Drive"",""InstanceId"":""USB\\VID_054C&PID_0022\\1384E684""}]}",absent,absent,29.0,31.2,List of devices attached,
2026-09-30T04:08:37.791+00:00,2026-09-30T04:08:37.834+00:00,974.039,present,3824.9,"{""state"":""present"",""devices"":[{""Status"":""OK"",""Class"":""WPD"",""FriendlyName"":""THYME_DIAG"",""InstanceId"":""SWD\\WPDBUSENUM\\_??_USBSTOR#DISK&VEN_SONY_MIC&PROD_ROVAULT&REV_#1384E684&0#{53F56307-B6BF-11D0-94F2-00A0C91EFB8B}""},{""Status"":""OK"",""Class"":""Volume"",""FriendlyName"":""Volume"",""InstanceId"":""STORAGE\\VOLUME\\_??_USBSTOR#DISK&VEN_SONY_MIC&PROD_ROVAULT&REV_#1384E684&0#{53F56307-B6BF-11D0-94F2-00A0C91EFB8B}""},{""Status"":""OK"",""Class"":""DiskDrive"",""FriendlyName"":""Sony Mic roVault USB Device"",""InstanceId"":""USBSTOR\\DISK&VEN_SONY_MIC&PROD_ROVAULT&REV_\\1384E684&0""},{""Status"":""OK"",""Class"":""USB"",""FriendlyName"":""Sony USB HiFD Drive"",""InstanceId"":""USB\\VID_054C&PID_0022\\1384E684""}]}",absent,absent,23.1,20.6,List of devices attached,
2026-09-30T04:08:38.791+00:00,2026-09-30T04:08:38.833+00:00,975.037,present,3824.9,"{""state"":""present"",""devices"":[{""Status"":""OK"",""Class"":""WPD"",""FriendlyName"":""THYME_DIAG"",""InstanceId"":""SWD\\WPDBUSENUM\\_??_USBSTOR#DISK&VEN_SONY_MIC&PROD_ROVAULT&REV_#1384E684&0#{53F56307-B6BF-11D0-94F2-00A0C91EFB8B}""},{""Status"":""OK"",""Class"":""Volume"",""FriendlyName"":""Volume"",""InstanceId"":""STORAGE\\VOLUME\\_??_USBSTOR#DISK&VEN_SONY_MIC&PROD_ROVAULT&REV_#1384E684&0#{53F56307-B6BF-11D0-94F2-00A0C91EFB8B}""},{""Status"":""OK"",""Class"":""DiskDrive"",""FriendlyName"":""Sony Mic roVault USB Device"",""InstanceId"":""USBSTOR\\DISK&VEN_SONY_MIC&PROD_ROVAULT&REV_\\1384E684&0""},{""Status"":""OK"",""Class"":""USB"",""FriendlyName"":""Sony USB HiFD Drive"",""InstanceId"":""USB\\VID_054C&PID_0022\\1384E684""}]}",absent,absent,22.3,19.4,List of devices attached,
2026-09-30T04:08:39.791+00:00,2026-09-30T04:08:39.834+00:00,976.039,present,3824.9,"{""state"":""present"",""devices"":[{""Status"":""OK"",""Class"":""WPD"",""FriendlyName"":""THYME_DIAG"",""InstanceId"":""SWD\\WPDBUSENUM\\_??_USBSTOR#DISK&VEN_SONY_MIC&PROD_ROVAULT&REV_#1384E684&0#{53F56307-B6BF-11D0-94F2-00A0C91EFB8B}""},{""Status"":""OK"",""Class"":""Volume"",""FriendlyName"":""Volume"",""InstanceId"":""STORAGE\\VOLUME\\_??_USBSTOR#DISK&VEN_SONY_MIC&PROD_ROVAULT&REV_#1384E684&0#{53F56307-B6BF-11D0-94F2-00A0C91EFB8B}""},{""Status"":""OK"",""Class"":""DiskDrive"",""FriendlyName"":""Sony Mic roVault USB Device"",""InstanceId"":""USBSTOR\\DISK&VEN_SONY_MIC&PROD_ROVAULT&REV_\\1384E684&0""},{""Status"":""OK"",""Class"":""USB"",""FriendlyName"":""Sony USB HiFD Drive"",""InstanceId"":""USB\\VID_054C&PID_0022\\1384E684""}]}",absent,absent,23.1,20.0,List of devices attached,
2026-09-30T04:08:40.792+00:00,2026-09-30T04:08:40.839+00:00,977.043,present,3910.8,"{""state"":""present"",""devices"":[{""Status"":""OK"",""Class"":""WPD"",""FriendlyName"":""THYME_DIAG"",""InstanceId"":""SWD\\WPDBUSENUM\\_??_USBSTOR#DISK&VEN_SONY_MIC&PROD_ROVAULT&REV_#1384E684&0#{53F56307-B6BF-11D0-94F2-00A0C91EFB8B}""},{""Status"":""OK"",""Class"":""Volume"",""FriendlyName"":""Volume"",""InstanceId"":""STORAGE\\VOLUME\\_??_USBSTOR#DISK&VEN_SONY_MIC&PROD_ROVAULT&REV_#1384E684&0#{53F56307-B6BF-11D0-94F2-00A0C91EFB8B}""},{""Status"":""OK"",""Class"":""DiskDrive"",""FriendlyName"":""Sony Mic roVault USB Device"",""InstanceId"":""USBSTOR\\DISK&VEN_SONY_MIC&PROD_ROVAULT&REV_\\1384E684&0""},{""Status"":""OK"",""Class"":""USB"",""FriendlyName"":""Sony USB HiFD Drive"",""InstanceId"":""USB\\VID_054C&PID_0022\\1384E684""}]}",absent,absent,25.1,21.9,List of devices attached,
2026-09-30T04:08:41.792+00:00,2026-09-30T04:08:41.835+00:00,978.040,present,3910.8,"{""state"":""present"",""devices"":[{""Status"":""OK"",""Class"":""WPD"",""FriendlyName"":""THYME_DIAG"",""InstanceId"":""SWD\\WPDBUSENUM\\_??_USBSTOR#DISK&VEN_SONY_MIC&PROD_ROVAULT&REV_#1384E684&0#{53F56307-B6BF-11D0-94F2-00A0C91EFB8B}""},{""Status"":""OK"",""Class"":""Volume"",""FriendlyName"":""Volume"",""InstanceId"":""STORAGE\\VOLUME\\_??_USBSTOR#DISK&VEN_SONY_MIC&PROD_ROVAULT&REV_#1384E684&0#{53F56307-B6BF-11D0-94F2-00A0C91EFB8B}""},{""Status"":""OK"",""Class"":""DiskDrive"",""FriendlyName"":""Sony Mic roVault USB Device"",""InstanceId"":""USBSTOR\\DISK&VEN_SONY_MIC&PROD_ROVAULT&REV_\\1384E684&0""},{""Status"":""OK"",""Class"":""USB"",""FriendlyName"":""Sony USB HiFD Drive"",""InstanceId"":""USB\\VID_054C&PID_0022\\1384E684""}]}",absent,absent,23.9,19.2,List of devices attached,
2026-09-30T04:08:42.792+00:00,2026-09-30T04:08:42.835+00:00,979.039,present,3910.8,"{""state"":""present"",""devices"":[{""Status"":""OK"",""Class"":""WPD"",""FriendlyName"":""THYME_DIAG"",""InstanceId"":""SWD\\WPDBUSENUM\\_??_USBSTOR#DISK&VEN_SONY_MIC&PROD_ROVAULT&REV_#1384E684&0#{53F56307-B6BF-11D0-94F2-00A0C91EFB8B}""},{""Status"":""OK"",""Class"":""Volume"",""FriendlyName"":""Volume"",""InstanceId"":""STORAGE\\VOLUME\\_??_USBSTOR#DISK&VEN_SONY_MIC&PROD_ROVAULT&REV_#1384E684&0#{53F56307-B6BF-11D0-94F2-00A0C91EFB8B}""},{""Status"":""OK"",""Class"":""DiskDrive"",""FriendlyName"":""Sony Mic roVault USB Device"",""InstanceId"":""USBSTOR\\DISK&VEN_SONY_MIC&PROD_ROVAULT&REV_\\1384E684&0""},{""Status"":""OK"",""Class"":""USB"",""FriendlyName"":""Sony USB HiFD Drive"",""InstanceId"":""USB\\VID_054C&PID_0022\\1384E684""}]}",absent,absent,22.5,20.2,List of devices attached,
2026-09-30T04:08:43.793+00:00,2026-09-30T04:08:43.837+00:00,980.041,present,3910.8,"{""state"":""present"",""devices"":[{""Status"":""OK"",""Class"":""WPD"",""FriendlyName"":""THYME_DIAG"",""InstanceId"":""SWD\\WPDBUSENUM\\_??_USBSTOR#DISK&VEN_SONY_MIC&PROD_ROVAULT&REV_#1384E684&0#{53F56307-B6BF-11D0-94F2-00A0C91EFB8B}""},{""Status"":""OK"",""Class"":""Volume"",""FriendlyName"":""Volume"",""InstanceId"":""STORAGE\\VOLUME\\_??_USBSTOR#DISK&VEN_SONY_MIC&PROD_ROVAULT&REV_#1384E684&0#{53F56307-B6BF-11D0-94F2-00A0C91EFB8B}""},{""Status"":""OK"",""Class"":""DiskDrive"",""FriendlyName"":""Sony Mic roVault USB Device"",""InstanceId"":""USBSTOR\\DISK&VEN_SONY_MIC&PROD_ROVAULT&REV_\\1384E684&0""},{""Status"":""OK"",""Class"":""USB"",""FriendlyName"":""Sony USB HiFD Drive"",""InstanceId"":""USB\\VID_054C&PID_0022\\1384E684""}]}",absent,absent,24.3,19.7,List of devices attached,
2026-09-30T04:08:44.793+00:00,2026-09-30T04:08:44.838+00:00,981.042,present,3931.1,"{""state"":""present"",""devices"":[{""Status"":""OK"",""Class"":""WPD"",""FriendlyName"":""THYME_DIAG"",""InstanceId"":""SWD\\WPDBUSENUM\\_??_USBSTOR#DISK&VEN_SONY_MIC&PROD_ROVAULT&REV_#1384E684&0#{53F56307-B6BF-11D0-94F2-00A0C91EFB8B}""},{""Status"":""OK"",""Class"":""Volume"",""FriendlyName"":""Volume"",""InstanceId"":""STORAGE\\VOLUME\\_??_USBSTOR#DISK&VEN_SONY_MIC&PROD_ROVAULT&REV_#1384E684&0#{53F56307-B6BF-11D0-94F2-00A0C91EFB8B}""},{""Status"":""OK"",""Class"":""DiskDrive"",""FriendlyName"":""Sony Mic roVault USB Device"",""InstanceId"":""USBSTOR\\DISK&VEN_SONY_MIC&PROD_ROVAULT&REV_\\1384E684&0""},{""Status"":""OK"",""Class"":""USB"",""FriendlyName"":""Sony USB HiFD Drive"",""InstanceId"":""USB\\VID_054C&PID_0022\\1384E684""}]}",absent,absent,23.8,20.9,List of devices attached,
2026-09-30T04:08:45.793+00:00,2026-09-30T04:08:45.836+00:00,982.041,present,3931.1,"{""state"":""present"",""devices"":[{""Status"":""OK"",""Class"":""WPD"",""FriendlyName"":""THYME_DIAG"",""InstanceId"":""SWD\\WPDBUSENUM\\_??_USBSTOR#DISK&VEN_SONY_MIC&PROD_ROVAULT&REV_#1384E684&0#{53F56307-B6BF-11D0-94F2-00A0C91EFB8B}""},{""Status"":""OK"",""Class"":""Volume"",""FriendlyName"":""Volume"",""InstanceId"":""STORAGE\\VOLUME\\_??_USBSTOR#DISK&VEN_SONY_MIC&PROD_ROVAULT&REV_#1384E684&0#{53F56307-B6BF-11D0-94F2-00A0C91EFB8B}""},{""Status"":""OK"",""Class"":""DiskDrive"",""FriendlyName"":""Sony Mic roVault USB Device"",""InstanceId"":""USBSTOR\\DISK&VEN_SONY_MIC&PROD_ROVAULT&REV_\\1384E684&0""},{""Status"":""OK"",""Class"":""USB"",""FriendlyName"":""Sony USB HiFD Drive"",""InstanceId"":""USB\\VID_054C&PID_0022\\1384E684""}]}",absent,absent,23.6,19.4,List of devices attached,
2026-09-30T04:08:46.794+00:00,2026-09-30T04:08:46.838+00:00,983.043,present,3931.1,"{""state"":""present"",""devices"":[{""Status"":""OK"",""Class"":""WPD"",""FriendlyName"":""THYME_DIAG"",""InstanceId"":""SWD\\WPDBUSENUM\\_??_USBSTOR#DISK&VEN_SONY_MIC&PROD_ROVAULT&REV_#1384E684&0#{53F56307-B6BF-11D0-94F2-00A0C91EFB8B}""},{""Status"":""OK"",""Class"":""Volume"",""FriendlyName"":""Volume"",""InstanceId"":""STORAGE\\VOLUME\\_??_USBSTOR#DISK&VEN_SONY_MIC&PROD_ROVAULT&REV_#1384E684&0#{53F56307-B6BF-11D0-94F2-00A0C91EFB8B}""},{""Status"":""OK"",""Class"":""DiskDrive"",""FriendlyName"":""Sony Mic roVault USB Device"",""InstanceId"":""USBSTOR\\DISK&VEN_SONY_MIC&PROD_ROVAULT&REV_\\1384E684&0""},{""Status"":""OK"",""Class"":""USB"",""FriendlyName"":""Sony USB HiFD Drive"",""InstanceId"":""USB\\VID_054C&PID_0022\\1384E684""}]}",absent,absent,24.2,20.3,List of devices attached,
2026-09-30T04:08:47.794+00:00,2026-09-30T04:08:47.839+00:00,984.044,present,3931.1,"{""state"":""present"",""devices"":[{""Status"":""OK"",""Class"":""WPD"",""FriendlyName"":""THYME_DIAG"",""InstanceId"":""SWD\\WPDBUSENUM\\_??_USBSTOR#DISK&VEN_SONY_MIC&PROD_ROVAULT&REV_#1384E684&0#{53F56307-B6BF-11D0-94F2-00A0C91EFB8B}""},{""Status"":""OK"",""Class"":""Volume"",""FriendlyName"":""Volume"",""InstanceId"":""STORAGE\\VOLUME\\_??_USBSTOR#DISK&VEN_SONY_MIC&PROD_ROVAULT&REV_#1384E684&0#{53F56307-B6BF-11D0-94F2-00A0C91EFB8B}""},{""Status"":""OK"",""Class"":""DiskDrive"",""FriendlyName"":""Sony Mic roVault USB Device"",""InstanceId"":""USBSTOR\\DISK&VEN_SONY_MIC&PROD_ROVAULT&REV_\\1384E684&0""},{""Status"":""OK"",""Class"":""USB"",""FriendlyName"":""Sony USB HiFD Drive"",""InstanceId"":""USB\\VID_054C&PID_0022\\1384E684""}]}",absent,absent,23.7,21.9,List of devices attached,
2026-09-30T04:08:48.795+00:00,2026-09-30T04:08:48.838+00:00,985.043,present,3931.1,"{""state"":""present"",""devices"":[{""Status"":""OK"",""Class"":""WPD"",""FriendlyName"":""THYME_DIAG"",""InstanceId"":""SWD\\WPDBUSENUM\\_??_USBSTOR#DISK&VEN_SONY_MIC&PROD_ROVAULT&REV_#1384E684&0#{53F56307-B6BF-11D0-94F2-00A0C91EFB8B}""},{""Status"":""OK"",""Class"":""Volume"",""FriendlyName"":""Volume"",""InstanceId"":""STORAGE\\VOLUME\\_??_USBSTOR#DISK&VEN_SONY_MIC&PROD_ROVAULT&REV_#1384E684&0#{53F56307-B6BF-11D0-94F2-00A0C91EFB8B}""},{""Status"":""OK"",""Class"":""DiskDrive"",""FriendlyName"":""Sony Mic roVault USB Device"",""InstanceId"":""USBSTOR\\DISK&VEN_SONY_MIC&PROD_ROVAULT&REV_\\1384E684&0""},{""Status"":""OK"",""Class"":""USB"",""FriendlyName"":""Sony USB HiFD Drive"",""InstanceId"":""USB\\VID_054C&PID_0022\\1384E684""}]}",absent,absent,23.3,20.3,List of devices attached,
2026-09-30T04:08:49.795+00:00,2026-09-30T04:08:49.839+00:00,986.043,present,4005.7,"{""state"":""present"",""devices"":[{""Status"":""OK"",""Class"":""WPD"",""FriendlyName"":""THYME_DIAG"",""InstanceId"":""SWD\\WPDBUSENUM\\_??_USBSTOR#DISK&VEN_SONY_MIC&PROD_ROVAULT&REV_#1384E684&0#{53F56307-B6BF-11D0-94F2-00A0C91EFB8B}""},{""Status"":""OK"",""Class"":""Volume"",""FriendlyName"":""Volume"",""InstanceId"":""STORAGE\\VOLUME\\_??_USBSTOR#DISK&VEN_SONY_MIC&PROD_ROVAULT&REV_#1384E684&0#{53F56307-B6BF-11D0-94F2-00A0C91EFB8B}""},{""Status"":""OK"",""Class"":""DiskDrive"",""FriendlyName"":""Sony Mic roVault USB Device"",""InstanceId"":""USBSTOR\\DISK&VEN_SONY_MIC&PROD_ROVAULT&REV_\\1384E684&0""},{""Status"":""OK"",""Class"":""USB"",""FriendlyName"":""Sony USB HiFD Drive"",""InstanceId"":""USB\\VID_054C&PID_0022\\1384E684""}]}",absent,absent,24.1,19.9,List of devices attached,
2026-09-30T04:08:50.795+00:00,2026-09-30T04:08:50.838+00:00,987.043,present,4005.7,"{""state"":""present"",""devices"":[{""Status"":""OK"",""Class"":""WPD"",""FriendlyName"":""THYME_DIAG"",""InstanceId"":""SWD\\WPDBUSENUM\\_??_USBSTOR#DISK&VEN_SONY_MIC&PROD_ROVAULT&REV_#1384E684&0#{53F56307-B6BF-11D0-94F2-00A0C91EFB8B}""},{""Status"":""OK"",""Class"":""Volume"",""FriendlyName"":""Volume"",""InstanceId"":""STORAGE\\VOLUME\\_??_USBSTOR#DISK&VEN_SONY_MIC&PROD_ROVAULT&REV_#1384E684&0#{53F56307-B6BF-11D0-94F2-00A0C91EFB8B}""},{""Status"":""OK"",""Class"":""DiskDrive"",""FriendlyName"":""Sony Mic roVault USB Device"",""InstanceId"":""USBSTOR\\DISK&VEN_SONY_MIC&PROD_ROVAULT&REV_\\1384E684&0""},{""Status"":""OK"",""Class"":""USB"",""FriendlyName"":""Sony USB HiFD Drive"",""InstanceId"":""USB\\VID_054C&PID_0022\\1384E684""}]}",absent,absent,23.8,19.4,List of devices attached,
2026-09-30T04:08:51.796+00:00,2026-09-30T04:08:51.840+00:00,988.044,present,4005.7,"{""state"":""present"",""devices"":[{""Status"":""OK"",""Class"":""WPD"",""FriendlyName"":""THYME_DIAG"",""InstanceId"":""SWD\\WPDBUSENUM\\_??_USBSTOR#DISK&VEN_SONY_MIC&PROD_ROVAULT&REV_#1384E684&0#{53F56307-B6BF-11D0-94F2-00A0C91EFB8B}""},{""Status"":""OK"",""Class"":""Volume"",""FriendlyName"":""Volume"",""InstanceId"":""STORAGE\\VOLUME\\_??_USBSTOR#DISK&VEN_SONY_MIC&PROD_ROVAULT&REV_#1384E684&0#{53F56307-B6BF-11D0-94F2-00A0C91EFB8B}""},{""Status"":""OK"",""Class"":""DiskDrive"",""FriendlyName"":""Sony Mic roVault USB Device"",""InstanceId"":""USBSTOR\\DISK&VEN_SONY_MIC&PROD_ROVAULT&REV_\\1384E684&0""},{""Status"":""OK"",""Class"":""USB"",""FriendlyName"":""Sony USB HiFD Drive"",""InstanceId"":""USB\\VID_054C&PID_0022\\1384E684""}]}",absent,absent,23.4,20.6,List of devices attached,
2026-09-30T04:08:52.796+00:00,2026-09-30T04:08:52.841+00:00,989.045,present,4005.7,"{""state"":""present"",""devices"":[{""Status"":""OK"",""Class"":""WPD"",""FriendlyName"":""THYME_DIAG"",""InstanceId"":""SWD\\WPDBUSENUM\\_??_USBSTOR#DISK&VEN_SONY_MIC&PROD_ROVAULT&REV_#1384E684&0#{53F56307-B6BF-11D0-94F2-00A0C91EFB8B}""},{""Status"":""OK"",""Class"":""Volume"",""FriendlyName"":""Volume"",""InstanceId"":""STORAGE\\VOLUME\\_??_USBSTOR#DISK&VEN_SONY_MIC&PROD_ROVAULT&REV_#1384E684&0#{53F56307-B6BF-11D0-94F2-00A0C91EFB8B}""},{""Status"":""OK"",""Class"":""DiskDrive"",""FriendlyName"":""Sony Mic roVault USB Device"",""InstanceId"":""USBSTOR\\DISK&VEN_SONY_MIC&PROD_ROVAULT&REV_\\1384E684&0""},{""Status"":""OK"",""Class"":""USB"",""FriendlyName"":""Sony USB HiFD Drive"",""InstanceId"":""USB\\VID_054C&PID_0022\\1384E684""}]}",absent,absent,24.3,20.4,List of devices attached,
2026-09-30T04:08:53.796+00:00,2026-09-30T04:08:53.840+00:00,990.044,present,4005.7,"{""state"":""present"",""devices"":[{""Status"":""OK"",""Class"":""WPD"",""FriendlyName"":""THYME_DIAG"",""InstanceId"":""SWD\\WPDBUSENUM\\_??_USBSTOR#DISK&VEN_SONY_MIC&PROD_ROVAULT&REV_#1384E684&0#{53F56307-B6BF-11D0-94F2-00A0C91EFB8B}""},{""Status"":""OK"",""Class"":""Volume"",""FriendlyName"":""Volume"",""InstanceId"":""STORAGE\\VOLUME\\_??_USBSTOR#DISK&VEN_SONY_MIC&PROD_ROVAULT&REV_#1384E684&0#{53F56307-B6BF-11D0-94F2-00A0C91EFB8B}""},{""Status"":""OK"",""Class"":""DiskDrive"",""FriendlyName"":""Sony Mic roVault USB Device"",""InstanceId"":""USBSTOR\\DISK&VEN_SONY_MIC&PROD_ROVAULT&REV_\\1384E684&0""},{""Status"":""OK"",""Class"":""USB"",""FriendlyName"":""Sony USB HiFD Drive"",""InstanceId"":""USB\\VID_054C&PID_0022\\1384E684""}]}",absent,absent,23.3,20.4,List of devices attached,
2026-09-30T04:08:54.796+00:00,2026-09-30T04:08:54.841+00:00,991.045,present,4203.6,"{""state"":""present"",""devices"":[{""Status"":""OK"",""Class"":""WPD"",""FriendlyName"":""THYME_DIAG"",""InstanceId"":""SWD\\WPDBUSENUM\\_??_USBSTOR#DISK&VEN_SONY_MIC&PROD_ROVAULT&REV_#1384E684&0#{53F56307-B6BF-11D0-94F2-00A0C91EFB8B}""},{""Status"":""OK"",""Class"":""Volume"",""FriendlyName"":""Volume"",""InstanceId"":""STORAGE\\VOLUME\\_??_USBSTOR#DISK&VEN_SONY_MIC&PROD_ROVAULT&REV_#1384E684&0#{53F56307-B6BF-11D0-94F2-00A0C91EFB8B}""},{""Status"":""OK"",""Class"":""DiskDrive"",""FriendlyName"":""Sony Mic roVault USB Device"",""InstanceId"":""USBSTOR\\DISK&VEN_SONY_MIC&PROD_ROVAULT&REV_\\1384E684&0""},{""Status"":""OK"",""Class"":""USB"",""FriendlyName"":""Sony USB HiFD Drive"",""InstanceId"":""USB\\VID_054C&PID_0022\\1384E684""}]}",absent,absent,24.1,19.9,List of devices attached,
2026-09-30T04:08:55.797+00:00,2026-09-30T04:08:55.840+00:00,992.045,present,4203.6,"{""state"":""present"",""devices"":[{""Status"":""OK"",""Class"":""WPD"",""FriendlyName"":""THYME_DIAG"",""InstanceId"":""SWD\\WPDBUSENUM\\_??_USBSTOR#DISK&VEN_SONY_MIC&PROD_ROVAULT&REV_#1384E684&0#{53F56307-B6BF-11D0-94F2-00A0C91EFB8B}""},{""Status"":""OK"",""Class"":""Volume"",""FriendlyName"":""Volume"",""InstanceId"":""STORAGE\\VOLUME\\_??_USBSTOR#DISK&VEN_SONY_MIC&PROD_ROVAULT&REV_#1384E684&0#{53F56307-B6BF-11D0-94F2-00A0C91EFB8B}""},{""Status"":""OK"",""Class"":""DiskDrive"",""FriendlyName"":""Sony Mic roVault USB Device"",""InstanceId"":""USBSTOR\\DISK&VEN_SONY_MIC&PROD_ROVAULT&REV_\\1384E684&0""},{""Status"":""OK"",""Class"":""USB"",""FriendlyName"":""Sony USB HiFD Drive"",""InstanceId"":""USB\\VID_054C&PID_0022\\1384E684""}]}",absent,absent,24.9,18.9,List of devices attached,
2026-09-30T04:08:56.797+00:00,2026-09-30T04:08:56.842+00:00,993.046,present,4203.6,"{""state"":""present"",""devices"":[{""Status"":""OK"",""Class"":""WPD"",""FriendlyName"":""THYME_DIAG"",""InstanceId"":""SWD\\WPDBUSENUM\\_??_USBSTOR#DISK&VEN_SONY_MIC&PROD_ROVAULT&REV_#1384E684&0#{53F56307-B6BF-11D0-94F2-00A0C91EFB8B}""},{""Status"":""OK"",""Class"":""Volume"",""FriendlyName"":""Volume"",""InstanceId"":""STORAGE\\VOLUME\\_??_USBSTOR#DISK&VEN_SONY_MIC&PROD_ROVAULT&REV_#1384E684&0#{53F56307-B6BF-11D0-94F2-00A0C91EFB8B}""},{""Status"":""OK"",""Class"":""DiskDrive"",""FriendlyName"":""Sony Mic roVault USB Device"",""InstanceId"":""USBSTOR\\DISK&VEN_SONY_MIC&PROD_ROVAULT&REV_\\1384E684&0""},{""Status"":""OK"",""Class"":""USB"",""FriendlyName"":""Sony USB HiFD Drive"",""InstanceId"":""USB\\VID_054C&PID_0022\\1384E684""}]}",absent,absent,24.6,20.5,List of devices attached,
2026-09-30T04:08:57.797+00:00,2026-09-30T04:08:57.841+00:00,994.045,present,4203.6,"{""state"":""present"",""devices"":[{""Status"":""OK"",""Class"":""WPD"",""FriendlyName"":""THYME_DIAG"",""InstanceId"":""SWD\\WPDBUSENUM\\_??_USBSTOR#DISK&VEN_SONY_MIC&PROD_ROVAULT&REV_#1384E684&0#{53F56307-B6BF-11D0-94F2-00A0C91EFB8B}""},{""Status"":""OK"",""Class"":""Volume"",""FriendlyName"":""Volume"",""InstanceId"":""STORAGE\\VOLUME\\_??_USBSTOR#DISK&VEN_SONY_MIC&PROD_ROVAULT&REV_#1384E684&0#{53F56307-B6BF-11D0-94F2-00A0C91EFB8B}""},{""Status"":""OK"",""Class"":""DiskDrive"",""FriendlyName"":""Sony Mic roVault USB Device"",""InstanceId"":""USBSTOR\\DISK&VEN_SONY_MIC&PROD_ROVAULT&REV_\\1384E684&0""},{""Status"":""OK"",""Class"":""USB"",""FriendlyName"":""Sony USB HiFD Drive"",""InstanceId"":""USB\\VID_054C&PID_0022\\1384E684""}]}",absent,absent,23.8,19.7,List of devices attached,
2026-09-30T04:08:58.798+00:00,2026-09-30T04:08:58.843+00:00,995.047,present,4203.6,"{""state"":""present"",""devices"":[{""Status"":""OK"",""Class"":""WPD"",""FriendlyName"":""THYME_DIAG"",""InstanceId"":""SWD\\WPDBUSENUM\\_??_USBSTOR#DISK&VEN_SONY_MIC&PROD_ROVAULT&REV_#1384E684&0#{53F56307-B6BF-11D0-94F2-00A0C91EFB8B}""},{""Status"":""OK"",""Class"":""Volume"",""FriendlyName"":""Volume"",""InstanceId"":""STORAGE\\VOLUME\\_??_USBSTOR#DISK&VEN_SONY_MIC&PROD_ROVAULT&REV_#1384E684&0#{53F56307-B6BF-11D0-94F2-00A0C91EFB8B}""},{""Status"":""OK"",""Class"":""DiskDrive"",""FriendlyName"":""Sony Mic roVault USB Device"",""InstanceId"":""USBSTOR\\DISK&VEN_SONY_MIC&PROD_ROVAULT&REV_\\1384E684&0""},{""Status"":""OK"",""Class"":""USB"",""FriendlyName"":""Sony USB HiFD Drive"",""InstanceId"":""USB\\VID_054C&PID_0022\\1384E684""}]}",absent,absent,25.1,20.1,List of devices attached,
2026-09-30T04:08:59.798+00:00,2026-09-30T04:08:59.844+00:00,996.048,present,4013.6,"{""state"":""present"",""devices"":[{""Status"":""OK"",""Class"":""WPD"",""FriendlyName"":""THYME_DIAG"",""InstanceId"":""SWD\\WPDBUSENUM\\_??_USBSTOR#DISK&VEN_SONY_MIC&PROD_ROVAULT&REV_#1384E684&0#{53F56307-B6BF-11D0-94F2-00A0C91EFB8B}""},{""Status"":""OK"",""Class"":""Volume"",""FriendlyName"":""Volume"",""InstanceId"":""STORAGE\\VOLUME\\_??_USBSTOR#DISK&VEN_SONY_MIC&PROD_ROVAULT&REV_#1384E684&0#{53F56307-B6BF-11D0-94F2-00A0C91EFB8B}""},{""Status"":""OK"",""Class"":""DiskDrive"",""FriendlyName"":""Sony Mic roVault USB Device"",""InstanceId"":""USBSTOR\\DISK&VEN_SONY_MIC&PROD_ROVAULT&REV_\\1384E684&0""},{""Status"":""OK"",""Class"":""USB"",""FriendlyName"":""Sony USB HiFD Drive"",""InstanceId"":""USB\\VID_054C&PID_0022\\1384E684""}]}",absent,absent,24.2,21.2,List of devices attached,
2026-09-30T04:09:00.798+00:00,2026-09-30T04:09:00.842+00:00,997.046,present,4013.6,"{""state"":""present"",""devices"":[{""Status"":""OK"",""Class"":""WPD"",""FriendlyName"":""THYME_DIAG"",""InstanceId"":""SWD\\WPDBUSENUM\\_??_USBSTOR#DISK&VEN_SONY_MIC&PROD_ROVAULT&REV_#1384E684&0#{53F56307-B6BF-11D0-94F2-00A0C91EFB8B}""},{""Status"":""OK"",""Class"":""Volume"",""FriendlyName"":""Volume"",""InstanceId"":""STORAGE\\VOLUME\\_??_USBSTOR#DISK&VEN_SONY_MIC&PROD_ROVAULT&REV_#1384E684&0#{53F56307-B6BF-11D0-94F2-00A0C91EFB8B}""},{""Status"":""OK"",""Class"":""DiskDrive"",""FriendlyName"":""Sony Mic roVault USB Device"",""InstanceId"":""USBSTOR\\DISK&VEN_SONY_MIC&PROD_ROVAULT&REV_\\1384E684&0""},{""Status"":""OK"",""Class"":""USB"",""FriendlyName"":""Sony USB HiFD Drive"",""InstanceId"":""USB\\VID_054C&PID_0022\\1384E684""}]}",absent,absent,24.0,19.5,List of devices attached,
2026-09-30T04:09:01.799+00:00,2026-09-30T04:09:01.845+00:00,998.049,present,4013.6,"{""state"":""present"",""devices"":[{""Status"":""OK"",""Class"":""WPD"",""FriendlyName"":""THYME_DIAG"",""InstanceId"":""SWD\\WPDBUSENUM\\_??_USBSTOR#DISK&VEN_SONY_MIC&PROD_ROVAULT&REV_#1384E684&0#{53F56307-B6BF-11D0-94F2-00A0C91EFB8B}""},{""Status"":""OK"",""Class"":""Volume"",""FriendlyName"":""Volume"",""InstanceId"":""STORAGE\\VOLUME\\_??_USBSTOR#DISK&VEN_SONY_MIC&PROD_ROVAULT&REV_#1384E684&0#{53F56307-B6BF-11D0-94F2-00A0C91EFB8B}""},{""Status"":""OK"",""Class"":""DiskDrive"",""FriendlyName"":""Sony Mic roVault USB Device"",""InstanceId"":""USBSTOR\\DISK&VEN_SONY_MIC&PROD_ROVAULT&REV_\\1384E684&0""},{""Status"":""OK"",""Class"":""USB"",""FriendlyName"":""Sony USB HiFD Drive"",""InstanceId"":""USB\\VID_054C&PID_0022\\1384E684""}]}",absent,absent,24.2,21.8,List of devices attached,
2026-09-30T04:09:02.799+00:00,2026-09-30T04:09:02.843+00:00,999.047,present,4013.6,"{""state"":""present"",""devices"":[{""Status"":""OK"",""Class"":""WPD"",""FriendlyName"":""THYME_DIAG"",""InstanceId"":""SWD\\WPDBUSENUM\\_??_USBSTOR#DISK&VEN_SONY_MIC&PROD_ROVAULT&REV_#1384E684&0#{53F56307-B6BF-11D0-94F2-00A0C91EFB8B}""},{""Status"":""OK"",""Class"":""Volume"",""FriendlyName"":""Volume"",""InstanceId"":""STORAGE\\VOLUME\\_??_USBSTOR#DISK&VEN_SONY_MIC&PROD_ROVAULT&REV_#1384E684&0#{53F56307-B6BF-11D0-94F2-00A0C91EFB8B}""},{""Status"":""OK"",""Class"":""DiskDrive"",""FriendlyName"":""Sony Mic roVault USB Device"",""InstanceId"":""USBSTOR\\DISK&VEN_SONY_MIC&PROD_ROVAULT&REV_\\1384E684&0""},{""Status"":""OK"",""Class"":""USB"",""FriendlyName"":""Sony USB HiFD Drive"",""InstanceId"":""USB\\VID_054C&PID_0022\\1384E684""}]}",absent,absent,23.2,20.3,List of devices attached,
2026-09-30T04:09:03.799+00:00,2026-09-30T04:09:03.843+00:00,1000.048,present,3963.3,"{""state"":""present"",""devices"":[{""Status"":""OK"",""Class"":""WPD"",""FriendlyName"":""THYME_DIAG"",""InstanceId"":""SWD\\WPDBUSENUM\\_??_USBSTOR#DISK&VEN_SONY_MIC&PROD_ROVAULT&REV_#1384E684&0#{53F56307-B6BF-11D0-94F2-00A0C91EFB8B}""},{""Status"":""OK"",""Class"":""Volume"",""FriendlyName"":""Volume"",""InstanceId"":""STORAGE\\VOLUME\\_??_USBSTOR#DISK&VEN_SONY_MIC&PROD_ROVAULT&REV_#1384E684&0#{53F56307-B6BF-11D0-94F2-00A0C91EFB8B}""},{""Status"":""OK"",""Class"":""DiskDrive"",""FriendlyName"":""Sony Mic roVault USB Device"",""InstanceId"":""USBSTOR\\DISK&VEN_SONY_MIC&PROD_ROVAULT&REV_\\1384E684&0""},{""Status"":""OK"",""Class"":""USB"",""FriendlyName"":""Sony USB HiFD Drive"",""InstanceId"":""USB\\VID_054C&PID_0022\\1384E684""}]}",absent,absent,23.9,20.2,List of devices attached,
2026-09-30T04:09:04.799+00:00,2026-09-30T04:09:04.842+00:00,1001.047,present,3963.3,"{""state"":""present"",""devices"":[{""Status"":""OK"",""Class"":""WPD"",""FriendlyName"":""THYME_DIAG"",""InstanceId"":""SWD\\WPDBUSENUM\\_??_USBSTOR#DISK&VEN_SONY_MIC&PROD_ROVAULT&REV_#1384E684&0#{53F56307-B6BF-11D0-94F2-00A0C91EFB8B}""},{""Status"":""OK"",""Class"":""Volume"",""FriendlyName"":""Volume"",""InstanceId"":""STORAGE\\VOLUME\\_??_USBSTOR#DISK&VEN_SONY_MIC&PROD_ROVAULT&REV_#1384E684&0#{53F56307-B6BF-11D0-94F2-00A0C91EFB8B}""},{""Status"":""OK"",""Class"":""DiskDrive"",""FriendlyName"":""Sony Mic roVault USB Device"",""InstanceId"":""USBSTOR\\DISK&VEN_SONY_MIC&PROD_ROVAULT&REV_\\1384E684&0""},{""Status"":""OK"",""Class"":""USB"",""FriendlyName"":""Sony USB HiFD Drive"",""InstanceId"":""USB\\VID_054C&PID_0022\\1384E684""}]}",absent,absent,23.4,19.6,List of devices attached,
2026-09-30T04:09:05.800+00:00,2026-09-30T04:09:05.842+00:00,1002.047,present,3963.3,"{""state"":""present"",""devices"":[{""Status"":""OK"",""Class"":""WPD"",""FriendlyName"":""THYME_DIAG"",""InstanceId"":""SWD\\WPDBUSENUM\\_??_USBSTOR#DISK&VEN_SONY_MIC&PROD_ROVAULT&REV_#1384E684&0#{53F56307-B6BF-11D0-94F2-00A0C91EFB8B}""},{""Status"":""OK"",""Class"":""Volume"",""FriendlyName"":""Volume"",""InstanceId"":""STORAGE\\VOLUME\\_??_USBSTOR#DISK&VEN_SONY_MIC&PROD_ROVAULT&REV_#1384E684&0#{53F56307-B6BF-11D0-94F2-00A0C91EFB8B}""},{""Status"":""OK"",""Class"":""DiskDrive"",""FriendlyName"":""Sony Mic roVault USB Device"",""InstanceId"":""USBSTOR\\DISK&VEN_SONY_MIC&PROD_ROVAULT&REV_\\1384E684&0""},{""Status"":""OK"",""Class"":""USB"",""FriendlyName"":""Sony USB HiFD Drive"",""InstanceId"":""USB\\VID_054C&PID_0022\\1384E684""}]}",absent,absent,23.3,19.2,List of devices attached,
2026-09-30T04:09:06.800+00:00,2026-09-30T04:09:06.857+00:00,1003.062,present,3963.3,"{""state"":""present"",""devices"":[{""Status"":""OK"",""Class"":""WPD"",""FriendlyName"":""THYME_DIAG"",""InstanceId"":""SWD\\WPDBUSENUM\\_??_USBSTOR#DISK&VEN_SONY_MIC&PROD_ROVAULT&REV_#1384E684&0#{53F56307-B6BF-11D0-94F2-00A0C91EFB8B}""},{""Status"":""OK"",""Class"":""Volume"",""FriendlyName"":""Volume"",""InstanceId"":""STORAGE\\VOLUME\\_??_USBSTOR#DISK&VEN_SONY_MIC&PROD_ROVAULT&REV_#1384E684&0#{53F56307-B6BF-11D0-94F2-00A0C91EFB8B}""},{""Status"":""OK"",""Class"":""DiskDrive"",""FriendlyName"":""Sony Mic roVault USB Device"",""InstanceId"":""USBSTOR\\DISK&VEN_SONY_MIC&PROD_ROVAULT&REV_\\1384E684&0""},{""Status"":""OK"",""Class"":""USB"",""FriendlyName"":""Sony USB HiFD Drive"",""InstanceId"":""USB\\VID_054C&PID_0022\\1384E684""}]}",absent,absent,32.1,24.7,List of devices attached,
2026-09-30T04:09:07.800+00:00,2026-09-30T04:09:07.860+00:00,1004.064,present,3963.3,"{""state"":""present"",""devices"":[{""Status"":""OK"",""Class"":""WPD"",""FriendlyName"":""THYME_DIAG"",""InstanceId"":""SWD\\WPDBUSENUM\\_??_USBSTOR#DISK&VEN_SONY_MIC&PROD_ROVAULT&REV_#1384E684&0#{53F56307-B6BF-11D0-94F2-00A0C91EFB8B}""},{""Status"":""OK"",""Class"":""Volume"",""FriendlyName"":""Volume"",""InstanceId"":""STORAGE\\VOLUME\\_??_USBSTOR#DISK&VEN_SONY_MIC&PROD_ROVAULT&REV_#1384E684&0#{53F56307-B6BF-11D0-94F2-00A0C91EFB8B}""},{""Status"":""OK"",""Class"":""DiskDrive"",""FriendlyName"":""Sony Mic roVault USB Device"",""InstanceId"":""USBSTOR\\DISK&VEN_SONY_MIC&PROD_ROVAULT&REV_\\1384E684&0""},{""Status"":""OK"",""Class"":""USB"",""FriendlyName"":""Sony USB HiFD Drive"",""InstanceId"":""USB\\VID_054C&PID_0022\\1384E684""}]}",absent,absent,26.6,32.7,List of devices attached,
2026-09-30T04:09:08.801+00:00,2026-09-30T04:09:08.847+00:00,1005.051,present,4108.2,"{""state"":""present"",""devices"":[{""Status"":""OK"",""Class"":""WPD"",""FriendlyName"":""THYME_DIAG"",""InstanceId"":""SWD\\WPDBUSENUM\\_??_USBSTOR#DISK&VEN_SONY_MIC&PROD_ROVAULT&REV_#1384E684&0#{53F56307-B6BF-11D0-94F2-00A0C91EFB8B}""},{""Status"":""OK"",""Class"":""Volume"",""FriendlyName"":""Volume"",""InstanceId"":""STORAGE\\VOLUME\\_??_USBSTOR#DISK&VEN_SONY_MIC&PROD_ROVAULT&REV_#1384E684&0#{53F56307-B6BF-11D0-94F2-00A0C91EFB8B}""},{""Status"":""OK"",""Class"":""DiskDrive"",""FriendlyName"":""Sony Mic roVault USB Device"",""InstanceId"":""USBSTOR\\DISK&VEN_SONY_MIC&PROD_ROVAULT&REV_\\1384E684&0""},{""Status"":""OK"",""Class"":""USB"",""FriendlyName"":""Sony USB HiFD Drive"",""InstanceId"":""USB\\VID_054C&PID_0022\\1384E684""}]}",absent,absent,25.0,21.2,List of devices attached,
2026-09-30T04:09:09.801+00:00,2026-09-30T04:09:09.845+00:00,1006.049,present,4108.2,"{""state"":""present"",""devices"":[{""Status"":""OK"",""Class"":""WPD"",""FriendlyName"":""THYME_DIAG"",""InstanceId"":""SWD\\WPDBUSENUM\\_??_USBSTOR#DISK&VEN_SONY_MIC&PROD_ROVAULT&REV_#1384E684&0#{53F56307-B6BF-11D0-94F2-00A0C91EFB8B}""},{""Status"":""OK"",""Class"":""Volume"",""FriendlyName"":""Volume"",""InstanceId"":""STORAGE\\VOLUME\\_??_USBSTOR#DISK&VEN_SONY_MIC&PROD_ROVAULT&REV_#1384E684&0#{53F56307-B6BF-11D0-94F2-00A0C91EFB8B}""},{""Status"":""OK"",""Class"":""DiskDrive"",""FriendlyName"":""Sony Mic roVault USB Device"",""InstanceId"":""USBSTOR\\DISK&VEN_SONY_MIC&PROD_ROVAULT&REV_\\1384E684&0""},{""Status"":""OK"",""Class"":""USB"",""FriendlyName"":""Sony USB HiFD Drive"",""InstanceId"":""USB\\VID_054C&PID_0022\\1384E684""}]}",absent,absent,23.6,20.2,List of devices attached,
2026-09-30T04:09:10.801+00:00,2026-09-30T04:09:10.849+00:00,1007.053,present,4108.2,"{""state"":""present"",""devices"":[{""Status"":""OK"",""Class"":""WPD"",""FriendlyName"":""THYME_DIAG"",""InstanceId"":""SWD\\WPDBUSENUM\\_??_USBSTOR#DISK&VEN_SONY_MIC&PROD_ROVAULT&REV_#1384E684&0#{53F56307-B6BF-11D0-94F2-00A0C91EFB8B}""},{""Status"":""OK"",""Class"":""Volume"",""FriendlyName"":""Volume"",""InstanceId"":""STORAGE\\VOLUME\\_??_USBSTOR#DISK&VEN_SONY_MIC&PROD_ROVAULT&REV_#1384E684&0#{53F56307-B6BF-11D0-94F2-00A0C91EFB8B}""},{""Status"":""OK"",""Class"":""DiskDrive"",""FriendlyName"":""Sony Mic roVault USB Device"",""InstanceId"":""USBSTOR\\DISK&VEN_SONY_MIC&PROD_ROVAULT&REV_\\1384E684&0""},{""Status"":""OK"",""Class"":""USB"",""FriendlyName"":""Sony USB HiFD Drive"",""InstanceId"":""USB\\VID_054C&PID_0022\\1384E684""}]}",absent,absent,25.8,21.6,List of devices attached,
2026-09-30T04:09:11.801+00:00,2026-09-30T04:09:11.845+00:00,1008.049,present,4108.2,"{""state"":""present"",""devices"":[{""Status"":""OK"",""Class"":""WPD"",""FriendlyName"":""THYME_DIAG"",""InstanceId"":""SWD\\WPDBUSENUM\\_??_USBSTOR#DISK&VEN_SONY_MIC&PROD_ROVAULT&REV_#1384E684&0#{53F56307-B6BF-11D0-94F2-00A0C91EFB8B}""},{""Status"":""OK"",""Class"":""Volume"",""FriendlyName"":""Volume"",""InstanceId"":""STORAGE\\VOLUME\\_??_USBSTOR#DISK&VEN_SONY_MIC&PROD_ROVAULT&REV_#1384E684&0#{53F56307-B6BF-11D0-94F2-00A0C91EFB8B}""},{""Status"":""OK"",""Class"":""DiskDrive"",""FriendlyName"":""Sony Mic roVault USB Device"",""InstanceId"":""USBSTOR\\DISK&VEN_SONY_MIC&PROD_ROVAULT&REV_\\1384E684&0""},{""Status"":""OK"",""Class"":""USB"",""FriendlyName"":""Sony USB HiFD Drive"",""InstanceId"":""USB\\VID_054C&PID_0022\\1384E684""}]}",absent,absent,24.5,19.3,List of devices attached,
2026-09-30T04:09:12.802+00:00,2026-09-30T04:09:12.866+00:00,1009.070,present,3913.9,"{""state"":""present"",""devices"":[{""Status"":""OK"",""Class"":""WPD"",""FriendlyName"":""THYME_DIAG"",""InstanceId"":""SWD\\WPDBUSENUM\\_??_USBSTOR#DISK&VEN_SONY_MIC&PROD_ROVAULT&REV_#1384E684&0#{53F56307-B6BF-11D0-94F2-00A0C91EFB8B}""},{""Status"":""OK"",""Class"":""Volume"",""FriendlyName"":""Volume"",""InstanceId"":""STORAGE\\VOLUME\\_??_USBSTOR#DISK&VEN_SONY_MIC&PROD_ROVAULT&REV_#1384E684&0#{53F56307-B6BF-11D0-94F2-00A0C91EFB8B}""},{""Status"":""OK"",""Class"":""DiskDrive"",""FriendlyName"":""Sony Mic roVault USB Device"",""InstanceId"":""USBSTOR\\DISK&VEN_SONY_MIC&PROD_ROVAULT&REV_\\1384E684&0""},{""Status"":""OK"",""Class"":""USB"",""FriendlyName"":""Sony USB HiFD Drive"",""InstanceId"":""USB\\VID_054C&PID_0022\\1384E684""}]}",absent,absent,33.9,30.2,List of devices attached,
2026-09-30T04:09:13.802+00:00,2026-09-30T04:09:13.848+00:00,1010.052,present,3913.9,"{""state"":""present"",""devices"":[{""Status"":""OK"",""Class"":""WPD"",""FriendlyName"":""THYME_DIAG"",""InstanceId"":""SWD\\WPDBUSENUM\\_??_USBSTOR#DISK&VEN_SONY_MIC&PROD_ROVAULT&REV_#1384E684&0#{53F56307-B6BF-11D0-94F2-00A0C91EFB8B}""},{""Status"":""OK"",""Class"":""Volume"",""FriendlyName"":""Volume"",""InstanceId"":""STORAGE\\VOLUME\\_??_USBSTOR#DISK&VEN_SONY_MIC&PROD_ROVAULT&REV_#1384E684&0#{53F56307-B6BF-11D0-94F2-00A0C91EFB8B}""},{""Status"":""OK"",""Class"":""DiskDrive"",""FriendlyName"":""Sony Mic roVault USB Device"",""InstanceId"":""USBSTOR\\DISK&VEN_SONY_MIC&PROD_ROVAULT&REV_\\1384E684&0""},{""Status"":""OK"",""Class"":""USB"",""FriendlyName"":""Sony USB HiFD Drive"",""InstanceId"":""USB\\VID_054C&PID_0022\\1384E684""}]}",absent,absent,24.2,21.2,List of devices attached,
2026-09-30T04:09:14.802+00:00,2026-09-30T04:09:14.847+00:00,1011.051,present,3913.9,"{""state"":""present"",""devices"":[{""Status"":""OK"",""Class"":""WPD"",""FriendlyName"":""THYME_DIAG"",""InstanceId"":""SWD\\WPDBUSENUM\\_??_USBSTOR#DISK&VEN_SONY_MIC&PROD_ROVAULT&REV_#1384E684&0#{53F56307-B6BF-11D0-94F2-00A0C91EFB8B}""},{""Status"":""OK"",""Class"":""Volume"",""FriendlyName"":""Volume"",""InstanceId"":""STORAGE\\VOLUME\\_??_USBSTOR#DISK&VEN_SONY_MIC&PROD_ROVAULT&REV_#1384E684&0#{53F56307-B6BF-11D0-94F2-00A0C91EFB8B}""},{""Status"":""OK"",""Class"":""DiskDrive"",""FriendlyName"":""Sony Mic roVault USB Device"",""InstanceId"":""USBSTOR\\DISK&VEN_SONY_MIC&PROD_ROVAULT&REV_\\1384E684&0""},{""Status"":""OK"",""Class"":""USB"",""FriendlyName"":""Sony USB HiFD Drive"",""InstanceId"":""USB\\VID_054C&PID_0022\\1384E684""}]}",absent,absent,22.7,21.7,List of devices attached,
2026-09-30T04:09:15.802+00:00,2026-09-30T04:09:15.850+00:00,1012.054,present,3913.9,"{""state"":""present"",""devices"":[{""Status"":""OK"",""Class"":""WPD"",""FriendlyName"":""THYME_DIAG"",""InstanceId"":""SWD\\WPDBUSENUM\\_??_USBSTOR#DISK&VEN_SONY_MIC&PROD_ROVAULT&REV_#1384E684&0#{53F56307-B6BF-11D0-94F2-00A0C91EFB8B}""},{""Status"":""OK"",""Class"":""Volume"",""FriendlyName"":""Volume"",""InstanceId"":""STORAGE\\VOLUME\\_??_USBSTOR#DISK&VEN_SONY_MIC&PROD_ROVAULT&REV_#1384E684&0#{53F56307-B6BF-11D0-94F2-00A0C91EFB8B}""},{""Status"":""OK"",""Class"":""DiskDrive"",""FriendlyName"":""Sony Mic roVault USB Device"",""InstanceId"":""USBSTOR\\DISK&VEN_SONY_MIC&PROD_ROVAULT&REV_\\1384E684&0""},{""Status"":""OK"",""Class"":""USB"",""FriendlyName"":""Sony USB HiFD Drive"",""InstanceId"":""USB\\VID_054C&PID_0022\\1384E684""}]}",absent,absent,25.7,21.5,List of devices attached,
2026-09-30T04:09:16.803+00:00,2026-09-30T04:09:16.849+00:00,1013.053,present,3683.9,"{""state"":""present"",""devices"":[{""Status"":""OK"",""Class"":""WPD"",""FriendlyName"":""THYME_DIAG"",""InstanceId"":""SWD\\WPDBUSENUM\\_??_USBSTOR#DISK&VEN_SONY_MIC&PROD_ROVAULT&REV_#1384E684&0#{53F56307-B6BF-11D0-94F2-00A0C91EFB8B}""},{""Status"":""OK"",""Class"":""Volume"",""FriendlyName"":""Volume"",""InstanceId"":""STORAGE\\VOLUME\\_??_USBSTOR#DISK&VEN_SONY_MIC&PROD_ROVAULT&REV_#1384E684&0#{53F56307-B6BF-11D0-94F2-00A0C91EFB8B}""},{""Status"":""OK"",""Class"":""DiskDrive"",""FriendlyName"":""Sony Mic roVault USB Device"",""InstanceId"":""USBSTOR\\DISK&VEN_SONY_MIC&PROD_ROVAULT&REV_\\1384E684&0""},{""Status"":""OK"",""Class"":""USB"",""FriendlyName"":""Sony USB HiFD Drive"",""InstanceId"":""USB\\VID_054C&PID_0022\\1384E684""}]}",absent,absent,24.4,21.4,List of devices attached,
2026-09-30T04:09:17.803+00:00,2026-09-30T04:09:17.854+00:00,1014.058,present,3683.9,"{""state"":""present"",""devices"":[{""Status"":""OK"",""Class"":""WPD"",""FriendlyName"":""THYME_DIAG"",""InstanceId"":""SWD\\WPDBUSENUM\\_??_USBSTOR#DISK&VEN_SONY_MIC&PROD_ROVAULT&REV_#1384E684&0#{53F56307-B6BF-11D0-94F2-00A0C91EFB8B}""},{""Status"":""OK"",""Class"":""Volume"",""FriendlyName"":""Volume"",""InstanceId"":""STORAGE\\VOLUME\\_??_USBSTOR#DISK&VEN_SONY_MIC&PROD_ROVAULT&REV_#1384E684&0#{53F56307-B6BF-11D0-94F2-00A0C91EFB8B}""},{""Status"":""OK"",""Class"":""DiskDrive"",""FriendlyName"":""Sony Mic roVault USB Device"",""InstanceId"":""USBSTOR\\DISK&VEN_SONY_MIC&PROD_ROVAULT&REV_\\1384E684&0""},{""Status"":""OK"",""Class"":""USB"",""FriendlyName"":""Sony USB HiFD Drive"",""InstanceId"":""USB\\VID_054C&PID_0022\\1384E684""}]}",absent,absent,27.4,22.9,List of devices attached,
2026-09-30T04:09:18.804+00:00,2026-09-30T04:09:18.856+00:00,1015.060,present,3683.9,"{""state"":""present"",""devices"":[{""Status"":""OK"",""Class"":""WPD"",""FriendlyName"":""THYME_DIAG"",""InstanceId"":""SWD\\WPDBUSENUM\\_??_USBSTOR#DISK&VEN_SONY_MIC&PROD_ROVAULT&REV_#1384E684&0#{53F56307-B6BF-11D0-94F2-00A0C91EFB8B}""},{""Status"":""OK"",""Class"":""Volume"",""FriendlyName"":""Volume"",""InstanceId"":""STORAGE\\VOLUME\\_??_USBSTOR#DISK&VEN_SONY_MIC&PROD_ROVAULT&REV_#1384E684&0#{53F56307-B6BF-11D0-94F2-00A0C91EFB8B}""},{""Status"":""OK"",""Class"":""DiskDrive"",""FriendlyName"":""Sony Mic roVault USB Device"",""InstanceId"":""USBSTOR\\DISK&VEN_SONY_MIC&PROD_ROVAULT&REV_\\1384E684&0""},{""Status"":""OK"",""Class"":""USB"",""FriendlyName"":""Sony USB HiFD Drive"",""InstanceId"":""USB\\VID_054C&PID_0022\\1384E684""}]}",absent,absent,29.1,22.6,List of devices attached,
2026-09-30T04:09:19.804+00:00,2026-09-30T04:09:19.867+00:00,1016.071,present,3683.9,"{""state"":""present"",""devices"":[{""Status"":""OK"",""Class"":""WPD"",""FriendlyName"":""THYME_DIAG"",""InstanceId"":""SWD\\WPDBUSENUM\\_??_USBSTOR#DISK&VEN_SONY_MIC&PROD_ROVAULT&REV_#1384E684&0#{53F56307-B6BF-11D0-94F2-00A0C91EFB8B}""},{""Status"":""OK"",""Class"":""Volume"",""FriendlyName"":""Volume"",""InstanceId"":""STORAGE\\VOLUME\\_??_USBSTOR#DISK&VEN_SONY_MIC&PROD_ROVAULT&REV_#1384E684&0#{53F56307-B6BF-11D0-94F2-00A0C91EFB8B}""},{""Status"":""OK"",""Class"":""DiskDrive"",""FriendlyName"":""Sony Mic roVault USB Device"",""InstanceId"":""USBSTOR\\DISK&VEN_SONY_MIC&PROD_ROVAULT&REV_\\1384E684&0""},{""Status"":""OK"",""Class"":""USB"",""FriendlyName"":""Sony USB HiFD Drive"",""InstanceId"":""USB\\VID_054C&PID_0022\\1384E684""}]}",absent,absent,39.1,23.5,List of devices attached,
2026-09-30T04:09:20.805+00:00,2026-09-30T04:09:20.853+00:00,1017.058,present,3756.7,"{""state"":""present"",""devices"":[{""Status"":""OK"",""Class"":""WPD"",""FriendlyName"":""THYME_DIAG"",""InstanceId"":""SWD\\WPDBUSENUM\\_??_USBSTOR#DISK&VEN_SONY_MIC&PROD_ROVAULT&REV_#1384E684&0#{53F56307-B6BF-11D0-94F2-00A0C91EFB8B}""},{""Status"":""OK"",""Class"":""Volume"",""FriendlyName"":""Volume"",""InstanceId"":""STORAGE\\VOLUME\\_??_USBSTOR#DISK&VEN_SONY_MIC&PROD_ROVAULT&REV_#1384E684&0#{53F56307-B6BF-11D0-94F2-00A0C91EFB8B}""},{""Status"":""OK"",""Class"":""DiskDrive"",""FriendlyName"":""Sony Mic roVault USB Device"",""InstanceId"":""USBSTOR\\DISK&VEN_SONY_MIC&PROD_ROVAULT&REV_\\1384E684&0""},{""Status"":""OK"",""Class"":""USB"",""FriendlyName"":""Sony USB HiFD Drive"",""InstanceId"":""USB\\VID_054C&PID_0022\\1384E684""}]}",absent,absent,26.5,22.0,List of devices attached,
2026-09-30T04:09:21.805+00:00,2026-09-30T04:09:21.852+00:00,1018.057,present,3756.7,"{""state"":""present"",""devices"":[{""Status"":""OK"",""Class"":""WPD"",""FriendlyName"":""THYME_DIAG"",""InstanceId"":""SWD\\WPDBUSENUM\\_??_USBSTOR#DISK&VEN_SONY_MIC&PROD_ROVAULT&REV_#1384E684&0#{53F56307-B6BF-11D0-94F2-00A0C91EFB8B}""},{""Status"":""OK"",""Class"":""Volume"",""FriendlyName"":""Volume"",""InstanceId"":""STORAGE\\VOLUME\\_??_USBSTOR#DISK&VEN_SONY_MIC&PROD_ROVAULT&REV_#1384E684&0#{53F56307-B6BF-11D0-94F2-00A0C91EFB8B}""},{""Status"":""OK"",""Class"":""DiskDrive"",""FriendlyName"":""Sony Mic roVault USB Device"",""InstanceId"":""USBSTOR\\DISK&VEN_SONY_MIC&PROD_ROVAULT&REV_\\1384E684&0""},{""Status"":""OK"",""Class"":""USB"",""FriendlyName"":""Sony USB HiFD Drive"",""InstanceId"":""USB\\VID_054C&PID_0022\\1384E684""}]}",absent,absent,24.5,22.8,List of devices attached,
2026-09-30T04:09:22.805+00:00,2026-09-30T04:09:22.853+00:00,1019.058,present,3756.7,"{""state"":""present"",""devices"":[{""Status"":""OK"",""Class"":""WPD"",""FriendlyName"":""THYME_DIAG"",""InstanceId"":""SWD\\WPDBUSENUM\\_??_USBSTOR#DISK&VEN_SONY_MIC&PROD_ROVAULT&REV_#1384E684&0#{53F56307-B6BF-11D0-94F2-00A0C91EFB8B}""},{""Status"":""OK"",""Class"":""Volume"",""FriendlyName"":""Volume"",""InstanceId"":""STORAGE\\VOLUME\\_??_USBSTOR#DISK&VEN_SONY_MIC&PROD_ROVAULT&REV_#1384E684&0#{53F56307-B6BF-11D0-94F2-00A0C91EFB8B}""},{""Status"":""OK"",""Class"":""DiskDrive"",""FriendlyName"":""Sony Mic roVault USB Device"",""InstanceId"":""USBSTOR\\DISK&VEN_SONY_MIC&PROD_ROVAULT&REV_\\1384E684&0""},{""Status"":""OK"",""Class"":""USB"",""FriendlyName"":""Sony USB HiFD Drive"",""InstanceId"":""USB\\VID_054C&PID_0022\\1384E684""}]}",absent,absent,25.9,22.1,List of devices attached,
2026-09-30T04:09:23.805+00:00,2026-09-30T04:09:23.853+00:00,1020.057,present,3756.7,"{""state"":""present"",""devices"":[{""Status"":""OK"",""Class"":""WPD"",""FriendlyName"":""THYME_DIAG"",""InstanceId"":""SWD\\WPDBUSENUM\\_??_USBSTOR#DISK&VEN_SONY_MIC&PROD_ROVAULT&REV_#1384E684&0#{53F56307-B6BF-11D0-94F2-00A0C91EFB8B}""},{""Status"":""OK"",""Class"":""Volume"",""FriendlyName"":""Volume"",""InstanceId"":""STORAGE\\VOLUME\\_??_USBSTOR#DISK&VEN_SONY_MIC&PROD_ROVAULT&REV_#1384E684&0#{53F56307-B6BF-11D0-94F2-00A0C91EFB8B}""},{""Status"":""OK"",""Class"":""DiskDrive"",""FriendlyName"":""Sony Mic roVault USB Device"",""InstanceId"":""USBSTOR\\DISK&VEN_SONY_MIC&PROD_ROVAULT&REV_\\1384E684&0""},{""Status"":""OK"",""Class"":""USB"",""FriendlyName"":""Sony USB HiFD Drive"",""InstanceId"":""USB\\VID_054C&PID_0022\\1384E684""}]}",absent,absent,25.4,22.0,List of devices attached,
2026-09-30T04:09:24.806+00:00,2026-09-30T04:09:24.877+00:00,1021.081,present,3820.8,"{""state"":""present"",""devices"":[{""Status"":""OK"",""Class"":""WPD"",""FriendlyName"":""THYME_DIAG"",""InstanceId"":""SWD\\WPDBUSENUM\\_??_USBSTOR#DISK&VEN_SONY_MIC&PROD_ROVAULT&REV_#1384E684&0#{53F56307-B6BF-11D0-94F2-00A0C91EFB8B}""},{""Status"":""OK"",""Class"":""Volume"",""FriendlyName"":""Volume"",""InstanceId"":""STORAGE\\VOLUME\\_??_USBSTOR#DISK&VEN_SONY_MIC&PROD_ROVAULT&REV_#1384E684&0#{53F56307-B6BF-11D0-94F2-00A0C91EFB8B}""},{""Status"":""OK"",""Class"":""DiskDrive"",""FriendlyName"":""Sony Mic roVault USB Device"",""InstanceId"":""USBSTOR\\DISK&VEN_SONY_MIC&PROD_ROVAULT&REV_\\1384E684&0""},{""Status"":""OK"",""Class"":""USB"",""FriendlyName"":""Sony USB HiFD Drive"",""InstanceId"":""USB\\VID_054C&PID_0022\\1384E684""}]}",absent,absent,36.2,34.4,List of devices attached,
2026-09-30T04:09:25.806+00:00,2026-09-30T04:09:25.852+00:00,1022.057,present,3820.8,"{""state"":""present"",""devices"":[{""Status"":""OK"",""Class"":""WPD"",""FriendlyName"":""THYME_DIAG"",""InstanceId"":""SWD\\WPDBUSENUM\\_??_USBSTOR#DISK&VEN_SONY_MIC&PROD_ROVAULT&REV_#1384E684&0#{53F56307-B6BF-11D0-94F2-00A0C91EFB8B}""},{""Status"":""OK"",""Class"":""Volume"",""FriendlyName"":""Volume"",""InstanceId"":""STORAGE\\VOLUME\\_??_USBSTOR#DISK&VEN_SONY_MIC&PROD_ROVAULT&REV_#1384E684&0#{53F56307-B6BF-11D0-94F2-00A0C91EFB8B}""},{""Status"":""OK"",""Class"":""DiskDrive"",""FriendlyName"":""Sony Mic roVault USB Device"",""InstanceId"":""USBSTOR\\DISK&VEN_SONY_MIC&PROD_ROVAULT&REV_\\1384E684&0""},{""Status"":""OK"",""Class"":""USB"",""FriendlyName"":""Sony USB HiFD Drive"",""InstanceId"":""USB\\VID_054C&PID_0022\\1384E684""}]}",absent,absent,25.1,20.9,List of devices attached,
2026-09-30T04:09:26.807+00:00,2026-09-30T04:09:26.852+00:00,1023.056,present,3820.8,"{""state"":""present"",""devices"":[{""Status"":""OK"",""Class"":""WPD"",""FriendlyName"":""THYME_DIAG"",""InstanceId"":""SWD\\WPDBUSENUM\\_??_USBSTOR#DISK&VEN_SONY_MIC&PROD_ROVAULT&REV_#1384E684&0#{53F56307-B6BF-11D0-94F2-00A0C91EFB8B}""},{""Status"":""OK"",""Class"":""Volume"",""FriendlyName"":""Volume"",""InstanceId"":""STORAGE\\VOLUME\\_??_USBSTOR#DISK&VEN_SONY_MIC&PROD_ROVAULT&REV_#1384E684&0#{53F56307-B6BF-11D0-94F2-00A0C91EFB8B}""},{""Status"":""OK"",""Class"":""DiskDrive"",""FriendlyName"":""Sony Mic roVault USB Device"",""InstanceId"":""USBSTOR\\DISK&VEN_SONY_MIC&PROD_ROVAULT&REV_\\1384E684&0""},{""Status"":""OK"",""Class"":""USB"",""FriendlyName"":""Sony USB HiFD Drive"",""InstanceId"":""USB\\VID_054C&PID_0022\\1384E684""}]}",absent,absent,24.0,21.0,List of devices attached,
2026-09-30T04:09:27.807+00:00,2026-09-30T04:09:27.854+00:00,1024.058,present,3820.8,"{""state"":""present"",""devices"":[{""Status"":""OK"",""Class"":""WPD"",""FriendlyName"":""THYME_DIAG"",""InstanceId"":""SWD\\WPDBUSENUM\\_??_USBSTOR#DISK&VEN_SONY_MIC&PROD_ROVAULT&REV_#1384E684&0#{53F56307-B6BF-11D0-94F2-00A0C91EFB8B}""},{""Status"":""OK"",""Class"":""Volume"",""FriendlyName"":""Volume"",""InstanceId"":""STORAGE\\VOLUME\\_??_USBSTOR#DISK&VEN_SONY_MIC&PROD_ROVAULT&REV_#1384E684&0#{53F56307-B6BF-11D0-94F2-00A0C91EFB8B}""},{""Status"":""OK"",""Class"":""DiskDrive"",""FriendlyName"":""Sony Mic roVault USB Device"",""InstanceId"":""USBSTOR\\DISK&VEN_SONY_MIC&PROD_ROVAULT&REV_\\1384E684&0""},{""Status"":""OK"",""Class"":""USB"",""FriendlyName"":""Sony USB HiFD Drive"",""InstanceId"":""USB\\VID_054C&PID_0022\\1384E684""}]}",absent,absent,24.4,22.4,List of devices attached,
2026-09-30T04:09:28.807+00:00,2026-09-30T04:09:28.867+00:00,1025.071,present,3885.3,"{""state"":""present"",""devices"":[{""Status"":""OK"",""Class"":""WPD"",""FriendlyName"":""THYME_DIAG"",""InstanceId"":""SWD\\WPDBUSENUM\\_??_USBSTOR#DISK&VEN_SONY_MIC&PROD_ROVAULT&REV_#1384E684&0#{53F56307-B6BF-11D0-94F2-00A0C91EFB8B}""},{""Status"":""OK"",""Class"":""Volume"",""FriendlyName"":""Volume"",""InstanceId"":""STORAGE\\VOLUME\\_??_USBSTOR#DISK&VEN_SONY_MIC&PROD_ROVAULT&REV_#1384E684&0#{53F56307-B6BF-11D0-94F2-00A0C91EFB8B}""},{""Status"":""OK"",""Class"":""DiskDrive"",""FriendlyName"":""Sony Mic roVault USB Device"",""InstanceId"":""USBSTOR\\DISK&VEN_SONY_MIC&PROD_ROVAULT&REV_\\1384E684&0""},{""Status"":""OK"",""Class"":""USB"",""FriendlyName"":""Sony USB HiFD Drive"",""InstanceId"":""USB\\VID_054C&PID_0022\\1384E684""}]}",absent,absent,27.5,32.0,List of devices attached,
2026-09-30T04:09:29.808+00:00,2026-09-30T04:09:29.851+00:00,1026.056,present,3885.3,"{""state"":""present"",""devices"":[{""Status"":""OK"",""Class"":""WPD"",""FriendlyName"":""THYME_DIAG"",""InstanceId"":""SWD\\WPDBUSENUM\\_??_USBSTOR#DISK&VEN_SONY_MIC&PROD_ROVAULT&REV_#1384E684&0#{53F56307-B6BF-11D0-94F2-00A0C91EFB8B}""},{""Status"":""OK"",""Class"":""Volume"",""FriendlyName"":""Volume"",""InstanceId"":""STORAGE\\VOLUME\\_??_USBSTOR#DISK&VEN_SONY_MIC&PROD_ROVAULT&REV_#1384E684&0#{53F56307-B6BF-11D0-94F2-00A0C91EFB8B}""},{""Status"":""OK"",""Class"":""DiskDrive"",""FriendlyName"":""Sony Mic roVault USB Device"",""InstanceId"":""USBSTOR\\DISK&VEN_SONY_MIC&PROD_ROVAULT&REV_\\1384E684&0""},{""Status"":""OK"",""Class"":""USB"",""FriendlyName"":""Sony USB HiFD Drive"",""InstanceId"":""USB\\VID_054C&PID_0022\\1384E684""}]}",absent,absent,24.6,19.2,List of devices attached,
2026-09-30T04:09:30.808+00:00,2026-09-30T04:09:30.856+00:00,1027.061,present,3885.3,"{""state"":""present"",""devices"":[{""Status"":""OK"",""Class"":""WPD"",""FriendlyName"":""THYME_DIAG"",""InstanceId"":""SWD\\WPDBUSENUM\\_??_USBSTOR#DISK&VEN_SONY_MIC&PROD_ROVAULT&REV_#1384E684&0#{53F56307-B6BF-11D0-94F2-00A0C91EFB8B}""},{""Status"":""OK"",""Class"":""Volume"",""FriendlyName"":""Volume"",""InstanceId"":""STORAGE\\VOLUME\\_??_USBSTOR#DISK&VEN_SONY_MIC&PROD_ROVAULT&REV_#1384E684&0#{53F56307-B6BF-11D0-94F2-00A0C91EFB8B}""},{""Status"":""OK"",""Class"":""DiskDrive"",""FriendlyName"":""Sony Mic roVault USB Device"",""InstanceId"":""USBSTOR\\DISK&VEN_SONY_MIC&PROD_ROVAULT&REV_\\1384E684&0""},{""Status"":""OK"",""Class"":""USB"",""FriendlyName"":""Sony USB HiFD Drive"",""InstanceId"":""USB\\VID_054C&PID_0022\\1384E684""}]}",absent,absent,25.2,23.3,List of devices attached,
2026-09-30T04:09:31.808+00:00,2026-09-30T04:09:31.854+00:00,1028.059,present,3885.3,"{""state"":""present"",""devices"":[{""Status"":""OK"",""Class"":""WPD"",""FriendlyName"":""THYME_DIAG"",""InstanceId"":""SWD\\WPDBUSENUM\\_??_USBSTOR#DISK&VEN_SONY_MIC&PROD_ROVAULT&REV_#1384E684&0#{53F56307-B6BF-11D0-94F2-00A0C91EFB8B}""},{""Status"":""OK"",""Class"":""Volume"",""FriendlyName"":""Volume"",""InstanceId"":""STORAGE\\VOLUME\\_??_USBSTOR#DISK&VEN_SONY_MIC&PROD_ROVAULT&REV_#1384E684&0#{53F56307-B6BF-11D0-94F2-00A0C91EFB8B}""},{""Status"":""OK"",""Class"":""DiskDrive"",""FriendlyName"":""Sony Mic roVault USB Device"",""InstanceId"":""USBSTOR\\DISK&VEN_SONY_MIC&PROD_ROVAULT&REV_\\1384E684&0""},{""Status"":""OK"",""Class"":""USB"",""FriendlyName"":""Sony USB HiFD Drive"",""InstanceId"":""USB\\VID_054C&PID_0022\\1384E684""}]}",absent,absent,24.4,21.4,List of devices attached,
2026-09-30T04:09:32.808+00:00,2026-09-30T04:09:32.856+00:00,1029.061,present,3885.3,"{""state"":""present"",""devices"":[{""Status"":""OK"",""Class"":""WPD"",""FriendlyName"":""THYME_DIAG"",""InstanceId"":""SWD\\WPDBUSENUM\\_??_USBSTOR#DISK&VEN_SONY_MIC&PROD_ROVAULT&REV_#1384E684&0#{53F56307-B6BF-11D0-94F2-00A0C91EFB8B}""},{""Status"":""OK"",""Class"":""Volume"",""FriendlyName"":""Volume"",""InstanceId"":""STORAGE\\VOLUME\\_??_USBSTOR#DISK&VEN_SONY_MIC&PROD_ROVAULT&REV_#1384E684&0#{53F56307-B6BF-11D0-94F2-00A0C91EFB8B}""},{""Status"":""OK"",""Class"":""DiskDrive"",""FriendlyName"":""Sony Mic roVault USB Device"",""InstanceId"":""USBSTOR\\DISK&VEN_SONY_MIC&PROD_ROVAULT&REV_\\1384E684&0""},{""Status"":""OK"",""Class"":""USB"",""FriendlyName"":""Sony USB HiFD Drive"",""InstanceId"":""USB\\VID_054C&PID_0022\\1384E684""}]}",absent,absent,25.3,22.6,List of devices attached,
2026-09-30T04:09:33.809+00:00,2026-09-30T04:09:33.855+00:00,1030.060,present,4003.3,"{""state"":""present"",""devices"":[{""Status"":""OK"",""Class"":""WPD"",""FriendlyName"":""THYME_DIAG"",""InstanceId"":""SWD\\WPDBUSENUM\\_??_USBSTOR#DISK&VEN_SONY_MIC&PROD_ROVAULT&REV_#1384E684&0#{53F56307-B6BF-11D0-94F2-00A0C91EFB8B}""},{""Status"":""OK"",""Class"":""Volume"",""FriendlyName"":""Volume"",""InstanceId"":""STORAGE\\VOLUME\\_??_USBSTOR#DISK&VEN_SONY_MIC&PROD_ROVAULT&REV_#1384E684&0#{53F56307-B6BF-11D0-94F2-00A0C91EFB8B}""},{""Status"":""OK"",""Class"":""DiskDrive"",""FriendlyName"":""Sony Mic roVault USB Device"",""InstanceId"":""USBSTOR\\DISK&VEN_SONY_MIC&PROD_ROVAULT&REV_\\1384E684&0""},{""Status"":""OK"",""Class"":""USB"",""FriendlyName"":""Sony USB HiFD Drive"",""InstanceId"":""USB\\VID_054C&PID_0022\\1384E684""}]}",absent,absent,23.1,23.1,List of devices attached,
2026-09-30T04:09:34.809+00:00,2026-09-30T04:09:36.667+00:00,1032.872,present,4003.3,"{""state"":""present"",""devices"":[{""Status"":""OK"",""Class"":""WPD"",""FriendlyName"":""THYME_DIAG"",""InstanceId"":""SWD\\WPDBUSENUM\\_??_USBSTOR#DISK&VEN_SONY_MIC&PROD_ROVAULT&REV_#1384E684&0#{53F56307-B6BF-11D0-94F2-00A0C91EFB8B}""},{""Status"":""OK"",""Class"":""Volume"",""FriendlyName"":""Volume"",""InstanceId"":""STORAGE\\VOLUME\\_??_USBSTOR#DISK&VEN_SONY_MIC&PROD_ROVAULT&REV_#1384E684&0#{53F56307-B6BF-11D0-94F2-00A0C91EFB8B}""},{""Status"":""OK"",""Class"":""DiskDrive"",""FriendlyName"":""Sony Mic roVault USB Device"",""InstanceId"":""USBSTOR\\DISK&VEN_SONY_MIC&PROD_ROVAULT&REV_\\1384E684&0""},{""Status"":""OK"",""Class"":""USB"",""FriendlyName"":""Sony USB HiFD Drive"",""InstanceId"":""USB\\VID_054C&PID_0022\\1384E684""}]}",absent,absent,398.1,1459.7,List of devices attached,
2026-09-30T04:09:36.668+00:00,2026-09-30T04:09:37.386+00:00,1033.590,present,4003.3,"{""state"":""present"",""devices"":[{""Status"":""OK"",""Class"":""WPD"",""FriendlyName"":""THYME_DIAG"",""InstanceId"":""SWD\\WPDBUSENUM\\_??_USBSTOR#DISK&VEN_SONY_MIC&PROD_ROVAULT&REV_#1384E684&0#{53F56307-B6BF-11D0-94F2-00A0C91EFB8B}""},{""Status"":""OK"",""Class"":""Volume"",""FriendlyName"":""Volume"",""InstanceId"":""STORAGE\\VOLUME\\_??_USBSTOR#DISK&VEN_SONY_MIC&PROD_ROVAULT&REV_#1384E684&0#{53F56307-B6BF-11D0-94F2-00A0C91EFB8B}""},{""Status"":""OK"",""Class"":""DiskDrive"",""FriendlyName"":""Sony Mic roVault USB Device"",""InstanceId"":""USBSTOR\\DISK&VEN_SONY_MIC&PROD_ROVAULT&REV_\\1384E684&0""},{""Status"":""OK"",""Class"":""USB"",""FriendlyName"":""Sony USB HiFD Drive"",""InstanceId"":""USB\\VID_054C&PID_0022\\1384E684""}]}",absent,absent,353.8,364.3,List of devices attached,
2026-09-30T04:09:37.668+00:00,2026-09-30T04:09:37.787+00:00,1033.991,present,4003.3,"{""state"":""present"",""devices"":[{""Status"":""OK"",""Class"":""WPD"",""FriendlyName"":""THYME_DIAG"",""InstanceId"":""SWD\\WPDBUSENUM\\_??_USBSTOR#DISK&VEN_SONY_MIC&PROD_ROVAULT&REV_#1384E684&0#{53F56307-B6BF-11D0-94F2-00A0C91EFB8B}""},{""Status"":""OK"",""Class"":""Volume"",""FriendlyName"":""Volume"",""InstanceId"":""STORAGE\\VOLUME\\_??_USBSTOR#DISK&VEN_SONY_MIC&PROD_ROVAULT&REV_#1384E684&0#{53F56307-B6BF-11D0-94F2-00A0C91EFB8B}""},{""Status"":""OK"",""Class"":""DiskDrive"",""FriendlyName"":""Sony Mic roVault USB Device"",""InstanceId"":""USBSTOR\\DISK&VEN_SONY_MIC&PROD_ROVAULT&REV_\\1384E684&0""},{""Status"":""OK"",""Class"":""USB"",""FriendlyName"":""Sony USB HiFD Drive"",""InstanceId"":""USB\\VID_054C&PID_0022\\1384E684""}]}",absent,absent,94.3,24.2,List of devices attached,
2026-09-30T04:09:38.668+00:00,2026-09-30T04:09:38.975+00:00,1035.179,present,4003.3,"{""state"":""present"",""devices"":[{""Status"":""OK"",""Class"":""WPD"",""FriendlyName"":""THYME_DIAG"",""InstanceId"":""SWD\\WPDBUSENUM\\_??_USBSTOR#DISK&VEN_SONY_MIC&PROD_ROVAULT&REV_#1384E684&0#{53F56307-B6BF-11D0-94F2-00A0C91EFB8B}""},{""Status"":""OK"",""Class"":""Volume"",""FriendlyName"":""Volume"",""InstanceId"":""STORAGE\\VOLUME\\_??_USBSTOR#DISK&VEN_SONY_MIC&PROD_ROVAULT&REV_#1384E684&0#{53F56307-B6BF-11D0-94F2-00A0C91EFB8B}""},{""Status"":""OK"",""Class"":""DiskDrive"",""FriendlyName"":""Sony Mic roVault USB Device"",""InstanceId"":""USBSTOR\\DISK&VEN_SONY_MIC&PROD_ROVAULT&REV_\\1384E684&0""},{""Status"":""OK"",""Class"":""USB"",""FriendlyName"":""Sony USB HiFD Drive"",""InstanceId"":""USB\\VID_054C&PID_0022\\1384E684""}]}",absent,absent,46.9,259.7,List of devices attached,
2026-09-30T04:09:39.669+00:00,2026-09-30T04:09:39.800+00:00,1036.004,present,4003.3,"{""state"":""present"",""devices"":[{""Status"":""OK"",""Class"":""WPD"",""FriendlyName"":""THYME_DIAG"",""InstanceId"":""SWD\\WPDBUSENUM\\_??_USBSTOR#DISK&VEN_SONY_MIC&PROD_ROVAULT&REV_#1384E684&0#{53F56307-B6BF-11D0-94F2-00A0C91EFB8B}""},{""Status"":""OK"",""Class"":""Volume"",""FriendlyName"":""Volume"",""InstanceId"":""STORAGE\\VOLUME\\_??_USBSTOR#DISK&VEN_SONY_MIC&PROD_ROVAULT&REV_#1384E684&0#{53F56307-B6BF-11D0-94F2-00A0C91EFB8B}""},{""Status"":""OK"",""Class"":""DiskDrive"",""FriendlyName"":""Sony Mic roVault USB Device"",""InstanceId"":""USBSTOR\\DISK&VEN_SONY_MIC&PROD_ROVAULT&REV_\\1384E684&0""},{""Status"":""OK"",""Class"":""USB"",""FriendlyName"":""Sony USB HiFD Drive"",""InstanceId"":""USB\\VID_054C&PID_0022\\1384E684""}]}",absent,absent,35.3,95.5,List of devices attached,
2026-09-30T04:09:40.669+00:00,2026-09-30T04:09:40.717+00:00,1036.921,present,4003.3,"{""state"":""present"",""devices"":[{""Status"":""OK"",""Class"":""WPD"",""FriendlyName"":""THYME_DIAG"",""InstanceId"":""SWD\\WPDBUSENUM\\_??_USBSTOR#DISK&VEN_SONY_MIC&PROD_ROVAULT&REV_#1384E684&0#{53F56307-B6BF-11D0-94F2-00A0C91EFB8B}""},{""Status"":""OK"",""Class"":""Volume"",""FriendlyName"":""Volume"",""InstanceId"":""STORAGE\\VOLUME\\_??_USBSTOR#DISK&VEN_SONY_MIC&PROD_ROVAULT&REV_#1384E684&0#{53F56307-B6BF-11D0-94F2-00A0C91EFB8B}""},{""Status"":""OK"",""Class"":""DiskDrive"",""FriendlyName"":""Sony Mic roVault USB Device"",""InstanceId"":""USBSTOR\\DISK&VEN_SONY_MIC&PROD_ROVAULT&REV_\\1384E684&0""},{""Status"":""OK"",""Class"":""USB"",""FriendlyName"":""Sony USB HiFD Drive"",""InstanceId"":""USB\\VID_054C&PID_0022\\1384E684""}]}",absent,absent,24.9,22.8,List of devices attached,
2026-09-30T04:09:41.669+00:00,2026-09-30T04:09:41.714+00:00,1037.919,present,4003.3,"{""state"":""present"",""devices"":[{""Status"":""OK"",""Class"":""WPD"",""FriendlyName"":""THYME_DIAG"",""InstanceId"":""SWD\\WPDBUSENUM\\_??_USBSTOR#DISK&VEN_SONY_MIC&PROD_ROVAULT&REV_#1384E684&0#{53F56307-B6BF-11D0-94F2-00A0C91EFB8B}""},{""Status"":""OK"",""Class"":""Volume"",""FriendlyName"":""Volume"",""InstanceId"":""STORAGE\\VOLUME\\_??_USBSTOR#DISK&VEN_SONY_MIC&PROD_ROVAULT&REV_#1384E684&0#{53F56307-B6BF-11D0-94F2-00A0C91EFB8B}""},{""Status"":""OK"",""Class"":""DiskDrive"",""FriendlyName"":""Sony Mic roVault USB Device"",""InstanceId"":""USBSTOR\\DISK&VEN_SONY_MIC&PROD_ROVAULT&REV_\\1384E684&0""},{""Status"":""OK"",""Class"":""USB"",""FriendlyName"":""Sony USB HiFD Drive"",""InstanceId"":""USB\\VID_054C&PID_0022\\1384E684""}]}",absent,absent,23.5,21.4,List of devices attached,
2026-09-30T04:09:42.669+00:00,2026-09-30T04:09:42.717+00:00,1038.922,present,8195.1,"{""state"":""present"",""devices"":[{""Status"":""OK"",""Class"":""WPD"",""FriendlyName"":""THYME_DIAG"",""InstanceId"":""SWD\\WPDBUSENUM\\_??_USBSTOR#DISK&VEN_SONY_MIC&PROD_ROVAULT&REV_#1384E684&0#{53F56307-B6BF-11D0-94F2-00A0C91EFB8B}""},{""Status"":""OK"",""Class"":""Volume"",""FriendlyName"":""Volume"",""InstanceId"":""STORAGE\\VOLUME\\_??_USBSTOR#DISK&VEN_SONY_MIC&PROD_ROVAULT&REV_#1384E684&0#{53F56307-B6BF-11D0-94F2-00A0C91EFB8B}""},{""Status"":""OK"",""Class"":""DiskDrive"",""FriendlyName"":""Sony Mic roVault USB Device"",""InstanceId"":""USBSTOR\\DISK&VEN_SONY_MIC&PROD_ROVAULT&REV_\\1384E684&0""},{""Status"":""OK"",""Class"":""USB"",""FriendlyName"":""Sony USB HiFD Drive"",""InstanceId"":""USB\\VID_054C&PID_0022\\1384E684""}]}",absent,absent,24.9,22.8,List of devices attached,
2026-09-30T04:09:43.670+00:00,2026-09-30T04:09:43.717+00:00,1039.922,present,8195.1,"{""state"":""present"",""devices"":[{""Status"":""OK"",""Class"":""WPD"",""FriendlyName"":""THYME_DIAG"",""InstanceId"":""SWD\\WPDBUSENUM\\_??_USBSTOR#DISK&VEN_SONY_MIC&PROD_ROVAULT&REV_#1384E684&0#{53F56307-B6BF-11D0-94F2-00A0C91EFB8B}""},{""Status"":""OK"",""Class"":""Volume"",""FriendlyName"":""Volume"",""InstanceId"":""STORAGE\\VOLUME\\_??_USBSTOR#DISK&VEN_SONY_MIC&PROD_ROVAULT&REV_#1384E684&0#{53F56307-B6BF-11D0-94F2-00A0C91EFB8B}""},{""Status"":""OK"",""Class"":""DiskDrive"",""FriendlyName"":""Sony Mic roVault USB Device"",""InstanceId"":""USBSTOR\\DISK&VEN_SONY_MIC&PROD_ROVAULT&REV_\\1384E684&0""},{""Status"":""OK"",""Class"":""USB"",""FriendlyName"":""Sony USB HiFD Drive"",""InstanceId"":""USB\\VID_054C&PID_0022\\1384E684""}]}",absent,absent,25.3,21.9,List of devices attached,
2026-09-30T04:09:44.670+00:00,2026-09-30T04:09:44.717+00:00,1040.922,present,8195.1,"{""state"":""present"",""devices"":[{""Status"":""OK"",""Class"":""WPD"",""FriendlyName"":""THYME_DIAG"",""InstanceId"":""SWD\\WPDBUSENUM\\_??_USBSTOR#DISK&VEN_SONY_MIC&PROD_ROVAULT&REV_#1384E684&0#{53F56307-B6BF-11D0-94F2-00A0C91EFB8B}""},{""Status"":""OK"",""Class"":""Volume"",""FriendlyName"":""Volume"",""InstanceId"":""STORAGE\\VOLUME\\_??_USBSTOR#DISK&VEN_SONY_MIC&PROD_ROVAULT&REV_#1384E684&0#{53F56307-B6BF-11D0-94F2-00A0C91EFB8B}""},{""Status"":""OK"",""Class"":""DiskDrive"",""FriendlyName"":""Sony Mic roVault USB Device"",""InstanceId"":""USBSTOR\\DISK&VEN_SONY_MIC&PROD_ROVAULT&REV_\\1384E684&0""},{""Status"":""OK"",""Class"":""USB"",""FriendlyName"":""Sony USB HiFD Drive"",""InstanceId"":""USB\\VID_054C&PID_0022\\1384E684""}]}",absent,absent,25.4,21.7,List of devices attached,
2026-09-30T04:09:45.671+00:00,2026-09-30T04:09:45.714+00:00,1041.919,present,8195.1,"{""state"":""present"",""devices"":[{""Status"":""OK"",""Class"":""WPD"",""FriendlyName"":""THYME_DIAG"",""InstanceId"":""SWD\\WPDBUSENUM\\_??_USBSTOR#DISK&VEN_SONY_MIC&PROD_ROVAULT&REV_#1384E684&0#{53F56307-B6BF-11D0-94F2-00A0C91EFB8B}""},{""Status"":""OK"",""Class"":""Volume"",""FriendlyName"":""Volume"",""InstanceId"":""STORAGE\\VOLUME\\_??_USBSTOR#DISK&VEN_SONY_MIC&PROD_ROVAULT&REV_#1384E684&0#{53F56307-B6BF-11D0-94F2-00A0C91EFB8B}""},{""Status"":""OK"",""Class"":""DiskDrive"",""FriendlyName"":""Sony Mic roVault USB Device"",""InstanceId"":""USBSTOR\\DISK&VEN_SONY_MIC&PROD_ROVAULT&REV_\\1384E684&0""},{""Status"":""OK"",""Class"":""USB"",""FriendlyName"":""Sony USB HiFD Drive"",""InstanceId"":""USB\\VID_054C&PID_0022\\1384E684""}]}",absent,absent,23.5,20.3,List of devices attached,
2026-09-30T04:09:46.671+00:00,2026-09-30T04:09:46.718+00:00,1042.922,present,3982.7,"{""state"":""present"",""devices"":[{""Status"":""OK"",""Class"":""WPD"",""FriendlyName"":""THYME_DIAG"",""InstanceId"":""SWD\\WPDBUSENUM\\_??_USBSTOR#DISK&VEN_SONY_MIC&PROD_ROVAULT&REV_#1384E684&0#{53F56307-B6BF-11D0-94F2-00A0C91EFB8B}""},{""Status"":""OK"",""Class"":""Volume"",""FriendlyName"":""Volume"",""InstanceId"":""STORAGE\\VOLUME\\_??_USBSTOR#DISK&VEN_SONY_MIC&PROD_ROVAULT&REV_#1384E684&0#{53F56307-B6BF-11D0-94F2-00A0C91EFB8B}""},{""Status"":""OK"",""Class"":""DiskDrive"",""FriendlyName"":""Sony Mic roVault USB Device"",""InstanceId"":""USBSTOR\\DISK&VEN_SONY_MIC&PROD_ROVAULT&REV_\\1384E684&0""},{""Status"":""OK"",""Class"":""USB"",""FriendlyName"":""Sony USB HiFD Drive"",""InstanceId"":""USB\\VID_054C&PID_0022\\1384E684""}]}",absent,absent,24.4,22.2,List of devices attached,
2026-09-30T04:09:47.672+00:00,2026-09-30T04:09:47.720+00:00,1043.924,present,3982.7,"{""state"":""present"",""devices"":[{""Status"":""OK"",""Class"":""WPD"",""FriendlyName"":""THYME_DIAG"",""InstanceId"":""SWD\\WPDBUSENUM\\_??_USBSTOR#DISK&VEN_SONY_MIC&PROD_ROVAULT&REV_#1384E684&0#{53F56307-B6BF-11D0-94F2-00A0C91EFB8B}""},{""Status"":""OK"",""Class"":""Volume"",""FriendlyName"":""Volume"",""InstanceId"":""STORAGE\\VOLUME\\_??_USBSTOR#DISK&VEN_SONY_MIC&PROD_ROVAULT&REV_#1384E684&0#{53F56307-B6BF-11D0-94F2-00A0C91EFB8B}""},{""Status"":""OK"",""Class"":""DiskDrive"",""FriendlyName"":""Sony Mic roVault USB Device"",""InstanceId"":""USBSTOR\\DISK&VEN_SONY_MIC&PROD_ROVAULT&REV_\\1384E684&0""},{""Status"":""OK"",""Class"":""USB"",""FriendlyName"":""Sony USB HiFD Drive"",""InstanceId"":""USB\\VID_054C&PID_0022\\1384E684""}]}",absent,absent,25.4,22.5,List of devices attached,
2026-09-30T04:09:48.672+00:00,2026-09-30T04:09:48.718+00:00,1044.923,present,3982.7,"{""state"":""present"",""devices"":[{""Status"":""OK"",""Class"":""WPD"",""FriendlyName"":""THYME_DIAG"",""InstanceId"":""SWD\\WPDBUSENUM\\_??_USBSTOR#DISK&VEN_SONY_MIC&PROD_ROVAULT&REV_#1384E684&0#{53F56307-B6BF-11D0-94F2-00A0C91EFB8B}""},{""Status"":""OK"",""Class"":""Volume"",""FriendlyName"":""Volume"",""InstanceId"":""STORAGE\\VOLUME\\_??_USBSTOR#DISK&VEN_SONY_MIC&PROD_ROVAULT&REV_#1384E684&0#{53F56307-B6BF-11D0-94F2-00A0C91EFB8B}""},{""Status"":""OK"",""Class"":""DiskDrive"",""FriendlyName"":""Sony Mic roVault USB Device"",""InstanceId"":""USBSTOR\\DISK&VEN_SONY_MIC&PROD_ROVAULT&REV_\\1384E684&0""},{""Status"":""OK"",""Class"":""USB"",""FriendlyName"":""Sony USB HiFD Drive"",""InstanceId"":""USB\\VID_054C&PID_0022\\1384E684""}]}",absent,absent,24.4,21.8,List of devices attached,
2026-09-30T04:09:49.672+00:00,2026-09-30T04:09:49.717+00:00,1045.921,present,3982.7,"{""state"":""present"",""devices"":[{""Status"":""OK"",""Class"":""WPD"",""FriendlyName"":""THYME_DIAG"",""InstanceId"":""SWD\\WPDBUSENUM\\_??_USBSTOR#DISK&VEN_SONY_MIC&PROD_ROVAULT&REV_#1384E684&0#{53F56307-B6BF-11D0-94F2-00A0C91EFB8B}""},{""Status"":""OK"",""Class"":""Volume"",""FriendlyName"":""Volume"",""InstanceId"":""STORAGE\\VOLUME\\_??_USBSTOR#DISK&VEN_SONY_MIC&PROD_ROVAULT&REV_#1384E684&0#{53F56307-B6BF-11D0-94F2-00A0C91EFB8B}""},{""Status"":""OK"",""Class"":""DiskDrive"",""FriendlyName"":""Sony Mic roVault USB Device"",""InstanceId"":""USBSTOR\\DISK&VEN_SONY_MIC&PROD_ROVAULT&REV_\\1384E684&0""},{""Status"":""OK"",""Class"":""USB"",""FriendlyName"":""Sony USB HiFD Drive"",""InstanceId"":""USB\\VID_054C&PID_0022\\1384E684""}]}",absent,absent,23.9,20.6,List of devices attached,
2026-09-30T04:09:50.672+00:00,2026-09-30T04:09:50.718+00:00,1046.923,present,3982.7,"{""state"":""present"",""devices"":[{""Status"":""OK"",""Class"":""WPD"",""FriendlyName"":""THYME_DIAG"",""InstanceId"":""SWD\\WPDBUSENUM\\_??_USBSTOR#DISK&VEN_SONY_MIC&PROD_ROVAULT&REV_#1384E684&0#{53F56307-B6BF-11D0-94F2-00A0C91EFB8B}""},{""Status"":""OK"",""Class"":""Volume"",""FriendlyName"":""Volume"",""InstanceId"":""STORAGE\\VOLUME\\_??_USBSTOR#DISK&VEN_SONY_MIC&PROD_ROVAULT&REV_#1384E684&0#{53F56307-B6BF-11D0-94F2-00A0C91EFB8B}""},{""Status"":""OK"",""Class"":""DiskDrive"",""FriendlyName"":""Sony Mic roVault USB Device"",""InstanceId"":""USBSTOR\\DISK&VEN_SONY_MIC&PROD_ROVAULT&REV_\\1384E684&0""},{""Status"":""OK"",""Class"":""USB"",""FriendlyName"":""Sony USB HiFD Drive"",""InstanceId"":""USB\\VID_054C&PID_0022\\1384E684""}]}",absent,absent,24.6,21.1,List of devices attached,
2026-09-30T04:09:51.673+00:00,2026-09-30T04:09:51.722+00:00,1047.926,present,4018.2,"{""state"":""present"",""devices"":[{""Status"":""OK"",""Class"":""WPD"",""FriendlyName"":""THYME_DIAG"",""InstanceId"":""SWD\\WPDBUSENUM\\_??_USBSTOR#DISK&VEN_SONY_MIC&PROD_ROVAULT&REV_#1384E684&0#{53F56307-B6BF-11D0-94F2-00A0C91EFB8B}""},{""Status"":""OK"",""Class"":""Volume"",""FriendlyName"":""Volume"",""InstanceId"":""STORAGE\\VOLUME\\_??_USBSTOR#DISK&VEN_SONY_MIC&PROD_ROVAULT&REV_#1384E684&0#{53F56307-B6BF-11D0-94F2-00A0C91EFB8B}""},{""Status"":""OK"",""Class"":""DiskDrive"",""FriendlyName"":""Sony Mic roVault USB Device"",""InstanceId"":""USBSTOR\\DISK&VEN_SONY_MIC&PROD_ROVAULT&REV_\\1384E684&0""},{""Status"":""OK"",""Class"":""USB"",""FriendlyName"":""Sony USB HiFD Drive"",""InstanceId"":""USB\\VID_054C&PID_0022\\1384E684""}]}",absent,absent,26.4,22.7,List of devices attached,
2026-09-30T04:09:52.673+00:00,2026-09-30T04:09:52.719+00:00,1048.924,present,4018.2,"{""state"":""present"",""devices"":[{""Status"":""OK"",""Class"":""WPD"",""FriendlyName"":""THYME_DIAG"",""InstanceId"":""SWD\\WPDBUSENUM\\_??_USBSTOR#DISK&VEN_SONY_MIC&PROD_ROVAULT&REV_#1384E684&0#{53F56307-B6BF-11D0-94F2-00A0C91EFB8B}""},{""Status"":""OK"",""Class"":""Volume"",""FriendlyName"":""Volume"",""InstanceId"":""STORAGE\\VOLUME\\_??_USBSTOR#DISK&VEN_SONY_MIC&PROD_ROVAULT&REV_#1384E684&0#{53F56307-B6BF-11D0-94F2-00A0C91EFB8B}""},{""Status"":""OK"",""Class"":""DiskDrive"",""FriendlyName"":""Sony Mic roVault USB Device"",""InstanceId"":""USBSTOR\\DISK&VEN_SONY_MIC&PROD_ROVAULT&REV_\\1384E684&0""},{""Status"":""OK"",""Class"":""USB"",""FriendlyName"":""Sony USB HiFD Drive"",""InstanceId"":""USB\\VID_054C&PID_0022\\1384E684""}]}",absent,absent,24.8,21.7,List of devices attached,
2026-09-30T04:09:53.673+00:00,2026-09-30T04:09:53.722+00:00,1049.927,present,4018.2,"{""state"":""present"",""devices"":[{""Status"":""OK"",""Class"":""WPD"",""FriendlyName"":""THYME_DIAG"",""InstanceId"":""SWD\\WPDBUSENUM\\_??_USBSTOR#DISK&VEN_SONY_MIC&PROD_ROVAULT&REV_#1384E684&0#{53F56307-B6BF-11D0-94F2-00A0C91EFB8B}""},{""Status"":""OK"",""Class"":""Volume"",""FriendlyName"":""Volume"",""InstanceId"":""STORAGE\\VOLUME\\_??_USBSTOR#DISK&VEN_SONY_MIC&PROD_ROVAULT&REV_#1384E684&0#{53F56307-B6BF-11D0-94F2-00A0C91EFB8B}""},{""Status"":""OK"",""Class"":""DiskDrive"",""FriendlyName"":""Sony Mic roVault USB Device"",""InstanceId"":""USBSTOR\\DISK&VEN_SONY_MIC&PROD_ROVAULT&REV_\\1384E684&0""},{""Status"":""OK"",""Class"":""USB"",""FriendlyName"":""Sony USB HiFD Drive"",""InstanceId"":""USB\\VID_054C&PID_0022\\1384E684""}]}",absent,absent,25.8,23.5,List of devices attached,
2026-09-30T04:09:54.673+00:00,2026-09-30T04:09:54.717+00:00,1050.921,present,4018.2,"{""state"":""present"",""devices"":[{""Status"":""OK"",""Class"":""WPD"",""FriendlyName"":""THYME_DIAG"",""InstanceId"":""SWD\\WPDBUSENUM\\_??_USBSTOR#DISK&VEN_SONY_MIC&PROD_ROVAULT&REV_#1384E684&0#{53F56307-B6BF-11D0-94F2-00A0C91EFB8B}""},{""Status"":""OK"",""Class"":""Volume"",""FriendlyName"":""Volume"",""InstanceId"":""STORAGE\\VOLUME\\_??_USBSTOR#DISK&VEN_SONY_MIC&PROD_ROVAULT&REV_#1384E684&0#{53F56307-B6BF-11D0-94F2-00A0C91EFB8B}""},{""Status"":""OK"",""Class"":""DiskDrive"",""FriendlyName"":""Sony Mic roVault USB Device"",""InstanceId"":""USBSTOR\\DISK&VEN_SONY_MIC&PROD_ROVAULT&REV_\\1384E684&0""},{""Status"":""OK"",""Class"":""USB"",""FriendlyName"":""Sony USB HiFD Drive"",""InstanceId"":""USB\\VID_054C&PID_0022\\1384E684""}]}",absent,absent,24.3,19.6,List of devices attached,
2026-09-30T04:09:55.673+00:00,2026-09-30T04:09:55.723+00:00,1051.927,present,3949.3,"{""state"":""present"",""devices"":[{""Status"":""OK"",""Class"":""WPD"",""FriendlyName"":""THYME_DIAG"",""InstanceId"":""SWD\\WPDBUSENUM\\_??_USBSTOR#DISK&VEN_SONY_MIC&PROD_ROVAULT&REV_#1384E684&0#{53F56307-B6BF-11D0-94F2-00A0C91EFB8B}""},{""Status"":""OK"",""Class"":""Volume"",""FriendlyName"":""Volume"",""InstanceId"":""STORAGE\\VOLUME\\_??_USBSTOR#DISK&VEN_SONY_MIC&PROD_ROVAULT&REV_#1384E684&0#{53F56307-B6BF-11D0-94F2-00A0C91EFB8B}""},{""Status"":""OK"",""Class"":""DiskDrive"",""FriendlyName"":""Sony Mic roVault USB Device"",""InstanceId"":""USBSTOR\\DISK&VEN_SONY_MIC&PROD_ROVAULT&REV_\\1384E684&0""},{""Status"":""OK"",""Class"":""USB"",""FriendlyName"":""Sony USB HiFD Drive"",""InstanceId"":""USB\\VID_054C&PID_0022\\1384E684""}]}",absent,absent,27.4,22.2,List of devices attached,
2026-09-30T04:09:56.673+00:00,2026-09-30T04:09:56.718+00:00,1052.923,present,3949.3,"{""state"":""present"",""devices"":[{""Status"":""OK"",""Class"":""WPD"",""FriendlyName"":""THYME_DIAG"",""InstanceId"":""SWD\\WPDBUSENUM\\_??_USBSTOR#DISK&VEN_SONY_MIC&PROD_ROVAULT&REV_#1384E684&0#{53F56307-B6BF-11D0-94F2-00A0C91EFB8B}""},{""Status"":""OK"",""Class"":""Volume"",""FriendlyName"":""Volume"",""InstanceId"":""STORAGE\\VOLUME\\_??_USBSTOR#DISK&VEN_SONY_MIC&PROD_ROVAULT&REV_#1384E684&0#{53F56307-B6BF-11D0-94F2-00A0C91EFB8B}""},{""Status"":""OK"",""Class"":""DiskDrive"",""FriendlyName"":""Sony Mic roVault USB Device"",""InstanceId"":""USBSTOR\\DISK&VEN_SONY_MIC&PROD_ROVAULT&REV_\\1384E684&0""},{""Status"":""OK"",""Class"":""USB"",""FriendlyName"":""Sony USB HiFD Drive"",""InstanceId"":""USB\\VID_054C&PID_0022\\1384E684""}]}",absent,absent,24.7,20.0,List of devices attached,
2026-09-30T04:09:57.674+00:00,2026-09-30T04:09:57.718+00:00,1053.923,present,3949.3,"{""state"":""present"",""devices"":[{""Status"":""OK"",""Class"":""WPD"",""FriendlyName"":""THYME_DIAG"",""InstanceId"":""SWD\\WPDBUSENUM\\_??_USBSTOR#DISK&VEN_SONY_MIC&PROD_ROVAULT&REV_#1384E684&0#{53F56307-B6BF-11D0-94F2-00A0C91EFB8B}""},{""Status"":""OK"",""Class"":""Volume"",""FriendlyName"":""Volume"",""InstanceId"":""STORAGE\\VOLUME\\_??_USBSTOR#DISK&VEN_SONY_MIC&PROD_ROVAULT&REV_#1384E684&0#{53F56307-B6BF-11D0-94F2-00A0C91EFB8B}""},{""Status"":""OK"",""Class"":""DiskDrive"",""FriendlyName"":""Sony Mic roVault USB Device"",""InstanceId"":""USBSTOR\\DISK&VEN_SONY_MIC&PROD_ROVAULT&REV_\\1384E684&0""},{""Status"":""OK"",""Class"":""USB"",""FriendlyName"":""Sony USB HiFD Drive"",""InstanceId"":""USB\\VID_054C&PID_0022\\1384E684""}]}",absent,absent,23.9,20.3,List of devices attached,
2026-09-30T04:09:58.674+00:00,2026-09-30T04:09:58.729+00:00,1054.933,present,3949.3,"{""state"":""present"",""devices"":[{""Status"":""OK"",""Class"":""WPD"",""FriendlyName"":""THYME_DIAG"",""InstanceId"":""SWD\\WPDBUSENUM\\_??_USBSTOR#DISK&VEN_SONY_MIC&PROD_ROVAULT&REV_#1384E684&0#{53F56307-B6BF-11D0-94F2-00A0C91EFB8B}""},{""Status"":""OK"",""Class"":""Volume"",""FriendlyName"":""Volume"",""InstanceId"":""STORAGE\\VOLUME\\_??_USBSTOR#DISK&VEN_SONY_MIC&PROD_ROVAULT&REV_#1384E684&0#{53F56307-B6BF-11D0-94F2-00A0C91EFB8B}""},{""Status"":""OK"",""Class"":""DiskDrive"",""FriendlyName"":""Sony Mic roVault USB Device"",""InstanceId"":""USBSTOR\\DISK&VEN_SONY_MIC&PROD_ROVAULT&REV_\\1384E684&0""},{""Status"":""OK"",""Class"":""USB"",""FriendlyName"":""Sony USB HiFD Drive"",""InstanceId"":""USB\\VID_054C&PID_0022\\1384E684""}]}",absent,absent,32.1,22.5,List of devices attached,
2026-09-30T04:09:59.674+00:00,2026-09-30T04:09:59.723+00:00,1055.928,present,3914.5,"{""state"":""present"",""devices"":[{""Status"":""OK"",""Class"":""WPD"",""FriendlyName"":""THYME_DIAG"",""InstanceId"":""SWD\\WPDBUSENUM\\_??_USBSTOR#DISK&VEN_SONY_MIC&PROD_ROVAULT&REV_#1384E684&0#{53F56307-B6BF-11D0-94F2-00A0C91EFB8B}""},{""Status"":""OK"",""Class"":""Volume"",""FriendlyName"":""Volume"",""InstanceId"":""STORAGE\\VOLUME\\_??_USBSTOR#DISK&VEN_SONY_MIC&PROD_ROVAULT&REV_#1384E684&0#{53F56307-B6BF-11D0-94F2-00A0C91EFB8B}""},{""Status"":""OK"",""Class"":""DiskDrive"",""FriendlyName"":""Sony Mic roVault USB Device"",""InstanceId"":""USBSTOR\\DISK&VEN_SONY_MIC&PROD_ROVAULT&REV_\\1384E684&0""},{""Status"":""OK"",""Class"":""USB"",""FriendlyName"":""Sony USB HiFD Drive"",""InstanceId"":""USB\\VID_054C&PID_0022\\1384E684""}]}",absent,absent,25.4,23.3,List of devices attached,
2026-09-30T04:10:00.675+00:00,2026-09-30T04:10:00.723+00:00,1056.928,present,3914.5,"{""state"":""present"",""devices"":[{""Status"":""OK"",""Class"":""WPD"",""FriendlyName"":""THYME_DIAG"",""InstanceId"":""SWD\\WPDBUSENUM\\_??_USBSTOR#DISK&VEN_SONY_MIC&PROD_ROVAULT&REV_#1384E684&0#{53F56307-B6BF-11D0-94F2-00A0C91EFB8B}""},{""Status"":""OK"",""Class"":""Volume"",""FriendlyName"":""Volume"",""InstanceId"":""STORAGE\\VOLUME\\_??_USBSTOR#DISK&VEN_SONY_MIC&PROD_ROVAULT&REV_#1384E684&0#{53F56307-B6BF-11D0-94F2-00A0C91EFB8B}""},{""Status"":""OK"",""Class"":""DiskDrive"",""FriendlyName"":""Sony Mic roVault USB Device"",""InstanceId"":""USBSTOR\\DISK&VEN_SONY_MIC&PROD_ROVAULT&REV_\\1384E684&0""},{""Status"":""OK"",""Class"":""USB"",""FriendlyName"":""Sony USB HiFD Drive"",""InstanceId"":""USB\\VID_054C&PID_0022\\1384E684""}]}",absent,absent,25.3,23.4,List of devices attached,
2026-09-30T04:10:01.675+00:00,2026-09-30T04:10:01.718+00:00,1057.922,present,3914.5,"{""state"":""present"",""devices"":[{""Status"":""OK"",""Class"":""WPD"",""FriendlyName"":""THYME_DIAG"",""InstanceId"":""SWD\\WPDBUSENUM\\_??_USBSTOR#DISK&VEN_SONY_MIC&PROD_ROVAULT&REV_#1384E684&0#{53F56307-B6BF-11D0-94F2-00A0C91EFB8B}""},{""Status"":""OK"",""Class"":""Volume"",""FriendlyName"":""Volume"",""InstanceId"":""STORAGE\\VOLUME\\_??_USBSTOR#DISK&VEN_SONY_MIC&PROD_ROVAULT&REV_#1384E684&0#{53F56307-B6BF-11D0-94F2-00A0C91EFB8B}""},{""Status"":""OK"",""Class"":""DiskDrive"",""FriendlyName"":""Sony Mic roVault USB Device"",""InstanceId"":""USBSTOR\\DISK&VEN_SONY_MIC&PROD_ROVAULT&REV_\\1384E684&0""},{""Status"":""OK"",""Class"":""USB"",""FriendlyName"":""Sony USB HiFD Drive"",""InstanceId"":""USB\\VID_054C&PID_0022\\1384E684""}]}",absent,absent,23.0,20.1,List of devices attached,
2026-09-30T04:10:02.675+00:00,2026-09-30T04:10:02.723+00:00,1058.928,present,3914.5,"{""state"":""present"",""devices"":[{""Status"":""OK"",""Class"":""WPD"",""FriendlyName"":""THYME_DIAG"",""InstanceId"":""SWD\\WPDBUSENUM\\_??_USBSTOR#DISK&VEN_SONY_MIC&PROD_ROVAULT&REV_#1384E684&0#{53F56307-B6BF-11D0-94F2-00A0C91EFB8B}""},{""Status"":""OK"",""Class"":""Volume"",""FriendlyName"":""Volume"",""InstanceId"":""STORAGE\\VOLUME\\_??_USBSTOR#DISK&VEN_SONY_MIC&PROD_ROVAULT&REV_#1384E684&0#{53F56307-B6BF-11D0-94F2-00A0C91EFB8B}""},{""Status"":""OK"",""Class"":""DiskDrive"",""FriendlyName"":""Sony Mic roVault USB Device"",""InstanceId"":""USBSTOR\\DISK&VEN_SONY_MIC&PROD_ROVAULT&REV_\\1384E684&0""},{""Status"":""OK"",""Class"":""USB"",""FriendlyName"":""Sony USB HiFD Drive"",""InstanceId"":""USB\\VID_054C&PID_0022\\1384E684""}]}",absent,absent,25.8,22.2,List of devices attached,
2026-09-30T04:10:03.676+00:00,2026-09-30T04:10:03.724+00:00,1059.928,present,3814.7,"{""state"":""present"",""devices"":[{""Status"":""OK"",""Class"":""WPD"",""FriendlyName"":""THYME_DIAG"",""InstanceId"":""SWD\\WPDBUSENUM\\_??_USBSTOR#DISK&VEN_SONY_MIC&PROD_ROVAULT&REV_#1384E684&0#{53F56307-B6BF-11D0-94F2-00A0C91EFB8B}""},{""Status"":""OK"",""Class"":""Volume"",""FriendlyName"":""Volume"",""InstanceId"":""STORAGE\\VOLUME\\_??_USBSTOR#DISK&VEN_SONY_MIC&PROD_ROVAULT&REV_#1384E684&0#{53F56307-B6BF-11D0-94F2-00A0C91EFB8B}""},{""Status"":""OK"",""Class"":""DiskDrive"",""FriendlyName"":""Sony Mic roVault USB Device"",""InstanceId"":""USBSTOR\\DISK&VEN_SONY_MIC&PROD_ROVAULT&REV_\\1384E684&0""},{""Status"":""OK"",""Class"":""USB"",""FriendlyName"":""Sony USB HiFD Drive"",""InstanceId"":""USB\\VID_054C&PID_0022\\1384E684""}]}",absent,absent,24.9,23.3,List of devices attached,
2026-09-30T04:10:04.676+00:00,2026-09-30T04:10:04.728+00:00,1060.933,present,3814.7,"{""state"":""present"",""devices"":[{""Status"":""OK"",""Class"":""WPD"",""FriendlyName"":""THYME_DIAG"",""InstanceId"":""SWD\\WPDBUSENUM\\_??_USBSTOR#DISK&VEN_SONY_MIC&PROD_ROVAULT&REV_#1384E684&0#{53F56307-B6BF-11D0-94F2-00A0C91EFB8B}""},{""Status"":""OK"",""Class"":""Volume"",""FriendlyName"":""Volume"",""InstanceId"":""STORAGE\\VOLUME\\_??_USBSTOR#DISK&VEN_SONY_MIC&PROD_ROVAULT&REV_#1384E684&0#{53F56307-B6BF-11D0-94F2-00A0C91EFB8B}""},{""Status"":""OK"",""Class"":""DiskDrive"",""FriendlyName"":""Sony Mic roVault USB Device"",""InstanceId"":""USBSTOR\\DISK&VEN_SONY_MIC&PROD_ROVAULT&REV_\\1384E684&0""},{""Status"":""OK"",""Class"":""USB"",""FriendlyName"":""Sony USB HiFD Drive"",""InstanceId"":""USB\\VID_054C&PID_0022\\1384E684""}]}",absent,absent,27.1,25.3,List of devices attached,
2026-09-30T04:10:05.677+00:00,2026-09-30T04:10:05.722+00:00,1061.926,present,3814.7,"{""state"":""present"",""devices"":[{""Status"":""OK"",""Class"":""WPD"",""FriendlyName"":""THYME_DIAG"",""InstanceId"":""SWD\\WPDBUSENUM\\_??_USBSTOR#DISK&VEN_SONY_MIC&PROD_ROVAULT&REV_#1384E684&0#{53F56307-B6BF-11D0-94F2-00A0C91EFB8B}""},{""Status"":""OK"",""Class"":""Volume"",""FriendlyName"":""Volume"",""InstanceId"":""STORAGE\\VOLUME\\_??_USBSTOR#DISK&VEN_SONY_MIC&PROD_ROVAULT&REV_#1384E684&0#{53F56307-B6BF-11D0-94F2-00A0C91EFB8B}""},{""Status"":""OK"",""Class"":""DiskDrive"",""FriendlyName"":""Sony Mic roVault USB Device"",""InstanceId"":""USBSTOR\\DISK&VEN_SONY_MIC&PROD_ROVAULT&REV_\\1384E684&0""},{""Status"":""OK"",""Class"":""USB"",""FriendlyName"":""Sony USB HiFD Drive"",""InstanceId"":""USB\\VID_054C&PID_0022\\1384E684""}]}",absent,absent,24.5,20.7,List of devices attached,
2026-09-30T04:10:06.677+00:00,2026-09-30T04:10:06.728+00:00,1062.933,present,3814.7,"{""state"":""present"",""devices"":[{""Status"":""OK"",""Class"":""WPD"",""FriendlyName"":""THYME_DIAG"",""InstanceId"":""SWD\\WPDBUSENUM\\_??_USBSTOR#DISK&VEN_SONY_MIC&PROD_ROVAULT&REV_#1384E684&0#{53F56307-B6BF-11D0-94F2-00A0C91EFB8B}""},{""Status"":""OK"",""Class"":""Volume"",""FriendlyName"":""Volume"",""InstanceId"":""STORAGE\\VOLUME\\_??_USBSTOR#DISK&VEN_SONY_MIC&PROD_ROVAULT&REV_#1384E684&0#{53F56307-B6BF-11D0-94F2-00A0C91EFB8B}""},{""Status"":""OK"",""Class"":""DiskDrive"",""FriendlyName"":""Sony Mic roVault USB Device"",""InstanceId"":""USBSTOR\\DISK&VEN_SONY_MIC&PROD_ROVAULT&REV_\\1384E684&0""},{""Status"":""OK"",""Class"":""USB"",""FriendlyName"":""Sony USB HiFD Drive"",""InstanceId"":""USB\\VID_054C&PID_0022\\1384E684""}]}",absent,absent,26.4,24.9,List of devices attached,
2026-09-30T04:10:07.677+00:00,2026-09-30T04:10:07.725+00:00,1063.929,present,3952.0,"{""state"":""present"",""devices"":[{""Status"":""OK"",""Class"":""WPD"",""FriendlyName"":""THYME_DIAG"",""InstanceId"":""SWD\\WPDBUSENUM\\_??_USBSTOR#DISK&VEN_SONY_MIC&PROD_ROVAULT&REV_#1384E684&0#{53F56307-B6BF-11D0-94F2-00A0C91EFB8B}""},{""Status"":""OK"",""Class"":""Volume"",""FriendlyName"":""Volume"",""InstanceId"":""STORAGE\\VOLUME\\_??_USBSTOR#DISK&VEN_SONY_MIC&PROD_ROVAULT&REV_#1384E684&0#{53F56307-B6BF-11D0-94F2-00A0C91EFB8B}""},{""Status"":""OK"",""Class"":""DiskDrive"",""FriendlyName"":""Sony Mic roVault USB Device"",""InstanceId"":""USBSTOR\\DISK&VEN_SONY_MIC&PROD_ROVAULT&REV_\\1384E684&0""},{""Status"":""OK"",""Class"":""USB"",""FriendlyName"":""Sony USB HiFD Drive"",""InstanceId"":""USB\\VID_054C&PID_0022\\1384E684""}]}",absent,absent,25.2,22.4,List of devices attached,
2026-09-30T04:10:08.678+00:00,2026-09-30T04:10:08.726+00:00,1064.930,present,3952.0,"{""state"":""present"",""devices"":[{""Status"":""OK"",""Class"":""WPD"",""FriendlyName"":""THYME_DIAG"",""InstanceId"":""SWD\\WPDBUSENUM\\_??_USBSTOR#DISK&VEN_SONY_MIC&PROD_ROVAULT&REV_#1384E684&0#{53F56307-B6BF-11D0-94F2-00A0C91EFB8B}""},{""Status"":""OK"",""Class"":""Volume"",""FriendlyName"":""Volume"",""InstanceId"":""STORAGE\\VOLUME\\_??_USBSTOR#DISK&VEN_SONY_MIC&PROD_ROVAULT&REV_#1384E684&0#{53F56307-B6BF-11D0-94F2-00A0C91EFB8B}""},{""Status"":""OK"",""Class"":""DiskDrive"",""FriendlyName"":""Sony Mic roVault USB Device"",""InstanceId"":""USBSTOR\\DISK&VEN_SONY_MIC&PROD_ROVAULT&REV_\\1384E684&0""},{""Status"":""OK"",""Class"":""USB"",""FriendlyName"":""Sony USB HiFD Drive"",""InstanceId"":""USB\\VID_054C&PID_0022\\1384E684""}]}",absent,absent,24.7,23.3,List of devices attached,
2026-09-30T04:10:09.678+00:00,2026-09-30T04:10:09.722+00:00,1065.927,present,3952.0,"{""state"":""present"",""devices"":[{""Status"":""OK"",""Class"":""WPD"",""FriendlyName"":""THYME_DIAG"",""InstanceId"":""SWD\\WPDBUSENUM\\_??_USBSTOR#DISK&VEN_SONY_MIC&PROD_ROVAULT&REV_#1384E684&0#{53F56307-B6BF-11D0-94F2-00A0C91EFB8B}""},{""Status"":""OK"",""Class"":""Volume"",""FriendlyName"":""Volume"",""InstanceId"":""STORAGE\\VOLUME\\_??_USBSTOR#DISK&VEN_SONY_MIC&PROD_ROVAULT&REV_#1384E684&0#{53F56307-B6BF-11D0-94F2-00A0C91EFB8B}""},{""Status"":""OK"",""Class"":""DiskDrive"",""FriendlyName"":""Sony Mic roVault USB Device"",""InstanceId"":""USBSTOR\\DISK&VEN_SONY_MIC&PROD_ROVAULT&REV_\\1384E684&0""},{""Status"":""OK"",""Class"":""USB"",""FriendlyName"":""Sony USB HiFD Drive"",""InstanceId"":""USB\\VID_054C&PID_0022\\1384E684""}]}",absent,absent,23.3,21.1,List of devices attached,
2026-09-30T04:10:10.678+00:00,2026-09-30T04:10:10.725+00:00,1066.929,present,3952.0,"{""state"":""present"",""devices"":[{""Status"":""OK"",""Class"":""WPD"",""FriendlyName"":""THYME_DIAG"",""InstanceId"":""SWD\\WPDBUSENUM\\_??_USBSTOR#DISK&VEN_SONY_MIC&PROD_ROVAULT&REV_#1384E684&0#{53F56307-B6BF-11D0-94F2-00A0C91EFB8B}""},{""Status"":""OK"",""Class"":""Volume"",""FriendlyName"":""Volume"",""InstanceId"":""STORAGE\\VOLUME\\_??_USBSTOR#DISK&VEN_SONY_MIC&PROD_ROVAULT&REV_#1384E684&0#{53F56307-B6BF-11D0-94F2-00A0C91EFB8B}""},{""Status"":""OK"",""Class"":""DiskDrive"",""FriendlyName"":""Sony Mic roVault USB Device"",""InstanceId"":""USBSTOR\\DISK&VEN_SONY_MIC&PROD_ROVAULT&REV_\\1384E684&0""},{""Status"":""OK"",""Class"":""USB"",""FriendlyName"":""Sony USB HiFD Drive"",""InstanceId"":""USB\\VID_054C&PID_0022\\1384E684""}]}",absent,absent,24.0,22.5,List of devices attached,
2026-09-30T04:10:11.678+00:00,2026-09-30T04:10:11.730+00:00,1067.934,present,3945.0,"{""state"":""present"",""devices"":[{""Status"":""OK"",""Class"":""WPD"",""FriendlyName"":""THYME_DIAG"",""InstanceId"":""SWD\\WPDBUSENUM\\_??_USBSTOR#DISK&VEN_SONY_MIC&PROD_ROVAULT&REV_#1384E684&0#{53F56307-B6BF-11D0-94F2-00A0C91EFB8B}""},{""Status"":""OK"",""Class"":""Volume"",""FriendlyName"":""Volume"",""InstanceId"":""STORAGE\\VOLUME\\_??_USBSTOR#DISK&VEN_SONY_MIC&PROD_ROVAULT&REV_#1384E684&0#{53F56307-B6BF-11D0-94F2-00A0C91EFB8B}""},{""Status"":""OK"",""Class"":""DiskDrive"",""FriendlyName"":""Sony Mic roVault USB Device"",""InstanceId"":""USBSTOR\\DISK&VEN_SONY_MIC&PROD_ROVAULT&REV_\\1384E684&0""},{""Status"":""OK"",""Class"":""USB"",""FriendlyName"":""Sony USB HiFD Drive"",""InstanceId"":""USB\\VID_054C&PID_0022\\1384E684""}]}",absent,absent,26.7,24.3,List of devices attached,
2026-09-30T04:10:12.679+00:00,2026-09-30T04:10:12.740+00:00,1068.945,present,3945.0,"{""state"":""present"",""devices"":[{""Status"":""OK"",""Class"":""WPD"",""FriendlyName"":""THYME_DIAG"",""InstanceId"":""SWD\\WPDBUSENUM\\_??_USBSTOR#DISK&VEN_SONY_MIC&PROD_ROVAULT&REV_#1384E684&0#{53F56307-B6BF-11D0-94F2-00A0C91EFB8B}""},{""Status"":""OK"",""Class"":""Volume"",""FriendlyName"":""Volume"",""InstanceId"":""STORAGE\\VOLUME\\_??_USBSTOR#DISK&VEN_SONY_MIC&PROD_ROVAULT&REV_#1384E684&0#{53F56307-B6BF-11D0-94F2-00A0C91EFB8B}""},{""Status"":""OK"",""Class"":""DiskDrive"",""FriendlyName"":""Sony Mic roVault USB Device"",""InstanceId"":""USBSTOR\\DISK&VEN_SONY_MIC&PROD_ROVAULT&REV_\\1384E684&0""},{""Status"":""OK"",""Class"":""USB"",""FriendlyName"":""Sony USB HiFD Drive"",""InstanceId"":""USB\\VID_054C&PID_0022\\1384E684""}]}",absent,absent,39.1,22.5,List of devices attached,
2026-09-30T04:10:13.679+00:00,2026-09-30T04:10:13.728+00:00,1069.932,present,3945.0,"{""state"":""present"",""devices"":[{""Status"":""OK"",""Class"":""WPD"",""FriendlyName"":""THYME_DIAG"",""InstanceId"":""SWD\\WPDBUSENUM\\_??_USBSTOR#DISK&VEN_SONY_MIC&PROD_ROVAULT&REV_#1384E684&0#{53F56307-B6BF-11D0-94F2-00A0C91EFB8B}""},{""Status"":""OK"",""Class"":""Volume"",""FriendlyName"":""Volume"",""InstanceId"":""STORAGE\\VOLUME\\_??_USBSTOR#DISK&VEN_SONY_MIC&PROD_ROVAULT&REV_#1384E684&0#{53F56307-B6BF-11D0-94F2-00A0C91EFB8B}""},{""Status"":""OK"",""Class"":""DiskDrive"",""FriendlyName"":""Sony Mic roVault USB Device"",""InstanceId"":""USBSTOR\\DISK&VEN_SONY_MIC&PROD_ROVAULT&REV_\\1384E684&0""},{""Status"":""OK"",""Class"":""USB"",""FriendlyName"":""Sony USB HiFD Drive"",""InstanceId"":""USB\\VID_054C&PID_0022\\1384E684""}]}",absent,absent,25.6,23.5,List of devices attached,
2026-09-30T04:10:14.679+00:00,2026-09-30T04:10:14.740+00:00,1070.945,present,3945.0,"{""state"":""present"",""devices"":[{""Status"":""OK"",""Class"":""WPD"",""FriendlyName"":""THYME_DIAG"",""InstanceId"":""SWD\\WPDBUSENUM\\_??_USBSTOR#DISK&VEN_SONY_MIC&PROD_ROVAULT&REV_#1384E684&0#{53F56307-B6BF-11D0-94F2-00A0C91EFB8B}""},{""Status"":""OK"",""Class"":""Volume"",""FriendlyName"":""Volume"",""InstanceId"":""STORAGE\\VOLUME\\_??_USBSTOR#DISK&VEN_SONY_MIC&PROD_ROVAULT&REV_#1384E684&0#{53F56307-B6BF-11D0-94F2-00A0C91EFB8B}""},{""Status"":""OK"",""Class"":""DiskDrive"",""FriendlyName"":""Sony Mic roVault USB Device"",""InstanceId"":""USBSTOR\\DISK&VEN_SONY_MIC&PROD_ROVAULT&REV_\\1384E684&0""},{""Status"":""OK"",""Class"":""USB"",""FriendlyName"":""Sony USB HiFD Drive"",""InstanceId"":""USB\\VID_054C&PID_0022\\1384E684""}]}",absent,absent,23.8,37.2,List of devices attached,
2026-09-30T04:10:15.680+00:00,2026-09-30T04:10:15.752+00:00,1071.957,present,3792.1,"{""state"":""present"",""devices"":[{""Status"":""OK"",""Class"":""WPD"",""FriendlyName"":""THYME_DIAG"",""InstanceId"":""SWD\\WPDBUSENUM\\_??_USBSTOR#DISK&VEN_SONY_MIC&PROD_ROVAULT&REV_#1384E684&0#{53F56307-B6BF-11D0-94F2-00A0C91EFB8B}""},{""Status"":""OK"",""Class"":""Volume"",""FriendlyName"":""Volume"",""InstanceId"":""STORAGE\\VOLUME\\_??_USBSTOR#DISK&VEN_SONY_MIC&PROD_ROVAULT&REV_#1384E684&0#{53F56307-B6BF-11D0-94F2-00A0C91EFB8B}""},{""Status"":""OK"",""Class"":""DiskDrive"",""FriendlyName"":""Sony Mic roVault USB Device"",""InstanceId"":""USBSTOR\\DISK&VEN_SONY_MIC&PROD_ROVAULT&REV_\\1384E684&0""},{""Status"":""OK"",""Class"":""USB"",""FriendlyName"":""Sony USB HiFD Drive"",""InstanceId"":""USB\\VID_054C&PID_0022\\1384E684""}]}",absent,absent,35.7,36.8,List of devices attached,
2026-09-30T04:10:16.680+00:00,2026-09-30T04:10:16.728+00:00,1072.932,present,3792.1,"{""state"":""present"",""devices"":[{""Status"":""OK"",""Class"":""WPD"",""FriendlyName"":""THYME_DIAG"",""InstanceId"":""SWD\\WPDBUSENUM\\_??_USBSTOR#DISK&VEN_SONY_MIC&PROD_ROVAULT&REV_#1384E684&0#{53F56307-B6BF-11D0-94F2-00A0C91EFB8B}""},{""Status"":""OK"",""Class"":""Volume"",""FriendlyName"":""Volume"",""InstanceId"":""STORAGE\\VOLUME\\_??_USBSTOR#DISK&VEN_SONY_MIC&PROD_ROVAULT&REV_#1384E684&0#{53F56307-B6BF-11D0-94F2-00A0C91EFB8B}""},{""Status"":""OK"",""Class"":""DiskDrive"",""FriendlyName"":""Sony Mic roVault USB Device"",""InstanceId"":""USBSTOR\\DISK&VEN_SONY_MIC&PROD_ROVAULT&REV_\\1384E684&0""},{""Status"":""OK"",""Class"":""USB"",""FriendlyName"":""Sony USB HiFD Drive"",""InstanceId"":""USB\\VID_054C&PID_0022\\1384E684""}]}",absent,absent,25.6,22.6,List of devices attached,
2026-09-30T04:10:17.680+00:00,2026-09-30T04:10:17.727+00:00,1073.931,present,3792.1,"{""state"":""present"",""devices"":[{""Status"":""OK"",""Class"":""WPD"",""FriendlyName"":""THYME_DIAG"",""InstanceId"":""SWD\\WPDBUSENUM\\_??_USBSTOR#DISK&VEN_SONY_MIC&PROD_ROVAULT&REV_#1384E684&0#{53F56307-B6BF-11D0-94F2-00A0C91EFB8B}""},{""Status"":""OK"",""Class"":""Volume"",""FriendlyName"":""Volume"",""InstanceId"":""STORAGE\\VOLUME\\_??_USBSTOR#DISK&VEN_SONY_MIC&PROD_ROVAULT&REV_#1384E684&0#{53F56307-B6BF-11D0-94F2-00A0C91EFB8B}""},{""Status"":""OK"",""Class"":""DiskDrive"",""FriendlyName"":""Sony Mic roVault USB Device"",""InstanceId"":""USBSTOR\\DISK&VEN_SONY_MIC&PROD_ROVAULT&REV_\\1384E684&0""},{""Status"":""OK"",""Class"":""USB"",""FriendlyName"":""Sony USB HiFD Drive"",""InstanceId"":""USB\\VID_054C&PID_0022\\1384E684""}]}",absent,absent,24.6,22.3,List of devices attached,
2026-09-30T04:10:18.680+00:00,2026-09-30T04:10:18.731+00:00,1074.935,present,3792.1,"{""state"":""present"",""devices"":[{""Status"":""OK"",""Class"":""WPD"",""FriendlyName"":""THYME_DIAG"",""InstanceId"":""SWD\\WPDBUSENUM\\_??_USBSTOR#DISK&VEN_SONY_MIC&PROD_ROVAULT&REV_#1384E684&0#{53F56307-B6BF-11D0-94F2-00A0C91EFB8B}""},{""Status"":""OK"",""Class"":""Volume"",""FriendlyName"":""Volume"",""InstanceId"":""STORAGE\\VOLUME\\_??_USBSTOR#DISK&VEN_SONY_MIC&PROD_ROVAULT&REV_#1384E684&0#{53F56307-B6BF-11D0-94F2-00A0C91EFB8B}""},{""Status"":""OK"",""Class"":""DiskDrive"",""FriendlyName"":""Sony Mic roVault USB Device"",""InstanceId"":""USBSTOR\\DISK&VEN_SONY_MIC&PROD_ROVAULT&REV_\\1384E684&0""},{""Status"":""OK"",""Class"":""USB"",""FriendlyName"":""Sony USB HiFD Drive"",""InstanceId"":""USB\\VID_054C&PID_0022\\1384E684""}]}",absent,absent,26.2,24.2,List of devices attached,
2026-09-30T04:10:19.680+00:00,2026-09-30T04:10:19.748+00:00,1075.952,present,3865.6,"{""state"":""present"",""devices"":[{""Status"":""OK"",""Class"":""WPD"",""FriendlyName"":""THYME_DIAG"",""InstanceId"":""SWD\\WPDBUSENUM\\_??_USBSTOR#DISK&VEN_SONY_MIC&PROD_ROVAULT&REV_#1384E684&0#{53F56307-B6BF-11D0-94F2-00A0C91EFB8B}""},{""Status"":""OK"",""Class"":""Volume"",""FriendlyName"":""Volume"",""InstanceId"":""STORAGE\\VOLUME\\_??_USBSTOR#DISK&VEN_SONY_MIC&PROD_ROVAULT&REV_#1384E684&0#{53F56307-B6BF-11D0-94F2-00A0C91EFB8B}""},{""Status"":""OK"",""Class"":""DiskDrive"",""FriendlyName"":""Sony Mic roVault USB Device"",""InstanceId"":""USBSTOR\\DISK&VEN_SONY_MIC&PROD_ROVAULT&REV_\\1384E684&0""},{""Status"":""OK"",""Class"":""USB"",""FriendlyName"":""Sony USB HiFD Drive"",""InstanceId"":""USB\\VID_054C&PID_0022\\1384E684""}]}",absent,absent,34.2,33.4,List of devices attached,
2026-09-30T04:10:20.680+00:00,2026-09-30T04:10:20.730+00:00,1076.934,present,3865.6,"{""state"":""present"",""devices"":[{""Status"":""OK"",""Class"":""WPD"",""FriendlyName"":""THYME_DIAG"",""InstanceId"":""SWD\\WPDBUSENUM\\_??_USBSTOR#DISK&VEN_SONY_MIC&PROD_ROVAULT&REV_#1384E684&0#{53F56307-B6BF-11D0-94F2-00A0C91EFB8B}""},{""Status"":""OK"",""Class"":""Volume"",""FriendlyName"":""Volume"",""InstanceId"":""STORAGE\\VOLUME\\_??_USBSTOR#DISK&VEN_SONY_MIC&PROD_ROVAULT&REV_#1384E684&0#{53F56307-B6BF-11D0-94F2-00A0C91EFB8B}""},{""Status"":""OK"",""Class"":""DiskDrive"",""FriendlyName"":""Sony Mic roVault USB Device"",""InstanceId"":""USBSTOR\\DISK&VEN_SONY_MIC&PROD_ROVAULT&REV_\\1384E684&0""},{""Status"":""OK"",""Class"":""USB"",""FriendlyName"":""Sony USB HiFD Drive"",""InstanceId"":""USB\\VID_054C&PID_0022\\1384E684""}]}",absent,absent,27.9,21.7,List of devices attached,
2026-09-30T04:10:21.681+00:00,2026-09-30T04:10:21.737+00:00,1077.942,present,3865.6,"{""state"":""present"",""devices"":[{""Status"":""OK"",""Class"":""WPD"",""FriendlyName"":""THYME_DIAG"",""InstanceId"":""SWD\\WPDBUSENUM\\_??_USBSTOR#DISK&VEN_SONY_MIC&PROD_ROVAULT&REV_#1384E684&0#{53F56307-B6BF-11D0-94F2-00A0C91EFB8B}""},{""Status"":""OK"",""Class"":""Volume"",""FriendlyName"":""Volume"",""InstanceId"":""STORAGE\\VOLUME\\_??_USBSTOR#DISK&VEN_SONY_MIC&PROD_ROVAULT&REV_#1384E684&0#{53F56307-B6BF-11D0-94F2-00A0C91EFB8B}""},{""Status"":""OK"",""Class"":""DiskDrive"",""FriendlyName"":""Sony Mic roVault USB Device"",""InstanceId"":""USBSTOR\\DISK&VEN_SONY_MIC&PROD_ROVAULT&REV_\\1384E684&0""},{""Status"":""OK"",""Class"":""USB"",""FriendlyName"":""Sony USB HiFD Drive"",""InstanceId"":""USB\\VID_054C&PID_0022\\1384E684""}]}",absent,absent,36.3,20.0,List of devices attached,
2026-09-30T04:10:22.681+00:00,2026-09-30T04:10:22.728+00:00,1078.932,present,3865.6,"{""state"":""present"",""devices"":[{""Status"":""OK"",""Class"":""WPD"",""FriendlyName"":""THYME_DIAG"",""InstanceId"":""SWD\\WPDBUSENUM\\_??_USBSTOR#DISK&VEN_SONY_MIC&PROD_ROVAULT&REV_#1384E684&0#{53F56307-B6BF-11D0-94F2-00A0C91EFB8B}""},{""Status"":""OK"",""Class"":""Volume"",""FriendlyName"":""Volume"",""InstanceId"":""STORAGE\\VOLUME\\_??_USBSTOR#DISK&VEN_SONY_MIC&PROD_ROVAULT&REV_#1384E684&0#{53F56307-B6BF-11D0-94F2-00A0C91EFB8B}""},{""Status"":""OK"",""Class"":""DiskDrive"",""FriendlyName"":""Sony Mic roVault USB Device"",""InstanceId"":""USBSTOR\\DISK&VEN_SONY_MIC&PROD_ROVAULT&REV_\\1384E684&0""},{""Status"":""OK"",""Class"":""USB"",""FriendlyName"":""Sony USB HiFD Drive"",""InstanceId"":""USB\\VID_054C&PID_0022\\1384E684""}]}",absent,absent,25.0,21.9,List of devices attached,
2026-09-30T04:10:23.681+00:00,2026-09-30T04:10:23.739+00:00,1079.943,present,3865.6,"{""state"":""present"",""devices"":[{""Status"":""OK"",""Class"":""WPD"",""FriendlyName"":""THYME_DIAG"",""InstanceId"":""SWD\\WPDBUSENUM\\_??_USBSTOR#DISK&VEN_SONY_MIC&PROD_ROVAULT&REV_#1384E684&0#{53F56307-B6BF-11D0-94F2-00A0C91EFB8B}""},{""Status"":""OK"",""Class"":""Volume"",""FriendlyName"":""Volume"",""InstanceId"":""STORAGE\\VOLUME\\_??_USBSTOR#DISK&VEN_SONY_MIC&PROD_ROVAULT&REV_#1384E684&0#{53F56307-B6BF-11D0-94F2-00A0C91EFB8B}""},{""Status"":""OK"",""Class"":""DiskDrive"",""FriendlyName"":""Sony Mic roVault USB Device"",""InstanceId"":""USBSTOR\\DISK&VEN_SONY_MIC&PROD_ROVAULT&REV_\\1384E684&0""},{""Status"":""OK"",""Class"":""USB"",""FriendlyName"":""Sony USB HiFD Drive"",""InstanceId"":""USB\\VID_054C&PID_0022\\1384E684""}]}",absent,absent,25.0,32.6,List of devices attached,
2026-09-30T04:10:24.681+00:00,2026-09-30T04:10:24.726+00:00,1080.930,present,4068.6,"{""state"":""present"",""devices"":[{""Status"":""OK"",""Class"":""WPD"",""FriendlyName"":""THYME_DIAG"",""InstanceId"":""SWD\\WPDBUSENUM\\_??_USBSTOR#DISK&VEN_SONY_MIC&PROD_ROVAULT&REV_#1384E684&0#{53F56307-B6BF-11D0-94F2-00A0C91EFB8B}""},{""Status"":""OK"",""Class"":""Volume"",""FriendlyName"":""Volume"",""InstanceId"":""STORAGE\\VOLUME\\_??_USBSTOR#DISK&VEN_SONY_MIC&PROD_ROVAULT&REV_#1384E684&0#{53F56307-B6BF-11D0-94F2-00A0C91EFB8B}""},{""Status"":""OK"",""Class"":""DiskDrive"",""FriendlyName"":""Sony Mic roVault USB Device"",""InstanceId"":""USBSTOR\\DISK&VEN_SONY_MIC&PROD_ROVAULT&REV_\\1384E684&0""},{""Status"":""OK"",""Class"":""USB"",""FriendlyName"":""Sony USB HiFD Drive"",""InstanceId"":""USB\\VID_054C&PID_0022\\1384E684""}]}",absent,absent,23.1,21.2,List of devices attached,
2026-09-30T04:10:25.682+00:00,2026-09-30T04:10:25.728+00:00,1081.932,present,4068.6,"{""state"":""present"",""devices"":[{""Status"":""OK"",""Class"":""WPD"",""FriendlyName"":""THYME_DIAG"",""InstanceId"":""SWD\\WPDBUSENUM\\_??_USBSTOR#DISK&VEN_SONY_MIC&PROD_ROVAULT&REV_#1384E684&0#{53F56307-B6BF-11D0-94F2-00A0C91EFB8B}""},{""Status"":""OK"",""Class"":""Volume"",""FriendlyName"":""Volume"",""InstanceId"":""STORAGE\\VOLUME\\_??_USBSTOR#DISK&VEN_SONY_MIC&PROD_ROVAULT&REV_#1384E684&0#{53F56307-B6BF-11D0-94F2-00A0C91EFB8B}""},{""Status"":""OK"",""Class"":""DiskDrive"",""FriendlyName"":""Sony Mic roVault USB Device"",""InstanceId"":""USBSTOR\\DISK&VEN_SONY_MIC&PROD_ROVAULT&REV_\\1384E684&0""},{""Status"":""OK"",""Class"":""USB"",""FriendlyName"":""Sony USB HiFD Drive"",""InstanceId"":""USB\\VID_054C&PID_0022\\1384E684""}]}",absent,absent,24.8,21.5,List of devices attached,
2026-09-30T04:10:26.682+00:00,2026-09-30T04:10:26.726+00:00,1082.930,present,4068.6,"{""state"":""present"",""devices"":[{""Status"":""OK"",""Class"":""WPD"",""FriendlyName"":""THYME_DIAG"",""InstanceId"":""SWD\\WPDBUSENUM\\_??_USBSTOR#DISK&VEN_SONY_MIC&PROD_ROVAULT&REV_#1384E684&0#{53F56307-B6BF-11D0-94F2-00A0C91EFB8B}""},{""Status"":""OK"",""Class"":""Volume"",""FriendlyName"":""Volume"",""InstanceId"":""STORAGE\\VOLUME\\_??_USBSTOR#DISK&VEN_SONY_MIC&PROD_ROVAULT&REV_#1384E684&0#{53F56307-B6BF-11D0-94F2-00A0C91EFB8B}""},{""Status"":""OK"",""Class"":""DiskDrive"",""FriendlyName"":""Sony Mic roVault USB Device"",""InstanceId"":""USBSTOR\\DISK&VEN_SONY_MIC&PROD_ROVAULT&REV_\\1384E684&0""},{""Status"":""OK"",""Class"":""USB"",""FriendlyName"":""Sony USB HiFD Drive"",""InstanceId"":""USB\\VID_054C&PID_0022\\1384E684""}]}",absent,absent,22.8,20.9,List of devices attached,
2026-09-30T04:10:27.682+00:00,2026-09-30T04:10:27.725+00:00,1083.930,present,4068.6,"{""state"":""present"",""devices"":[{""Status"":""OK"",""Class"":""WPD"",""FriendlyName"":""THYME_DIAG"",""InstanceId"":""SWD\\WPDBUSENUM\\_??_USBSTOR#DISK&VEN_SONY_MIC&PROD_ROVAULT&REV_#1384E684&0#{53F56307-B6BF-11D0-94F2-00A0C91EFB8B}""},{""Status"":""OK"",""Class"":""Volume"",""FriendlyName"":""Volume"",""InstanceId"":""STORAGE\\VOLUME\\_??_USBSTOR#DISK&VEN_SONY_MIC&PROD_ROVAULT&REV_#1384E684&0#{53F56307-B6BF-11D0-94F2-00A0C91EFB8B}""},{""Status"":""OK"",""Class"":""DiskDrive"",""FriendlyName"":""Sony Mic roVault USB Device"",""InstanceId"":""USBSTOR\\DISK&VEN_SONY_MIC&PROD_ROVAULT&REV_\\1384E684&0""},{""Status"":""OK"",""Class"":""USB"",""FriendlyName"":""Sony USB HiFD Drive"",""InstanceId"":""USB\\VID_054C&PID_0022\\1384E684""}]}",absent,absent,23.2,20.0,List of devices attached,
2026-09-30T04:10:28.682+00:00,2026-09-30T04:10:28.725+00:00,1084.930,present,4068.6,"{""state"":""present"",""devices"":[{""Status"":""OK"",""Class"":""WPD"",""FriendlyName"":""THYME_DIAG"",""InstanceId"":""SWD\\WPDBUSENUM\\_??_USBSTOR#DISK&VEN_SONY_MIC&PROD_ROVAULT&REV_#1384E684&0#{53F56307-B6BF-11D0-94F2-00A0C91EFB8B}""},{""Status"":""OK"",""Class"":""Volume"",""FriendlyName"":""Volume"",""InstanceId"":""STORAGE\\VOLUME\\_??_USBSTOR#DISK&VEN_SONY_MIC&PROD_ROVAULT&REV_#1384E684&0#{53F56307-B6BF-11D0-94F2-00A0C91EFB8B}""},{""Status"":""OK"",""Class"":""DiskDrive"",""FriendlyName"":""Sony Mic roVault USB Device"",""InstanceId"":""USBSTOR\\DISK&VEN_SONY_MIC&PROD_ROVAULT&REV_\\1384E684&0""},{""Status"":""OK"",""Class"":""USB"",""FriendlyName"":""Sony USB HiFD Drive"",""InstanceId"":""USB\\VID_054C&PID_0022\\1384E684""}]}",absent,absent,24.0,19.0,List of devices attached,
2026-09-30T04:10:29.683+00:00,2026-09-30T04:10:29.727+00:00,1085.931,present,4016.0,"{""state"":""present"",""devices"":[{""Status"":""OK"",""Class"":""WPD"",""FriendlyName"":""THYME_DIAG"",""InstanceId"":""SWD\\WPDBUSENUM\\_??_USBSTOR#DISK&VEN_SONY_MIC&PROD_ROVAULT&REV_#1384E684&0#{53F56307-B6BF-11D0-94F2-00A0C91EFB8B}""},{""Status"":""OK"",""Class"":""Volume"",""FriendlyName"":""Volume"",""InstanceId"":""STORAGE\\VOLUME\\_??_USBSTOR#DISK&VEN_SONY_MIC&PROD_ROVAULT&REV_#1384E684&0#{53F56307-B6BF-11D0-94F2-00A0C91EFB8B}""},{""Status"":""OK"",""Class"":""DiskDrive"",""FriendlyName"":""Sony Mic roVault USB Device"",""InstanceId"":""USBSTOR\\DISK&VEN_SONY_MIC&PROD_ROVAULT&REV_\\1384E684&0""},{""Status"":""OK"",""Class"":""USB"",""FriendlyName"":""Sony USB HiFD Drive"",""InstanceId"":""USB\\VID_054C&PID_0022\\1384E684""}]}",absent,absent,23.2,20.9,List of devices attached,
2026-09-30T04:10:30.683+00:00,2026-09-30T04:10:30.737+00:00,1086.941,present,4016.0,"{""state"":""present"",""devices"":[{""Status"":""OK"",""Class"":""WPD"",""FriendlyName"":""THYME_DIAG"",""InstanceId"":""SWD\\WPDBUSENUM\\_??_USBSTOR#DISK&VEN_SONY_MIC&PROD_ROVAULT&REV_#1384E684&0#{53F56307-B6BF-11D0-94F2-00A0C91EFB8B}""},{""Status"":""OK"",""Class"":""Volume"",""FriendlyName"":""Volume"",""InstanceId"":""STORAGE\\VOLUME\\_??_USBSTOR#DISK&VEN_SONY_MIC&PROD_ROVAULT&REV_#1384E684&0#{53F56307-B6BF-11D0-94F2-00A0C91EFB8B}""},{""Status"":""OK"",""Class"":""DiskDrive"",""FriendlyName"":""Sony Mic roVault USB Device"",""InstanceId"":""USBSTOR\\DISK&VEN_SONY_MIC&PROD_ROVAULT&REV_\\1384E684&0""},{""Status"":""OK"",""Class"":""USB"",""FriendlyName"":""Sony USB HiFD Drive"",""InstanceId"":""USB\\VID_054C&PID_0022\\1384E684""}]}",absent,absent,34.9,19.5,List of devices attached,
2026-09-30T04:10:31.683+00:00,2026-09-30T04:10:31.729+00:00,1087.933,present,4016.0,"{""state"":""present"",""devices"":[{""Status"":""OK"",""Class"":""WPD"",""FriendlyName"":""THYME_DIAG"",""InstanceId"":""SWD\\WPDBUSENUM\\_??_USBSTOR#DISK&VEN_SONY_MIC&PROD_ROVAULT&REV_#1384E684&0#{53F56307-B6BF-11D0-94F2-00A0C91EFB8B}""},{""Status"":""OK"",""Class"":""Volume"",""FriendlyName"":""Volume"",""InstanceId"":""STORAGE\\VOLUME\\_??_USBSTOR#DISK&VEN_SONY_MIC&PROD_ROVAULT&REV_#1384E684&0#{53F56307-B6BF-11D0-94F2-00A0C91EFB8B}""},{""Status"":""OK"",""Class"":""DiskDrive"",""FriendlyName"":""Sony Mic roVault USB Device"",""InstanceId"":""USBSTOR\\DISK&VEN_SONY_MIC&PROD_ROVAULT&REV_\\1384E684&0""},{""Status"":""OK"",""Class"":""USB"",""FriendlyName"":""Sony USB HiFD Drive"",""InstanceId"":""USB\\VID_054C&PID_0022\\1384E684""}]}",absent,absent,23.0,22.8,List of devices attached,
2026-09-30T04:10:32.683+00:00,2026-09-30T04:10:32.741+00:00,1088.945,present,4016.0,"{""state"":""present"",""devices"":[{""Status"":""OK"",""Class"":""WPD"",""FriendlyName"":""THYME_DIAG"",""InstanceId"":""SWD\\WPDBUSENUM\\_??_USBSTOR#DISK&VEN_SONY_MIC&PROD_ROVAULT&REV_#1384E684&0#{53F56307-B6BF-11D0-94F2-00A0C91EFB8B}""},{""Status"":""OK"",""Class"":""Volume"",""FriendlyName"":""Volume"",""InstanceId"":""STORAGE\\VOLUME\\_??_USBSTOR#DISK&VEN_SONY_MIC&PROD_ROVAULT&REV_#1384E684&0#{53F56307-B6BF-11D0-94F2-00A0C91EFB8B}""},{""Status"":""OK"",""Class"":""DiskDrive"",""FriendlyName"":""Sony Mic roVault USB Device"",""InstanceId"":""USBSTOR\\DISK&VEN_SONY_MIC&PROD_ROVAULT&REV_\\1384E684&0""},{""Status"":""OK"",""Class"":""USB"",""FriendlyName"":""Sony USB HiFD Drive"",""InstanceId"":""USB\\VID_054C&PID_0022\\1384E684""}]}",absent,absent,22.5,34.5,List of devices attached,
2026-09-30T04:10:33.684+00:00,2026-09-30T04:10:33.731+00:00,1089.935,present,3978.5,"{""state"":""present"",""devices"":[{""Status"":""OK"",""Class"":""WPD"",""FriendlyName"":""THYME_DIAG"",""InstanceId"":""SWD\\WPDBUSENUM\\_??_USBSTOR#DISK&VEN_SONY_MIC&PROD_ROVAULT&REV_#1384E684&0#{53F56307-B6BF-11D0-94F2-00A0C91EFB8B}""},{""Status"":""OK"",""Class"":""Volume"",""FriendlyName"":""Volume"",""InstanceId"":""STORAGE\\VOLUME\\_??_USBSTOR#DISK&VEN_SONY_MIC&PROD_ROVAULT&REV_#1384E684&0#{53F56307-B6BF-11D0-94F2-00A0C91EFB8B}""},{""Status"":""OK"",""Class"":""DiskDrive"",""FriendlyName"":""Sony Mic roVault USB Device"",""InstanceId"":""USBSTOR\\DISK&VEN_SONY_MIC&PROD_ROVAULT&REV_\\1384E684&0""},{""Status"":""OK"",""Class"":""USB"",""FriendlyName"":""Sony USB HiFD Drive"",""InstanceId"":""USB\\VID_054C&PID_0022\\1384E684""}]}",absent,absent,23.8,22.9,List of devices attached,
2026-09-30T04:10:34.684+00:00,2026-09-30T04:10:34.729+00:00,1090.934,present,3978.5,"{""state"":""present"",""devices"":[{""Status"":""OK"",""Class"":""WPD"",""FriendlyName"":""THYME_DIAG"",""InstanceId"":""SWD\\WPDBUSENUM\\_??_USBSTOR#DISK&VEN_SONY_MIC&PROD_ROVAULT&REV_#1384E684&0#{53F56307-B6BF-11D0-94F2-00A0C91EFB8B}""},{""Status"":""OK"",""Class"":""Volume"",""FriendlyName"":""Volume"",""InstanceId"":""STORAGE\\VOLUME\\_??_USBSTOR#DISK&VEN_SONY_MIC&PROD_ROVAULT&REV_#1384E684&0#{53F56307-B6BF-11D0-94F2-00A0C91EFB8B}""},{""Status"":""OK"",""Class"":""DiskDrive"",""FriendlyName"":""Sony Mic roVault USB Device"",""InstanceId"":""USBSTOR\\DISK&VEN_SONY_MIC&PROD_ROVAULT&REV_\\1384E684&0""},{""Status"":""OK"",""Class"":""USB"",""FriendlyName"":""Sony USB HiFD Drive"",""InstanceId"":""USB\\VID_054C&PID_0022\\1384E684""}]}",absent,absent,24.5,20.5,List of devices attached,
2026-09-30T04:10:35.685+00:00,2026-09-30T04:10:35.729+00:00,1091.933,present,3978.5,"{""state"":""present"",""devices"":[{""Status"":""OK"",""Class"":""WPD"",""FriendlyName"":""THYME_DIAG"",""InstanceId"":""SWD\\WPDBUSENUM\\_??_USBSTOR#DISK&VEN_SONY_MIC&PROD_ROVAULT&REV_#1384E684&0#{53F56307-B6BF-11D0-94F2-00A0C91EFB8B}""},{""Status"":""OK"",""Class"":""Volume"",""FriendlyName"":""Volume"",""InstanceId"":""STORAGE\\VOLUME\\_??_USBSTOR#DISK&VEN_SONY_MIC&PROD_ROVAULT&REV_#1384E684&0#{53F56307-B6BF-11D0-94F2-00A0C91EFB8B}""},{""Status"":""OK"",""Class"":""DiskDrive"",""FriendlyName"":""Sony Mic roVault USB Device"",""InstanceId"":""USBSTOR\\DISK&VEN_SONY_MIC&PROD_ROVAULT&REV_\\1384E684&0""},{""Status"":""OK"",""Class"":""USB"",""FriendlyName"":""Sony USB HiFD Drive"",""InstanceId"":""USB\\VID_054C&PID_0022\\1384E684""}]}",absent,absent,24.0,20.1,List of devices attached,
2026-09-30T04:10:36.685+00:00,2026-09-30T04:10:36.729+00:00,1092.933,present,3978.5,"{""state"":""present"",""devices"":[{""Status"":""OK"",""Class"":""WPD"",""FriendlyName"":""THYME_DIAG"",""InstanceId"":""SWD\\WPDBUSENUM\\_??_USBSTOR#DISK&VEN_SONY_MIC&PROD_ROVAULT&REV_#1384E684&0#{53F56307-B6BF-11D0-94F2-00A0C91EFB8B}""},{""Status"":""OK"",""Class"":""Volume"",""FriendlyName"":""Volume"",""InstanceId"":""STORAGE\\VOLUME\\_??_USBSTOR#DISK&VEN_SONY_MIC&PROD_ROVAULT&REV_#1384E684&0#{53F56307-B6BF-11D0-94F2-00A0C91EFB8B}""},{""Status"":""OK"",""Class"":""DiskDrive"",""FriendlyName"":""Sony Mic roVault USB Device"",""InstanceId"":""USBSTOR\\DISK&VEN_SONY_MIC&PROD_ROVAULT&REV_\\1384E684&0""},{""Status"":""OK"",""Class"":""USB"",""FriendlyName"":""Sony USB HiFD Drive"",""InstanceId"":""USB\\VID_054C&PID_0022\\1384E684""}]}",absent,absent,23.8,20.2,List of devices attached,
2026-09-30T04:10:37.685+00:00,2026-09-30T04:10:37.731+00:00,1093.935,present,4000.4,"{""state"":""present"",""devices"":[{""Status"":""OK"",""Class"":""WPD"",""FriendlyName"":""THYME_DIAG"",""InstanceId"":""SWD\\WPDBUSENUM\\_??_USBSTOR#DISK&VEN_SONY_MIC&PROD_ROVAULT&REV_#1384E684&0#{53F56307-B6BF-11D0-94F2-00A0C91EFB8B}""},{""Status"":""OK"",""Class"":""Volume"",""FriendlyName"":""Volume"",""InstanceId"":""STORAGE\\VOLUME\\_??_USBSTOR#DISK&VEN_SONY_MIC&PROD_ROVAULT&REV_#1384E684&0#{53F56307-B6BF-11D0-94F2-00A0C91EFB8B}""},{""Status"":""OK"",""Class"":""DiskDrive"",""FriendlyName"":""Sony Mic roVault USB Device"",""InstanceId"":""USBSTOR\\DISK&VEN_SONY_MIC&PROD_ROVAULT&REV_\\1384E684&0""},{""Status"":""OK"",""Class"":""USB"",""FriendlyName"":""Sony USB HiFD Drive"",""InstanceId"":""USB\\VID_054C&PID_0022\\1384E684""}]}",absent,absent,23.8,21.8,List of devices attached,
2026-09-30T04:10:38.685+00:00,2026-09-30T04:10:38.731+00:00,1094.935,present,4000.4,"{""state"":""present"",""devices"":[{""Status"":""OK"",""Class"":""WPD"",""FriendlyName"":""THYME_DIAG"",""InstanceId"":""SWD\\WPDBUSENUM\\_??_USBSTOR#DISK&VEN_SONY_MIC&PROD_ROVAULT&REV_#1384E684&0#{53F56307-B6BF-11D0-94F2-00A0C91EFB8B}""},{""Status"":""OK"",""Class"":""Volume"",""FriendlyName"":""Volume"",""InstanceId"":""STORAGE\\VOLUME\\_??_USBSTOR#DISK&VEN_SONY_MIC&PROD_ROVAULT&REV_#1384E684&0#{53F56307-B6BF-11D0-94F2-00A0C91EFB8B}""},{""Status"":""OK"",""Class"":""DiskDrive"",""FriendlyName"":""Sony Mic roVault USB Device"",""InstanceId"":""USBSTOR\\DISK&VEN_SONY_MIC&PROD_ROVAULT&REV_\\1384E684&0""},{""Status"":""OK"",""Class"":""USB"",""FriendlyName"":""Sony USB HiFD Drive"",""InstanceId"":""USB\\VID_054C&PID_0022\\1384E684""}]}",absent,absent,24.0,21.1,List of devices attached,
2026-09-30T04:10:39.686+00:00,2026-09-30T04:10:39.732+00:00,1095.936,present,4000.4,"{""state"":""present"",""devices"":[{""Status"":""OK"",""Class"":""WPD"",""FriendlyName"":""THYME_DIAG"",""InstanceId"":""SWD\\WPDBUSENUM\\_??_USBSTOR#DISK&VEN_SONY_MIC&PROD_ROVAULT&REV_#1384E684&0#{53F56307-B6BF-11D0-94F2-00A0C91EFB8B}""},{""Status"":""OK"",""Class"":""Volume"",""FriendlyName"":""Volume"",""InstanceId"":""STORAGE\\VOLUME\\_??_USBSTOR#DISK&VEN_SONY_MIC&PROD_ROVAULT&REV_#1384E684&0#{53F56307-B6BF-11D0-94F2-00A0C91EFB8B}""},{""Status"":""OK"",""Class"":""DiskDrive"",""FriendlyName"":""Sony Mic roVault USB Device"",""InstanceId"":""USBSTOR\\DISK&VEN_SONY_MIC&PROD_ROVAULT&REV_\\1384E684&0""},{""Status"":""OK"",""Class"":""USB"",""FriendlyName"":""Sony USB HiFD Drive"",""InstanceId"":""USB\\VID_054C&PID_0022\\1384E684""}]}",absent,absent,24.9,21.1,List of devices attached,
2026-09-30T04:10:40.686+00:00,2026-09-30T04:10:40.731+00:00,1096.935,present,4000.4,"{""state"":""present"",""devices"":[{""Status"":""OK"",""Class"":""WPD"",""FriendlyName"":""THYME_DIAG"",""InstanceId"":""SWD\\WPDBUSENUM\\_??_USBSTOR#DISK&VEN_SONY_MIC&PROD_ROVAULT&REV_#1384E684&0#{53F56307-B6BF-11D0-94F2-00A0C91EFB8B}""},{""Status"":""OK"",""Class"":""Volume"",""FriendlyName"":""Volume"",""InstanceId"":""STORAGE\\VOLUME\\_??_USBSTOR#DISK&VEN_SONY_MIC&PROD_ROVAULT&REV_#1384E684&0#{53F56307-B6BF-11D0-94F2-00A0C91EFB8B}""},{""Status"":""OK"",""Class"":""DiskDrive"",""FriendlyName"":""Sony Mic roVault USB Device"",""InstanceId"":""USBSTOR\\DISK&VEN_SONY_MIC&PROD_ROVAULT&REV_\\1384E684&0""},{""Status"":""OK"",""Class"":""USB"",""FriendlyName"":""Sony USB HiFD Drive"",""InstanceId"":""USB\\VID_054C&PID_0022\\1384E684""}]}",absent,absent,24.3,19.8,List of devices attached,
2026-09-30T04:10:41.686+00:00,2026-09-30T04:10:41.731+00:00,1097.936,present,4000.4,"{""state"":""present"",""devices"":[{""Status"":""OK"",""Class"":""WPD"",""FriendlyName"":""THYME_DIAG"",""InstanceId"":""SWD\\WPDBUSENUM\\_??_USBSTOR#DISK&VEN_SONY_MIC&PROD_ROVAULT&REV_#1384E684&0#{53F56307-B6BF-11D0-94F2-00A0C91EFB8B}""},{""Status"":""OK"",""Class"":""Volume"",""FriendlyName"":""Volume"",""InstanceId"":""STORAGE\\VOLUME\\_??_USBSTOR#DISK&VEN_SONY_MIC&PROD_ROVAULT&REV_#1384E684&0#{53F56307-B6BF-11D0-94F2-00A0C91EFB8B}""},{""Status"":""OK"",""Class"":""DiskDrive"",""FriendlyName"":""Sony Mic roVault USB Device"",""InstanceId"":""USBSTOR\\DISK&VEN_SONY_MIC&PROD_ROVAULT&REV_\\1384E684&0""},{""Status"":""OK"",""Class"":""USB"",""FriendlyName"":""Sony USB HiFD Drive"",""InstanceId"":""USB\\VID_054C&PID_0022\\1384E684""}]}",absent,absent,23.7,20.9,List of devices attached,
2026-09-30T04:10:42.687+00:00,2026-09-30T04:10:42.733+00:00,1098.937,present,4387.0,"{""state"":""present"",""devices"":[{""Status"":""OK"",""Class"":""WPD"",""FriendlyName"":""THYME_DIAG"",""InstanceId"":""SWD\\WPDBUSENUM\\_??_USBSTOR#DISK&VEN_SONY_MIC&PROD_ROVAULT&REV_#1384E684&0#{53F56307-B6BF-11D0-94F2-00A0C91EFB8B}""},{""Status"":""OK"",""Class"":""Volume"",""FriendlyName"":""Volume"",""InstanceId"":""STORAGE\\VOLUME\\_??_USBSTOR#DISK&VEN_SONY_MIC&PROD_ROVAULT&REV_#1384E684&0#{53F56307-B6BF-11D0-94F2-00A0C91EFB8B}""},{""Status"":""OK"",""Class"":""DiskDrive"",""FriendlyName"":""Sony Mic roVault USB Device"",""InstanceId"":""USBSTOR\\DISK&VEN_SONY_MIC&PROD_ROVAULT&REV_\\1384E684&0""},{""Status"":""OK"",""Class"":""USB"",""FriendlyName"":""Sony USB HiFD Drive"",""InstanceId"":""USB\\VID_054C&PID_0022\\1384E684""}]}",absent,absent,24.3,21.9,List of devices attached,
2026-09-30T04:10:43.687+00:00,2026-09-30T04:10:43.733+00:00,1099.938,present,4387.0,"{""state"":""present"",""devices"":[{""Status"":""OK"",""Class"":""WPD"",""FriendlyName"":""THYME_DIAG"",""InstanceId"":""SWD\\WPDBUSENUM\\_??_USBSTOR#DISK&VEN_SONY_MIC&PROD_ROVAULT&REV_#1384E684&0#{53F56307-B6BF-11D0-94F2-00A0C91EFB8B}""},{""Status"":""OK"",""Class"":""Volume"",""FriendlyName"":""Volume"",""InstanceId"":""STORAGE\\VOLUME\\_??_USBSTOR#DISK&VEN_SONY_MIC&PROD_ROVAULT&REV_#1384E684&0#{53F56307-B6BF-11D0-94F2-00A0C91EFB8B}""},{""Status"":""OK"",""Class"":""DiskDrive"",""FriendlyName"":""Sony Mic roVault USB Device"",""InstanceId"":""USBSTOR\\DISK&VEN_SONY_MIC&PROD_ROVAULT&REV_\\1384E684&0""},{""Status"":""OK"",""Class"":""USB"",""FriendlyName"":""Sony USB HiFD Drive"",""InstanceId"":""USB\\VID_054C&PID_0022\\1384E684""}]}",absent,absent,24.4,21.8,List of devices attached,
2026-09-30T04:10:44.687+00:00,2026-09-30T04:10:44.732+00:00,1100.937,present,4387.0,"{""state"":""present"",""devices"":[{""Status"":""OK"",""Class"":""WPD"",""FriendlyName"":""THYME_DIAG"",""InstanceId"":""SWD\\WPDBUSENUM\\_??_USBSTOR#DISK&VEN_SONY_MIC&PROD_ROVAULT&REV_#1384E684&0#{53F56307-B6BF-11D0-94F2-00A0C91EFB8B}""},{""Status"":""OK"",""Class"":""Volume"",""FriendlyName"":""Volume"",""InstanceId"":""STORAGE\\VOLUME\\_??_USBSTOR#DISK&VEN_SONY_MIC&PROD_ROVAULT&REV_#1384E684&0#{53F56307-B6BF-11D0-94F2-00A0C91EFB8B}""},{""Status"":""OK"",""Class"":""DiskDrive"",""FriendlyName"":""Sony Mic roVault USB Device"",""InstanceId"":""USBSTOR\\DISK&VEN_SONY_MIC&PROD_ROVAULT&REV_\\1384E684&0""},{""Status"":""OK"",""Class"":""USB"",""FriendlyName"":""Sony USB HiFD Drive"",""InstanceId"":""USB\\VID_054C&PID_0022\\1384E684""}]}",absent,absent,23.9,21.3,List of devices attached,
2026-09-30T04:10:45.687+00:00,2026-09-30T04:10:46.386+00:00,1102.590,present,4387.0,"{""state"":""present"",""devices"":[{""Status"":""OK"",""Class"":""WPD"",""FriendlyName"":""THYME_DIAG"",""InstanceId"":""SWD\\WPDBUSENUM\\_??_USBSTOR#DISK&VEN_SONY_MIC&PROD_ROVAULT&REV_#1384E684&0#{53F56307-B6BF-11D0-94F2-00A0C91EFB8B}""},{""Status"":""OK"",""Class"":""Volume"",""FriendlyName"":""Volume"",""InstanceId"":""STORAGE\\VOLUME\\_??_USBSTOR#DISK&VEN_SONY_MIC&PROD_ROVAULT&REV_#1384E684&0#{53F56307-B6BF-11D0-94F2-00A0C91EFB8B}""},{""Status"":""OK"",""Class"":""DiskDrive"",""FriendlyName"":""Sony Mic roVault USB Device"",""InstanceId"":""USBSTOR\\DISK&VEN_SONY_MIC&PROD_ROVAULT&REV_\\1384E684&0""},{""Status"":""OK"",""Class"":""USB"",""FriendlyName"":""Sony USB HiFD Drive"",""InstanceId"":""USB\\VID_054C&PID_0022\\1384E684""}]}",absent,absent,309.9,388.6,List of devices attached,
2026-09-30T04:10:46.688+00:00,2026-09-30T04:10:46.753+00:00,1102.957,present,4387.0,"{""state"":""present"",""devices"":[{""Status"":""OK"",""Class"":""WPD"",""FriendlyName"":""THYME_DIAG"",""InstanceId"":""SWD\\WPDBUSENUM\\_??_USBSTOR#DISK&VEN_SONY_MIC&PROD_ROVAULT&REV_#1384E684&0#{53F56307-B6BF-11D0-94F2-00A0C91EFB8B}""},{""Status"":""OK"",""Class"":""Volume"",""FriendlyName"":""Volume"",""InstanceId"":""STORAGE\\VOLUME\\_??_USBSTOR#DISK&VEN_SONY_MIC&PROD_ROVAULT&REV_#1384E684&0#{53F56307-B6BF-11D0-94F2-00A0C91EFB8B}""},{""Status"":""OK"",""Class"":""DiskDrive"",""FriendlyName"":""Sony Mic roVault USB Device"",""InstanceId"":""USBSTOR\\DISK&VEN_SONY_MIC&PROD_ROVAULT&REV_\\1384E684&0""},{""Status"":""OK"",""Class"":""USB"",""FriendlyName"":""Sony USB HiFD Drive"",""InstanceId"":""USB\\VID_054C&PID_0022\\1384E684""}]}",absent,absent,35.3,30.0,List of devices attached,
2026-09-30T04:10:47.688+00:00,2026-09-30T04:10:47.734+00:00,1103.939,present,4501.4,"{""state"":""present"",""devices"":[{""Status"":""OK"",""Class"":""WPD"",""FriendlyName"":""THYME_DIAG"",""InstanceId"":""SWD\\WPDBUSENUM\\_??_USBSTOR#DISK&VEN_SONY_MIC&PROD_ROVAULT&REV_#1384E684&0#{53F56307-B6BF-11D0-94F2-00A0C91EFB8B}""},{""Status"":""OK"",""Class"":""Volume"",""FriendlyName"":""Volume"",""InstanceId"":""STORAGE\\VOLUME\\_??_USBSTOR#DISK&VEN_SONY_MIC&PROD_ROVAULT&REV_#1384E684&0#{53F56307-B6BF-11D0-94F2-00A0C91EFB8B}""},{""Status"":""OK"",""Class"":""DiskDrive"",""FriendlyName"":""Sony Mic roVault USB Device"",""InstanceId"":""USBSTOR\\DISK&VEN_SONY_MIC&PROD_ROVAULT&REV_\\1384E684&0""},{""Status"":""OK"",""Class"":""USB"",""FriendlyName"":""Sony USB HiFD Drive"",""InstanceId"":""USB\\VID_054C&PID_0022\\1384E684""}]}",absent,absent,23.8,22.1,List of devices attached,
2026-09-30T04:10:48.689+00:00,2026-09-30T04:10:48.734+00:00,1104.938,present,4501.4,"{""state"":""present"",""devices"":[{""Status"":""OK"",""Class"":""WPD"",""FriendlyName"":""THYME_DIAG"",""InstanceId"":""SWD\\WPDBUSENUM\\_??_USBSTOR#DISK&VEN_SONY_MIC&PROD_ROVAULT&REV_#1384E684&0#{53F56307-B6BF-11D0-94F2-00A0C91EFB8B}""},{""Status"":""OK"",""Class"":""Volume"",""FriendlyName"":""Volume"",""InstanceId"":""STORAGE\\VOLUME\\_??_USBSTOR#DISK&VEN_SONY_MIC&PROD_ROVAULT&REV_#1384E684&0#{53F56307-B6BF-11D0-94F2-00A0C91EFB8B}""},{""Status"":""OK"",""Class"":""DiskDrive"",""FriendlyName"":""Sony Mic roVault USB Device"",""InstanceId"":""USBSTOR\\DISK&VEN_SONY_MIC&PROD_ROVAULT&REV_\\1384E684&0""},{""Status"":""OK"",""Class"":""USB"",""FriendlyName"":""Sony USB HiFD Drive"",""InstanceId"":""USB\\VID_054C&PID_0022\\1384E684""}]}",absent,absent,24.1,21.2,List of devices attached,
2026-09-30T04:10:49.689+00:00,2026-09-30T04:10:49.817+00:00,1106.021,present,4501.4,"{""state"":""present"",""devices"":[{""Status"":""OK"",""Class"":""WPD"",""FriendlyName"":""THYME_DIAG"",""InstanceId"":""SWD\\WPDBUSENUM\\_??_USBSTOR#DISK&VEN_SONY_MIC&PROD_ROVAULT&REV_#1384E684&0#{53F56307-B6BF-11D0-94F2-00A0C91EFB8B}""},{""Status"":""OK"",""Class"":""Volume"",""FriendlyName"":""Volume"",""InstanceId"":""STORAGE\\VOLUME\\_??_USBSTOR#DISK&VEN_SONY_MIC&PROD_ROVAULT&REV_#1384E684&0#{53F56307-B6BF-11D0-94F2-00A0C91EFB8B}""},{""Status"":""OK"",""Class"":""DiskDrive"",""FriendlyName"":""Sony Mic roVault USB Device"",""InstanceId"":""USBSTOR\\DISK&VEN_SONY_MIC&PROD_ROVAULT&REV_\\1384E684&0""},{""Status"":""OK"",""Class"":""USB"",""FriendlyName"":""Sony USB HiFD Drive"",""InstanceId"":""USB\\VID_054C&PID_0022\\1384E684""}]}",absent,absent,105.2,22.5,List of devices attached,
2026-09-30T04:10:50.689+00:00,2026-09-30T04:10:50.735+00:00,1106.939,present,4501.4,"{""state"":""present"",""devices"":[{""Status"":""OK"",""Class"":""WPD"",""FriendlyName"":""THYME_DIAG"",""InstanceId"":""SWD\\WPDBUSENUM\\_??_USBSTOR#DISK&VEN_SONY_MIC&PROD_ROVAULT&REV_#1384E684&0#{53F56307-B6BF-11D0-94F2-00A0C91EFB8B}""},{""Status"":""OK"",""Class"":""Volume"",""FriendlyName"":""Volume"",""InstanceId"":""STORAGE\\VOLUME\\_??_USBSTOR#DISK&VEN_SONY_MIC&PROD_ROVAULT&REV_#1384E684&0#{53F56307-B6BF-11D0-94F2-00A0C91EFB8B}""},{""Status"":""OK"",""Class"":""DiskDrive"",""FriendlyName"":""Sony Mic roVault USB Device"",""InstanceId"":""USBSTOR\\DISK&VEN_SONY_MIC&PROD_ROVAULT&REV_\\1384E684&0""},{""Status"":""OK"",""Class"":""USB"",""FriendlyName"":""Sony USB HiFD Drive"",""InstanceId"":""USB\\VID_054C&PID_0022\\1384E684""}]}",absent,absent,24.9,20.2,List of devices attached,
2026-09-30T04:10:51.690+00:00,2026-09-30T04:10:51.735+00:00,1107.939,present,4501.4,"{""state"":""present"",""devices"":[{""Status"":""OK"",""Class"":""WPD"",""FriendlyName"":""THYME_DIAG"",""InstanceId"":""SWD\\WPDBUSENUM\\_??_USBSTOR#DISK&VEN_SONY_MIC&PROD_ROVAULT&REV_#1384E684&0#{53F56307-B6BF-11D0-94F2-00A0C91EFB8B}""},{""Status"":""OK"",""Class"":""Volume"",""FriendlyName"":""Volume"",""InstanceId"":""STORAGE\\VOLUME\\_??_USBSTOR#DISK&VEN_SONY_MIC&PROD_ROVAULT&REV_#1384E684&0#{53F56307-B6BF-11D0-94F2-00A0C91EFB8B}""},{""Status"":""OK"",""Class"":""DiskDrive"",""FriendlyName"":""Sony Mic roVault USB Device"",""InstanceId"":""USBSTOR\\DISK&VEN_SONY_MIC&PROD_ROVAULT&REV_\\1384E684&0""},{""Status"":""OK"",""Class"":""USB"",""FriendlyName"":""Sony USB HiFD Drive"",""InstanceId"":""USB\\VID_054C&PID_0022\\1384E684""}]}",absent,absent,24.9,19.8,List of devices attached,
2026-09-30T04:10:52.691+00:00,2026-09-30T04:10:52.733+00:00,1108.937,present,4531.5,"{""state"":""present"",""devices"":[{""Status"":""OK"",""Class"":""WPD"",""FriendlyName"":""THYME_DIAG"",""InstanceId"":""SWD\\WPDBUSENUM\\_??_USBSTOR#DISK&VEN_SONY_MIC&PROD_ROVAULT&REV_#1384E684&0#{53F56307-B6BF-11D0-94F2-00A0C91EFB8B}""},{""Status"":""OK"",""Class"":""Volume"",""FriendlyName"":""Volume"",""InstanceId"":""STORAGE\\VOLUME\\_??_USBSTOR#DISK&VEN_SONY_MIC&PROD_ROVAULT&REV_#1384E684&0#{53F56307-B6BF-11D0-94F2-00A0C91EFB8B}""},{""Status"":""OK"",""Class"":""DiskDrive"",""FriendlyName"":""Sony Mic roVault USB Device"",""InstanceId"":""USBSTOR\\DISK&VEN_SONY_MIC&PROD_ROVAULT&REV_\\1384E684&0""},{""Status"":""OK"",""Class"":""USB"",""FriendlyName"":""Sony USB HiFD Drive"",""InstanceId"":""USB\\VID_054C&PID_0022\\1384E684""}]}",absent,absent,22.8,19.2,List of devices attached,
2026-09-30T04:10:53.691+00:00,2026-09-30T04:10:53.738+00:00,1109.942,present,4531.5,"{""state"":""present"",""devices"":[{""Status"":""OK"",""Class"":""WPD"",""FriendlyName"":""THYME_DIAG"",""InstanceId"":""SWD\\WPDBUSENUM\\_??_USBSTOR#DISK&VEN_SONY_MIC&PROD_ROVAULT&REV_#1384E684&0#{53F56307-B6BF-11D0-94F2-00A0C91EFB8B}""},{""Status"":""OK"",""Class"":""Volume"",""FriendlyName"":""Volume"",""InstanceId"":""STORAGE\\VOLUME\\_??_USBSTOR#DISK&VEN_SONY_MIC&PROD_ROVAULT&REV_#1384E684&0#{53F56307-B6BF-11D0-94F2-00A0C91EFB8B}""},{""Status"":""OK"",""Class"":""DiskDrive"",""FriendlyName"":""Sony Mic roVault USB Device"",""InstanceId"":""USBSTOR\\DISK&VEN_SONY_MIC&PROD_ROVAULT&REV_\\1384E684&0""},{""Status"":""OK"",""Class"":""USB"",""FriendlyName"":""Sony USB HiFD Drive"",""InstanceId"":""USB\\VID_054C&PID_0022\\1384E684""}]}",absent,absent,24.8,22.0,List of devices attached,
2026-09-30T04:10:54.691+00:00,2026-09-30T04:10:54.741+00:00,1110.945,present,4531.5,"{""state"":""present"",""devices"":[{""Status"":""OK"",""Class"":""WPD"",""FriendlyName"":""THYME_DIAG"",""InstanceId"":""SWD\\WPDBUSENUM\\_??_USBSTOR#DISK&VEN_SONY_MIC&PROD_ROVAULT&REV_#1384E684&0#{53F56307-B6BF-11D0-94F2-00A0C91EFB8B}""},{""Status"":""OK"",""Class"":""Volume"",""FriendlyName"":""Volume"",""InstanceId"":""STORAGE\\VOLUME\\_??_USBSTOR#DISK&VEN_SONY_MIC&PROD_ROVAULT&REV_#1384E684&0#{53F56307-B6BF-11D0-94F2-00A0C91EFB8B}""},{""Status"":""OK"",""Class"":""DiskDrive"",""FriendlyName"":""Sony Mic roVault USB Device"",""InstanceId"":""USBSTOR\\DISK&VEN_SONY_MIC&PROD_ROVAULT&REV_\\1384E684&0""},{""Status"":""OK"",""Class"":""USB"",""FriendlyName"":""Sony USB HiFD Drive"",""InstanceId"":""USB\\VID_054C&PID_0022\\1384E684""}]}",absent,absent,25.8,23.9,List of devices attached,
2026-09-30T04:10:55.691+00:00,2026-09-30T04:10:55.744+00:00,1111.948,present,4531.5,"{""state"":""present"",""devices"":[{""Status"":""OK"",""Class"":""WPD"",""FriendlyName"":""THYME_DIAG"",""InstanceId"":""SWD\\WPDBUSENUM\\_??_USBSTOR#DISK&VEN_SONY_MIC&PROD_ROVAULT&REV_#1384E684&0#{53F56307-B6BF-11D0-94F2-00A0C91EFB8B}""},{""Status"":""OK"",""Class"":""Volume"",""FriendlyName"":""Volume"",""InstanceId"":""STORAGE\\VOLUME\\_??_USBSTOR#DISK&VEN_SONY_MIC&PROD_ROVAULT&REV_#1384E684&0#{53F56307-B6BF-11D0-94F2-00A0C91EFB8B}""},{""Status"":""OK"",""Class"":""DiskDrive"",""FriendlyName"":""Sony Mic roVault USB Device"",""InstanceId"":""USBSTOR\\DISK&VEN_SONY_MIC&PROD_ROVAULT&REV_\\1384E684&0""},{""Status"":""OK"",""Class"":""USB"",""FriendlyName"":""Sony USB HiFD Drive"",""InstanceId"":""USB\\VID_054C&PID_0022\\1384E684""}]}",absent,absent,27.3,25.0,List of devices attached,
2026-09-30T04:10:56.692+00:00,2026-09-30T04:10:56.882+00:00,1113.087,present,4531.5,"{""state"":""present"",""devices"":[{""Status"":""OK"",""Class"":""WPD"",""FriendlyName"":""THYME_DIAG"",""InstanceId"":""SWD\\WPDBUSENUM\\_??_USBSTOR#DISK&VEN_SONY_MIC&PROD_ROVAULT&REV_#1384E684&0#{53F56307-B6BF-11D0-94F2-00A0C91EFB8B}""},{""Status"":""OK"",""Class"":""Volume"",""FriendlyName"":""Volume"",""InstanceId"":""STORAGE\\VOLUME\\_??_USBSTOR#DISK&VEN_SONY_MIC&PROD_ROVAULT&REV_#1384E684&0#{53F56307-B6BF-11D0-94F2-00A0C91EFB8B}""},{""Status"":""OK"",""Class"":""DiskDrive"",""FriendlyName"":""Sony Mic roVault USB Device"",""InstanceId"":""USBSTOR\\DISK&VEN_SONY_MIC&PROD_ROVAULT&REV_\\1384E684&0""},{""Status"":""OK"",""Class"":""USB"",""FriendlyName"":""Sony USB HiFD Drive"",""InstanceId"":""USB\\VID_054C&PID_0022\\1384E684""}]}",absent,absent,168.0,22.5,List of devices attached,
2026-09-30T04:10:57.692+00:00,2026-09-30T04:10:58.056+00:00,1114.261,present,4531.5,"{""state"":""present"",""devices"":[{""Status"":""OK"",""Class"":""WPD"",""FriendlyName"":""THYME_DIAG"",""InstanceId"":""SWD\\WPDBUSENUM\\_??_USBSTOR#DISK&VEN_SONY_MIC&PROD_ROVAULT&REV_#1384E684&0#{53F56307-B6BF-11D0-94F2-00A0C91EFB8B}""},{""Status"":""OK"",""Class"":""Volume"",""FriendlyName"":""Volume"",""InstanceId"":""STORAGE\\VOLUME\\_??_USBSTOR#DISK&VEN_SONY_MIC&PROD_ROVAULT&REV_#1384E684&0#{53F56307-B6BF-11D0-94F2-00A0C91EFB8B}""},{""Status"":""OK"",""Class"":""DiskDrive"",""FriendlyName"":""Sony Mic roVault USB Device"",""InstanceId"":""USBSTOR\\DISK&VEN_SONY_MIC&PROD_ROVAULT&REV_\\1384E684&0""},{""Status"":""OK"",""Class"":""USB"",""FriendlyName"":""Sony USB HiFD Drive"",""InstanceId"":""USB\\VID_054C&PID_0022\\1384E684""}]}",absent,absent,341.7,23.0,List of devices attached,
2026-09-30T04:10:58.692+00:00,2026-09-30T04:10:59.027+00:00,1115.232,present,4531.5,"{""state"":""present"",""devices"":[{""Status"":""OK"",""Class"":""WPD"",""FriendlyName"":""THYME_DIAG"",""InstanceId"":""SWD\\WPDBUSENUM\\_??_USBSTOR#DISK&VEN_SONY_MIC&PROD_ROVAULT&REV_#1384E684&0#{53F56307-B6BF-11D0-94F2-00A0C91EFB8B}""},{""Status"":""OK"",""Class"":""Volume"",""FriendlyName"":""Volume"",""InstanceId"":""STORAGE\\VOLUME\\_??_USBSTOR#DISK&VEN_SONY_MIC&PROD_ROVAULT&REV_#1384E684&0#{53F56307-B6BF-11D0-94F2-00A0C91EFB8B}""},{""Status"":""OK"",""Class"":""DiskDrive"",""FriendlyName"":""Sony Mic roVault USB Device"",""InstanceId"":""USBSTOR\\DISK&VEN_SONY_MIC&PROD_ROVAULT&REV_\\1384E684&0""},{""Status"":""OK"",""Class"":""USB"",""FriendlyName"":""Sony USB HiFD Drive"",""InstanceId"":""USB\\VID_054C&PID_0022\\1384E684""}]}",absent,absent,311.0,24.4,List of devices attached,
2026-09-30T04:10:59.692+00:00,2026-09-30T04:10:59.898+00:00,1116.103,present,6953.8,"{""state"":""present"",""devices"":[{""Status"":""OK"",""Class"":""WPD"",""FriendlyName"":""THYME_DIAG"",""InstanceId"":""SWD\\WPDBUSENUM\\_??_USBSTOR#DISK&VEN_SONY_MIC&PROD_ROVAULT&REV_#1384E684&0#{53F56307-B6BF-11D0-94F2-00A0C91EFB8B}""},{""Status"":""OK"",""Class"":""Volume"",""FriendlyName"":""Volume"",""InstanceId"":""STORAGE\\VOLUME\\_??_USBSTOR#DISK&VEN_SONY_MIC&PROD_ROVAULT&REV_#1384E684&0#{53F56307-B6BF-11D0-94F2-00A0C91EFB8B}""},{""Status"":""OK"",""Class"":""DiskDrive"",""FriendlyName"":""Sony Mic roVault USB Device"",""InstanceId"":""USBSTOR\\DISK&VEN_SONY_MIC&PROD_ROVAULT&REV_\\1384E684&0""},{""Status"":""OK"",""Class"":""USB"",""FriendlyName"":""Sony USB HiFD Drive"",""InstanceId"":""USB\\VID_054C&PID_0022\\1384E684""}]}",absent,absent,182.4,23.9,List of devices attached,
2026-09-30T04:11:00.692+00:00,2026-09-30T04:11:01.707+00:00,1117.911,present,6953.8,"{""state"":""present"",""devices"":[{""Status"":""OK"",""Class"":""WPD"",""FriendlyName"":""THYME_DIAG"",""InstanceId"":""SWD\\WPDBUSENUM\\_??_USBSTOR#DISK&VEN_SONY_MIC&PROD_ROVAULT&REV_#1384E684&0#{53F56307-B6BF-11D0-94F2-00A0C91EFB8B}""},{""Status"":""OK"",""Class"":""Volume"",""FriendlyName"":""Volume"",""InstanceId"":""STORAGE\\VOLUME\\_??_USBSTOR#DISK&VEN_SONY_MIC&PROD_ROVAULT&REV_#1384E684&0#{53F56307-B6BF-11D0-94F2-00A0C91EFB8B}""},{""Status"":""OK"",""Class"":""DiskDrive"",""FriendlyName"":""Sony Mic roVault USB Device"",""InstanceId"":""USBSTOR\\DISK&VEN_SONY_MIC&PROD_ROVAULT&REV_\\1384E684&0""},{""Status"":""OK"",""Class"":""USB"",""FriendlyName"":""Sony USB HiFD Drive"",""InstanceId"":""USB\\VID_054C&PID_0022\\1384E684""}]}",absent,absent,319.4,694.8,List of devices attached,
2026-09-30T04:11:01.707+00:00,2026-09-30T04:11:02.082+00:00,1118.286,present,6953.8,"{""state"":""present"",""devices"":[{""Status"":""OK"",""Class"":""WPD"",""FriendlyName"":""THYME_DIAG"",""InstanceId"":""SWD\\WPDBUSENUM\\_??_USBSTOR#DISK&VEN_SONY_MIC&PROD_ROVAULT&REV_#1384E684&0#{53F56307-B6BF-11D0-94F2-00A0C91EFB8B}""},{""Status"":""OK"",""Class"":""Volume"",""FriendlyName"":""Volume"",""InstanceId"":""STORAGE\\VOLUME\\_??_USBSTOR#DISK&VEN_SONY_MIC&PROD_ROVAULT&REV_#1384E684&0#{53F56307-B6BF-11D0-94F2-00A0C91EFB8B}""},{""Status"":""OK"",""Class"":""DiskDrive"",""FriendlyName"":""Sony Mic roVault USB Device"",""InstanceId"":""USBSTOR\\DISK&VEN_SONY_MIC&PROD_ROVAULT&REV_\\1384E684&0""},{""Status"":""OK"",""Class"":""USB"",""FriendlyName"":""Sony USB HiFD Drive"",""InstanceId"":""USB\\VID_054C&PID_0022\\1384E684""}]}",absent,absent,351.0,24.4,List of devices attached,
2026-09-30T04:11:02.707+00:00,2026-09-30T04:11:02.785+00:00,1118.989,present,6953.8,"{""state"":""present"",""devices"":[{""Status"":""OK"",""Class"":""WPD"",""FriendlyName"":""THYME_DIAG"",""InstanceId"":""SWD\\WPDBUSENUM\\_??_USBSTOR#DISK&VEN_SONY_MIC&PROD_ROVAULT&REV_#1384E684&0#{53F56307-B6BF-11D0-94F2-00A0C91EFB8B}""},{""Status"":""OK"",""Class"":""Volume"",""FriendlyName"":""Volume"",""InstanceId"":""STORAGE\\VOLUME\\_??_USBSTOR#DISK&VEN_SONY_MIC&PROD_ROVAULT&REV_#1384E684&0#{53F56307-B6BF-11D0-94F2-00A0C91EFB8B}""},{""Status"":""OK"",""Class"":""DiskDrive"",""FriendlyName"":""Sony Mic roVault USB Device"",""InstanceId"":""USBSTOR\\DISK&VEN_SONY_MIC&PROD_ROVAULT&REV_\\1384E684&0""},{""Status"":""OK"",""Class"":""USB"",""FriendlyName"":""Sony USB HiFD Drive"",""InstanceId"":""USB\\VID_054C&PID_0022\\1384E684""}]}",absent,absent,39.9,37.7,List of devices attached,
2026-09-30T04:11:03.707+00:00,2026-09-30T04:11:05.330+00:00,1121.534,present,6953.8,"{""state"":""present"",""devices"":[{""Status"":""OK"",""Class"":""WPD"",""FriendlyName"":""THYME_DIAG"",""InstanceId"":""SWD\\WPDBUSENUM\\_??_USBSTOR#DISK&VEN_SONY_MIC&PROD_ROVAULT&REV_#1384E684&0#{53F56307-B6BF-11D0-94F2-00A0C91EFB8B}""},{""Status"":""OK"",""Class"":""Volume"",""FriendlyName"":""Volume"",""InstanceId"":""STORAGE\\VOLUME\\_??_USBSTOR#DISK&VEN_SONY_MIC&PROD_ROVAULT&REV_#1384E684&0#{53F56307-B6BF-11D0-94F2-00A0C91EFB8B}""},{""Status"":""OK"",""Class"":""DiskDrive"",""FriendlyName"":""Sony Mic roVault USB Device"",""InstanceId"":""USBSTOR\\DISK&VEN_SONY_MIC&PROD_ROVAULT&REV_\\1384E684&0""},{""Status"":""OK"",""Class"":""USB"",""FriendlyName"":""Sony USB HiFD Drive"",""InstanceId"":""USB\\VID_054C&PID_0022\\1384E684""}]}",absent,absent,163.1,1458.9,List of devices attached,
2026-09-30T04:11:05.330+00:00,2026-09-30T04:11:05.387+00:00,1121.591,present,6953.8,"{""state"":""present"",""devices"":[{""Status"":""OK"",""Class"":""WPD"",""FriendlyName"":""THYME_DIAG"",""InstanceId"":""SWD\\WPDBUSENUM\\_??_USBSTOR#DISK&VEN_SONY_MIC&PROD_ROVAULT&REV_#1384E684&0#{53F56307-B6BF-11D0-94F2-00A0C91EFB8B}""},{""Status"":""OK"",""Class"":""Volume"",""FriendlyName"":""Volume"",""InstanceId"":""STORAGE\\VOLUME\\_??_USBSTOR#DISK&VEN_SONY_MIC&PROD_ROVAULT&REV_#1384E684&0#{53F56307-B6BF-11D0-94F2-00A0C91EFB8B}""},{""Status"":""OK"",""Class"":""DiskDrive"",""FriendlyName"":""Sony Mic roVault USB Device"",""InstanceId"":""USBSTOR\\DISK&VEN_SONY_MIC&PROD_ROVAULT&REV_\\1384E684&0""},{""Status"":""OK"",""Class"":""USB"",""FriendlyName"":""Sony USB HiFD Drive"",""InstanceId"":""USB\\VID_054C&PID_0022\\1384E684""}]}",absent,absent,30.0,26.9,List of devices attached,
2026-09-30T04:11:06.330+00:00,2026-09-30T04:11:06.378+00:00,1122.583,present,6953.8,"{""state"":""present"",""devices"":[{""Status"":""OK"",""Class"":""WPD"",""FriendlyName"":""THYME_DIAG"",""InstanceId"":""SWD\\WPDBUSENUM\\_??_USBSTOR#DISK&VEN_SONY_MIC&PROD_ROVAULT&REV_#1384E684&0#{53F56307-B6BF-11D0-94F2-00A0C91EFB8B}""},{""Status"":""OK"",""Class"":""Volume"",""FriendlyName"":""Volume"",""InstanceId"":""STORAGE\\VOLUME\\_??_USBSTOR#DISK&VEN_SONY_MIC&PROD_ROVAULT&REV_#1384E684&0#{53F56307-B6BF-11D0-94F2-00A0C91EFB8B}""},{""Status"":""OK"",""Class"":""DiskDrive"",""FriendlyName"":""Sony Mic roVault USB Device"",""InstanceId"":""USBSTOR\\DISK&VEN_SONY_MIC&PROD_ROVAULT&REV_\\1384E684&0""},{""Status"":""OK"",""Class"":""USB"",""FriendlyName"":""Sony USB HiFD Drive"",""InstanceId"":""USB\\VID_054C&PID_0022\\1384E684""}]}",absent,absent,25.7,22.6,List of devices attached,
2026-09-30T04:11:07.330+00:00,2026-09-30T04:11:07.692+00:00,1123.896,present,6953.8,"{""state"":""present"",""devices"":[{""Status"":""OK"",""Class"":""WPD"",""FriendlyName"":""THYME_DIAG"",""InstanceId"":""SWD\\WPDBUSENUM\\_??_USBSTOR#DISK&VEN_SONY_MIC&PROD_ROVAULT&REV_#1384E684&0#{53F56307-B6BF-11D0-94F2-00A0C91EFB8B}""},{""Status"":""OK"",""Class"":""Volume"",""FriendlyName"":""Volume"",""InstanceId"":""STORAGE\\VOLUME\\_??_USBSTOR#DISK&VEN_SONY_MIC&PROD_ROVAULT&REV_#1384E684&0#{53F56307-B6BF-11D0-94F2-00A0C91EFB8B}""},{""Status"":""OK"",""Class"":""DiskDrive"",""FriendlyName"":""Sony Mic roVault USB Device"",""InstanceId"":""USBSTOR\\DISK&VEN_SONY_MIC&PROD_ROVAULT&REV_\\1384E684&0""},{""Status"":""OK"",""Class"":""USB"",""FriendlyName"":""Sony USB HiFD Drive"",""InstanceId"":""USB\\VID_054C&PID_0022\\1384E684""}]}",absent,absent,25.9,335.8,List of devices attached,
2026-09-30T04:11:08.330+00:00,2026-09-30T04:11:08.379+00:00,1124.583,present,6953.8,"{""state"":""present"",""devices"":[{""Status"":""OK"",""Class"":""WPD"",""FriendlyName"":""THYME_DIAG"",""InstanceId"":""SWD\\WPDBUSENUM\\_??_USBSTOR#DISK&VEN_SONY_MIC&PROD_ROVAULT&REV_#1384E684&0#{53F56307-B6BF-11D0-94F2-00A0C91EFB8B}""},{""Status"":""OK"",""Class"":""Volume"",""FriendlyName"":""Volume"",""InstanceId"":""STORAGE\\VOLUME\\_??_USBSTOR#DISK&VEN_SONY_MIC&PROD_ROVAULT&REV_#1384E684&0#{53F56307-B6BF-11D0-94F2-00A0C91EFB8B}""},{""Status"":""OK"",""Class"":""DiskDrive"",""FriendlyName"":""Sony Mic roVault USB Device"",""InstanceId"":""USBSTOR\\DISK&VEN_SONY_MIC&PROD_ROVAULT&REV_\\1384E684&0""},{""Status"":""OK"",""Class"":""USB"",""FriendlyName"":""Sony USB HiFD Drive"",""InstanceId"":""USB\\VID_054C&PID_0022\\1384E684""}]}",absent,absent,25.1,23.5,List of devices attached,
2026-09-30T04:11:09.331+00:00,2026-09-30T04:11:10.073+00:00,1126.277,present,8881.4,"{""state"":""present"",""devices"":[{""Status"":""OK"",""Class"":""WPD"",""FriendlyName"":""THYME_DIAG"",""InstanceId"":""SWD\\WPDBUSENUM\\_??_USBSTOR#DISK&VEN_SONY_MIC&PROD_ROVAULT&REV_#1384E684&0#{53F56307-B6BF-11D0-94F2-00A0C91EFB8B}""},{""Status"":""OK"",""Class"":""Volume"",""FriendlyName"":""Volume"",""InstanceId"":""STORAGE\\VOLUME\\_??_USBSTOR#DISK&VEN_SONY_MIC&PROD_ROVAULT&REV_#1384E684&0#{53F56307-B6BF-11D0-94F2-00A0C91EFB8B}""},{""Status"":""OK"",""Class"":""DiskDrive"",""FriendlyName"":""Sony Mic roVault USB Device"",""InstanceId"":""USBSTOR\\DISK&VEN_SONY_MIC&PROD_ROVAULT&REV_\\1384E684&0""},{""Status"":""OK"",""Class"":""USB"",""FriendlyName"":""Sony USB HiFD Drive"",""InstanceId"":""USB\\VID_054C&PID_0022\\1384E684""}]}",absent,absent,363.0,379.0,List of devices attached,
2026-09-30T04:11:10.331+00:00,2026-09-30T04:11:10.398+00:00,1126.602,present,8881.4,"{""state"":""present"",""devices"":[{""Status"":""OK"",""Class"":""WPD"",""FriendlyName"":""THYME_DIAG"",""InstanceId"":""SWD\\WPDBUSENUM\\_??_USBSTOR#DISK&VEN_SONY_MIC&PROD_ROVAULT&REV_#1384E684&0#{53F56307-B6BF-11D0-94F2-00A0C91EFB8B}""},{""Status"":""OK"",""Class"":""Volume"",""FriendlyName"":""Volume"",""InstanceId"":""STORAGE\\VOLUME\\_??_USBSTOR#DISK&VEN_SONY_MIC&PROD_ROVAULT&REV_#1384E684&0#{53F56307-B6BF-11D0-94F2-00A0C91EFB8B}""},{""Status"":""OK"",""Class"":""DiskDrive"",""FriendlyName"":""Sony Mic roVault USB Device"",""InstanceId"":""USBSTOR\\DISK&VEN_SONY_MIC&PROD_ROVAULT&REV_\\1384E684&0""},{""Status"":""OK"",""Class"":""USB"",""FriendlyName"":""Sony USB HiFD Drive"",""InstanceId"":""USB\\VID_054C&PID_0022\\1384E684""}]}",absent,absent,35.4,31.3,List of devices attached,
2026-09-30T04:11:11.331+00:00,2026-09-30T04:11:11.383+00:00,1127.588,present,8881.4,"{""state"":""present"",""devices"":[{""Status"":""OK"",""Class"":""WPD"",""FriendlyName"":""THYME_DIAG"",""InstanceId"":""SWD\\WPDBUSENUM\\_??_USBSTOR#DISK&VEN_SONY_MIC&PROD_ROVAULT&REV_#1384E684&0#{53F56307-B6BF-11D0-94F2-00A0C91EFB8B}""},{""Status"":""OK"",""Class"":""Volume"",""FriendlyName"":""Volume"",""InstanceId"":""STORAGE\\VOLUME\\_??_USBSTOR#DISK&VEN_SONY_MIC&PROD_ROVAULT&REV_#1384E684&0#{53F56307-B6BF-11D0-94F2-00A0C91EFB8B}""},{""Status"":""OK"",""Class"":""DiskDrive"",""FriendlyName"":""Sony Mic roVault USB Device"",""InstanceId"":""USBSTOR\\DISK&VEN_SONY_MIC&PROD_ROVAULT&REV_\\1384E684&0""},{""Status"":""OK"",""Class"":""USB"",""FriendlyName"":""Sony USB HiFD Drive"",""InstanceId"":""USB\\VID_054C&PID_0022\\1384E684""}]}",absent,absent,29.1,22.6,List of devices attached,
2026-09-30T04:11:12.332+00:00,2026-09-30T04:11:12.478+00:00,1128.682,present,8881.4,"{""state"":""present"",""devices"":[{""Status"":""OK"",""Class"":""WPD"",""FriendlyName"":""THYME_DIAG"",""InstanceId"":""SWD\\WPDBUSENUM\\_??_USBSTOR#DISK&VEN_SONY_MIC&PROD_ROVAULT&REV_#1384E684&0#{53F56307-B6BF-11D0-94F2-00A0C91EFB8B}""},{""Status"":""OK"",""Class"":""Volume"",""FriendlyName"":""Volume"",""InstanceId"":""STORAGE\\VOLUME\\_??_USBSTOR#DISK&VEN_SONY_MIC&PROD_ROVAULT&REV_#1384E684&0#{53F56307-B6BF-11D0-94F2-00A0C91EFB8B}""},{""Status"":""OK"",""Class"":""DiskDrive"",""FriendlyName"":""Sony Mic roVault USB Device"",""InstanceId"":""USBSTOR\\DISK&VEN_SONY_MIC&PROD_ROVAULT&REV_\\1384E684&0""},{""Status"":""OK"",""Class"":""USB"",""FriendlyName"":""Sony USB HiFD Drive"",""InstanceId"":""USB\\VID_054C&PID_0022\\1384E684""}]}",absent,absent,122.9,22.6,List of devices attached,
2026-09-30T04:11:13.332+00:00,2026-09-30T04:11:13.381+00:00,1129.585,present,8881.4,"{""state"":""present"",""devices"":[{""Status"":""OK"",""Class"":""WPD"",""FriendlyName"":""THYME_DIAG"",""InstanceId"":""SWD\\WPDBUSENUM\\_??_USBSTOR#DISK&VEN_SONY_MIC&PROD_ROVAULT&REV_#1384E684&0#{53F56307-B6BF-11D0-94F2-00A0C91EFB8B}""},{""Status"":""OK"",""Class"":""Volume"",""FriendlyName"":""Volume"",""InstanceId"":""STORAGE\\VOLUME\\_??_USBSTOR#DISK&VEN_SONY_MIC&PROD_ROVAULT&REV_#1384E684&0#{53F56307-B6BF-11D0-94F2-00A0C91EFB8B}""},{""Status"":""OK"",""Class"":""DiskDrive"",""FriendlyName"":""Sony Mic roVault USB Device"",""InstanceId"":""USBSTOR\\DISK&VEN_SONY_MIC&PROD_ROVAULT&REV_\\1384E684&0""},{""Status"":""OK"",""Class"":""USB"",""FriendlyName"":""Sony USB HiFD Drive"",""InstanceId"":""USB\\VID_054C&PID_0022\\1384E684""}]}",absent,absent,25.3,23.0,List of devices attached,
2026-09-30T04:11:14.333+00:00,2026-09-30T04:11:14.404+00:00,1130.609,present,4853.2,"{""state"":""present"",""devices"":[{""Status"":""OK"",""Class"":""WPD"",""FriendlyName"":""THYME_DIAG"",""InstanceId"":""SWD\\WPDBUSENUM\\_??_USBSTOR#DISK&VEN_SONY_MIC&PROD_ROVAULT&REV_#1384E684&0#{53F56307-B6BF-11D0-94F2-00A0C91EFB8B}""},{""Status"":""OK"",""Class"":""Volume"",""FriendlyName"":""Volume"",""InstanceId"":""STORAGE\\VOLUME\\_??_USBSTOR#DISK&VEN_SONY_MIC&PROD_ROVAULT&REV_#1384E684&0#{53F56307-B6BF-11D0-94F2-00A0C91EFB8B}""},{""Status"":""OK"",""Class"":""DiskDrive"",""FriendlyName"":""Sony Mic roVault USB Device"",""InstanceId"":""USBSTOR\\DISK&VEN_SONY_MIC&PROD_ROVAULT&REV_\\1384E684&0""},{""Status"":""OK"",""Class"":""USB"",""FriendlyName"":""Sony USB HiFD Drive"",""InstanceId"":""USB\\VID_054C&PID_0022\\1384E684""}]}",absent,absent,39.5,31.9,List of devices attached,
2026-09-30T04:11:15.333+00:00,2026-09-30T04:11:15.379+00:00,1131.583,present,4853.2,"{""state"":""present"",""devices"":[{""Status"":""OK"",""Class"":""WPD"",""FriendlyName"":""THYME_DIAG"",""InstanceId"":""SWD\\WPDBUSENUM\\_??_USBSTOR#DISK&VEN_SONY_MIC&PROD_ROVAULT&REV_#1384E684&0#{53F56307-B6BF-11D0-94F2-00A0C91EFB8B}""},{""Status"":""OK"",""Class"":""Volume"",""FriendlyName"":""Volume"",""InstanceId"":""STORAGE\\VOLUME\\_??_USBSTOR#DISK&VEN_SONY_MIC&PROD_ROVAULT&REV_#1384E684&0#{53F56307-B6BF-11D0-94F2-00A0C91EFB8B}""},{""Status"":""OK"",""Class"":""DiskDrive"",""FriendlyName"":""Sony Mic roVault USB Device"",""InstanceId"":""USBSTOR\\DISK&VEN_SONY_MIC&PROD_ROVAULT&REV_\\1384E684&0""},{""Status"":""OK"",""Class"":""USB"",""FriendlyName"":""Sony USB HiFD Drive"",""InstanceId"":""USB\\VID_054C&PID_0022\\1384E684""}]}",absent,absent,24.0,21.4,List of devices attached,
2026-09-30T04:11:16.334+00:00,2026-09-30T04:11:16.382+00:00,1132.587,present,4853.2,"{""state"":""present"",""devices"":[{""Status"":""OK"",""Class"":""WPD"",""FriendlyName"":""THYME_DIAG"",""InstanceId"":""SWD\\WPDBUSENUM\\_??_USBSTOR#DISK&VEN_SONY_MIC&PROD_ROVAULT&REV_#1384E684&0#{53F56307-B6BF-11D0-94F2-00A0C91EFB8B}""},{""Status"":""OK"",""Class"":""Volume"",""FriendlyName"":""Volume"",""InstanceId"":""STORAGE\\VOLUME\\_??_USBSTOR#DISK&VEN_SONY_MIC&PROD_ROVAULT&REV_#1384E684&0#{53F56307-B6BF-11D0-94F2-00A0C91EFB8B}""},{""Status"":""OK"",""Class"":""DiskDrive"",""FriendlyName"":""Sony Mic roVault USB Device"",""InstanceId"":""USBSTOR\\DISK&VEN_SONY_MIC&PROD_ROVAULT&REV_\\1384E684&0""},{""Status"":""OK"",""Class"":""USB"",""FriendlyName"":""Sony USB HiFD Drive"",""InstanceId"":""USB\\VID_054C&PID_0022\\1384E684""}]}",absent,absent,25.9,22.6,List of devices attached,
2026-09-30T04:11:17.334+00:00,2026-09-30T04:11:17.386+00:00,1133.590,present,4853.2,"{""state"":""present"",""devices"":[{""Status"":""OK"",""Class"":""WPD"",""FriendlyName"":""THYME_DIAG"",""InstanceId"":""SWD\\WPDBUSENUM\\_??_USBSTOR#DISK&VEN_SONY_MIC&PROD_ROVAULT&REV_#1384E684&0#{53F56307-B6BF-11D0-94F2-00A0C91EFB8B}""},{""Status"":""OK"",""Class"":""Volume"",""FriendlyName"":""Volume"",""InstanceId"":""STORAGE\\VOLUME\\_??_USBSTOR#DISK&VEN_SONY_MIC&PROD_ROVAULT&REV_#1384E684&0#{53F56307-B6BF-11D0-94F2-00A0C91EFB8B}""},{""Status"":""OK"",""Class"":""DiskDrive"",""FriendlyName"":""Sony Mic roVault USB Device"",""InstanceId"":""USBSTOR\\DISK&VEN_SONY_MIC&PROD_ROVAULT&REV_\\1384E684&0""},{""Status"":""OK"",""Class"":""USB"",""FriendlyName"":""Sony USB HiFD Drive"",""InstanceId"":""USB\\VID_054C&PID_0022\\1384E684""}]}",absent,absent,26.7,24.9,List of devices attached,
2026-09-30T04:11:18.335+00:00,2026-09-30T04:11:18.384+00:00,1134.588,present,4853.2,"{""state"":""present"",""devices"":[{""Status"":""OK"",""Class"":""WPD"",""FriendlyName"":""THYME_DIAG"",""InstanceId"":""SWD\\WPDBUSENUM\\_??_USBSTOR#DISK&VEN_SONY_MIC&PROD_ROVAULT&REV_#1384E684&0#{53F56307-B6BF-11D0-94F2-00A0C91EFB8B}""},{""Status"":""OK"",""Class"":""Volume"",""FriendlyName"":""Volume"",""InstanceId"":""STORAGE\\VOLUME\\_??_USBSTOR#DISK&VEN_SONY_MIC&PROD_ROVAULT&REV_#1384E684&0#{53F56307-B6BF-11D0-94F2-00A0C91EFB8B}""},{""Status"":""OK"",""Class"":""DiskDrive"",""FriendlyName"":""Sony Mic roVault USB Device"",""InstanceId"":""USBSTOR\\DISK&VEN_SONY_MIC&PROD_ROVAULT&REV_\\1384E684&0""},{""Status"":""OK"",""Class"":""USB"",""FriendlyName"":""Sony USB HiFD Drive"",""InstanceId"":""USB\\VID_054C&PID_0022\\1384E684""}]}",absent,absent,25.1,24.1,List of devices attached,
2026-09-30T04:11:19.335+00:00,2026-09-30T04:11:19.384+00:00,1135.589,present,4240.5,"{""state"":""present"",""devices"":[{""Status"":""OK"",""Class"":""WPD"",""FriendlyName"":""THYME_DIAG"",""InstanceId"":""SWD\\WPDBUSENUM\\_??_USBSTOR#DISK&VEN_SONY_MIC&PROD_ROVAULT&REV_#1384E684&0#{53F56307-B6BF-11D0-94F2-00A0C91EFB8B}""},{""Status"":""OK"",""Class"":""Volume"",""FriendlyName"":""Volume"",""InstanceId"":""STORAGE\\VOLUME\\_??_USBSTOR#DISK&VEN_SONY_MIC&PROD_ROVAULT&REV_#1384E684&0#{53F56307-B6BF-11D0-94F2-00A0C91EFB8B}""},{""Status"":""OK"",""Class"":""DiskDrive"",""FriendlyName"":""Sony Mic roVault USB Device"",""InstanceId"":""USBSTOR\\DISK&VEN_SONY_MIC&PROD_ROVAULT&REV_\\1384E684&0""},{""Status"":""OK"",""Class"":""USB"",""FriendlyName"":""Sony USB HiFD Drive"",""InstanceId"":""USB\\VID_054C&PID_0022\\1384E684""}]}",absent,absent,26.2,23.0,List of devices attached,
2026-09-30T04:11:20.335+00:00,2026-09-30T04:11:20.382+00:00,1136.586,present,4240.5,"{""state"":""present"",""devices"":[{""Status"":""OK"",""Class"":""WPD"",""FriendlyName"":""THYME_DIAG"",""InstanceId"":""SWD\\WPDBUSENUM\\_??_USBSTOR#DISK&VEN_SONY_MIC&PROD_ROVAULT&REV_#1384E684&0#{53F56307-B6BF-11D0-94F2-00A0C91EFB8B}""},{""Status"":""OK"",""Class"":""Volume"",""FriendlyName"":""Volume"",""InstanceId"":""STORAGE\\VOLUME\\_??_USBSTOR#DISK&VEN_SONY_MIC&PROD_ROVAULT&REV_#1384E684&0#{53F56307-B6BF-11D0-94F2-00A0C91EFB8B}""},{""Status"":""OK"",""Class"":""DiskDrive"",""FriendlyName"":""Sony Mic roVault USB Device"",""InstanceId"":""USBSTOR\\DISK&VEN_SONY_MIC&PROD_ROVAULT&REV_\\1384E684&0""},{""Status"":""OK"",""Class"":""USB"",""FriendlyName"":""Sony USB HiFD Drive"",""InstanceId"":""USB\\VID_054C&PID_0022\\1384E684""}]}",absent,absent,24.6,22.1,List of devices attached,
2026-09-30T04:11:21.336+00:00,2026-09-30T04:11:21.382+00:00,1137.587,present,4240.5,"{""state"":""present"",""devices"":[{""Status"":""OK"",""Class"":""WPD"",""FriendlyName"":""THYME_DIAG"",""InstanceId"":""SWD\\WPDBUSENUM\\_??_USBSTOR#DISK&VEN_SONY_MIC&PROD_ROVAULT&REV_#1384E684&0#{53F56307-B6BF-11D0-94F2-00A0C91EFB8B}""},{""Status"":""OK"",""Class"":""Volume"",""FriendlyName"":""Volume"",""InstanceId"":""STORAGE\\VOLUME\\_??_USBSTOR#DISK&VEN_SONY_MIC&PROD_ROVAULT&REV_#1384E684&0#{53F56307-B6BF-11D0-94F2-00A0C91EFB8B}""},{""Status"":""OK"",""Class"":""DiskDrive"",""FriendlyName"":""Sony Mic roVault USB Device"",""InstanceId"":""USBSTOR\\DISK&VEN_SONY_MIC&PROD_ROVAULT&REV_\\1384E684&0""},{""Status"":""OK"",""Class"":""USB"",""FriendlyName"":""Sony USB HiFD Drive"",""InstanceId"":""USB\\VID_054C&PID_0022\\1384E684""}]}",absent,absent,25.0,21.6,List of devices attached,
2026-09-30T04:11:22.336+00:00,2026-09-30T04:11:22.380+00:00,1138.584,present,4240.5,"{""state"":""present"",""devices"":[{""Status"":""OK"",""Class"":""WPD"",""FriendlyName"":""THYME_DIAG"",""InstanceId"":""SWD\\WPDBUSENUM\\_??_USBSTOR#DISK&VEN_SONY_MIC&PROD_ROVAULT&REV_#1384E684&0#{53F56307-B6BF-11D0-94F2-00A0C91EFB8B}""},{""Status"":""OK"",""Class"":""Volume"",""FriendlyName"":""Volume"",""InstanceId"":""STORAGE\\VOLUME\\_??_USBSTOR#DISK&VEN_SONY_MIC&PROD_ROVAULT&REV_#1384E684&0#{53F56307-B6BF-11D0-94F2-00A0C91EFB8B}""},{""Status"":""OK"",""Class"":""DiskDrive"",""FriendlyName"":""Sony Mic roVault USB Device"",""InstanceId"":""USBSTOR\\DISK&VEN_SONY_MIC&PROD_ROVAULT&REV_\\1384E684&0""},{""Status"":""OK"",""Class"":""USB"",""FriendlyName"":""Sony USB HiFD Drive"",""InstanceId"":""USB\\VID_054C&PID_0022\\1384E684""}]}",absent,absent,24.0,20.1,List of devices attached,
2026-09-30T04:11:23.336+00:00,2026-09-30T04:11:23.642+00:00,1139.846,present,3944.6,"{""state"":""present"",""devices"":[{""Status"":""OK"",""Class"":""WPD"",""FriendlyName"":""THYME_DIAG"",""InstanceId"":""SWD\\WPDBUSENUM\\_??_USBSTOR#DISK&VEN_SONY_MIC&PROD_ROVAULT&REV_#1384E684&0#{53F56307-B6BF-11D0-94F2-00A0C91EFB8B}""},{""Status"":""OK"",""Class"":""Volume"",""FriendlyName"":""Volume"",""InstanceId"":""STORAGE\\VOLUME\\_??_USBSTOR#DISK&VEN_SONY_MIC&PROD_ROVAULT&REV_#1384E684&0#{53F56307-B6BF-11D0-94F2-00A0C91EFB8B}""},{""Status"":""OK"",""Class"":""DiskDrive"",""FriendlyName"":""Sony Mic roVault USB Device"",""InstanceId"":""USBSTOR\\DISK&VEN_SONY_MIC&PROD_ROVAULT&REV_\\1384E684&0""},{""Status"":""OK"",""Class"":""USB"",""FriendlyName"":""Sony USB HiFD Drive"",""InstanceId"":""USB\\VID_054C&PID_0022\\1384E684""}]}",absent,absent,285.1,20.2,List of devices attached,
2026-09-30T04:11:24.337+00:00,2026-09-30T04:11:24.383+00:00,1140.587,present,3944.6,"{""state"":""present"",""devices"":[{""Status"":""OK"",""Class"":""WPD"",""FriendlyName"":""THYME_DIAG"",""InstanceId"":""SWD\\WPDBUSENUM\\_??_USBSTOR#DISK&VEN_SONY_MIC&PROD_ROVAULT&REV_#1384E684&0#{53F56307-B6BF-11D0-94F2-00A0C91EFB8B}""},{""Status"":""OK"",""Class"":""Volume"",""FriendlyName"":""Volume"",""InstanceId"":""STORAGE\\VOLUME\\_??_USBSTOR#DISK&VEN_SONY_MIC&PROD_ROVAULT&REV_#1384E684&0#{53F56307-B6BF-11D0-94F2-00A0C91EFB8B}""},{""Status"":""OK"",""Class"":""DiskDrive"",""FriendlyName"":""Sony Mic roVault USB Device"",""InstanceId"":""USBSTOR\\DISK&VEN_SONY_MIC&PROD_ROVAULT&REV_\\1384E684&0""},{""Status"":""OK"",""Class"":""USB"",""FriendlyName"":""Sony USB HiFD Drive"",""InstanceId"":""USB\\VID_054C&PID_0022\\1384E684""}]}",absent,absent,24.6,21.4,List of devices attached,
2026-09-30T04:11:25.337+00:00,2026-09-30T04:11:25.382+00:00,1141.586,present,3944.6,"{""state"":""present"",""devices"":[{""Status"":""OK"",""Class"":""WPD"",""FriendlyName"":""THYME_DIAG"",""InstanceId"":""SWD\\WPDBUSENUM\\_??_USBSTOR#DISK&VEN_SONY_MIC&PROD_ROVAULT&REV_#1384E684&0#{53F56307-B6BF-11D0-94F2-00A0C91EFB8B}""},{""Status"":""OK"",""Class"":""Volume"",""FriendlyName"":""Volume"",""InstanceId"":""STORAGE\\VOLUME\\_??_USBSTOR#DISK&VEN_SONY_MIC&PROD_ROVAULT&REV_#1384E684&0#{53F56307-B6BF-11D0-94F2-00A0C91EFB8B}""},{""Status"":""OK"",""Class"":""DiskDrive"",""FriendlyName"":""Sony Mic roVault USB Device"",""InstanceId"":""USBSTOR\\DISK&VEN_SONY_MIC&PROD_ROVAULT&REV_\\1384E684&0""},{""Status"":""OK"",""Class"":""USB"",""FriendlyName"":""Sony USB HiFD Drive"",""InstanceId"":""USB\\VID_054C&PID_0022\\1384E684""}]}",absent,absent,24.6,20.3,List of devices attached,
2026-09-30T04:11:26.337+00:00,2026-09-30T04:11:26.382+00:00,1142.587,present,3944.6,"{""state"":""present"",""devices"":[{""Status"":""OK"",""Class"":""WPD"",""FriendlyName"":""THYME_DIAG"",""InstanceId"":""SWD\\WPDBUSENUM\\_??_USBSTOR#DISK&VEN_SONY_MIC&PROD_ROVAULT&REV_#1384E684&0#{53F56307-B6BF-11D0-94F2-00A0C91EFB8B}""},{""Status"":""OK"",""Class"":""Volume"",""FriendlyName"":""Volume"",""InstanceId"":""STORAGE\\VOLUME\\_??_USBSTOR#DISK&VEN_SONY_MIC&PROD_ROVAULT&REV_#1384E684&0#{53F56307-B6BF-11D0-94F2-00A0C91EFB8B}""},{""Status"":""OK"",""Class"":""DiskDrive"",""FriendlyName"":""Sony Mic roVault USB Device"",""InstanceId"":""USBSTOR\\DISK&VEN_SONY_MIC&PROD_ROVAULT&REV_\\1384E684&0""},{""Status"":""OK"",""Class"":""USB"",""FriendlyName"":""Sony USB HiFD Drive"",""InstanceId"":""USB\\VID_054C&PID_0022\\1384E684""}]}",absent,absent,24.9,20.2,List of devices attached,
2026-09-30T04:11:27.338+00:00,2026-09-30T04:11:27.381+00:00,1143.586,present,3944.6,"{""state"":""present"",""devices"":[{""Status"":""OK"",""Class"":""WPD"",""FriendlyName"":""THYME_DIAG"",""InstanceId"":""SWD\\WPDBUSENUM\\_??_USBSTOR#DISK&VEN_SONY_MIC&PROD_ROVAULT&REV_#1384E684&0#{53F56307-B6BF-11D0-94F2-00A0C91EFB8B}""},{""Status"":""OK"",""Class"":""Volume"",""FriendlyName"":""Volume"",""InstanceId"":""STORAGE\\VOLUME\\_??_USBSTOR#DISK&VEN_SONY_MIC&PROD_ROVAULT&REV_#1384E684&0#{53F56307-B6BF-11D0-94F2-00A0C91EFB8B}""},{""Status"":""OK"",""Class"":""DiskDrive"",""FriendlyName"":""Sony Mic roVault USB Device"",""InstanceId"":""USBSTOR\\DISK&VEN_SONY_MIC&PROD_ROVAULT&REV_\\1384E684&0""},{""Status"":""OK"",""Class"":""USB"",""FriendlyName"":""Sony USB HiFD Drive"",""InstanceId"":""USB\\VID_054C&PID_0022\\1384E684""}]}",absent,absent,23.1,20.4,List of devices attached,
2026-09-30T04:11:28.338+00:00,2026-09-30T04:11:28.397+00:00,1144.601,present,3944.6,"{""state"":""present"",""devices"":[{""Status"":""OK"",""Class"":""WPD"",""FriendlyName"":""THYME_DIAG"",""InstanceId"":""SWD\\WPDBUSENUM\\_??_USBSTOR#DISK&VEN_SONY_MIC&PROD_ROVAULT&REV_#1384E684&0#{53F56307-B6BF-11D0-94F2-00A0C91EFB8B}""},{""Status"":""OK"",""Class"":""Volume"",""FriendlyName"":""Volume"",""InstanceId"":""STORAGE\\VOLUME\\_??_USBSTOR#DISK&VEN_SONY_MIC&PROD_ROVAULT&REV_#1384E684&0#{53F56307-B6BF-11D0-94F2-00A0C91EFB8B}""},{""Status"":""OK"",""Class"":""DiskDrive"",""FriendlyName"":""Sony Mic roVault USB Device"",""InstanceId"":""USBSTOR\\DISK&VEN_SONY_MIC&PROD_ROVAULT&REV_\\1384E684&0""},{""Status"":""OK"",""Class"":""USB"",""FriendlyName"":""Sony USB HiFD Drive"",""InstanceId"":""USB\\VID_054C&PID_0022\\1384E684""}]}",absent,absent,37.2,21.8,List of devices attached,
2026-09-30T04:11:29.338+00:00,2026-09-30T04:11:29.383+00:00,1145.588,present,5562.2,"{""state"":""present"",""devices"":[{""Status"":""OK"",""Class"":""WPD"",""FriendlyName"":""THYME_DIAG"",""InstanceId"":""SWD\\WPDBUSENUM\\_??_USBSTOR#DISK&VEN_SONY_MIC&PROD_ROVAULT&REV_#1384E684&0#{53F56307-B6BF-11D0-94F2-00A0C91EFB8B}""},{""Status"":""OK"",""Class"":""Volume"",""FriendlyName"":""Volume"",""InstanceId"":""STORAGE\\VOLUME\\_??_USBSTOR#DISK&VEN_SONY_MIC&PROD_ROVAULT&REV_#1384E684&0#{53F56307-B6BF-11D0-94F2-00A0C91EFB8B}""},{""Status"":""OK"",""Class"":""DiskDrive"",""FriendlyName"":""Sony Mic roVault USB Device"",""InstanceId"":""USBSTOR\\DISK&VEN_SONY_MIC&PROD_ROVAULT&REV_\\1384E684&0""},{""Status"":""OK"",""Class"":""USB"",""FriendlyName"":""Sony USB HiFD Drive"",""InstanceId"":""USB\\VID_054C&PID_0022\\1384E684""}]}",absent,absent,24.4,20.4,List of devices attached,
2026-09-30T04:11:30.339+00:00,2026-09-30T04:11:30.710+00:00,1146.914,present,5562.2,"{""state"":""present"",""devices"":[{""Status"":""OK"",""Class"":""WPD"",""FriendlyName"":""THYME_DIAG"",""InstanceId"":""SWD\\WPDBUSENUM\\_??_USBSTOR#DISK&VEN_SONY_MIC&PROD_ROVAULT&REV_#1384E684&0#{53F56307-B6BF-11D0-94F2-00A0C91EFB8B}""},{""Status"":""OK"",""Class"":""Volume"",""FriendlyName"":""Volume"",""InstanceId"":""STORAGE\\VOLUME\\_??_USBSTOR#DISK&VEN_SONY_MIC&PROD_ROVAULT&REV_#1384E684&0#{53F56307-B6BF-11D0-94F2-00A0C91EFB8B}""},{""Status"":""OK"",""Class"":""DiskDrive"",""FriendlyName"":""Sony Mic roVault USB Device"",""InstanceId"":""USBSTOR\\DISK&VEN_SONY_MIC&PROD_ROVAULT&REV_\\1384E684&0""},{""Status"":""OK"",""Class"":""USB"",""FriendlyName"":""Sony USB HiFD Drive"",""InstanceId"":""USB\\VID_054C&PID_0022\\1384E684""}]}",absent,absent,25.1,345.7,List of devices attached,
2026-09-30T04:11:31.339+00:00,2026-09-30T04:11:31.385+00:00,1147.589,present,5562.2,"{""state"":""present"",""devices"":[{""Status"":""OK"",""Class"":""WPD"",""FriendlyName"":""THYME_DIAG"",""InstanceId"":""SWD\\WPDBUSENUM\\_??_USBSTOR#DISK&VEN_SONY_MIC&PROD_ROVAULT&REV_#1384E684&0#{53F56307-B6BF-11D0-94F2-00A0C91EFB8B}""},{""Status"":""OK"",""Class"":""Volume"",""FriendlyName"":""Volume"",""InstanceId"":""STORAGE\\VOLUME\\_??_USBSTOR#DISK&VEN_SONY_MIC&PROD_ROVAULT&REV_#1384E684&0#{53F56307-B6BF-11D0-94F2-00A0C91EFB8B}""},{""Status"":""OK"",""Class"":""DiskDrive"",""FriendlyName"":""Sony Mic roVault USB Device"",""InstanceId"":""USBSTOR\\DISK&VEN_SONY_MIC&PROD_ROVAULT&REV_\\1384E684&0""},{""Status"":""OK"",""Class"":""USB"",""FriendlyName"":""Sony USB HiFD Drive"",""InstanceId"":""USB\\VID_054C&PID_0022\\1384E684""}]}",absent,absent,24.0,21.3,List of devices attached,
2026-09-30T04:11:32.340+00:00,2026-09-30T04:11:32.382+00:00,1148.586,present,5562.2,"{""state"":""present"",""devices"":[{""Status"":""OK"",""Class"":""WPD"",""FriendlyName"":""THYME_DIAG"",""InstanceId"":""SWD\\WPDBUSENUM\\_??_USBSTOR#DISK&VEN_SONY_MIC&PROD_ROVAULT&REV_#1384E684&0#{53F56307-B6BF-11D0-94F2-00A0C91EFB8B}""},{""Status"":""OK"",""Class"":""Volume"",""FriendlyName"":""Volume"",""InstanceId"":""STORAGE\\VOLUME\\_??_USBSTOR#DISK&VEN_SONY_MIC&PROD_ROVAULT&REV_#1384E684&0#{53F56307-B6BF-11D0-94F2-00A0C91EFB8B}""},{""Status"":""OK"",""Class"":""DiskDrive"",""FriendlyName"":""Sony Mic roVault USB Device"",""InstanceId"":""USBSTOR\\DISK&VEN_SONY_MIC&PROD_ROVAULT&REV_\\1384E684&0""},{""Status"":""OK"",""Class"":""USB"",""FriendlyName"":""Sony USB HiFD Drive"",""InstanceId"":""USB\\VID_054C&PID_0022\\1384E684""}]}",absent,absent,22.8,19.5,List of devices attached,
2026-09-30T04:11:33.340+00:00,2026-09-30T04:11:33.387+00:00,1149.592,present,5562.2,"{""state"":""present"",""devices"":[{""Status"":""OK"",""Class"":""WPD"",""FriendlyName"":""THYME_DIAG"",""InstanceId"":""SWD\\WPDBUSENUM\\_??_USBSTOR#DISK&VEN_SONY_MIC&PROD_ROVAULT&REV_#1384E684&0#{53F56307-B6BF-11D0-94F2-00A0C91EFB8B}""},{""Status"":""OK"",""Class"":""Volume"",""FriendlyName"":""Volume"",""InstanceId"":""STORAGE\\VOLUME\\_??_USBSTOR#DISK&VEN_SONY_MIC&PROD_ROVAULT&REV_#1384E684&0#{53F56307-B6BF-11D0-94F2-00A0C91EFB8B}""},{""Status"":""OK"",""Class"":""DiskDrive"",""FriendlyName"":""Sony Mic roVault USB Device"",""InstanceId"":""USBSTOR\\DISK&VEN_SONY_MIC&PROD_ROVAULT&REV_\\1384E684&0""},{""Status"":""OK"",""Class"":""USB"",""FriendlyName"":""Sony USB HiFD Drive"",""InstanceId"":""USB\\VID_054C&PID_0022\\1384E684""}]}",absent,absent,25.8,21.7,List of devices attached,
2026-09-30T04:11:34.340+00:00,2026-09-30T04:11:34.388+00:00,1150.592,present,4549.3,"{""state"":""present"",""devices"":[{""Status"":""OK"",""Class"":""WPD"",""FriendlyName"":""THYME_DIAG"",""InstanceId"":""SWD\\WPDBUSENUM\\_??_USBSTOR#DISK&VEN_SONY_MIC&PROD_ROVAULT&REV_#1384E684&0#{53F56307-B6BF-11D0-94F2-00A0C91EFB8B}""},{""Status"":""OK"",""Class"":""Volume"",""FriendlyName"":""Volume"",""InstanceId"":""STORAGE\\VOLUME\\_??_USBSTOR#DISK&VEN_SONY_MIC&PROD_ROVAULT&REV_#1384E684&0#{53F56307-B6BF-11D0-94F2-00A0C91EFB8B}""},{""Status"":""OK"",""Class"":""DiskDrive"",""FriendlyName"":""Sony Mic roVault USB Device"",""InstanceId"":""USBSTOR\\DISK&VEN_SONY_MIC&PROD_ROVAULT&REV_\\1384E684&0""},{""Status"":""OK"",""Class"":""USB"",""FriendlyName"":""Sony USB HiFD Drive"",""InstanceId"":""USB\\VID_054C&PID_0022\\1384E684""}]}",absent,absent,26.5,21.0,List of devices attached,
2026-09-30T04:11:35.340+00:00,2026-09-30T04:11:35.386+00:00,1151.590,present,4549.3,"{""state"":""present"",""devices"":[{""Status"":""OK"",""Class"":""WPD"",""FriendlyName"":""THYME_DIAG"",""InstanceId"":""SWD\\WPDBUSENUM\\_??_USBSTOR#DISK&VEN_SONY_MIC&PROD_ROVAULT&REV_#1384E684&0#{53F56307-B6BF-11D0-94F2-00A0C91EFB8B}""},{""Status"":""OK"",""Class"":""Volume"",""FriendlyName"":""Volume"",""InstanceId"":""STORAGE\\VOLUME\\_??_USBSTOR#DISK&VEN_SONY_MIC&PROD_ROVAULT&REV_#1384E684&0#{53F56307-B6BF-11D0-94F2-00A0C91EFB8B}""},{""Status"":""OK"",""Class"":""DiskDrive"",""FriendlyName"":""Sony Mic roVault USB Device"",""InstanceId"":""USBSTOR\\DISK&VEN_SONY_MIC&PROD_ROVAULT&REV_\\1384E684&0""},{""Status"":""OK"",""Class"":""USB"",""FriendlyName"":""Sony USB HiFD Drive"",""InstanceId"":""USB\\VID_054C&PID_0022\\1384E684""}]}",absent,absent,25.1,20.4,List of devices attached,
2026-09-30T04:11:36.340+00:00,2026-09-30T04:11:36.384+00:00,1152.589,present,4549.3,"{""state"":""present"",""devices"":[{""Status"":""OK"",""Class"":""WPD"",""FriendlyName"":""THYME_DIAG"",""InstanceId"":""SWD\\WPDBUSENUM\\_??_USBSTOR#DISK&VEN_SONY_MIC&PROD_ROVAULT&REV_#1384E684&0#{53F56307-B6BF-11D0-94F2-00A0C91EFB8B}""},{""Status"":""OK"",""Class"":""Volume"",""FriendlyName"":""Volume"",""InstanceId"":""STORAGE\\VOLUME\\_??_USBSTOR#DISK&VEN_SONY_MIC&PROD_ROVAULT&REV_#1384E684&0#{53F56307-B6BF-11D0-94F2-00A0C91EFB8B}""},{""Status"":""OK"",""Class"":""DiskDrive"",""FriendlyName"":""Sony Mic roVault USB Device"",""InstanceId"":""USBSTOR\\DISK&VEN_SONY_MIC&PROD_ROVAULT&REV_\\1384E684&0""},{""Status"":""OK"",""Class"":""USB"",""FriendlyName"":""Sony USB HiFD Drive"",""InstanceId"":""USB\\VID_054C&PID_0022\\1384E684""}]}",absent,absent,23.6,20.2,List of devices attached,
2026-09-30T04:11:37.341+00:00,2026-09-30T04:11:37.386+00:00,1153.591,present,4549.3,"{""state"":""present"",""devices"":[{""Status"":""OK"",""Class"":""WPD"",""FriendlyName"":""THYME_DIAG"",""InstanceId"":""SWD\\WPDBUSENUM\\_??_USBSTOR#DISK&VEN_SONY_MIC&PROD_ROVAULT&REV_#1384E684&0#{53F56307-B6BF-11D0-94F2-00A0C91EFB8B}""},{""Status"":""OK"",""Class"":""Volume"",""FriendlyName"":""Volume"",""InstanceId"":""STORAGE\\VOLUME\\_??_USBSTOR#DISK&VEN_SONY_MIC&PROD_ROVAULT&REV_#1384E684&0#{53F56307-B6BF-11D0-94F2-00A0C91EFB8B}""},{""Status"":""OK"",""Class"":""DiskDrive"",""FriendlyName"":""Sony Mic roVault USB Device"",""InstanceId"":""USBSTOR\\DISK&VEN_SONY_MIC&PROD_ROVAULT&REV_\\1384E684&0""},{""Status"":""OK"",""Class"":""USB"",""FriendlyName"":""Sony USB HiFD Drive"",""InstanceId"":""USB\\VID_054C&PID_0022\\1384E684""}]}",absent,absent,24.3,21.1,List of devices attached,
2026-09-30T04:11:38.341+00:00,2026-09-30T04:11:38.389+00:00,1154.593,present,3969.8,"{""state"":""present"",""devices"":[{""Status"":""OK"",""Class"":""WPD"",""FriendlyName"":""THYME_DIAG"",""InstanceId"":""SWD\\WPDBUSENUM\\_??_USBSTOR#DISK&VEN_SONY_MIC&PROD_ROVAULT&REV_#1384E684&0#{53F56307-B6BF-11D0-94F2-00A0C91EFB8B}""},{""Status"":""OK"",""Class"":""Volume"",""FriendlyName"":""Volume"",""InstanceId"":""STORAGE\\VOLUME\\_??_USBSTOR#DISK&VEN_SONY_MIC&PROD_ROVAULT&REV_#1384E684&0#{53F56307-B6BF-11D0-94F2-00A0C91EFB8B}""},{""Status"":""OK"",""Class"":""DiskDrive"",""FriendlyName"":""Sony Mic roVault USB Device"",""InstanceId"":""USBSTOR\\DISK&VEN_SONY_MIC&PROD_ROVAULT&REV_\\1384E684&0""},{""Status"":""OK"",""Class"":""USB"",""FriendlyName"":""Sony USB HiFD Drive"",""InstanceId"":""USB\\VID_054C&PID_0022\\1384E684""}]}",absent,absent,26.0,21.4,List of devices attached,
2026-09-30T04:11:39.341+00:00,2026-09-30T04:11:39.387+00:00,1155.592,present,3969.8,"{""state"":""present"",""devices"":[{""Status"":""OK"",""Class"":""WPD"",""FriendlyName"":""THYME_DIAG"",""InstanceId"":""SWD\\WPDBUSENUM\\_??_USBSTOR#DISK&VEN_SONY_MIC&PROD_ROVAULT&REV_#1384E684&0#{53F56307-B6BF-11D0-94F2-00A0C91EFB8B}""},{""Status"":""OK"",""Class"":""Volume"",""FriendlyName"":""Volume"",""InstanceId"":""STORAGE\\VOLUME\\_??_USBSTOR#DISK&VEN_SONY_MIC&PROD_ROVAULT&REV_#1384E684&0#{53F56307-B6BF-11D0-94F2-00A0C91EFB8B}""},{""Status"":""OK"",""Class"":""DiskDrive"",""FriendlyName"":""Sony Mic roVault USB Device"",""InstanceId"":""USBSTOR\\DISK&VEN_SONY_MIC&PROD_ROVAULT&REV_\\1384E684&0""},{""Status"":""OK"",""Class"":""USB"",""FriendlyName"":""Sony USB HiFD Drive"",""InstanceId"":""USB\\VID_054C&PID_0022\\1384E684""}]}",absent,absent,24.4,21.4,List of devices attached,
2026-09-30T04:11:40.342+00:00,2026-09-30T04:11:40.387+00:00,1156.591,present,3969.8,"{""state"":""present"",""devices"":[{""Status"":""OK"",""Class"":""WPD"",""FriendlyName"":""THYME_DIAG"",""InstanceId"":""SWD\\WPDBUSENUM\\_??_USBSTOR#DISK&VEN_SONY_MIC&PROD_ROVAULT&REV_#1384E684&0#{53F56307-B6BF-11D0-94F2-00A0C91EFB8B}""},{""Status"":""OK"",""Class"":""Volume"",""FriendlyName"":""Volume"",""InstanceId"":""STORAGE\\VOLUME\\_??_USBSTOR#DISK&VEN_SONY_MIC&PROD_ROVAULT&REV_#1384E684&0#{53F56307-B6BF-11D0-94F2-00A0C91EFB8B}""},{""Status"":""OK"",""Class"":""DiskDrive"",""FriendlyName"":""Sony Mic roVault USB Device"",""InstanceId"":""USBSTOR\\DISK&VEN_SONY_MIC&PROD_ROVAULT&REV_\\1384E684&0""},{""Status"":""OK"",""Class"":""USB"",""FriendlyName"":""Sony USB HiFD Drive"",""InstanceId"":""USB\\VID_054C&PID_0022\\1384E684""}]}",absent,absent,24.3,21.1,List of devices attached,
2026-09-30T04:11:41.342+00:00,2026-09-30T04:11:41.646+00:00,1157.851,present,3969.8,"{""state"":""present"",""devices"":[{""Status"":""OK"",""Class"":""WPD"",""FriendlyName"":""THYME_DIAG"",""InstanceId"":""SWD\\WPDBUSENUM\\_??_USBSTOR#DISK&VEN_SONY_MIC&PROD_ROVAULT&REV_#1384E684&0#{53F56307-B6BF-11D0-94F2-00A0C91EFB8B}""},{""Status"":""OK"",""Class"":""Volume"",""FriendlyName"":""Volume"",""InstanceId"":""STORAGE\\VOLUME\\_??_USBSTOR#DISK&VEN_SONY_MIC&PROD_ROVAULT&REV_#1384E684&0#{53F56307-B6BF-11D0-94F2-00A0C91EFB8B}""},{""Status"":""OK"",""Class"":""DiskDrive"",""FriendlyName"":""Sony Mic roVault USB Device"",""InstanceId"":""USBSTOR\\DISK&VEN_SONY_MIC&PROD_ROVAULT&REV_\\1384E684&0""},{""Status"":""OK"",""Class"":""USB"",""FriendlyName"":""Sony USB HiFD Drive"",""InstanceId"":""USB\\VID_054C&PID_0022\\1384E684""}]}",absent,absent,282.9,21.8,List of devices attached,
2026-09-30T04:11:42.342+00:00,2026-09-30T04:11:42.394+00:00,1158.599,present,3969.8,"{""state"":""present"",""devices"":[{""Status"":""OK"",""Class"":""WPD"",""FriendlyName"":""THYME_DIAG"",""InstanceId"":""SWD\\WPDBUSENUM\\_??_USBSTOR#DISK&VEN_SONY_MIC&PROD_ROVAULT&REV_#1384E684&0#{53F56307-B6BF-11D0-94F2-00A0C91EFB8B}""},{""Status"":""OK"",""Class"":""Volume"",""FriendlyName"":""Volume"",""InstanceId"":""STORAGE\\VOLUME\\_??_USBSTOR#DISK&VEN_SONY_MIC&PROD_ROVAULT&REV_#1384E684&0#{53F56307-B6BF-11D0-94F2-00A0C91EFB8B}""},{""Status"":""OK"",""Class"":""DiskDrive"",""FriendlyName"":""Sony Mic roVault USB Device"",""InstanceId"":""USBSTOR\\DISK&VEN_SONY_MIC&PROD_ROVAULT&REV_\\1384E684&0""},{""Status"":""OK"",""Class"":""USB"",""FriendlyName"":""Sony USB HiFD Drive"",""InstanceId"":""USB\\VID_054C&PID_0022\\1384E684""}]}",absent,absent,25.6,27.0,List of devices attached,
2026-09-30T04:11:43.342+00:00,2026-09-30T04:11:43.388+00:00,1159.592,present,4225.3,"{""state"":""present"",""devices"":[{""Status"":""OK"",""Class"":""WPD"",""FriendlyName"":""THYME_DIAG"",""InstanceId"":""SWD\\WPDBUSENUM\\_??_USBSTOR#DISK&VEN_SONY_MIC&PROD_ROVAULT&REV_#1384E684&0#{53F56307-B6BF-11D0-94F2-00A0C91EFB8B}""},{""Status"":""OK"",""Class"":""Volume"",""FriendlyName"":""Volume"",""InstanceId"":""STORAGE\\VOLUME\\_??_USBSTOR#DISK&VEN_SONY_MIC&PROD_ROVAULT&REV_#1384E684&0#{53F56307-B6BF-11D0-94F2-00A0C91EFB8B}""},{""Status"":""OK"",""Class"":""DiskDrive"",""FriendlyName"":""Sony Mic roVault USB Device"",""InstanceId"":""USBSTOR\\DISK&VEN_SONY_MIC&PROD_ROVAULT&REV_\\1384E684&0""},{""Status"":""OK"",""Class"":""USB"",""FriendlyName"":""Sony USB HiFD Drive"",""InstanceId"":""USB\\VID_054C&PID_0022\\1384E684""}]}",absent,absent,25.1,20.7,List of devices attached,
2026-09-30T04:11:44.342+00:00,2026-09-30T04:11:44.386+00:00,1160.590,present,4225.3,"{""state"":""present"",""devices"":[{""Status"":""OK"",""Class"":""WPD"",""FriendlyName"":""THYME_DIAG"",""InstanceId"":""SWD\\WPDBUSENUM\\_??_USBSTOR#DISK&VEN_SONY_MIC&PROD_ROVAULT&REV_#1384E684&0#{53F56307-B6BF-11D0-94F2-00A0C91EFB8B}""},{""Status"":""OK"",""Class"":""Volume"",""FriendlyName"":""Volume"",""InstanceId"":""STORAGE\\VOLUME\\_??_USBSTOR#DISK&VEN_SONY_MIC&PROD_ROVAULT&REV_#1384E684&0#{53F56307-B6BF-11D0-94F2-00A0C91EFB8B}""},{""Status"":""OK"",""Class"":""DiskDrive"",""FriendlyName"":""Sony Mic roVault USB Device"",""InstanceId"":""USBSTOR\\DISK&VEN_SONY_MIC&PROD_ROVAULT&REV_\\1384E684&0""},{""Status"":""OK"",""Class"":""USB"",""FriendlyName"":""Sony USB HiFD Drive"",""InstanceId"":""USB\\VID_054C&PID_0022\\1384E684""}]}",absent,absent,24.7,19.2,List of devices attached,
2026-09-30T04:11:45.342+00:00,2026-09-30T04:11:45.389+00:00,1161.593,present,4225.3,"{""state"":""present"",""devices"":[{""Status"":""OK"",""Class"":""WPD"",""FriendlyName"":""THYME_DIAG"",""InstanceId"":""SWD\\WPDBUSENUM\\_??_USBSTOR#DISK&VEN_SONY_MIC&PROD_ROVAULT&REV_#1384E684&0#{53F56307-B6BF-11D0-94F2-00A0C91EFB8B}""},{""Status"":""OK"",""Class"":""Volume"",""FriendlyName"":""Volume"",""InstanceId"":""STORAGE\\VOLUME\\_??_USBSTOR#DISK&VEN_SONY_MIC&PROD_ROVAULT&REV_#1384E684&0#{53F56307-B6BF-11D0-94F2-00A0C91EFB8B}""},{""Status"":""OK"",""Class"":""DiskDrive"",""FriendlyName"":""Sony Mic roVault USB Device"",""InstanceId"":""USBSTOR\\DISK&VEN_SONY_MIC&PROD_ROVAULT&REV_\\1384E684&0""},{""Status"":""OK"",""Class"":""USB"",""FriendlyName"":""Sony USB HiFD Drive"",""InstanceId"":""USB\\VID_054C&PID_0022\\1384E684""}]}",absent,absent,25.7,20.7,List of devices attached,
2026-09-30T04:11:46.343+00:00,2026-09-30T04:11:46.390+00:00,1162.594,present,4225.3,"{""state"":""present"",""devices"":[{""Status"":""OK"",""Class"":""WPD"",""FriendlyName"":""THYME_DIAG"",""InstanceId"":""SWD\\WPDBUSENUM\\_??_USBSTOR#DISK&VEN_SONY_MIC&PROD_ROVAULT&REV_#1384E684&0#{53F56307-B6BF-11D0-94F2-00A0C91EFB8B}""},{""Status"":""OK"",""Class"":""Volume"",""FriendlyName"":""Volume"",""InstanceId"":""STORAGE\\VOLUME\\_??_USBSTOR#DISK&VEN_SONY_MIC&PROD_ROVAULT&REV_#1384E684&0#{53F56307-B6BF-11D0-94F2-00A0C91EFB8B}""},{""Status"":""OK"",""Class"":""DiskDrive"",""FriendlyName"":""Sony Mic roVault USB Device"",""InstanceId"":""USBSTOR\\DISK&VEN_SONY_MIC&PROD_ROVAULT&REV_\\1384E684&0""},{""Status"":""OK"",""Class"":""USB"",""FriendlyName"":""Sony USB HiFD Drive"",""InstanceId"":""USB\\VID_054C&PID_0022\\1384E684""}]}",absent,absent,24.9,22.0,List of devices attached,
2026-09-30T04:11:47.343+00:00,2026-09-30T04:11:47.388+00:00,1163.592,present,4225.3,"{""state"":""present"",""devices"":[{""Status"":""OK"",""Class"":""WPD"",""FriendlyName"":""THYME_DIAG"",""InstanceId"":""SWD\\WPDBUSENUM\\_??_USBSTOR#DISK&VEN_SONY_MIC&PROD_ROVAULT&REV_#1384E684&0#{53F56307-B6BF-11D0-94F2-00A0C91EFB8B}""},{""Status"":""OK"",""Class"":""Volume"",""FriendlyName"":""Volume"",""InstanceId"":""STORAGE\\VOLUME\\_??_USBSTOR#DISK&VEN_SONY_MIC&PROD_ROVAULT&REV_#1384E684&0#{53F56307-B6BF-11D0-94F2-00A0C91EFB8B}""},{""Status"":""OK"",""Class"":""DiskDrive"",""FriendlyName"":""Sony Mic roVault USB Device"",""InstanceId"":""USBSTOR\\DISK&VEN_SONY_MIC&PROD_ROVAULT&REV_\\1384E684&0""},{""Status"":""OK"",""Class"":""USB"",""FriendlyName"":""Sony USB HiFD Drive"",""InstanceId"":""USB\\VID_054C&PID_0022\\1384E684""}]}",absent,absent,23.3,21.4,List of devices attached,
2026-09-30T04:11:48.343+00:00,2026-09-30T04:11:48.391+00:00,1164.596,present,4144.6,"{""state"":""present"",""devices"":[{""Status"":""OK"",""Class"":""WPD"",""FriendlyName"":""THYME_DIAG"",""InstanceId"":""SWD\\WPDBUSENUM\\_??_USBSTOR#DISK&VEN_SONY_MIC&PROD_ROVAULT&REV_#1384E684&0#{53F56307-B6BF-11D0-94F2-00A0C91EFB8B}""},{""Status"":""OK"",""Class"":""Volume"",""FriendlyName"":""Volume"",""InstanceId"":""STORAGE\\VOLUME\\_??_USBSTOR#DISK&VEN_SONY_MIC&PROD_ROVAULT&REV_#1384E684&0#{53F56307-B6BF-11D0-94F2-00A0C91EFB8B}""},{""Status"":""OK"",""Class"":""DiskDrive"",""FriendlyName"":""Sony Mic roVault USB Device"",""InstanceId"":""USBSTOR\\DISK&VEN_SONY_MIC&PROD_ROVAULT&REV_\\1384E684&0""},{""Status"":""OK"",""Class"":""USB"",""FriendlyName"":""Sony USB HiFD Drive"",""InstanceId"":""USB\\VID_054C&PID_0022\\1384E684""}]}",absent,absent,24.9,23.1,List of devices attached,
2026-09-30T04:11:49.343+00:00,2026-09-30T04:11:49.390+00:00,1165.594,present,4144.6,"{""state"":""present"",""devices"":[{""Status"":""OK"",""Class"":""WPD"",""FriendlyName"":""THYME_DIAG"",""InstanceId"":""SWD\\WPDBUSENUM\\_??_USBSTOR#DISK&VEN_SONY_MIC&PROD_ROVAULT&REV_#1384E684&0#{53F56307-B6BF-11D0-94F2-00A0C91EFB8B}""},{""Status"":""OK"",""Class"":""Volume"",""FriendlyName"":""Volume"",""InstanceId"":""STORAGE\\VOLUME\\_??_USBSTOR#DISK&VEN_SONY_MIC&PROD_ROVAULT&REV_#1384E684&0#{53F56307-B6BF-11D0-94F2-00A0C91EFB8B}""},{""Status"":""OK"",""Class"":""DiskDrive"",""FriendlyName"":""Sony Mic roVault USB Device"",""InstanceId"":""USBSTOR\\DISK&VEN_SONY_MIC&PROD_ROVAULT&REV_\\1384E684&0""},{""Status"":""OK"",""Class"":""USB"",""FriendlyName"":""Sony USB HiFD Drive"",""InstanceId"":""USB\\VID_054C&PID_0022\\1384E684""}]}",absent,absent,24.1,22.4,List of devices attached,
2026-09-30T04:11:50.344+00:00,2026-09-30T04:11:50.389+00:00,1166.594,present,4144.6,"{""state"":""present"",""devices"":[{""Status"":""OK"",""Class"":""WPD"",""FriendlyName"":""THYME_DIAG"",""InstanceId"":""SWD\\WPDBUSENUM\\_??_USBSTOR#DISK&VEN_SONY_MIC&PROD_ROVAULT&REV_#1384E684&0#{53F56307-B6BF-11D0-94F2-00A0C91EFB8B}""},{""Status"":""OK"",""Class"":""Volume"",""FriendlyName"":""Volume"",""InstanceId"":""STORAGE\\VOLUME\\_??_USBSTOR#DISK&VEN_SONY_MIC&PROD_ROVAULT&REV_#1384E684&0#{53F56307-B6BF-11D0-94F2-00A0C91EFB8B}""},{""Status"":""OK"",""Class"":""DiskDrive"",""FriendlyName"":""Sony Mic roVault USB Device"",""InstanceId"":""USBSTOR\\DISK&VEN_SONY_MIC&PROD_ROVAULT&REV_\\1384E684&0""},{""Status"":""OK"",""Class"":""USB"",""FriendlyName"":""Sony USB HiFD Drive"",""InstanceId"":""USB\\VID_054C&PID_0022\\1384E684""}]}",absent,absent,24.5,21.4,List of devices attached,
2026-09-30T04:11:51.344+00:00,2026-09-30T04:11:51.414+00:00,1167.618,present,4144.6,"{""state"":""present"",""devices"":[{""Status"":""OK"",""Class"":""WPD"",""FriendlyName"":""THYME_DIAG"",""InstanceId"":""SWD\\WPDBUSENUM\\_??_USBSTOR#DISK&VEN_SONY_MIC&PROD_ROVAULT&REV_#1384E684&0#{53F56307-B6BF-11D0-94F2-00A0C91EFB8B}""},{""Status"":""OK"",""Class"":""Volume"",""FriendlyName"":""Volume"",""InstanceId"":""STORAGE\\VOLUME\\_??_USBSTOR#DISK&VEN_SONY_MIC&PROD_ROVAULT&REV_#1384E684&0#{53F56307-B6BF-11D0-94F2-00A0C91EFB8B}""},{""Status"":""OK"",""Class"":""DiskDrive"",""FriendlyName"":""Sony Mic roVault USB Device"",""InstanceId"":""USBSTOR\\DISK&VEN_SONY_MIC&PROD_ROVAULT&REV_\\1384E684&0""},{""Status"":""OK"",""Class"":""USB"",""FriendlyName"":""Sony USB HiFD Drive"",""InstanceId"":""USB\\VID_054C&PID_0022\\1384E684""}]}",absent,absent,38.3,31.4,List of devices attached,
2026-09-30T04:11:52.344+00:00,2026-09-30T04:11:52.397+00:00,1168.601,present,4144.6,"{""state"":""present"",""devices"":[{""Status"":""OK"",""Class"":""WPD"",""FriendlyName"":""THYME_DIAG"",""InstanceId"":""SWD\\WPDBUSENUM\\_??_USBSTOR#DISK&VEN_SONY_MIC&PROD_ROVAULT&REV_#1384E684&0#{53F56307-B6BF-11D0-94F2-00A0C91EFB8B}""},{""Status"":""OK"",""Class"":""Volume"",""FriendlyName"":""Volume"",""InstanceId"":""STORAGE\\VOLUME\\_??_USBSTOR#DISK&VEN_SONY_MIC&PROD_ROVAULT&REV_#1384E684&0#{53F56307-B6BF-11D0-94F2-00A0C91EFB8B}""},{""Status"":""OK"",""Class"":""DiskDrive"",""FriendlyName"":""Sony Mic roVault USB Device"",""InstanceId"":""USBSTOR\\DISK&VEN_SONY_MIC&PROD_ROVAULT&REV_\\1384E684&0""},{""Status"":""OK"",""Class"":""USB"",""FriendlyName"":""Sony USB HiFD Drive"",""InstanceId"":""USB\\VID_054C&PID_0022\\1384E684""}]}",absent,absent,27.6,24.9,List of devices attached,
2026-09-30T04:11:53.345+00:00,2026-09-30T04:11:53.393+00:00,1169.597,present,4006.9,"{""state"":""present"",""devices"":[{""Status"":""OK"",""Class"":""WPD"",""FriendlyName"":""THYME_DIAG"",""InstanceId"":""SWD\\WPDBUSENUM\\_??_USBSTOR#DISK&VEN_SONY_MIC&PROD_ROVAULT&REV_#1384E684&0#{53F56307-B6BF-11D0-94F2-00A0C91EFB8B}""},{""Status"":""OK"",""Class"":""Volume"",""FriendlyName"":""Volume"",""InstanceId"":""STORAGE\\VOLUME\\_??_USBSTOR#DISK&VEN_SONY_MIC&PROD_ROVAULT&REV_#1384E684&0#{53F56307-B6BF-11D0-94F2-00A0C91EFB8B}""},{""Status"":""OK"",""Class"":""DiskDrive"",""FriendlyName"":""Sony Mic roVault USB Device"",""InstanceId"":""USBSTOR\\DISK&VEN_SONY_MIC&PROD_ROVAULT&REV_\\1384E684&0""},{""Status"":""OK"",""Class"":""USB"",""FriendlyName"":""Sony USB HiFD Drive"",""InstanceId"":""USB\\VID_054C&PID_0022\\1384E684""}]}",absent,absent,25.4,22.9,List of devices attached,
2026-09-30T04:11:54.345+00:00,2026-09-30T04:11:54.402+00:00,1170.607,present,4006.9,"{""state"":""present"",""devices"":[{""Status"":""OK"",""Class"":""WPD"",""FriendlyName"":""THYME_DIAG"",""InstanceId"":""SWD\\WPDBUSENUM\\_??_USBSTOR#DISK&VEN_SONY_MIC&PROD_ROVAULT&REV_#1384E684&0#{53F56307-B6BF-11D0-94F2-00A0C91EFB8B}""},{""Status"":""OK"",""Class"":""Volume"",""FriendlyName"":""Volume"",""InstanceId"":""STORAGE\\VOLUME\\_??_USBSTOR#DISK&VEN_SONY_MIC&PROD_ROVAULT&REV_#1384E684&0#{53F56307-B6BF-11D0-94F2-00A0C91EFB8B}""},{""Status"":""OK"",""Class"":""DiskDrive"",""FriendlyName"":""Sony Mic roVault USB Device"",""InstanceId"":""USBSTOR\\DISK&VEN_SONY_MIC&PROD_ROVAULT&REV_\\1384E684&0""},{""Status"":""OK"",""Class"":""USB"",""FriendlyName"":""Sony USB HiFD Drive"",""InstanceId"":""USB\\VID_054C&PID_0022\\1384E684""}]}",absent,absent,36.2,21.0,List of devices attached,
2026-09-30T04:11:55.345+00:00,2026-09-30T04:11:55.392+00:00,1171.597,present,4006.9,"{""state"":""present"",""devices"":[{""Status"":""OK"",""Class"":""WPD"",""FriendlyName"":""THYME_DIAG"",""InstanceId"":""SWD\\WPDBUSENUM\\_??_USBSTOR#DISK&VEN_SONY_MIC&PROD_ROVAULT&REV_#1384E684&0#{53F56307-B6BF-11D0-94F2-00A0C91EFB8B}""},{""Status"":""OK"",""Class"":""Volume"",""FriendlyName"":""Volume"",""InstanceId"":""STORAGE\\VOLUME\\_??_USBSTOR#DISK&VEN_SONY_MIC&PROD_ROVAULT&REV_#1384E684&0#{53F56307-B6BF-11D0-94F2-00A0C91EFB8B}""},{""Status"":""OK"",""Class"":""DiskDrive"",""FriendlyName"":""Sony Mic roVault USB Device"",""InstanceId"":""USBSTOR\\DISK&VEN_SONY_MIC&PROD_ROVAULT&REV_\\1384E684&0""},{""Status"":""OK"",""Class"":""USB"",""FriendlyName"":""Sony USB HiFD Drive"",""InstanceId"":""USB\\VID_054C&PID_0022\\1384E684""}]}",absent,absent,26.0,21.0,List of devices attached,
2026-09-30T04:11:56.346+00:00,2026-09-30T04:11:56.401+00:00,1172.605,present,4006.9,"{""state"":""present"",""devices"":[{""Status"":""OK"",""Class"":""WPD"",""FriendlyName"":""THYME_DIAG"",""InstanceId"":""SWD\\WPDBUSENUM\\_??_USBSTOR#DISK&VEN_SONY_MIC&PROD_ROVAULT&REV_#1384E684&0#{53F56307-B6BF-11D0-94F2-00A0C91EFB8B}""},{""Status"":""OK"",""Class"":""Volume"",""FriendlyName"":""Volume"",""InstanceId"":""STORAGE\\VOLUME\\_??_USBSTOR#DISK&VEN_SONY_MIC&PROD_ROVAULT&REV_#1384E684&0#{53F56307-B6BF-11D0-94F2-00A0C91EFB8B}""},{""Status"":""OK"",""Class"":""DiskDrive"",""FriendlyName"":""Sony Mic roVault USB Device"",""InstanceId"":""USBSTOR\\DISK&VEN_SONY_MIC&PROD_ROVAULT&REV_\\1384E684&0""},{""Status"":""OK"",""Class"":""USB"",""FriendlyName"":""Sony USB HiFD Drive"",""InstanceId"":""USB\\VID_054C&PID_0022\\1384E684""}]}",absent,absent,32.6,22.4,List of devices attached,
2026-09-30T04:11:57.346+00:00,2026-09-30T04:11:57.394+00:00,1173.598,present,4006.9,"{""state"":""present"",""devices"":[{""Status"":""OK"",""Class"":""WPD"",""FriendlyName"":""THYME_DIAG"",""InstanceId"":""SWD\\WPDBUSENUM\\_??_USBSTOR#DISK&VEN_SONY_MIC&PROD_ROVAULT&REV_#1384E684&0#{53F56307-B6BF-11D0-94F2-00A0C91EFB8B}""},{""Status"":""OK"",""Class"":""Volume"",""FriendlyName"":""Volume"",""InstanceId"":""STORAGE\\VOLUME\\_??_USBSTOR#DISK&VEN_SONY_MIC&PROD_ROVAULT&REV_#1384E684&0#{53F56307-B6BF-11D0-94F2-00A0C91EFB8B}""},{""Status"":""OK"",""Class"":""DiskDrive"",""FriendlyName"":""Sony Mic roVault USB Device"",""InstanceId"":""USBSTOR\\DISK&VEN_SONY_MIC&PROD_ROVAULT&REV_\\1384E684&0""},{""Status"":""OK"",""Class"":""USB"",""FriendlyName"":""Sony USB HiFD Drive"",""InstanceId"":""USB\\VID_054C&PID_0022\\1384E684""}]}",absent,absent,26.0,21.7,List of devices attached,
2026-09-30T04:11:58.346+00:00,2026-09-30T04:11:58.394+00:00,1174.598,present,4180.3,"{""state"":""present"",""devices"":[{""Status"":""OK"",""Class"":""WPD"",""FriendlyName"":""THYME_DIAG"",""InstanceId"":""SWD\\WPDBUSENUM\\_??_USBSTOR#DISK&VEN_SONY_MIC&PROD_ROVAULT&REV_#1384E684&0#{53F56307-B6BF-11D0-94F2-00A0C91EFB8B}""},{""Status"":""OK"",""Class"":""Volume"",""FriendlyName"":""Volume"",""InstanceId"":""STORAGE\\VOLUME\\_??_USBSTOR#DISK&VEN_SONY_MIC&PROD_ROVAULT&REV_#1384E684&0#{53F56307-B6BF-11D0-94F2-00A0C91EFB8B}""},{""Status"":""OK"",""Class"":""DiskDrive"",""FriendlyName"":""Sony Mic roVault USB Device"",""InstanceId"":""USBSTOR\\DISK&VEN_SONY_MIC&PROD_ROVAULT&REV_\\1384E684&0""},{""Status"":""OK"",""Class"":""USB"",""FriendlyName"":""Sony USB HiFD Drive"",""InstanceId"":""USB\\VID_054C&PID_0022\\1384E684""}]}",absent,absent,25.5,22.4,List of devices attached,
2026-09-30T04:11:59.347+00:00,2026-09-30T04:11:59.391+00:00,1175.596,present,4180.3,"{""state"":""present"",""devices"":[{""Status"":""OK"",""Class"":""WPD"",""FriendlyName"":""THYME_DIAG"",""InstanceId"":""SWD\\WPDBUSENUM\\_??_USBSTOR#DISK&VEN_SONY_MIC&PROD_ROVAULT&REV_#1384E684&0#{53F56307-B6BF-11D0-94F2-00A0C91EFB8B}""},{""Status"":""OK"",""Class"":""Volume"",""FriendlyName"":""Volume"",""InstanceId"":""STORAGE\\VOLUME\\_??_USBSTOR#DISK&VEN_SONY_MIC&PROD_ROVAULT&REV_#1384E684&0#{53F56307-B6BF-11D0-94F2-00A0C91EFB8B}""},{""Status"":""OK"",""Class"":""DiskDrive"",""FriendlyName"":""Sony Mic roVault USB Device"",""InstanceId"":""USBSTOR\\DISK&VEN_SONY_MIC&PROD_ROVAULT&REV_\\1384E684&0""},{""Status"":""OK"",""Class"":""USB"",""FriendlyName"":""Sony USB HiFD Drive"",""InstanceId"":""USB\\VID_054C&PID_0022\\1384E684""}]}",absent,absent,24.5,20.4,List of devices attached,
2026-09-30T04:12:00.347+00:00,2026-09-30T04:12:00.393+00:00,1176.597,present,4180.3,"{""state"":""present"",""devices"":[{""Status"":""OK"",""Class"":""WPD"",""FriendlyName"":""THYME_DIAG"",""InstanceId"":""SWD\\WPDBUSENUM\\_??_USBSTOR#DISK&VEN_SONY_MIC&PROD_ROVAULT&REV_#1384E684&0#{53F56307-B6BF-11D0-94F2-00A0C91EFB8B}""},{""Status"":""OK"",""Class"":""Volume"",""FriendlyName"":""Volume"",""InstanceId"":""STORAGE\\VOLUME\\_??_USBSTOR#DISK&VEN_SONY_MIC&PROD_ROVAULT&REV_#1384E684&0#{53F56307-B6BF-11D0-94F2-00A0C91EFB8B}""},{""Status"":""OK"",""Class"":""DiskDrive"",""FriendlyName"":""Sony Mic roVault USB Device"",""InstanceId"":""USBSTOR\\DISK&VEN_SONY_MIC&PROD_ROVAULT&REV_\\1384E684&0""},{""Status"":""OK"",""Class"":""USB"",""FriendlyName"":""Sony USB HiFD Drive"",""InstanceId"":""USB\\VID_054C&PID_0022\\1384E684""}]}",absent,absent,24.5,21.2,List of devices attached,
2026-09-30T04:12:01.347+00:00,2026-09-30T04:12:01.393+00:00,1177.597,present,4180.3,"{""state"":""present"",""devices"":[{""Status"":""OK"",""Class"":""WPD"",""FriendlyName"":""THYME_DIAG"",""InstanceId"":""SWD\\WPDBUSENUM\\_??_USBSTOR#DISK&VEN_SONY_MIC&PROD_ROVAULT&REV_#1384E684&0#{53F56307-B6BF-11D0-94F2-00A0C91EFB8B}""},{""Status"":""OK"",""Class"":""Volume"",""FriendlyName"":""Volume"",""InstanceId"":""STORAGE\\VOLUME\\_??_USBSTOR#DISK&VEN_SONY_MIC&PROD_ROVAULT&REV_#1384E684&0#{53F56307-B6BF-11D0-94F2-00A0C91EFB8B}""},{""Status"":""OK"",""Class"":""DiskDrive"",""FriendlyName"":""Sony Mic roVault USB Device"",""InstanceId"":""USBSTOR\\DISK&VEN_SONY_MIC&PROD_ROVAULT&REV_\\1384E684&0""},{""Status"":""OK"",""Class"":""USB"",""FriendlyName"":""Sony USB HiFD Drive"",""InstanceId"":""USB\\VID_054C&PID_0022\\1384E684""}]}",absent,absent,24.7,20.8,List of devices attached,
2026-09-30T04:12:02.347+00:00,2026-09-30T04:12:02.393+00:00,1178.597,present,4180.3,"{""state"":""present"",""devices"":[{""Status"":""OK"",""Class"":""WPD"",""FriendlyName"":""THYME_DIAG"",""InstanceId"":""SWD\\WPDBUSENUM\\_??_USBSTOR#DISK&VEN_SONY_MIC&PROD_ROVAULT&REV_#1384E684&0#{53F56307-B6BF-11D0-94F2-00A0C91EFB8B}""},{""Status"":""OK"",""Class"":""Volume"",""FriendlyName"":""Volume"",""InstanceId"":""STORAGE\\VOLUME\\_??_USBSTOR#DISK&VEN_SONY_MIC&PROD_ROVAULT&REV_#1384E684&0#{53F56307-B6BF-11D0-94F2-00A0C91EFB8B}""},{""Status"":""OK"",""Class"":""DiskDrive"",""FriendlyName"":""Sony Mic roVault USB Device"",""InstanceId"":""USBSTOR\\DISK&VEN_SONY_MIC&PROD_ROVAULT&REV_\\1384E684&0""},{""Status"":""OK"",""Class"":""USB"",""FriendlyName"":""Sony USB HiFD Drive"",""InstanceId"":""USB\\VID_054C&PID_0022\\1384E684""}]}",absent,absent,24.2,21.3,List of devices attached,
2026-09-30T04:12:03.348+00:00,2026-09-30T04:12:03.395+00:00,1179.599,present,4049.7,"{""state"":""present"",""devices"":[{""Status"":""OK"",""Class"":""WPD"",""FriendlyName"":""THYME_DIAG"",""InstanceId"":""SWD\\WPDBUSENUM\\_??_USBSTOR#DISK&VEN_SONY_MIC&PROD_ROVAULT&REV_#1384E684&0#{53F56307-B6BF-11D0-94F2-00A0C91EFB8B}""},{""Status"":""OK"",""Class"":""Volume"",""FriendlyName"":""Volume"",""InstanceId"":""STORAGE\\VOLUME\\_??_USBSTOR#DISK&VEN_SONY_MIC&PROD_ROVAULT&REV_#1384E684&0#{53F56307-B6BF-11D0-94F2-00A0C91EFB8B}""},{""Status"":""OK"",""Class"":""DiskDrive"",""FriendlyName"":""Sony Mic roVault USB Device"",""InstanceId"":""USBSTOR\\DISK&VEN_SONY_MIC&PROD_ROVAULT&REV_\\1384E684&0""},{""Status"":""OK"",""Class"":""USB"",""FriendlyName"":""Sony USB HiFD Drive"",""InstanceId"":""USB\\VID_054C&PID_0022\\1384E684""}]}",absent,absent,26.0,21.0,List of devices attached,
2026-09-30T04:12:04.348+00:00,2026-09-30T04:12:04.394+00:00,1180.598,present,4049.7,"{""state"":""present"",""devices"":[{""Status"":""OK"",""Class"":""WPD"",""FriendlyName"":""THYME_DIAG"",""InstanceId"":""SWD\\WPDBUSENUM\\_??_USBSTOR#DISK&VEN_SONY_MIC&PROD_ROVAULT&REV_#1384E684&0#{53F56307-B6BF-11D0-94F2-00A0C91EFB8B}""},{""Status"":""OK"",""Class"":""Volume"",""FriendlyName"":""Volume"",""InstanceId"":""STORAGE\\VOLUME\\_??_USBSTOR#DISK&VEN_SONY_MIC&PROD_ROVAULT&REV_#1384E684&0#{53F56307-B6BF-11D0-94F2-00A0C91EFB8B}""},{""Status"":""OK"",""Class"":""DiskDrive"",""FriendlyName"":""Sony Mic roVault USB Device"",""InstanceId"":""USBSTOR\\DISK&VEN_SONY_MIC&PROD_ROVAULT&REV_\\1384E684&0""},{""Status"":""OK"",""Class"":""USB"",""FriendlyName"":""Sony USB HiFD Drive"",""InstanceId"":""USB\\VID_054C&PID_0022\\1384E684""}]}",absent,absent,24.7,21.2,List of devices attached,
2026-09-30T04:12:05.348+00:00,2026-09-30T04:12:05.396+00:00,1181.600,present,4049.7,"{""state"":""present"",""devices"":[{""Status"":""OK"",""Class"":""WPD"",""FriendlyName"":""THYME_DIAG"",""InstanceId"":""SWD\\WPDBUSENUM\\_??_USBSTOR#DISK&VEN_SONY_MIC&PROD_ROVAULT&REV_#1384E684&0#{53F56307-B6BF-11D0-94F2-00A0C91EFB8B}""},{""Status"":""OK"",""Class"":""Volume"",""FriendlyName"":""Volume"",""InstanceId"":""STORAGE\\VOLUME\\_??_USBSTOR#DISK&VEN_SONY_MIC&PROD_ROVAULT&REV_#1384E684&0#{53F56307-B6BF-11D0-94F2-00A0C91EFB8B}""},{""Status"":""OK"",""Class"":""DiskDrive"",""FriendlyName"":""Sony Mic roVault USB Device"",""InstanceId"":""USBSTOR\\DISK&VEN_SONY_MIC&PROD_ROVAULT&REV_\\1384E684&0""},{""Status"":""OK"",""Class"":""USB"",""FriendlyName"":""Sony USB HiFD Drive"",""InstanceId"":""USB\\VID_054C&PID_0022\\1384E684""}]}",absent,absent,25.5,22.0,List of devices attached,
2026-09-30T04:12:06.349+00:00,2026-09-30T04:12:06.394+00:00,1182.598,present,4049.7,"{""state"":""present"",""devices"":[{""Status"":""OK"",""Class"":""WPD"",""FriendlyName"":""THYME_DIAG"",""InstanceId"":""SWD\\WPDBUSENUM\\_??_USBSTOR#DISK&VEN_SONY_MIC&PROD_ROVAULT&REV_#1384E684&0#{53F56307-B6BF-11D0-94F2-00A0C91EFB8B}""},{""Status"":""OK"",""Class"":""Volume"",""FriendlyName"":""Volume"",""InstanceId"":""STORAGE\\VOLUME\\_??_USBSTOR#DISK&VEN_SONY_MIC&PROD_ROVAULT&REV_#1384E684&0#{53F56307-B6BF-11D0-94F2-00A0C91EFB8B}""},{""Status"":""OK"",""Class"":""DiskDrive"",""FriendlyName"":""Sony Mic roVault USB Device"",""InstanceId"":""USBSTOR\\DISK&VEN_SONY_MIC&PROD_ROVAULT&REV_\\1384E684&0""},{""Status"":""OK"",""Class"":""USB"",""FriendlyName"":""Sony USB HiFD Drive"",""InstanceId"":""USB\\VID_054C&PID_0022\\1384E684""}]}",absent,absent,24.8,20.5,List of devices attached,
2026-09-30T04:12:07.349+00:00,2026-09-30T04:12:07.404+00:00,1183.609,present,3872.8,"{""state"":""present"",""devices"":[{""Status"":""OK"",""Class"":""WPD"",""FriendlyName"":""THYME_DIAG"",""InstanceId"":""SWD\\WPDBUSENUM\\_??_USBSTOR#DISK&VEN_SONY_MIC&PROD_ROVAULT&REV_#1384E684&0#{53F56307-B6BF-11D0-94F2-00A0C91EFB8B}""},{""Status"":""OK"",""Class"":""Volume"",""FriendlyName"":""Volume"",""InstanceId"":""STORAGE\\VOLUME\\_??_USBSTOR#DISK&VEN_SONY_MIC&PROD_ROVAULT&REV_#1384E684&0#{53F56307-B6BF-11D0-94F2-00A0C91EFB8B}""},{""Status"":""OK"",""Class"":""DiskDrive"",""FriendlyName"":""Sony Mic roVault USB Device"",""InstanceId"":""USBSTOR\\DISK&VEN_SONY_MIC&PROD_ROVAULT&REV_\\1384E684&0""},{""Status"":""OK"",""Class"":""USB"",""FriendlyName"":""Sony USB HiFD Drive"",""InstanceId"":""USB\\VID_054C&PID_0022\\1384E684""}]}",absent,absent,26.5,29.1,List of devices attached,
2026-09-30T04:12:08.349+00:00,2026-09-30T04:12:08.395+00:00,1184.599,present,3872.8,"{""state"":""present"",""devices"":[{""Status"":""OK"",""Class"":""WPD"",""FriendlyName"":""THYME_DIAG"",""InstanceId"":""SWD\\WPDBUSENUM\\_??_USBSTOR#DISK&VEN_SONY_MIC&PROD_ROVAULT&REV_#1384E684&0#{53F56307-B6BF-11D0-94F2-00A0C91EFB8B}""},{""Status"":""OK"",""Class"":""Volume"",""FriendlyName"":""Volume"",""InstanceId"":""STORAGE\\VOLUME\\_??_USBSTOR#DISK&VEN_SONY_MIC&PROD_ROVAULT&REV_#1384E684&0#{53F56307-B6BF-11D0-94F2-00A0C91EFB8B}""},{""Status"":""OK"",""Class"":""DiskDrive"",""FriendlyName"":""Sony Mic roVault USB Device"",""InstanceId"":""USBSTOR\\DISK&VEN_SONY_MIC&PROD_ROVAULT&REV_\\1384E684&0""},{""Status"":""OK"",""Class"":""USB"",""FriendlyName"":""Sony USB HiFD Drive"",""InstanceId"":""USB\\VID_054C&PID_0022\\1384E684""}]}",absent,absent,24.3,21.6,List of devices attached,
2026-09-30T04:12:09.349+00:00,2026-09-30T04:12:09.399+00:00,1185.603,present,3872.8,"{""state"":""present"",""devices"":[{""Status"":""OK"",""Class"":""WPD"",""FriendlyName"":""THYME_DIAG"",""InstanceId"":""SWD\\WPDBUSENUM\\_??_USBSTOR#DISK&VEN_SONY_MIC&PROD_ROVAULT&REV_#1384E684&0#{53F56307-B6BF-11D0-94F2-00A0C91EFB8B}""},{""Status"":""OK"",""Class"":""Volume"",""FriendlyName"":""Volume"",""InstanceId"":""STORAGE\\VOLUME\\_??_USBSTOR#DISK&VEN_SONY_MIC&PROD_ROVAULT&REV_#1384E684&0#{53F56307-B6BF-11D0-94F2-00A0C91EFB8B}""},{""Status"":""OK"",""Class"":""DiskDrive"",""FriendlyName"":""Sony Mic roVault USB Device"",""InstanceId"":""USBSTOR\\DISK&VEN_SONY_MIC&PROD_ROVAULT&REV_\\1384E684&0""},{""Status"":""OK"",""Class"":""USB"",""FriendlyName"":""Sony USB HiFD Drive"",""InstanceId"":""USB\\VID_054C&PID_0022\\1384E684""}]}",absent,absent,27.4,21.8,List of devices attached,
2026-09-30T04:12:10.350+00:00,2026-09-30T04:12:10.396+00:00,1186.600,present,3872.8,"{""state"":""present"",""devices"":[{""Status"":""OK"",""Class"":""WPD"",""FriendlyName"":""THYME_DIAG"",""InstanceId"":""SWD\\WPDBUSENUM\\_??_USBSTOR#DISK&VEN_SONY_MIC&PROD_ROVAULT&REV_#1384E684&0#{53F56307-B6BF-11D0-94F2-00A0C91EFB8B}""},{""Status"":""OK"",""Class"":""Volume"",""FriendlyName"":""Volume"",""InstanceId"":""STORAGE\\VOLUME\\_??_USBSTOR#DISK&VEN_SONY_MIC&PROD_ROVAULT&REV_#1384E684&0#{53F56307-B6BF-11D0-94F2-00A0C91EFB8B}""},{""Status"":""OK"",""Class"":""DiskDrive"",""FriendlyName"":""Sony Mic roVault USB Device"",""InstanceId"":""USBSTOR\\DISK&VEN_SONY_MIC&PROD_ROVAULT&REV_\\1384E684&0""},{""Status"":""OK"",""Class"":""USB"",""FriendlyName"":""Sony USB HiFD Drive"",""InstanceId"":""USB\\VID_054C&PID_0022\\1384E684""}]}",absent,absent,25.0,20.8,List of devices attached,
2026-09-30T04:12:11.350+00:00,2026-09-30T04:12:11.396+00:00,1187.600,present,3872.8,"{""state"":""present"",""devices"":[{""Status"":""OK"",""Class"":""WPD"",""FriendlyName"":""THYME_DIAG"",""InstanceId"":""SWD\\WPDBUSENUM\\_??_USBSTOR#DISK&VEN_SONY_MIC&PROD_ROVAULT&REV_#1384E684&0#{53F56307-B6BF-11D0-94F2-00A0C91EFB8B}""},{""Status"":""OK"",""Class"":""Volume"",""FriendlyName"":""Volume"",""InstanceId"":""STORAGE\\VOLUME\\_??_USBSTOR#DISK&VEN_SONY_MIC&PROD_ROVAULT&REV_#1384E684&0#{53F56307-B6BF-11D0-94F2-00A0C91EFB8B}""},{""Status"":""OK"",""Class"":""DiskDrive"",""FriendlyName"":""Sony Mic roVault USB Device"",""InstanceId"":""USBSTOR\\DISK&VEN_SONY_MIC&PROD_ROVAULT&REV_\\1384E684&0""},{""Status"":""OK"",""Class"":""USB"",""FriendlyName"":""Sony USB HiFD Drive"",""InstanceId"":""USB\\VID_054C&PID_0022\\1384E684""}]}",absent,absent,25.2,20.4,List of devices attached,
2026-09-30T04:12:12.350+00:00,2026-09-30T04:12:12.398+00:00,1188.603,present,4254.8,"{""state"":""present"",""devices"":[{""Status"":""OK"",""Class"":""WPD"",""FriendlyName"":""THYME_DIAG"",""InstanceId"":""SWD\\WPDBUSENUM\\_??_USBSTOR#DISK&VEN_SONY_MIC&PROD_ROVAULT&REV_#1384E684&0#{53F56307-B6BF-11D0-94F2-00A0C91EFB8B}""},{""Status"":""OK"",""Class"":""Volume"",""FriendlyName"":""Volume"",""InstanceId"":""STORAGE\\VOLUME\\_??_USBSTOR#DISK&VEN_SONY_MIC&PROD_ROVAULT&REV_#1384E684&0#{53F56307-B6BF-11D0-94F2-00A0C91EFB8B}""},{""Status"":""OK"",""Class"":""DiskDrive"",""FriendlyName"":""Sony Mic roVault USB Device"",""InstanceId"":""USBSTOR\\DISK&VEN_SONY_MIC&PROD_ROVAULT&REV_\\1384E684&0""},{""Status"":""OK"",""Class"":""USB"",""FriendlyName"":""Sony USB HiFD Drive"",""InstanceId"":""USB\\VID_054C&PID_0022\\1384E684""}]}",absent,absent,25.2,22.7,List of devices attached,
2026-09-30T04:12:13.351+00:00,2026-09-30T04:12:13.397+00:00,1189.601,present,4254.8,"{""state"":""present"",""devices"":[{""Status"":""OK"",""Class"":""WPD"",""FriendlyName"":""THYME_DIAG"",""InstanceId"":""SWD\\WPDBUSENUM\\_??_USBSTOR#DISK&VEN_SONY_MIC&PROD_ROVAULT&REV_#1384E684&0#{53F56307-B6BF-11D0-94F2-00A0C91EFB8B}""},{""Status"":""OK"",""Class"":""Volume"",""FriendlyName"":""Volume"",""InstanceId"":""STORAGE\\VOLUME\\_??_USBSTOR#DISK&VEN_SONY_MIC&PROD_ROVAULT&REV_#1384E684&0#{53F56307-B6BF-11D0-94F2-00A0C91EFB8B}""},{""Status"":""OK"",""Class"":""DiskDrive"",""FriendlyName"":""Sony Mic roVault USB Device"",""InstanceId"":""USBSTOR\\DISK&VEN_SONY_MIC&PROD_ROVAULT&REV_\\1384E684&0""},{""Status"":""OK"",""Class"":""USB"",""FriendlyName"":""Sony USB HiFD Drive"",""InstanceId"":""USB\\VID_054C&PID_0022\\1384E684""}]}",absent,absent,24.6,21.7,List of devices attached,
2026-09-30T04:12:14.351+00:00,2026-09-30T04:12:14.399+00:00,1190.604,present,4254.8,"{""state"":""present"",""devices"":[{""Status"":""OK"",""Class"":""WPD"",""FriendlyName"":""THYME_DIAG"",""InstanceId"":""SWD\\WPDBUSENUM\\_??_USBSTOR#DISK&VEN_SONY_MIC&PROD_ROVAULT&REV_#1384E684&0#{53F56307-B6BF-11D0-94F2-00A0C91EFB8B}""},{""Status"":""OK"",""Class"":""Volume"",""FriendlyName"":""Volume"",""InstanceId"":""STORAGE\\VOLUME\\_??_USBSTOR#DISK&VEN_SONY_MIC&PROD_ROVAULT&REV_#1384E684&0#{53F56307-B6BF-11D0-94F2-00A0C91EFB8B}""},{""Status"":""OK"",""Class"":""DiskDrive"",""FriendlyName"":""Sony Mic roVault USB Device"",""InstanceId"":""USBSTOR\\DISK&VEN_SONY_MIC&PROD_ROVAULT&REV_\\1384E684&0""},{""Status"":""OK"",""Class"":""USB"",""FriendlyName"":""Sony USB HiFD Drive"",""InstanceId"":""USB\\VID_054C&PID_0022\\1384E684""}]}",absent,absent,26.1,21.9,List of devices attached,
2026-09-30T04:12:15.351+00:00,2026-09-30T04:12:15.397+00:00,1191.602,present,4254.8,"{""state"":""present"",""devices"":[{""Status"":""OK"",""Class"":""WPD"",""FriendlyName"":""THYME_DIAG"",""InstanceId"":""SWD\\WPDBUSENUM\\_??_USBSTOR#DISK&VEN_SONY_MIC&PROD_ROVAULT&REV_#1384E684&0#{53F56307-B6BF-11D0-94F2-00A0C91EFB8B}""},{""Status"":""OK"",""Class"":""Volume"",""FriendlyName"":""Volume"",""InstanceId"":""STORAGE\\VOLUME\\_??_USBSTOR#DISK&VEN_SONY_MIC&PROD_ROVAULT&REV_#1384E684&0#{53F56307-B6BF-11D0-94F2-00A0C91EFB8B}""},{""Status"":""OK"",""Class"":""DiskDrive"",""FriendlyName"":""Sony Mic roVault USB Device"",""InstanceId"":""USBSTOR\\DISK&VEN_SONY_MIC&PROD_ROVAULT&REV_\\1384E684&0""},{""Status"":""OK"",""Class"":""USB"",""FriendlyName"":""Sony USB HiFD Drive"",""InstanceId"":""USB\\VID_054C&PID_0022\\1384E684""}]}",absent,absent,24.2,21.6,List of devices attached,
2026-09-30T04:12:16.352+00:00,2026-09-30T04:12:16.398+00:00,1192.602,present,4254.8,"{""state"":""present"",""devices"":[{""Status"":""OK"",""Class"":""WPD"",""FriendlyName"":""THYME_DIAG"",""InstanceId"":""SWD\\WPDBUSENUM\\_??_USBSTOR#DISK&VEN_SONY_MIC&PROD_ROVAULT&REV_#1384E684&0#{53F56307-B6BF-11D0-94F2-00A0C91EFB8B}""},{""Status"":""OK"",""Class"":""Volume"",""FriendlyName"":""Volume"",""InstanceId"":""STORAGE\\VOLUME\\_??_USBSTOR#DISK&VEN_SONY_MIC&PROD_ROVAULT&REV_#1384E684&0#{53F56307-B6BF-11D0-94F2-00A0C91EFB8B}""},{""Status"":""OK"",""Class"":""DiskDrive"",""FriendlyName"":""Sony Mic roVault USB Device"",""InstanceId"":""USBSTOR\\DISK&VEN_SONY_MIC&PROD_ROVAULT&REV_\\1384E684&0""},{""Status"":""OK"",""Class"":""USB"",""FriendlyName"":""Sony USB HiFD Drive"",""InstanceId"":""USB\\VID_054C&PID_0022\\1384E684""}]}",absent,absent,24.4,21.3,List of devices attached,
2026-09-30T04:12:17.352+00:00,2026-09-30T04:12:17.398+00:00,1193.603,present,4053.7,"{""state"":""present"",""devices"":[{""Status"":""OK"",""Class"":""WPD"",""FriendlyName"":""THYME_DIAG"",""InstanceId"":""SWD\\WPDBUSENUM\\_??_USBSTOR#DISK&VEN_SONY_MIC&PROD_ROVAULT&REV_#1384E684&0#{53F56307-B6BF-11D0-94F2-00A0C91EFB8B}""},{""Status"":""OK"",""Class"":""Volume"",""FriendlyName"":""Volume"",""InstanceId"":""STORAGE\\VOLUME\\_??_USBSTOR#DISK&VEN_SONY_MIC&PROD_ROVAULT&REV_#1384E684&0#{53F56307-B6BF-11D0-94F2-00A0C91EFB8B}""},{""Status"":""OK"",""Class"":""DiskDrive"",""FriendlyName"":""Sony Mic roVault USB Device"",""InstanceId"":""USBSTOR\\DISK&VEN_SONY_MIC&PROD_ROVAULT&REV_\\1384E684&0""},{""Status"":""OK"",""Class"":""USB"",""FriendlyName"":""Sony USB HiFD Drive"",""InstanceId"":""USB\\VID_054C&PID_0022\\1384E684""}]}",absent,absent,23.4,22.7,List of devices attached,
2026-09-30T04:12:18.353+00:00,2026-09-30T04:12:18.399+00:00,1194.603,present,4053.7,"{""state"":""present"",""devices"":[{""Status"":""OK"",""Class"":""WPD"",""FriendlyName"":""THYME_DIAG"",""InstanceId"":""SWD\\WPDBUSENUM\\_??_USBSTOR#DISK&VEN_SONY_MIC&PROD_ROVAULT&REV_#1384E684&0#{53F56307-B6BF-11D0-94F2-00A0C91EFB8B}""},{""Status"":""OK"",""Class"":""Volume"",""FriendlyName"":""Volume"",""InstanceId"":""STORAGE\\VOLUME\\_??_USBSTOR#DISK&VEN_SONY_MIC&PROD_ROVAULT&REV_#1384E684&0#{53F56307-B6BF-11D0-94F2-00A0C91EFB8B}""},{""Status"":""OK"",""Class"":""DiskDrive"",""FriendlyName"":""Sony Mic roVault USB Device"",""InstanceId"":""USBSTOR\\DISK&VEN_SONY_MIC&PROD_ROVAULT&REV_\\1384E684&0""},{""Status"":""OK"",""Class"":""USB"",""FriendlyName"":""Sony USB HiFD Drive"",""InstanceId"":""USB\\VID_054C&PID_0022\\1384E684""}]}",absent,absent,24.6,21.6,List of devices attached,
2026-09-30T04:12:19.353+00:00,2026-09-30T04:12:19.399+00:00,1195.604,present,4053.7,"{""state"":""present"",""devices"":[{""Status"":""OK"",""Class"":""WPD"",""FriendlyName"":""THYME_DIAG"",""InstanceId"":""SWD\\WPDBUSENUM\\_??_USBSTOR#DISK&VEN_SONY_MIC&PROD_ROVAULT&REV_#1384E684&0#{53F56307-B6BF-11D0-94F2-00A0C91EFB8B}""},{""Status"":""OK"",""Class"":""Volume"",""FriendlyName"":""Volume"",""InstanceId"":""STORAGE\\VOLUME\\_??_USBSTOR#DISK&VEN_SONY_MIC&PROD_ROVAULT&REV_#1384E684&0#{53F56307-B6BF-11D0-94F2-00A0C91EFB8B}""},{""Status"":""OK"",""Class"":""DiskDrive"",""FriendlyName"":""Sony Mic roVault USB Device"",""InstanceId"":""USBSTOR\\DISK&VEN_SONY_MIC&PROD_ROVAULT&REV_\\1384E684&0""},{""Status"":""OK"",""Class"":""USB"",""FriendlyName"":""Sony USB HiFD Drive"",""InstanceId"":""USB\\VID_054C&PID_0022\\1384E684""}]}",absent,absent,24.5,22.0,List of devices attached,
2026-09-30T04:12:20.354+00:00,2026-09-30T04:12:20.403+00:00,1196.607,present,4053.7,"{""state"":""present"",""devices"":[{""Status"":""OK"",""Class"":""WPD"",""FriendlyName"":""THYME_DIAG"",""InstanceId"":""SWD\\WPDBUSENUM\\_??_USBSTOR#DISK&VEN_SONY_MIC&PROD_ROVAULT&REV_#1384E684&0#{53F56307-B6BF-11D0-94F2-00A0C91EFB8B}""},{""Status"":""OK"",""Class"":""Volume"",""FriendlyName"":""Volume"",""InstanceId"":""STORAGE\\VOLUME\\_??_USBSTOR#DISK&VEN_SONY_MIC&PROD_ROVAULT&REV_#1384E684&0#{53F56307-B6BF-11D0-94F2-00A0C91EFB8B}""},{""Status"":""OK"",""Class"":""DiskDrive"",""FriendlyName"":""Sony Mic roVault USB Device"",""InstanceId"":""USBSTOR\\DISK&VEN_SONY_MIC&PROD_ROVAULT&REV_\\1384E684&0""},{""Status"":""OK"",""Class"":""USB"",""FriendlyName"":""Sony USB HiFD Drive"",""InstanceId"":""USB\\VID_054C&PID_0022\\1384E684""}]}",absent,absent,25.2,23.5,List of devices attached,
2026-09-30T04:12:21.354+00:00,2026-09-30T04:12:21.402+00:00,1197.606,present,4053.7,"{""state"":""present"",""devices"":[{""Status"":""OK"",""Class"":""WPD"",""FriendlyName"":""THYME_DIAG"",""InstanceId"":""SWD\\WPDBUSENUM\\_??_USBSTOR#DISK&VEN_SONY_MIC&PROD_ROVAULT&REV_#1384E684&0#{53F56307-B6BF-11D0-94F2-00A0C91EFB8B}""},{""Status"":""OK"",""Class"":""Volume"",""FriendlyName"":""Volume"",""InstanceId"":""STORAGE\\VOLUME\\_??_USBSTOR#DISK&VEN_SONY_MIC&PROD_ROVAULT&REV_#1384E684&0#{53F56307-B6BF-11D0-94F2-00A0C91EFB8B}""},{""Status"":""OK"",""Class"":""DiskDrive"",""FriendlyName"":""Sony Mic roVault USB Device"",""InstanceId"":""USBSTOR\\DISK&VEN_SONY_MIC&PROD_ROVAULT&REV_\\1384E684&0""},{""Status"":""OK"",""Class"":""USB"",""FriendlyName"":""Sony USB HiFD Drive"",""InstanceId"":""USB\\VID_054C&PID_0022\\1384E684""}]}",absent,absent,25.5,21.8,List of devices attached,
2026-09-30T04:12:22.355+00:00,2026-09-30T04:12:22.401+00:00,1198.605,present,4050.0,"{""state"":""present"",""devices"":[{""Status"":""OK"",""Class"":""WPD"",""FriendlyName"":""THYME_DIAG"",""InstanceId"":""SWD\\WPDBUSENUM\\_??_USBSTOR#DISK&VEN_SONY_MIC&PROD_ROVAULT&REV_#1384E684&0#{53F56307-B6BF-11D0-94F2-00A0C91EFB8B}""},{""Status"":""OK"",""Class"":""Volume"",""FriendlyName"":""Volume"",""InstanceId"":""STORAGE\\VOLUME\\_??_USBSTOR#DISK&VEN_SONY_MIC&PROD_ROVAULT&REV_#1384E684&0#{53F56307-B6BF-11D0-94F2-00A0C91EFB8B}""},{""Status"":""OK"",""Class"":""DiskDrive"",""FriendlyName"":""Sony Mic roVault USB Device"",""InstanceId"":""USBSTOR\\DISK&VEN_SONY_MIC&PROD_ROVAULT&REV_\\1384E684&0""},{""Status"":""OK"",""Class"":""USB"",""FriendlyName"":""Sony USB HiFD Drive"",""InstanceId"":""USB\\VID_054C&PID_0022\\1384E684""}]}",absent,absent,24.6,21.5,List of devices attached,
2026-09-30T04:12:23.355+00:00,2026-09-30T04:12:23.402+00:00,1199.606,present,4050.0,"{""state"":""present"",""devices"":[{""Status"":""OK"",""Class"":""WPD"",""FriendlyName"":""THYME_DIAG"",""InstanceId"":""SWD\\WPDBUSENUM\\_??_USBSTOR#DISK&VEN_SONY_MIC&PROD_ROVAULT&REV_#1384E684&0#{53F56307-B6BF-11D0-94F2-00A0C91EFB8B}""},{""Status"":""OK"",""Class"":""Volume"",""FriendlyName"":""Volume"",""InstanceId"":""STORAGE\\VOLUME\\_??_USBSTOR#DISK&VEN_SONY_MIC&PROD_ROVAULT&REV_#1384E684&0#{53F56307-B6BF-11D0-94F2-00A0C91EFB8B}""},{""Status"":""OK"",""Class"":""DiskDrive"",""FriendlyName"":""Sony Mic roVault USB Device"",""InstanceId"":""USBSTOR\\DISK&VEN_SONY_MIC&PROD_ROVAULT&REV_\\1384E684&0""},{""Status"":""OK"",""Class"":""USB"",""FriendlyName"":""Sony USB HiFD Drive"",""InstanceId"":""USB\\VID_054C&PID_0022\\1384E684""}]}",absent,absent,24.4,22.3,List of devices attached,
