sample_started_utc,sample_finished_utc,elapsed_seconds,usb_pnp_state,usb_query_ms,usb_pnp_output,adb_state,fastboot_state,adb_query_ms,fastboot_query_ms,adb_output,fastboot_output
2026-10-01T14:28:22.253+00:00,2026-10-01T14:28:22.408+00:00,0.158,query_pending,,initial PnP query pending,absent,fastboot,121.6,33.1,List of devices attached,[REDACTED_DEVICE_SERIAL]               fastboot
2026-10-01T14:28:23.253+00:00,2026-10-01T14:28:23.315+00:00,1.065,query_pending,,initial PnP query pending,absent,fastboot,32.1,30.5,List of devices attached,[REDACTED_DEVICE_SERIAL]               fastboot
2026-10-01T14:28:24.253+00:00,2026-10-01T14:28:24.318+00:00,2.068,present,1954.9,"{""state"":""present"",""devices"":[{""Status"":""OK"",""Class"":""AndroidUsbDeviceClass"",""FriendlyName"":""Android Bootloader Interface"",""InstanceId"":""USB\\VID_18D1&PID_D00D\\[REDACTED_DEVICE_SERIAL]""}]}",absent,fastboot,33.5,31.0,List of devices attached,[REDACTED_DEVICE_SERIAL]               fastboot
2026-10-01T14:28:25.253+00:00,2026-10-01T14:28:25.317+00:00,3.067,present,961.7,"{""state"":""present"",""devices"":[{""Status"":""OK"",""Class"":""AndroidUsbDeviceClass"",""FriendlyName"":""Android Bootloader Interface"",""InstanceId"":""USB\\VID_18D1&PID_D00D\\[REDACTED_DEVICE_SERIAL]""}]}",absent,fastboot,31.3,32.5,List of devices attached,[REDACTED_DEVICE_SERIAL]               fastboot
2026-10-01T14:28:26.254+00:00,2026-10-01T14:28:26.317+00:00,4.067,present,945.7,"{""state"":""present"",""devices"":[{""Status"":""OK"",""Class"":""AndroidUsbDeviceClass"",""FriendlyName"":""Android Bootloader Interface"",""InstanceId"":""USB\\VID_18D1&PID_D00D\\[REDACTED_DEVICE_SERIAL]""}]}",absent,fastboot,32.3,31.0,List of devices attached,[REDACTED_DEVICE_SERIAL]               fastboot
2026-10-01T14:28:27.254+00:00,2026-10-01T14:28:27.319+00:00,5.069,present,945.7,"{""state"":""present"",""devices"":[{""Status"":""OK"",""Class"":""AndroidUsbDeviceClass"",""FriendlyName"":""Android Bootloader Interface"",""InstanceId"":""USB\\VID_18D1&PID_D00D\\[REDACTED_DEVICE_SERIAL]""}]}",absent,fastboot,33.3,32.2,List of devices attached,[REDACTED_DEVICE_SERIAL]               fastboot
2026-10-01T14:28:28.254+00:00,2026-10-01T14:28:28.323+00:00,6.073,present,1081.2,"{""state"":""present"",""devices"":[{""Status"":""OK"",""Class"":""AndroidUsbDeviceClass"",""FriendlyName"":""Android Bootloader Interface"",""InstanceId"":""USB\\VID_18D1&PID_D00D\\[REDACTED_DEVICE_SERIAL]""}]}",absent,fastboot,35.3,33.2,List of devices attached,[REDACTED_DEVICE_SERIAL]               fastboot
2026-10-01T14:28:29.254+00:00,2026-10-01T14:28:29.316+00:00,7.066,present,905.0,"{""state"":""present"",""devices"":[{""Status"":""OK"",""Class"":""AndroidUsbDeviceClass"",""FriendlyName"":""Android Bootloader Interface"",""InstanceId"":""USB\\VID_18D1&PID_D00D\\[REDACTED_DEVICE_SERIAL]""}]}",absent,fastboot,31.0,31.0,List of devices attached,[REDACTED_DEVICE_SERIAL]               fastboot
2026-10-01T14:28:30.255+00:00,2026-10-01T14:28:30.317+00:00,8.067,present,971.2,"{""state"":""present"",""devices"":[{""Status"":""OK"",""Class"":""AndroidUsbDeviceClass"",""FriendlyName"":""Android Bootloader Interface"",""InstanceId"":""USB\\VID_18D1&PID_D00D\\[REDACTED_DEVICE_SERIAL]""}]}",absent,fastboot,30.4,31.1,List of devices attached,[REDACTED_DEVICE_SERIAL]               fastboot
2026-10-01T14:28:31.255+00:00,2026-10-01T14:28:31.323+00:00,9.073,present,879.0,"{""state"":""present"",""devices"":[{""Status"":""OK"",""Class"":""AndroidUsbDeviceClass"",""FriendlyName"":""Android Bootloader Interface"",""InstanceId"":""USB\\VID_18D1&PID_D00D\\[REDACTED_DEVICE_SERIAL]""}]}",absent,fastboot,32.6,35.3,List of devices attached,[REDACTED_DEVICE_SERIAL]               fastboot
2026-10-01T14:28:32.256+00:00,2026-10-01T14:28:32.321+00:00,10.071,present,938.0,"{""state"":""present"",""devices"":[{""Status"":""OK"",""Class"":""AndroidUsbDeviceClass"",""FriendlyName"":""Android Bootloader Interface"",""InstanceId"":""USB\\VID_18D1&PID_D00D\\[REDACTED_DEVICE_SERIAL]""}]}",absent,fastboot,33.7,31.1,List of devices attached,[REDACTED_DEVICE_SERIAL]               fastboot
2026-10-01T14:28:33.256+00:00,2026-10-01T14:28:33.319+00:00,11.069,present,917.7,"{""state"":""present"",""devices"":[{""Status"":""OK"",""Class"":""AndroidUsbDeviceClass"",""FriendlyName"":""Android Bootloader Interface"",""InstanceId"":""USB\\VID_18D1&PID_D00D\\[REDACTED_DEVICE_SERIAL]""}]}",absent,fastboot,32.4,31.1,List of devices attached,[REDACTED_DEVICE_SERIAL]               fastboot
2026-10-01T14:28:34.256+00:00,2026-10-01T14:28:34.320+00:00,12.070,present,917.7,"{""state"":""present"",""devices"":[{""Status"":""OK"",""Class"":""AndroidUsbDeviceClass"",""FriendlyName"":""Android Bootloader Interface"",""InstanceId"":""USB\\VID_18D1&PID_D00D\\[REDACTED_DEVICE_SERIAL]""}]}",absent,fastboot,32.8,31.3,List of devices attached,[REDACTED_DEVICE_SERIAL]               fastboot
2026-10-01T14:28:35.256+00:00,2026-10-01T14:28:35.317+00:00,13.067,present,1004.3,"{""state"":""present"",""devices"":[{""Status"":""OK"",""Class"":""AndroidUsbDeviceClass"",""FriendlyName"":""Android Bootloader Interface"",""InstanceId"":""USB\\VID_18D1&PID_D00D\\[REDACTED_DEVICE_SERIAL]""}]}",absent,fastboot,31.2,29.8,List of devices attached,[REDACTED_DEVICE_SERIAL]               fastboot
2026-10-01T14:28:36.257+00:00,2026-10-01T14:28:36.320+00:00,14.070,present,968.0,"{""state"":""present"",""devices"":[{""Status"":""OK"",""Class"":""AndroidUsbDeviceClass"",""FriendlyName"":""Android Bootloader Interface"",""InstanceId"":""USB\\VID_18D1&PID_D00D\\[REDACTED_DEVICE_SERIAL]""}]}",absent,fastboot,31.0,31.8,List of devices attached,[REDACTED_DEVICE_SERIAL]               fastboot
2026-10-01T14:28:37.257+00:00,2026-10-01T14:28:37.322+00:00,15.072,present,971.9,"{""state"":""present"",""devices"":[{""Status"":""OK"",""Class"":""AndroidUsbDeviceClass"",""FriendlyName"":""Android Bootloader Interface"",""InstanceId"":""USB\\VID_18D1&PID_D00D\\[REDACTED_DEVICE_SERIAL]""}]}",absent,fastboot,32.0,33.2,List of devices attached,[REDACTED_DEVICE_SERIAL]               fastboot
2026-10-01T14:28:38.257+00:00,2026-10-01T14:28:38.323+00:00,16.073,present,964.9,"{""state"":""present"",""devices"":[{""Status"":""OK"",""Class"":""AndroidUsbDeviceClass"",""FriendlyName"":""Android Bootloader Interface"",""InstanceId"":""USB\\VID_18D1&PID_D00D\\[REDACTED_DEVICE_SERIAL]""}]}",absent,fastboot,33.0,32.2,List of devices attached,[REDACTED_DEVICE_SERIAL]               fastboot
2026-10-01T14:28:39.258+00:00,2026-10-01T14:28:39.322+00:00,17.072,present,945.1,"{""state"":""present"",""devices"":[{""Status"":""OK"",""Class"":""AndroidUsbDeviceClass"",""FriendlyName"":""Android Bootloader Interface"",""InstanceId"":""USB\\VID_18D1&PID_D00D\\[REDACTED_DEVICE_SERIAL]""}]}",absent,fastboot,32.1,32.4,List of devices attached,[REDACTED_DEVICE_SERIAL]               fastboot
2026-10-01T14:28:40.258+00:00,2026-10-01T14:28:40.321+00:00,18.071,present,964.2,"{""state"":""present"",""devices"":[{""Status"":""OK"",""Class"":""AndroidUsbDeviceClass"",""FriendlyName"":""Android Bootloader Interface"",""InstanceId"":""USB\\VID_18D1&PID_D00D\\[REDACTED_DEVICE_SERIAL]""}]}",absent,fastboot,31.9,30.7,List of devices attached,[REDACTED_DEVICE_SERIAL]               fastboot
2026-10-01T14:28:41.258+00:00,2026-10-01T14:28:41.321+00:00,19.071,present,898.0,"{""state"":""present"",""devices"":[{""Status"":""OK"",""Class"":""AndroidUsbDeviceClass"",""FriendlyName"":""Android Bootloader Interface"",""InstanceId"":""USB\\VID_18D1&PID_D00D\\[REDACTED_DEVICE_SERIAL]""}]}",absent,fastboot,31.3,31.8,List of devices attached,[REDACTED_DEVICE_SERIAL]               fastboot
2026-10-01T14:28:42.258+00:00,2026-10-01T14:28:42.321+00:00,20.071,present,960.4,"{""state"":""present"",""devices"":[{""Status"":""OK"",""Class"":""AndroidUsbDeviceClass"",""FriendlyName"":""Android Bootloader Interface"",""InstanceId"":""USB\\VID_18D1&PID_D00D\\[REDACTED_DEVICE_SERIAL]""}]}",absent,fastboot,31.9,31.0,List of devices attached,[REDACTED_DEVICE_SERIAL]               fastboot
2026-10-01T14:28:43.258+00:00,2026-10-01T14:28:43.320+00:00,21.070,present,951.4,"{""state"":""present"",""devices"":[{""Status"":""OK"",""Class"":""AndroidUsbDeviceClass"",""FriendlyName"":""Android Bootloader Interface"",""InstanceId"":""USB\\VID_18D1&PID_D00D\\[REDACTED_DEVICE_SERIAL]""}]}",absent,fastboot,32.1,29.9,List of devices attached,[REDACTED_DEVICE_SERIAL]               fastboot
2026-10-01T14:28:44.259+00:00,2026-10-01T14:28:44.323+00:00,22.073,present,970.8,"{""state"":""present"",""devices"":[{""Status"":""OK"",""Class"":""AndroidUsbDeviceClass"",""FriendlyName"":""Android Bootloader Interface"",""InstanceId"":""USB\\VID_18D1&PID_D00D\\[REDACTED_DEVICE_SERIAL]""}]}",absent,fastboot,32.9,30.9,List of devices attached,[REDACTED_DEVICE_SERIAL]               fastboot
2026-10-01T14:28:45.259+00:00,2026-10-01T14:28:45.324+00:00,23.074,present,979.6,"{""state"":""present"",""devices"":[{""Status"":""OK"",""Class"":""AndroidUsbDeviceClass"",""FriendlyName"":""Android Bootloader Interface"",""InstanceId"":""USB\\VID_18D1&PID_D00D\\[REDACTED_DEVICE_SERIAL]""}]}",absent,fastboot,31.7,32.9,List of devices attached,[REDACTED_DEVICE_SERIAL]               fastboot
2026-10-01T14:28:46.260+00:00,2026-10-01T14:28:46.321+00:00,24.071,present,942.0,"{""state"":""present"",""devices"":[{""Status"":""OK"",""Class"":""AndroidUsbDeviceClass"",""FriendlyName"":""Android Bootloader Interface"",""InstanceId"":""USB\\VID_18D1&PID_D00D\\[REDACTED_DEVICE_SERIAL]""}]}",absent,fastboot,30.2,31.0,List of devices attached,[REDACTED_DEVICE_SERIAL]               fastboot
2026-10-01T14:28:47.260+00:00,2026-10-01T14:28:47.323+00:00,25.073,present,948.9,"{""state"":""present"",""devices"":[{""Status"":""OK"",""Class"":""AndroidUsbDeviceClass"",""FriendlyName"":""Android Bootloader Interface"",""InstanceId"":""USB\\VID_18D1&PID_D00D\\[REDACTED_DEVICE_SERIAL]""}]}",absent,fastboot,31.8,31.3,List of devices attached,[REDACTED_DEVICE_SERIAL]               fastboot
2026-10-01T14:28:48.260+00:00,2026-10-01T14:28:48.323+00:00,26.073,present,959.9,"{""state"":""present"",""devices"":[{""Status"":""OK"",""Class"":""AndroidUsbDeviceClass"",""FriendlyName"":""Android Bootloader Interface"",""InstanceId"":""USB\\VID_18D1&PID_D00D\\[REDACTED_DEVICE_SERIAL]""}]}",absent,fastboot,32.7,30.4,List of devices attached,[REDACTED_DEVICE_SERIAL]               fastboot
2026-10-01T14:28:49.260+00:00,2026-10-01T14:28:49.325+00:00,27.075,present,966.1,"{""state"":""present"",""devices"":[{""Status"":""OK"",""Class"":""AndroidUsbDeviceClass"",""FriendlyName"":""Android Bootloader Interface"",""InstanceId"":""USB\\VID_18D1&PID_D00D\\[REDACTED_DEVICE_SERIAL]""}]}",absent,fastboot,32.7,31.4,List of devices attached,[REDACTED_DEVICE_SERIAL]               fastboot
2026-10-01T14:28:50.261+00:00,2026-10-01T14:28:50.323+00:00,28.073,present,958.7,"{""state"":""present"",""devices"":[{""Status"":""OK"",""Class"":""AndroidUsbDeviceClass"",""FriendlyName"":""Android Bootloader Interface"",""InstanceId"":""USB\\VID_18D1&PID_D00D\\[REDACTED_DEVICE_SERIAL]""}]}",absent,fastboot,31.8,30.4,List of devices attached,[REDACTED_DEVICE_SERIAL]               fastboot
2026-10-01T14:28:51.261+00:00,2026-10-01T14:28:51.327+00:00,29.076,present,955.9,"{""state"":""present"",""devices"":[{""Status"":""OK"",""Class"":""AndroidUsbDeviceClass"",""FriendlyName"":""Android Bootloader Interface"",""InstanceId"":""USB\\VID_18D1&PID_D00D\\[REDACTED_DEVICE_SERIAL]""}]}",absent,fastboot,34.0,31.0,List of devices attached,[REDACTED_DEVICE_SERIAL]               fastboot
2026-10-01T14:28:52.261+00:00,2026-10-01T14:28:52.326+00:00,30.076,present,978.9,"{""state"":""present"",""devices"":[{""Status"":""OK"",""Class"":""AndroidUsbDeviceClass"",""FriendlyName"":""Android Bootloader Interface"",""InstanceId"":""USB\\VID_18D1&PID_D00D\\[REDACTED_DEVICE_SERIAL]""}]}",absent,fastboot,33.2,30.8,List of devices attached,[REDACTED_DEVICE_SERIAL]               fastboot
2026-10-01T14:28:53.262+00:00,2026-10-01T14:28:53.322+00:00,31.072,present,970.5,"{""state"":""present"",""devices"":[{""Status"":""OK"",""Class"":""AndroidUsbDeviceClass"",""FriendlyName"":""Android Bootloader Interface"",""InstanceId"":""USB\\VID_18D1&PID_D00D\\[REDACTED_DEVICE_SERIAL]""}]}",absent,fastboot,30.1,30.0,List of devices attached,[REDACTED_DEVICE_SERIAL]               fastboot
2026-10-01T14:28:54.262+00:00,2026-10-01T14:28:54.325+00:00,32.075,present,942.7,"{""state"":""present"",""devices"":[{""Status"":""OK"",""Class"":""AndroidUsbDeviceClass"",""FriendlyName"":""Android Bootloader Interface"",""InstanceId"":""USB\\VID_18D1&PID_D00D\\[REDACTED_DEVICE_SERIAL]""}]}",absent,fastboot,30.8,31.6,List of devices attached,[REDACTED_DEVICE_SERIAL]               fastboot
2026-10-01T14:28:55.262+00:00,2026-10-01T14:28:55.326+00:00,33.076,present,961.4,"{""state"":""present"",""devices"":[{""Status"":""OK"",""Class"":""AndroidUsbDeviceClass"",""FriendlyName"":""Android Bootloader Interface"",""InstanceId"":""USB\\VID_18D1&PID_D00D\\[REDACTED_DEVICE_SERIAL]""}]}",absent,fastboot,33.1,30.9,List of devices attached,[REDACTED_DEVICE_SERIAL]               fastboot
2026-10-01T14:28:56.263+00:00,2026-10-01T14:28:56.324+00:00,34.074,present,984.8,"{""state"":""present"",""devices"":[{""Status"":""OK"",""Class"":""AndroidUsbDeviceClass"",""FriendlyName"":""Android Bootloader Interface"",""InstanceId"":""USB\\VID_18D1&PID_D00D\\[REDACTED_DEVICE_SERIAL]""}]}",absent,fastboot,31.8,29.6,List of devices attached,[REDACTED_DEVICE_SERIAL]               fastboot
2026-10-01T14:28:57.263+00:00,2026-10-01T14:28:57.325+00:00,35.075,present,976.0,"{""state"":""present"",""devices"":[{""Status"":""OK"",""Class"":""AndroidUsbDeviceClass"",""FriendlyName"":""Android Bootloader Interface"",""InstanceId"":""USB\\VID_18D1&PID_D00D\\[REDACTED_DEVICE_SERIAL]""}]}",absent,fastboot,30.7,31.6,List of devices attached,[REDACTED_DEVICE_SERIAL]               fastboot
2026-10-01T14:28:58.263+00:00,2026-10-01T14:28:58.325+00:00,36.075,present,919.2,"{""state"":""present"",""devices"":[{""Status"":""OK"",""Class"":""AndroidUsbDeviceClass"",""FriendlyName"":""Android Bootloader Interface"",""InstanceId"":""USB\\VID_18D1&PID_D00D\\[REDACTED_DEVICE_SERIAL]""}]}",absent,fastboot,31.0,30.5,List of devices attached,[REDACTED_DEVICE_SERIAL]               fastboot
2026-10-01T14:28:59.264+00:00,2026-10-01T14:28:59.324+00:00,37.074,present,942.8,"{""state"":""present"",""devices"":[{""Status"":""OK"",""Class"":""AndroidUsbDeviceClass"",""FriendlyName"":""Android Bootloader Interface"",""InstanceId"":""USB\\VID_18D1&PID_D00D\\[REDACTED_DEVICE_SERIAL]""}]}",absent,fastboot,30.8,29.2,List of devices attached,[REDACTED_DEVICE_SERIAL]               fastboot
2026-10-01T14:29:00.264+00:00,2026-10-01T14:29:00.325+00:00,38.075,present,954.1,"{""state"":""present"",""devices"":[{""Status"":""OK"",""Class"":""AndroidUsbDeviceClass"",""FriendlyName"":""Android Bootloader Interface"",""InstanceId"":""USB\\VID_18D1&PID_D00D\\[REDACTED_DEVICE_SERIAL]""}]}",absent,fastboot,30.5,30.1,List of devices attached,[REDACTED_DEVICE_SERIAL]               fastboot
2026-10-01T14:29:01.265+00:00,2026-10-01T14:29:01.326+00:00,39.076,present,953.8,"{""state"":""present"",""devices"":[{""Status"":""OK"",""Class"":""AndroidUsbDeviceClass"",""FriendlyName"":""Android Bootloader Interface"",""InstanceId"":""USB\\VID_18D1&PID_D00D\\[REDACTED_DEVICE_SERIAL]""}]}",absent,fastboot,31.4,30.0,List of devices attached,[REDACTED_DEVICE_SERIAL]               fastboot
2026-10-01T14:29:02.265+00:00,2026-10-01T14:29:02.330+00:00,40.080,present,963.9,"{""state"":""present"",""devices"":[{""Status"":""OK"",""Class"":""AndroidUsbDeviceClass"",""FriendlyName"":""Android Bootloader Interface"",""InstanceId"":""USB\\VID_18D1&PID_D00D\\[REDACTED_DEVICE_SERIAL]""}]}",absent,fastboot,32.4,32.6,List of devices attached,[REDACTED_DEVICE_SERIAL]               fastboot
2026-10-01T14:29:03.265+00:00,2026-10-01T14:29:03.328+00:00,41.078,present,964.1,"{""state"":""present"",""devices"":[{""Status"":""OK"",""Class"":""AndroidUsbDeviceClass"",""FriendlyName"":""Android Bootloader Interface"",""InstanceId"":""USB\\VID_18D1&PID_D00D\\[REDACTED_DEVICE_SERIAL]""}]}",absent,fastboot,31.9,30.6,List of devices attached,[REDACTED_DEVICE_SERIAL]               fastboot
2026-10-01T14:29:04.265+00:00,2026-10-01T14:29:04.327+00:00,42.077,present,984.4,"{""state"":""present"",""devices"":[{""Status"":""OK"",""Class"":""AndroidUsbDeviceClass"",""FriendlyName"":""Android Bootloader Interface"",""InstanceId"":""USB\\VID_18D1&PID_D00D\\[REDACTED_DEVICE_SERIAL]""}]}",absent,fastboot,31.6,29.9,List of devices attached,[REDACTED_DEVICE_SERIAL]               fastboot
2026-10-01T14:29:05.265+00:00,2026-10-01T14:29:05.328+00:00,43.078,present,979.1,"{""state"":""present"",""devices"":[{""Status"":""OK"",""Class"":""AndroidUsbDeviceClass"",""FriendlyName"":""Android Bootloader Interface"",""InstanceId"":""USB\\VID_18D1&PID_D00D\\[REDACTED_DEVICE_SERIAL]""}]}",absent,fastboot,31.5,31.1,List of devices attached,[REDACTED_DEVICE_SERIAL]               fastboot
2026-10-01T14:29:06.266+00:00,2026-10-01T14:29:06.326+00:00,44.076,present,978.1,"{""state"":""present"",""devices"":[{""Status"":""OK"",""Class"":""AndroidUsbDeviceClass"",""FriendlyName"":""Android Bootloader Interface"",""InstanceId"":""USB\\VID_18D1&PID_D00D\\[REDACTED_DEVICE_SERIAL]""}]}",absent,fastboot,31.0,29.7,List of devices attached,[REDACTED_DEVICE_SERIAL]               fastboot
2026-10-01T14:29:07.266+00:00,2026-10-01T14:29:07.329+00:00,45.079,present,992.2,"{""state"":""present"",""devices"":[{""Status"":""OK"",""Class"":""AndroidUsbDeviceClass"",""FriendlyName"":""Android Bootloader Interface"",""InstanceId"":""USB\\VID_18D1&PID_D00D\\[REDACTED_DEVICE_SERIAL]""}]}",absent,fastboot,32.8,30.8,List of devices attached,[REDACTED_DEVICE_SERIAL]               fastboot
2026-10-01T14:29:08.266+00:00,2026-10-01T14:29:08.333+00:00,46.083,present,978.4,"{""state"":""present"",""devices"":[{""Status"":""OK"",""Class"":""AndroidUsbDeviceClass"",""FriendlyName"":""Android Bootloader Interface"",""InstanceId"":""USB\\VID_18D1&PID_D00D\\[REDACTED_DEVICE_SERIAL]""}]}",absent,fastboot,34.8,32.2,List of devices attached,[REDACTED_DEVICE_SERIAL]               fastboot
2026-10-01T14:29:09.266+00:00,2026-10-01T14:29:09.329+00:00,47.079,present,978.4,"{""state"":""present"",""devices"":[{""Status"":""OK"",""Class"":""AndroidUsbDeviceClass"",""FriendlyName"":""Android Bootloader Interface"",""InstanceId"":""USB\\VID_18D1&PID_D00D\\[REDACTED_DEVICE_SERIAL]""}]}",absent,fastboot,31.9,30.6,List of devices attached,[REDACTED_DEVICE_SERIAL]               fastboot
2026-10-01T14:29:10.266+00:00,2026-10-01T14:29:10.328+00:00,48.078,present,1006.4,"{""state"":""present"",""devices"":[{""Status"":""OK"",""Class"":""AndroidUsbDeviceClass"",""FriendlyName"":""Android Bootloader Interface"",""InstanceId"":""USB\\VID_18D1&PID_D00D\\[REDACTED_DEVICE_SERIAL]""}]}",absent,fastboot,30.7,30.4,List of devices attached,[REDACTED_DEVICE_SERIAL]               fastboot
2026-10-01T14:29:11.267+00:00,2026-10-01T14:29:11.330+00:00,49.080,present,969.3,"{""state"":""present"",""devices"":[{""Status"":""OK"",""Class"":""AndroidUsbDeviceClass"",""FriendlyName"":""Android Bootloader Interface"",""InstanceId"":""USB\\VID_18D1&PID_D00D\\[REDACTED_DEVICE_SERIAL]""}]}",absent,fastboot,32.0,31.9,List of devices attached,[REDACTED_DEVICE_SERIAL]               fastboot
2026-10-01T14:29:12.267+00:00,2026-10-01T14:29:12.330+00:00,50.080,present,951.1,"{""state"":""present"",""devices"":[{""Status"":""OK"",""Class"":""AndroidUsbDeviceClass"",""FriendlyName"":""Android Bootloader Interface"",""InstanceId"":""USB\\VID_18D1&PID_D00D\\[REDACTED_DEVICE_SERIAL]""}]}",absent,fastboot,31.5,31.5,List of devices attached,[REDACTED_DEVICE_SERIAL]               fastboot
2026-10-01T14:29:13.267+00:00,2026-10-01T14:29:13.328+00:00,51.078,present,944.8,"{""state"":""present"",""devices"":[{""Status"":""OK"",""Class"":""AndroidUsbDeviceClass"",""FriendlyName"":""Android Bootloader Interface"",""InstanceId"":""USB\\VID_18D1&PID_D00D\\[REDACTED_DEVICE_SERIAL]""}]}",absent,fastboot,31.1,30.0,List of devices attached,[REDACTED_DEVICE_SERIAL]               fastboot
2026-10-01T14:29:14.268+00:00,2026-10-01T14:29:14.331+00:00,52.081,present,952.6,"{""state"":""present"",""devices"":[{""Status"":""OK"",""Class"":""AndroidUsbDeviceClass"",""FriendlyName"":""Android Bootloader Interface"",""InstanceId"":""USB\\VID_18D1&PID_D00D\\[REDACTED_DEVICE_SERIAL]""}]}",absent,fastboot,33.6,29.3,List of devices attached,[REDACTED_DEVICE_SERIAL]               fastboot
2026-10-01T14:29:15.268+00:00,2026-10-01T14:29:15.328+00:00,53.078,present,957.0,"{""state"":""present"",""devices"":[{""Status"":""OK"",""Class"":""AndroidUsbDeviceClass"",""FriendlyName"":""Android Bootloader Interface"",""InstanceId"":""USB\\VID_18D1&PID_D00D\\[REDACTED_DEVICE_SERIAL]""}]}",absent,fastboot,30.3,29.8,List of devices attached,[REDACTED_DEVICE_SERIAL]               fastboot
2026-10-01T14:29:16.269+00:00,2026-10-01T14:29:16.331+00:00,54.081,present,981.7,"{""state"":""present"",""devices"":[{""Status"":""OK"",""Class"":""AndroidUsbDeviceClass"",""FriendlyName"":""Android Bootloader Interface"",""InstanceId"":""USB\\VID_18D1&PID_D00D\\[REDACTED_DEVICE_SERIAL]""}]}",absent,fastboot,32.5,29.8,List of devices attached,[REDACTED_DEVICE_SERIAL]               fastboot
2026-10-01T14:29:17.269+00:00,2026-10-01T14:29:17.330+00:00,55.080,present,971.3,"{""state"":""present"",""devices"":[{""Status"":""OK"",""Class"":""AndroidUsbDeviceClass"",""FriendlyName"":""Android Bootloader Interface"",""InstanceId"":""USB\\VID_18D1&PID_D00D\\[REDACTED_DEVICE_SERIAL]""}]}",absent,fastboot,32.1,29.3,List of devices attached,[REDACTED_DEVICE_SERIAL]               fastboot
2026-10-01T14:29:18.269+00:00,2026-10-01T14:29:18.331+00:00,56.081,present,961.9,"{""state"":""present"",""devices"":[{""Status"":""OK"",""Class"":""AndroidUsbDeviceClass"",""FriendlyName"":""Android Bootloader Interface"",""InstanceId"":""USB\\VID_18D1&PID_D00D\\[REDACTED_DEVICE_SERIAL]""}]}",absent,fastboot,31.4,30.1,List of devices attached,[REDACTED_DEVICE_SERIAL]               fastboot
2026-10-01T14:29:19.270+00:00,2026-10-01T14:29:19.332+00:00,57.082,present,955.2,"{""state"":""present"",""devices"":[{""Status"":""OK"",""Class"":""AndroidUsbDeviceClass"",""FriendlyName"":""Android Bootloader Interface"",""InstanceId"":""USB\\VID_18D1&PID_D00D\\[REDACTED_DEVICE_SERIAL]""}]}",absent,fastboot,31.4,31.3,List of devices attached,[REDACTED_DEVICE_SERIAL]               fastboot
2026-10-01T14:29:20.270+00:00,2026-10-01T14:29:20.334+00:00,58.084,present,941.4,"{""state"":""present"",""devices"":[{""Status"":""OK"",""Class"":""AndroidUsbDeviceClass"",""FriendlyName"":""Android Bootloader Interface"",""InstanceId"":""USB\\VID_18D1&PID_D00D\\[REDACTED_DEVICE_SERIAL]""}]}",absent,fastboot,31.7,32.3,List of devices attached,[REDACTED_DEVICE_SERIAL]               fastboot
2026-10-01T14:29:21.270+00:00,2026-10-01T14:29:21.333+00:00,59.083,present,986.3,"{""state"":""present"",""devices"":[{""Status"":""OK"",""Class"":""AndroidUsbDeviceClass"",""FriendlyName"":""Android Bootloader Interface"",""InstanceId"":""USB\\VID_18D1&PID_D00D\\[REDACTED_DEVICE_SERIAL]""}]}",absent,fastboot,31.8,31.4,List of devices attached,[REDACTED_DEVICE_SERIAL]               fastboot
2026-10-01T14:29:22.270+00:00,2026-10-01T14:29:22.331+00:00,60.081,present,954.4,"{""state"":""present"",""devices"":[{""Status"":""OK"",""Class"":""AndroidUsbDeviceClass"",""FriendlyName"":""Android Bootloader Interface"",""InstanceId"":""USB\\VID_18D1&PID_D00D\\[REDACTED_DEVICE_SERIAL]""}]}",absent,fastboot,30.5,30.2,List of devices attached,[REDACTED_DEVICE_SERIAL]               fastboot
2026-10-01T14:29:23.270+00:00,2026-10-01T14:29:23.334+00:00,61.084,present,977.8,"{""state"":""present"",""devices"":[{""Status"":""OK"",""Class"":""AndroidUsbDeviceClass"",""FriendlyName"":""Android Bootloader Interface"",""InstanceId"":""USB\\VID_18D1&PID_D00D\\[REDACTED_DEVICE_SERIAL]""}]}",absent,fastboot,31.8,31.4,List of devices attached,[REDACTED_DEVICE_SERIAL]               fastboot
2026-10-01T14:29:24.271+00:00,2026-10-01T14:29:24.334+00:00,62.084,present,956.0,"{""state"":""present"",""devices"":[{""Status"":""OK"",""Class"":""AndroidUsbDeviceClass"",""FriendlyName"":""Android Bootloader Interface"",""InstanceId"":""USB\\VID_18D1&PID_D00D\\[REDACTED_DEVICE_SERIAL]""}]}",absent,fastboot,31.4,31.9,List of devices attached,[REDACTED_DEVICE_SERIAL]               fastboot
2026-10-01T14:29:25.271+00:00,2026-10-01T14:29:25.331+00:00,63.081,present,956.0,"{""state"":""present"",""devices"":[{""Status"":""OK"",""Class"":""AndroidUsbDeviceClass"",""FriendlyName"":""Android Bootloader Interface"",""InstanceId"":""USB\\VID_18D1&PID_D00D\\[REDACTED_DEVICE_SERIAL]""}]}",absent,fastboot,31.2,28.7,List of devices attached,[REDACTED_DEVICE_SERIAL]               fastboot
2026-10-01T14:29:26.271+00:00,2026-10-01T14:29:26.333+00:00,64.083,present,1028.2,"{""state"":""present"",""devices"":[{""Status"":""OK"",""Class"":""AndroidUsbDeviceClass"",""FriendlyName"":""Android Bootloader Interface"",""InstanceId"":""USB\\VID_18D1&PID_D00D\\[REDACTED_DEVICE_SERIAL]""}]}",absent,fastboot,31.2,30.4,List of devices attached,[REDACTED_DEVICE_SERIAL]               fastboot
2026-10-01T14:29:27.272+00:00,2026-10-01T14:29:27.335+00:00,65.085,present,973.5,"{""state"":""present"",""devices"":[{""Status"":""OK"",""Class"":""AndroidUsbDeviceClass"",""FriendlyName"":""Android Bootloader Interface"",""InstanceId"":""USB\\VID_18D1&PID_D00D\\[REDACTED_DEVICE_SERIAL]""}]}",absent,fastboot,32.5,30.3,List of devices attached,[REDACTED_DEVICE_SERIAL]               fastboot
2026-10-01T14:29:28.272+00:00,2026-10-01T14:29:28.334+00:00,66.084,present,940.3,"{""state"":""present"",""devices"":[{""Status"":""OK"",""Class"":""AndroidUsbDeviceClass"",""FriendlyName"":""Android Bootloader Interface"",""InstanceId"":""USB\\VID_18D1&PID_D00D\\[REDACTED_DEVICE_SERIAL]""}]}",absent,fastboot,31.5,30.6,List of devices attached,[REDACTED_DEVICE_SERIAL]               fastboot
2026-10-01T14:29:29.272+00:00,2026-10-01T14:29:29.336+00:00,67.086,present,963.4,"{""state"":""present"",""devices"":[{""Status"":""OK"",""Class"":""AndroidUsbDeviceClass"",""FriendlyName"":""Android Bootloader Interface"",""InstanceId"":""USB\\VID_18D1&PID_D00D\\[REDACTED_DEVICE_SERIAL]""}]}",absent,fastboot,32.2,31.9,List of devices attached,[REDACTED_DEVICE_SERIAL]               fastboot
2026-10-01T14:29:30.273+00:00,2026-10-01T14:29:30.337+00:00,68.087,present,968.8,"{""state"":""present"",""devices"":[{""Status"":""OK"",""Class"":""AndroidUsbDeviceClass"",""FriendlyName"":""Android Bootloader Interface"",""InstanceId"":""USB\\VID_18D1&PID_D00D\\[REDACTED_DEVICE_SERIAL]""}]}",absent,fastboot,32.5,31.4,List of devices attached,[REDACTED_DEVICE_SERIAL]               fastboot
2026-10-01T14:29:31.273+00:00,2026-10-01T14:29:31.335+00:00,69.085,present,976.0,"{""state"":""present"",""devices"":[{""Status"":""OK"",""Class"":""AndroidUsbDeviceClass"",""FriendlyName"":""Android Bootloader Interface"",""InstanceId"":""USB\\VID_18D1&PID_D00D\\[REDACTED_DEVICE_SERIAL]""}]}",absent,fastboot,31.8,30.3,List of devices attached,[REDACTED_DEVICE_SERIAL]               fastboot
2026-10-01T14:29:32.273+00:00,2026-10-01T14:29:32.337+00:00,70.087,present,957.7,"{""state"":""present"",""devices"":[{""Status"":""OK"",""Class"":""AndroidUsbDeviceClass"",""FriendlyName"":""Android Bootloader Interface"",""InstanceId"":""USB\\VID_18D1&PID_D00D\\[REDACTED_DEVICE_SERIAL]""}]}",absent,fastboot,32.4,31.4,List of devices attached,[REDACTED_DEVICE_SERIAL]               fastboot
2026-10-01T14:29:33.274+00:00,2026-10-01T14:29:33.336+00:00,71.086,present,962.6,"{""state"":""present"",""devices"":[{""Status"":""OK"",""Class"":""AndroidUsbDeviceClass"",""FriendlyName"":""Android Bootloader Interface"",""InstanceId"":""USB\\VID_18D1&PID_D00D\\[REDACTED_DEVICE_SERIAL]""}]}",absent,fastboot,30.8,31.8,List of devices attached,[REDACTED_DEVICE_SERIAL]               fastboot
2026-10-01T14:29:34.274+00:00,2026-10-01T14:29:34.336+00:00,72.086,present,978.8,"{""state"":""present"",""devices"":[{""Status"":""OK"",""Class"":""AndroidUsbDeviceClass"",""FriendlyName"":""Android Bootloader Interface"",""InstanceId"":""USB\\VID_18D1&PID_D00D\\[REDACTED_DEVICE_SERIAL]""}]}",absent,fastboot,31.5,30.7,List of devices attached,[REDACTED_DEVICE_SERIAL]               fastboot
2026-10-01T14:29:35.274+00:00,2026-10-01T14:29:35.339+00:00,73.089,present,932.0,"{""state"":""present"",""devices"":[{""Status"":""OK"",""Class"":""AndroidUsbDeviceClass"",""FriendlyName"":""Android Bootloader Interface"",""InstanceId"":""USB\\VID_18D1&PID_D00D\\[REDACTED_DEVICE_SERIAL]""}]}",absent,fastboot,31.8,33.4,List of devices attached,[REDACTED_DEVICE_SERIAL]               fastboot
2026-10-01T14:29:36.275+00:00,2026-10-01T14:29:36.337+00:00,74.087,absent,975.8,"{""state"":""absent"",""devices"":[]}",absent,absent,31.6,31.0,List of devices attached,
2026-10-01T14:29:37.275+00:00,2026-10-01T14:29:37.337+00:00,75.087,absent,932.9,"{""state"":""absent"",""devices"":[]}",absent,absent,32.7,29.8,List of devices attached,
2026-10-01T14:29:38.275+00:00,2026-10-01T14:29:38.335+00:00,76.085,absent,947.5,"{""state"":""absent"",""devices"":[]}",absent,absent,31.1,28.7,List of devices attached,
2026-10-01T14:29:39.275+00:00,2026-10-01T14:29:39.338+00:00,77.088,absent,982.5,"{""state"":""absent"",""devices"":[]}",absent,absent,31.9,30.8,List of devices attached,
2026-10-01T14:29:40.275+00:00,2026-10-01T14:29:40.337+00:00,78.087,absent,972.6,"{""state"":""absent"",""devices"":[]}",absent,absent,31.1,30.8,List of devices attached,
2026-10-01T14:29:41.276+00:00,2026-10-01T14:29:41.337+00:00,79.087,absent,969.0,"{""state"":""absent"",""devices"":[]}",absent,absent,31.0,29.9,List of devices attached,
2026-10-01T14:29:42.276+00:00,2026-10-01T14:29:42.336+00:00,80.086,absent,970.9,"{""state"":""absent"",""devices"":[]}",absent,absent,31.2,29.3,List of devices attached,
2026-10-01T14:29:43.276+00:00,2026-10-01T14:29:43.338+00:00,81.088,absent,967.7,"{""state"":""absent"",""devices"":[]}",absent,absent,31.9,29.9,List of devices attached,
2026-10-01T14:29:44.277+00:00,2026-10-01T14:29:44.338+00:00,82.088,absent,964.8,"{""state"":""absent"",""devices"":[]}",absent,absent,31.1,30.1,List of devices attached,
2026-10-01T14:29:45.277+00:00,2026-10-01T14:29:45.340+00:00,83.090,absent,953.6,"{""state"":""absent"",""devices"":[]}",absent,absent,31.1,31.4,List of devices attached,
2026-10-01T14:29:46.277+00:00,2026-10-01T14:29:46.341+00:00,84.091,absent,966.6,"{""state"":""absent"",""devices"":[]}",absent,absent,32.7,30.6,List of devices attached,
2026-10-01T14:29:47.278+00:00,2026-10-01T14:29:47.341+00:00,85.091,absent,974.9,"{""state"":""absent"",""devices"":[]}",absent,absent,31.8,31.2,List of devices attached,
2026-10-01T14:29:48.278+00:00,2026-10-01T14:29:48.344+00:00,86.094,absent,981.0,"{""state"":""absent"",""devices"":[]}",absent,absent,34.6,30.6,List of devices attached,
2026-10-01T14:29:49.278+00:00,2026-10-01T14:29:49.340+00:00,87.090,absent,946.3,"{""state"":""absent"",""devices"":[]}",absent,absent,31.6,30.0,List of devices attached,
2026-10-01T14:29:50.278+00:00,2026-10-01T14:29:50.340+00:00,88.090,absent,971.8,"{""state"":""absent"",""devices"":[]}",absent,absent,31.5,29.9,List of devices attached,
2026-10-01T14:29:51.279+00:00,2026-10-01T14:29:51.344+00:00,89.094,absent,955.6,"{""state"":""absent"",""devices"":[]}",absent,absent,33.4,31.6,List of devices attached,
2026-10-01T14:29:52.279+00:00,2026-10-01T14:29:52.345+00:00,90.095,absent,978.7,"{""state"":""absent"",""devices"":[]}",absent,absent,34.5,31.3,List of devices attached,
2026-10-01T14:29:53.279+00:00,2026-10-01T14:29:53.341+00:00,91.091,absent,962.5,"{""state"":""absent"",""devices"":[]}",absent,absent,31.8,29.6,List of devices attached,
2026-10-01T14:29:54.280+00:00,2026-10-01T14:29:54.340+00:00,92.090,absent,957.1,"{""state"":""absent"",""devices"":[]}",absent,absent,32.0,28.6,List of devices attached,
2026-10-01T14:29:55.280+00:00,2026-10-01T14:29:55.343+00:00,93.093,absent,970.5,"{""state"":""absent"",""devices"":[]}",absent,absent,31.9,31.4,List of devices attached,
2026-10-01T14:29:56.280+00:00,2026-10-01T14:29:56.341+00:00,94.091,absent,958.1,"{""state"":""absent"",""devices"":[]}",absent,absent,32.4,28.7,List of devices attached,
2026-10-01T14:29:57.280+00:00,2026-10-01T14:29:57.342+00:00,95.092,absent,961.8,"{""state"":""absent"",""devices"":[]}",absent,absent,32.4,29.1,List of devices attached,
2026-10-01T14:29:58.280+00:00,2026-10-01T14:29:58.344+00:00,96.094,absent,937.3,"{""state"":""absent"",""devices"":[]}",absent,absent,33.1,30.8,List of devices attached,
2026-10-01T14:29:59.281+00:00,2026-10-01T14:29:59.347+00:00,97.097,absent,909.0,"{""state"":""absent"",""devices"":[]}",absent,absent,33.5,32.5,List of devices attached,
2026-10-01T14:30:00.281+00:00,2026-10-01T14:30:00.345+00:00,98.095,absent,937.7,"{""state"":""absent"",""devices"":[]}",absent,absent,33.2,30.4,List of devices attached,
2026-10-01T14:30:01.281+00:00,2026-10-01T14:30:01.346+00:00,99.096,absent,928.9,"{""state"":""absent"",""devices"":[]}",absent,absent,33.2,31.5,List of devices attached,
2026-10-01T14:30:02.282+00:00,2026-10-01T14:30:02.345+00:00,100.095,absent,909.3,"{""state"":""absent"",""devices"":[]}",absent,absent,32.0,31.3,List of devices attached,
2026-10-01T14:30:03.282+00:00,2026-10-01T14:30:03.344+00:00,101.094,absent,894.1,"{""state"":""absent"",""devices"":[]}",absent,absent,32.5,29.5,List of devices attached,
2026-10-01T14:30:04.282+00:00,2026-10-01T14:30:04.345+00:00,102.095,absent,943.2,"{""state"":""absent"",""devices"":[]}",absent,absent,32.6,30.0,List of devices attached,
2026-10-01T14:30:05.283+00:00,2026-10-01T14:30:05.348+00:00,103.098,absent,922.1,"{""state"":""absent"",""devices"":[]}",absent,absent,32.8,32.2,List of devices attached,
2026-10-01T14:30:06.283+00:00,2026-10-01T14:30:06.348+00:00,104.098,absent,911.7,"{""state"":""absent"",""devices"":[]}",absent,absent,32.8,31.6,List of devices attached,
2026-10-01T14:30:07.283+00:00,2026-10-01T14:30:07.349+00:00,105.099,absent,966.3,"{""state"":""absent"",""devices"":[]}",absent,absent,32.5,32.5,List of devices attached,
2026-10-01T14:30:08.284+00:00,2026-10-01T14:30:08.346+00:00,106.096,absent,919.5,"{""state"":""absent"",""devices"":[]}",absent,absent,31.9,30.4,List of devices attached,
2026-10-01T14:30:09.284+00:00,2026-10-01T14:30:09.347+00:00,107.097,absent,885.2,"{""state"":""absent"",""devices"":[]}",absent,absent,32.9,29.9,List of devices attached,
2026-10-01T14:30:10.284+00:00,2026-10-01T14:30:10.350+00:00,108.100,absent,920.4,"{""state"":""absent"",""devices"":[]}",absent,absent,34.7,31.0,List of devices attached,
2026-10-01T14:30:11.285+00:00,2026-10-01T14:30:11.351+00:00,109.101,absent,894.4,"{""state"":""absent"",""devices"":[]}",absent,absent,34.5,31.9,List of devices attached,
2026-10-01T14:30:12.285+00:00,2026-10-01T14:30:12.348+00:00,110.098,absent,990.3,"{""state"":""absent"",""devices"":[]}",absent,absent,32.3,31.2,List of devices attached,
2026-10-01T14:30:13.285+00:00,2026-10-01T14:30:13.350+00:00,111.100,absent,953.7,"{""state"":""absent"",""devices"":[]}",absent,absent,33.4,31.3,List of devices attached,
2026-10-01T14:30:14.285+00:00,2026-10-01T14:30:14.350+00:00,112.100,absent,942.6,"{""state"":""absent"",""devices"":[]}",absent,absent,33.2,31.6,List of devices attached,
2026-10-01T14:30:15.286+00:00,2026-10-01T14:30:15.348+00:00,113.098,absent,923.0,"{""state"":""absent"",""devices"":[]}",absent,absent,32.1,29.6,List of devices attached,
2026-10-01T14:30:16.286+00:00,2026-10-01T14:30:16.347+00:00,114.097,absent,950.7,"{""state"":""absent"",""devices"":[]}",absent,absent,31.0,29.9,List of devices attached,
2026-10-01T14:30:17.286+00:00,2026-10-01T14:30:17.348+00:00,115.098,absent,985.1,"{""state"":""absent"",""devices"":[]}",absent,absent,32.1,29.7,List of devices attached,
2026-10-01T14:30:18.287+00:00,2026-10-01T14:30:18.348+00:00,116.098,absent,968.6,"{""state"":""absent"",""devices"":[]}",absent,absent,32.1,29.1,List of devices attached,
2026-10-01T14:30:19.287+00:00,2026-10-01T14:30:19.350+00:00,117.100,absent,962.8,"{""state"":""absent"",""devices"":[]}",absent,absent,32.9,30.0,List of devices attached,
2026-10-01T14:30:20.287+00:00,2026-10-01T14:30:20.350+00:00,118.100,absent,944.4,"{""state"":""absent"",""devices"":[]}",absent,absent,31.9,31.0,List of devices attached,
2026-10-01T14:30:21.288+00:00,2026-10-01T14:30:21.349+00:00,119.099,absent,999.9,"{""state"":""absent"",""devices"":[]}",absent,absent,31.9,29.5,List of devices attached,
2026-10-01T14:30:22.288+00:00,2026-10-01T14:30:22.349+00:00,120.099,absent,975.4,"{""state"":""absent"",""devices"":[]}",absent,absent,30.9,29.5,List of devices attached,
2026-10-01T14:30:23.289+00:00,2026-10-01T14:30:23.349+00:00,121.099,absent,959.9,"{""state"":""absent"",""devices"":[]}",absent,absent,31.0,29.2,List of devices attached,
2026-10-01T14:30:24.289+00:00,2026-10-01T14:30:24.353+00:00,122.103,absent,965.9,"{""state"":""absent"",""devices"":[]}",absent,absent,32.3,31.1,List of devices attached,
2026-10-01T14:30:25.289+00:00,2026-10-01T14:30:25.352+00:00,123.102,absent,978.8,"{""state"":""absent"",""devices"":[]}",absent,absent,33.0,29.6,List of devices attached,
2026-10-01T14:30:26.290+00:00,2026-10-01T14:30:26.349+00:00,124.099,absent,964.8,"{""state"":""absent"",""devices"":[]}",absent,absent,31.1,28.4,List of devices attached,
2026-10-01T14:30:27.290+00:00,2026-10-01T14:30:27.354+00:00,125.103,absent,962.9,"{""state"":""absent"",""devices"":[]}",absent,absent,33.2,30.5,List of devices attached,
2026-10-01T14:30:28.290+00:00,2026-10-01T14:30:28.352+00:00,126.102,absent,962.0,"{""state"":""absent"",""devices"":[]}",absent,absent,32.2,29.8,List of devices attached,
2026-10-01T14:30:29.291+00:00,2026-10-01T14:30:29.350+00:00,127.100,absent,969.8,"{""state"":""absent"",""devices"":[]}",absent,absent,30.9,29.0,List of devices attached,
2026-10-01T14:30:30.291+00:00,2026-10-01T14:30:30.353+00:00,128.103,absent,946.4,"{""state"":""absent"",""devices"":[]}",absent,absent,32.0,29.7,List of devices attached,
2026-10-01T14:30:31.291+00:00,2026-10-01T14:30:31.352+00:00,129.102,absent,965.0,"{""state"":""absent"",""devices"":[]}",absent,absent,31.0,29.7,List of devices attached,
2026-10-01T14:30:32.291+00:00,2026-10-01T14:30:32.352+00:00,130.102,absent,984.7,"{""state"":""absent"",""devices"":[]}",absent,absent,31.3,29.1,List of devices attached,
2026-10-01T14:30:33.291+00:00,2026-10-01T14:30:33.352+00:00,131.102,absent,951.5,"{""state"":""absent"",""devices"":[]}",absent,absent,30.8,29.2,List of devices attached,
2026-10-01T14:30:34.292+00:00,2026-10-01T14:30:34.355+00:00,132.105,absent,976.8,"{""state"":""absent"",""devices"":[]}",absent,absent,32.5,30.0,List of devices attached,
2026-10-01T14:30:35.292+00:00,2026-10-01T14:30:35.354+00:00,133.104,absent,940.9,"{""state"":""absent"",""devices"":[]}",absent,absent,32.0,29.2,List of devices attached,
2026-10-01T14:30:36.293+00:00,2026-10-01T14:30:36.353+00:00,134.103,absent,964.6,"{""state"":""absent"",""devices"":[]}",absent,absent,31.1,28.9,List of devices attached,
2026-10-01T14:30:37.293+00:00,2026-10-01T14:30:37.356+00:00,135.106,absent,970.8,"{""state"":""absent"",""devices"":[]}",absent,absent,33.2,29.8,List of devices attached,
2026-10-01T14:30:38.293+00:00,2026-10-01T14:30:38.354+00:00,136.104,absent,948.8,"{""state"":""absent"",""devices"":[]}",absent,absent,30.7,29.6,List of devices attached,
2026-10-01T14:30:39.294+00:00,2026-10-01T14:30:39.357+00:00,137.107,absent,963.4,"{""state"":""absent"",""devices"":[]}",absent,absent,32.4,30.9,List of devices attached,
2026-10-01T14:30:40.294+00:00,2026-10-01T14:30:40.355+00:00,138.105,absent,962.5,"{""state"":""absent"",""devices"":[]}",absent,absent,29.9,31.0,List of devices attached,
2026-10-01T14:30:41.294+00:00,2026-10-01T14:30:41.356+00:00,139.106,absent,980.9,"{""state"":""absent"",""devices"":[]}",absent,absent,30.9,30.4,List of devices attached,
2026-10-01T14:30:42.294+00:00,2026-10-01T14:30:42.355+00:00,140.105,absent,951.2,"{""state"":""absent"",""devices"":[]}",absent,absent,29.7,30.5,List of devices attached,
2026-10-01T14:30:43.294+00:00,2026-10-01T14:30:43.358+00:00,141.108,absent,975.0,"{""state"":""absent"",""devices"":[]}",absent,absent,31.5,31.9,List of devices attached,
2026-10-01T14:30:44.295+00:00,2026-10-01T14:30:44.358+00:00,142.108,absent,967.5,"{""state"":""absent"",""devices"":[]}",absent,absent,32.7,30.6,List of devices attached,
2026-10-01T14:30:45.295+00:00,2026-10-01T14:30:45.355+00:00,143.105,absent,954.5,"{""state"":""absent"",""devices"":[]}",absent,absent,31.0,29.3,List of devices attached,
2026-10-01T14:30:46.295+00:00,2026-10-01T14:30:46.356+00:00,144.106,absent,960.0,"{""state"":""absent"",""devices"":[]}",absent,absent,31.5,28.7,List of devices attached,
2026-10-01T14:30:47.296+00:00,2026-10-01T14:30:47.356+00:00,145.106,absent,971.0,"{""state"":""absent"",""devices"":[]}",absent,absent,31.0,29.0,List of devices attached,
2026-10-01T14:30:48.296+00:00,2026-10-01T14:30:48.358+00:00,146.108,absent,950.6,"{""state"":""absent"",""devices"":[]}",absent,absent,31.8,29.5,List of devices attached,
2026-10-01T14:30:49.297+00:00,2026-10-01T14:30:49.356+00:00,147.106,absent,949.7,"{""state"":""absent"",""devices"":[]}",absent,absent,30.0,29.2,List of devices attached,
2026-10-01T14:30:50.297+00:00,2026-10-01T14:30:50.361+00:00,148.111,absent,954.4,"{""state"":""absent"",""devices"":[]}",absent,absent,32.9,31.0,List of devices attached,
2026-10-01T14:30:51.297+00:00,2026-10-01T14:30:51.360+00:00,149.110,absent,961.8,"{""state"":""absent"",""devices"":[]}",absent,absent,33.5,28.9,List of devices attached,
2026-10-01T14:30:52.298+00:00,2026-10-01T14:30:52.357+00:00,150.107,absent,953.3,"{""state"":""absent"",""devices"":[]}",absent,absent,30.0,29.1,List of devices attached,
2026-10-01T14:30:53.298+00:00,2026-10-01T14:30:53.360+00:00,151.110,absent,937.3,"{""state"":""absent"",""devices"":[]}",absent,absent,31.6,29.6,List of devices attached,
2026-10-01T14:30:54.299+00:00,2026-10-01T14:30:54.360+00:00,152.110,absent,947.2,"{""state"":""absent"",""devices"":[]}",absent,absent,32.2,29.1,List of devices attached,
2026-10-01T14:30:55.299+00:00,2026-10-01T14:30:55.360+00:00,153.110,absent,924.5,"{""state"":""absent"",""devices"":[]}",absent,absent,30.5,30.0,List of devices attached,
2026-10-01T14:30:56.300+00:00,2026-10-01T14:30:56.361+00:00,154.111,absent,962.9,"{""state"":""absent"",""devices"":[]}",absent,absent,32.3,29.5,List of devices attached,
2026-10-01T14:30:57.300+00:00,2026-10-01T14:30:57.361+00:00,155.111,absent,973.2,"{""state"":""absent"",""devices"":[]}",absent,absent,30.6,30.3,List of devices attached,
2026-10-01T14:30:58.300+00:00,2026-10-01T14:30:58.362+00:00,156.112,absent,975.8,"{""state"":""absent"",""devices"":[]}",absent,absent,31.4,30.7,List of devices attached,
2026-10-01T14:30:59.300+00:00,2026-10-01T14:30:59.359+00:00,157.109,absent,966.5,"{""state"":""absent"",""devices"":[]}",absent,absent,30.1,28.5,List of devices attached,
2026-10-01T14:31:00.300+00:00,2026-10-01T14:31:00.364+00:00,158.114,absent,942.2,"{""state"":""absent"",""devices"":[]}",absent,absent,33.5,29.5,List of devices attached,
2026-10-01T14:31:01.301+00:00,2026-10-01T14:31:01.362+00:00,159.112,absent,988.8,"{""state"":""absent"",""devices"":[]}",absent,absent,31.4,29.7,List of devices attached,
2026-10-01T14:31:02.301+00:00,2026-10-01T14:31:02.362+00:00,160.112,absent,980.1,"{""state"":""absent"",""devices"":[]}",absent,absent,31.4,29.7,List of devices attached,
2026-10-01T14:31:03.301+00:00,2026-10-01T14:31:03.366+00:00,161.116,absent,923.8,"{""state"":""absent"",""devices"":[]}",absent,absent,32.7,31.4,List of devices attached,
2026-10-01T14:31:04.301+00:00,2026-10-01T14:31:04.363+00:00,162.113,absent,960.7,"{""state"":""absent"",""devices"":[]}",absent,absent,31.0,30.2,List of devices attached,
2026-10-01T14:31:05.302+00:00,2026-10-01T14:31:05.362+00:00,163.112,absent,940.8,"{""state"":""absent"",""devices"":[]}",absent,absent,31.0,29.0,List of devices attached,
2026-10-01T14:31:06.302+00:00,2026-10-01T14:31:06.362+00:00,164.112,absent,968.9,"{""state"":""absent"",""devices"":[]}",absent,absent,30.5,29.2,List of devices attached,
2026-10-01T14:31:07.303+00:00,2026-10-01T14:31:07.364+00:00,165.114,absent,971.4,"{""state"":""absent"",""devices"":[]}",absent,absent,32.1,29.7,List of devices attached,
2026-10-01T14:31:08.303+00:00,2026-10-01T14:31:08.365+00:00,166.115,absent,963.3,"{""state"":""absent"",""devices"":[]}",absent,absent,32.8,29.4,List of devices attached,
2026-10-01T14:31:09.303+00:00,2026-10-01T14:31:09.365+00:00,167.115,absent,969.9,"{""state"":""absent"",""devices"":[]}",absent,absent,31.8,29.7,List of devices attached,
2026-10-01T14:31:10.304+00:00,2026-10-01T14:31:10.366+00:00,168.116,absent,974.2,"{""state"":""absent"",""devices"":[]}",absent,absent,31.5,30.6,List of devices attached,
2026-10-01T14:31:11.304+00:00,2026-10-01T14:31:11.364+00:00,169.114,absent,949.0,"{""state"":""absent"",""devices"":[]}",absent,absent,30.1,29.5,List of devices attached,
2026-10-01T14:31:12.304+00:00,2026-10-01T14:31:12.365+00:00,170.115,absent,981.8,"{""state"":""absent"",""devices"":[]}",absent,absent,31.9,29.1,List of devices attached,
2026-10-01T14:31:13.305+00:00,2026-10-01T14:31:13.365+00:00,171.115,absent,959.1,"{""state"":""absent"",""devices"":[]}",absent,absent,31.3,29.2,List of devices attached,
2026-10-01T14:31:14.305+00:00,2026-10-01T14:31:14.366+00:00,172.116,absent,970.3,"{""state"":""absent"",""devices"":[]}",absent,absent,31.9,29.0,List of devices attached,
2026-10-01T14:31:15.305+00:00,2026-10-01T14:31:15.365+00:00,173.115,absent,904.0,"{""state"":""absent"",""devices"":[]}",absent,absent,30.8,29.3,List of devices attached,
2026-10-01T14:31:16.306+00:00,2026-10-01T14:31:16.368+00:00,174.118,absent,951.7,"{""state"":""absent"",""devices"":[]}",absent,absent,31.8,30.5,List of devices attached,
2026-10-01T14:31:17.306+00:00,2026-10-01T14:31:17.369+00:00,175.119,absent,981.1,"{""state"":""absent"",""devices"":[]}",absent,absent,31.9,30.7,List of devices attached,
2026-10-01T14:31:18.306+00:00,2026-10-01T14:31:18.367+00:00,176.117,absent,952.9,"{""state"":""absent"",""devices"":[]}",absent,absent,30.9,29.9,List of devices attached,
2026-10-01T14:31:19.306+00:00,2026-10-01T14:31:19.370+00:00,177.120,absent,967.5,"{""state"":""absent"",""devices"":[]}",absent,absent,33.0,30.1,List of devices attached,
2026-10-01T14:31:20.307+00:00,2026-10-01T14:31:20.369+00:00,178.119,absent,972.0,"{""state"":""absent"",""devices"":[]}",absent,absent,32.4,29.6,List of devices attached,
2026-10-01T14:31:21.307+00:00,2026-10-01T14:31:21.374+00:00,179.124,absent,937.4,"{""state"":""absent"",""devices"":[]}",absent,absent,34.0,32.4,List of devices attached,
2026-10-01T14:31:22.307+00:00,2026-10-01T14:31:22.369+00:00,180.119,absent,982.8,"{""state"":""absent"",""devices"":[]}",absent,absent,31.9,30.0,List of devices attached,
2026-10-01T14:31:23.308+00:00,2026-10-01T14:31:23.370+00:00,181.120,absent,953.5,"{""state"":""absent"",""devices"":[]}",absent,absent,32.3,29.7,List of devices attached,
2026-10-01T14:31:24.308+00:00,2026-10-01T14:31:24.372+00:00,182.122,absent,952.8,"{""state"":""absent"",""devices"":[]}",absent,absent,33.4,30.8,List of devices attached,
2026-10-01T14:31:25.308+00:00,2026-10-01T14:31:25.369+00:00,183.119,absent,962.3,"{""state"":""absent"",""devices"":[]}",absent,absent,31.3,30.0,List of devices attached,
2026-10-01T14:31:26.308+00:00,2026-10-01T14:31:26.370+00:00,184.120,absent,986.4,"{""state"":""absent"",""devices"":[]}",absent,absent,31.7,30.0,List of devices attached,
2026-10-01T14:31:27.308+00:00,2026-10-01T14:31:27.369+00:00,185.119,absent,986.4,"{""state"":""absent"",""devices"":[]}",absent,absent,31.3,29.0,List of devices attached,
2026-10-01T14:31:28.309+00:00,2026-10-01T14:31:28.369+00:00,186.119,absent,1031.0,"{""state"":""absent"",""devices"":[]}",absent,absent,30.6,29.9,List of devices attached,
2026-10-01T14:31:29.309+00:00,2026-10-01T14:31:29.371+00:00,187.121,absent,968.8,"{""state"":""absent"",""devices"":[]}",absent,absent,32.2,29.1,List of devices attached,
2026-10-01T14:31:30.309+00:00,2026-10-01T14:31:30.371+00:00,188.121,absent,951.1,"{""state"":""absent"",""devices"":[]}",absent,absent,31.6,29.5,List of devices attached,
2026-10-01T14:31:31.310+00:00,2026-10-01T14:31:31.372+00:00,189.122,absent,959.5,"{""state"":""absent"",""devices"":[]}",absent,absent,30.9,30.8,List of devices attached,
2026-10-01T14:31:32.310+00:00,2026-10-01T14:31:32.375+00:00,190.125,absent,953.6,"{""state"":""absent"",""devices"":[]}",absent,absent,33.4,31.2,List of devices attached,
2026-10-01T14:31:33.310+00:00,2026-10-01T14:31:33.374+00:00,191.124,absent,957.8,"{""state"":""absent"",""devices"":[]}",absent,absent,32.3,31.1,List of devices attached,
2026-10-01T14:31:34.310+00:00,2026-10-01T14:31:34.372+00:00,192.122,absent,957.6,"{""state"":""absent"",""devices"":[]}",absent,absent,30.9,30.3,List of devices attached,
2026-10-01T14:31:35.311+00:00,2026-10-01T14:31:35.373+00:00,193.123,absent,950.3,"{""state"":""absent"",""devices"":[]}",absent,absent,32.3,29.5,List of devices attached,
2026-10-01T14:31:36.311+00:00,2026-10-01T14:31:36.375+00:00,194.125,absent,941.8,"{""state"":""absent"",""devices"":[]}",absent,absent,32.7,30.8,List of devices attached,
2026-10-01T14:31:37.311+00:00,2026-10-01T14:31:37.372+00:00,195.122,absent,962.3,"{""state"":""absent"",""devices"":[]}",absent,absent,30.7,29.6,List of devices attached,
2026-10-01T14:31:38.312+00:00,2026-10-01T14:31:38.374+00:00,196.124,absent,968.1,"{""state"":""absent"",""devices"":[]}",absent,absent,31.8,29.9,List of devices attached,
2026-10-01T14:31:39.312+00:00,2026-10-01T14:31:39.372+00:00,197.122,absent,960.8,"{""state"":""absent"",""devices"":[]}",absent,absent,31.5,28.3,List of devices attached,
2026-10-01T14:31:40.312+00:00,2026-10-01T14:31:40.375+00:00,198.125,absent,956.6,"{""state"":""absent"",""devices"":[]}",absent,absent,32.5,30.1,List of devices attached,
2026-10-01T14:31:41.312+00:00,2026-10-01T14:31:41.375+00:00,199.125,absent,998.8,"{""state"":""absent"",""devices"":[]}",absent,absent,32.6,30.3,List of devices attached,
2026-10-01T14:31:42.313+00:00,2026-10-01T14:31:42.374+00:00,200.124,absent,955.0,"{""state"":""absent"",""devices"":[]}",absent,absent,31.0,29.9,List of devices attached,
2026-10-01T14:31:43.313+00:00,2026-10-01T14:31:43.374+00:00,201.124,absent,941.6,"{""state"":""absent"",""devices"":[]}",absent,absent,32.7,28.4,List of devices attached,
2026-10-01T14:31:44.313+00:00,2026-10-01T14:31:44.376+00:00,202.126,absent,966.7,"{""state"":""absent"",""devices"":[]}",absent,absent,32.8,30.0,List of devices attached,
2026-10-01T14:31:45.314+00:00,2026-10-01T14:31:45.374+00:00,203.124,absent,963.4,"{""state"":""absent"",""devices"":[]}",absent,absent,31.3,28.8,List of devices attached,
2026-10-01T14:31:46.314+00:00,2026-10-01T14:31:46.377+00:00,204.127,absent,943.1,"{""state"":""absent"",""devices"":[]}",absent,absent,32.2,30.5,List of devices attached,
2026-10-01T14:31:47.314+00:00,2026-10-01T14:31:47.375+00:00,205.125,absent,959.1,"{""state"":""absent"",""devices"":[]}",absent,absent,31.0,29.9,List of devices attached,
2026-10-01T14:31:48.315+00:00,2026-10-01T14:31:48.377+00:00,206.127,absent,969.9,"{""state"":""absent"",""devices"":[]}",absent,absent,31.4,30.2,List of devices attached,
2026-10-01T14:31:49.315+00:00,2026-10-01T14:31:49.377+00:00,207.127,absent,963.4,"{""state"":""absent"",""devices"":[]}",absent,absent,32.0,29.3,List of devices attached,
2026-10-01T14:31:50.316+00:00,2026-10-01T14:31:50.378+00:00,208.128,absent,968.7,"{""state"":""absent"",""devices"":[]}",absent,absent,31.8,30.3,List of devices attached,
2026-10-01T14:31:51.316+00:00,2026-10-01T14:31:51.377+00:00,209.127,absent,965.4,"{""state"":""absent"",""devices"":[]}",absent,absent,32.0,29.3,List of devices attached,
2026-10-01T14:31:52.316+00:00,2026-10-01T14:31:52.379+00:00,210.129,absent,956.0,"{""state"":""absent"",""devices"":[]}",absent,absent,31.7,30.9,List of devices attached,
2026-10-01T14:31:53.317+00:00,2026-10-01T14:31:53.382+00:00,211.132,absent,889.9,"{""state"":""absent"",""devices"":[]}",absent,absent,32.4,33.2,List of devices attached,
2026-10-01T14:31:54.317+00:00,2026-10-01T14:31:54.379+00:00,212.129,absent,957.7,"{""state"":""absent"",""devices"":[]}",absent,absent,32.4,29.6,List of devices attached,
2026-10-01T14:31:55.317+00:00,2026-10-01T14:31:55.379+00:00,213.129,absent,960.0,"{""state"":""absent"",""devices"":[]}",absent,absent,32.4,29.3,List of devices attached,
2026-10-01T14:31:56.318+00:00,2026-10-01T14:31:56.379+00:00,214.129,absent,957.7,"{""state"":""absent"",""devices"":[]}",absent,absent,31.3,29.9,List of devices attached,
2026-10-01T14:31:57.318+00:00,2026-10-01T14:31:57.379+00:00,215.129,absent,970.5,"{""state"":""absent"",""devices"":[]}",absent,absent,31.1,29.2,List of devices attached,
2026-10-01T14:31:58.319+00:00,2026-10-01T14:31:58.382+00:00,216.132,absent,986.5,"{""state"":""absent"",""devices"":[]}",absent,absent,32.0,31.4,List of devices attached,
2026-10-01T14:31:59.319+00:00,2026-10-01T14:31:59.383+00:00,217.133,absent,966.0,"{""state"":""absent"",""devices"":[]}",absent,absent,34.0,30.6,List of devices attached,
2026-10-01T14:32:00.319+00:00,2026-10-01T14:32:00.379+00:00,218.129,absent,983.3,"{""state"":""absent"",""devices"":[]}",absent,absent,30.6,28.8,List of devices attached,
2026-10-01T14:32:01.320+00:00,2026-10-01T14:32:01.380+00:00,219.130,absent,945.5,"{""state"":""absent"",""devices"":[]}",absent,absent,31.3,28.8,List of devices attached,
2026-10-01T14:32:02.320+00:00,2026-10-01T14:32:02.380+00:00,220.130,absent,946.5,"{""state"":""absent"",""devices"":[]}",absent,absent,30.7,29.2,List of devices attached,
2026-10-01T14:32:03.320+00:00,2026-10-01T14:32:03.381+00:00,221.131,absent,959.0,"{""state"":""absent"",""devices"":[]}",absent,absent,32.1,28.8,List of devices attached,
2026-10-01T14:32:04.320+00:00,2026-10-01T14:32:04.380+00:00,222.130,absent,954.0,"{""state"":""absent"",""devices"":[]}",absent,absent,31.1,29.0,List of devices attached,
2026-10-01T14:32:05.320+00:00,2026-10-01T14:32:05.382+00:00,223.132,absent,969.5,"{""state"":""absent"",""devices"":[]}",absent,absent,31.7,30.3,List of devices attached,
2026-10-01T14:32:06.321+00:00,2026-10-01T14:32:06.380+00:00,224.130,absent,956.9,"{""state"":""absent"",""devices"":[]}",absent,absent,30.7,29.0,List of devices attached,
2026-10-01T14:32:07.321+00:00,2026-10-01T14:32:07.382+00:00,225.132,absent,950.9,"{""state"":""absent"",""devices"":[]}",absent,absent,31.3,29.9,List of devices attached,
2026-10-01T14:32:08.321+00:00,2026-10-01T14:32:08.383+00:00,226.133,absent,998.5,"{""state"":""absent"",""devices"":[]}",absent,absent,32.6,29.9,List of devices attached,
2026-10-01T14:32:09.321+00:00,2026-10-01T14:32:09.382+00:00,227.132,absent,976.4,"{""state"":""absent"",""devices"":[]}",absent,absent,31.8,29.3,List of devices attached,
2026-10-01T14:32:10.321+00:00,2026-10-01T14:32:10.384+00:00,228.134,absent,948.5,"{""state"":""absent"",""devices"":[]}",absent,absent,32.4,30.2,List of devices attached,
2026-10-01T14:32:11.321+00:00,2026-10-01T14:32:11.385+00:00,229.135,absent,953.1,"{""state"":""absent"",""devices"":[]}",absent,absent,33.9,30.2,List of devices attached,
2026-10-01T14:32:12.322+00:00,2026-10-01T14:32:12.383+00:00,230.133,absent,980.0,"{""state"":""absent"",""devices"":[]}",absent,absent,32.3,29.3,List of devices attached,
2026-10-01T14:32:13.322+00:00,2026-10-01T14:32:13.383+00:00,231.133,absent,968.7,"{""state"":""absent"",""devices"":[]}",absent,absent,32.1,28.5,List of devices attached,
2026-10-01T14:32:14.322+00:00,2026-10-01T14:32:14.383+00:00,232.133,absent,955.2,"{""state"":""absent"",""devices"":[]}",absent,absent,31.5,29.4,List of devices attached,
2026-10-01T14:32:15.322+00:00,2026-10-01T14:32:15.385+00:00,233.135,absent,980.1,"{""state"":""absent"",""devices"":[]}",absent,absent,32.8,29.8,List of devices attached,
2026-10-01T14:32:16.323+00:00,2026-10-01T14:32:16.386+00:00,234.136,absent,966.2,"{""state"":""absent"",""devices"":[]}",absent,absent,31.4,31.6,List of devices attached,
2026-10-01T14:32:17.323+00:00,2026-10-01T14:32:17.383+00:00,235.133,absent,954.1,"{""state"":""absent"",""devices"":[]}",absent,absent,31.1,28.4,List of devices attached,
2026-10-01T14:32:18.323+00:00,2026-10-01T14:32:18.385+00:00,236.135,absent,995.5,"{""state"":""absent"",""devices"":[]}",absent,absent,31.0,30.6,List of devices attached,
2026-10-01T14:32:19.324+00:00,2026-10-01T14:32:19.386+00:00,237.136,absent,939.0,"{""state"":""absent"",""devices"":[]}",absent,absent,31.9,30.5,List of devices attached,
2026-10-01T14:32:20.324+00:00,2026-10-01T14:32:20.388+00:00,238.138,absent,950.9,"{""state"":""absent"",""devices"":[]}",absent,absent,33.3,30.2,List of devices attached,
2026-10-01T14:32:21.324+00:00,2026-10-01T14:32:21.385+00:00,239.135,absent,960.7,"{""state"":""absent"",""devices"":[]}",absent,absent,31.0,30.0,List of devices attached,
2026-10-01T14:32:22.324+00:00,2026-10-01T14:32:22.387+00:00,240.137,absent,920.5,"{""state"":""absent"",""devices"":[]}",absent,absent,32.6,29.8,List of devices attached,
2026-10-01T14:32:23.325+00:00,2026-10-01T14:32:23.387+00:00,241.137,absent,998.1,"{""state"":""absent"",""devices"":[]}",absent,absent,31.5,30.3,List of devices attached,
2026-10-01T14:32:24.325+00:00,2026-10-01T14:32:24.386+00:00,242.136,absent,963.3,"{""state"":""absent"",""devices"":[]}",absent,absent,31.5,29.6,List of devices attached,
2026-10-01T14:32:25.325+00:00,2026-10-01T14:32:25.386+00:00,243.136,absent,990.6,"{""state"":""absent"",""devices"":[]}",absent,absent,30.4,30.5,List of devices attached,
2026-10-01T14:32:26.326+00:00,2026-10-01T14:32:26.388+00:00,244.138,absent,972.1,"{""state"":""absent"",""devices"":[]}",absent,absent,32.3,29.5,List of devices attached,
2026-10-01T14:32:27.326+00:00,2026-10-01T14:32:27.387+00:00,245.137,absent,956.8,"{""state"":""absent"",""devices"":[]}",absent,absent,31.3,30.3,List of devices attached,
2026-10-01T14:32:28.326+00:00,2026-10-01T14:32:28.387+00:00,246.137,absent,978.0,"{""state"":""absent"",""devices"":[]}",absent,absent,30.1,30.6,List of devices attached,
2026-10-01T14:32:29.326+00:00,2026-10-01T14:32:29.388+00:00,247.138,absent,959.6,"{""state"":""absent"",""devices"":[]}",absent,absent,31.8,29.9,List of devices attached,
2026-10-01T14:32:30.327+00:00,2026-10-01T14:32:30.390+00:00,248.140,absent,967.5,"{""state"":""absent"",""devices"":[]}",absent,absent,32.1,31.0,List of devices attached,
2026-10-01T14:32:31.327+00:00,2026-10-01T14:32:31.392+00:00,249.142,absent,973.4,"{""state"":""absent"",""devices"":[]}",absent,absent,33.0,31.6,List of devices attached,
2026-10-01T14:32:32.328+00:00,2026-10-01T14:32:32.388+00:00,250.138,absent,969.9,"{""state"":""absent"",""devices"":[]}",absent,absent,30.6,29.4,List of devices attached,
2026-10-01T14:32:33.328+00:00,2026-10-01T14:32:33.388+00:00,251.138,absent,969.2,"{""state"":""absent"",""devices"":[]}",absent,absent,31.9,28.1,List of devices attached,
2026-10-01T14:32:34.328+00:00,2026-10-01T14:32:34.389+00:00,252.139,absent,966.8,"{""state"":""absent"",""devices"":[]}",absent,absent,31.3,29.2,List of devices attached,
2026-10-01T14:32:35.329+00:00,2026-10-01T14:32:35.391+00:00,253.141,absent,952.5,"{""state"":""absent"",""devices"":[]}",absent,absent,32.0,29.8,List of devices attached,
2026-10-01T14:32:36.329+00:00,2026-10-01T14:32:36.389+00:00,254.139,absent,981.9,"{""state"":""absent"",""devices"":[]}",absent,absent,31.0,28.9,List of devices attached,
2026-10-01T14:32:37.329+00:00,2026-10-01T14:32:37.389+00:00,255.139,absent,959.5,"{""state"":""absent"",""devices"":[]}",absent,absent,30.6,29.3,List of devices attached,
2026-10-01T14:32:38.329+00:00,2026-10-01T14:32:38.390+00:00,256.140,absent,978.4,"{""state"":""absent"",""devices"":[]}",absent,absent,31.4,29.5,List of devices attached,
2026-10-01T14:32:39.330+00:00,2026-10-01T14:32:39.392+00:00,257.142,absent,963.5,"{""state"":""absent"",""devices"":[]}",absent,absent,31.7,30.4,List of devices attached,
2026-10-01T14:32:40.330+00:00,2026-10-01T14:32:40.395+00:00,258.145,absent,981.3,"{""state"":""absent"",""devices"":[]}",absent,absent,33.4,31.6,List of devices attached,
2026-10-01T14:32:41.330+00:00,2026-10-01T14:32:41.391+00:00,259.141,absent,970.5,"{""state"":""absent"",""devices"":[]}",absent,absent,31.7,29.2,List of devices attached,
2026-10-01T14:32:42.331+00:00,2026-10-01T14:32:42.390+00:00,260.140,absent,951.4,"{""state"":""absent"",""devices"":[]}",absent,absent,30.3,29.4,List of devices attached,
2026-10-01T14:32:43.331+00:00,2026-10-01T14:32:43.393+00:00,261.143,absent,968.3,"{""state"":""absent"",""devices"":[]}",absent,absent,31.9,29.8,List of devices attached,
2026-10-01T14:32:44.331+00:00,2026-10-01T14:32:44.394+00:00,262.144,absent,969.5,"{""state"":""absent"",""devices"":[]}",absent,absent,32.1,30.6,List of devices attached,
2026-10-01T14:32:45.331+00:00,2026-10-01T14:32:45.393+00:00,263.143,absent,951.5,"{""state"":""absent"",""devices"":[]}",absent,absent,31.3,30.1,List of devices attached,
2026-10-01T14:32:46.332+00:00,2026-10-01T14:32:46.393+00:00,264.143,absent,968.0,"{""state"":""absent"",""devices"":[]}",absent,absent,30.5,30.6,List of devices attached,
2026-10-01T14:32:47.332+00:00,2026-10-01T14:32:47.394+00:00,265.144,absent,965.1,"{""state"":""absent"",""devices"":[]}",absent,absent,32.5,29.4,List of devices attached,
2026-10-01T14:32:48.332+00:00,2026-10-01T14:32:48.394+00:00,266.144,absent,957.3,"{""state"":""absent"",""devices"":[]}",absent,absent,32.5,29.1,List of devices attached,
2026-10-01T14:32:49.332+00:00,2026-10-01T14:32:49.393+00:00,267.143,absent,971.3,"{""state"":""absent"",""devices"":[]}",absent,absent,32.4,28.6,List of devices attached,
2026-10-01T14:32:50.333+00:00,2026-10-01T14:32:50.393+00:00,268.143,absent,950.2,"{""state"":""absent"",""devices"":[]}",absent,absent,31.6,29.1,List of devices attached,
2026-10-01T14:32:51.333+00:00,2026-10-01T14:32:51.394+00:00,269.144,absent,989.8,"{""state"":""absent"",""devices"":[]}",absent,absent,30.8,29.7,List of devices attached,
2026-10-01T14:32:52.333+00:00,2026-10-01T14:32:52.395+00:00,270.145,absent,970.3,"{""state"":""absent"",""devices"":[]}",absent,absent,31.0,30.3,List of devices attached,
2026-10-01T14:32:53.334+00:00,2026-10-01T14:32:53.394+00:00,271.144,absent,984.4,"{""state"":""absent"",""devices"":[]}",absent,absent,31.5,28.9,List of devices attached,
2026-10-01T14:32:54.334+00:00,2026-10-01T14:32:54.393+00:00,272.143,absent,960.1,"{""state"":""absent"",""devices"":[]}",absent,absent,30.8,28.0,List of devices attached,
2026-10-01T14:32:55.334+00:00,2026-10-01T14:32:55.395+00:00,273.145,absent,968.4,"{""state"":""absent"",""devices"":[]}",absent,absent,31.8,29.5,List of devices attached,
2026-10-01T14:32:56.334+00:00,2026-10-01T14:32:56.397+00:00,274.147,absent,978.5,"{""state"":""absent"",""devices"":[]}",absent,absent,31.6,30.6,List of devices attached,
2026-10-01T14:32:57.335+00:00,2026-10-01T14:32:57.396+00:00,275.145,absent,955.2,"{""state"":""absent"",""devices"":[]}",absent,absent,31.8,29.1,List of devices attached,
2026-10-01T14:32:58.335+00:00,2026-10-01T14:32:58.394+00:00,276.144,absent,982.9,"{""state"":""absent"",""devices"":[]}",absent,absent,30.9,28.3,List of devices attached,
2026-10-01T14:32:59.335+00:00,2026-10-01T14:32:59.397+00:00,277.147,absent,955.6,"{""state"":""absent"",""devices"":[]}",absent,absent,32.0,30.3,List of devices attached,
2026-10-01T14:33:00.335+00:00,2026-10-01T14:33:00.397+00:00,278.147,absent,973.3,"{""state"":""absent"",""devices"":[]}",absent,absent,33.2,28.0,List of devices attached,
2026-10-01T14:33:01.335+00:00,2026-10-01T14:33:01.397+00:00,279.147,absent,984.3,"{""state"":""absent"",""devices"":[]}",absent,absent,31.5,30.1,List of devices attached,
2026-10-01T14:33:02.335+00:00,2026-10-01T14:33:02.397+00:00,280.147,absent,957.6,"{""state"":""absent"",""devices"":[]}",absent,absent,32.6,29.5,List of devices attached,
2026-10-01T14:33:03.336+00:00,2026-10-01T14:33:03.395+00:00,281.145,absent,973.2,"{""state"":""absent"",""devices"":[]}",absent,absent,31.3,28.5,List of devices attached,
2026-10-01T14:33:04.336+00:00,2026-10-01T14:33:04.397+00:00,282.147,absent,970.3,"{""state"":""absent"",""devices"":[]}",absent,absent,31.0,30.1,List of devices attached,
2026-10-01T14:33:05.336+00:00,2026-10-01T14:33:05.399+00:00,283.149,absent,983.1,"{""state"":""absent"",""devices"":[]}",absent,absent,32.4,30.3,List of devices attached,
2026-10-01T14:33:06.337+00:00,2026-10-01T14:33:06.399+00:00,284.149,absent,944.3,"{""state"":""absent"",""devices"":[]}",absent,absent,31.1,31.1,List of devices attached,
2026-10-01T14:33:07.337+00:00,2026-10-01T14:33:07.399+00:00,285.149,absent,937.6,"{""state"":""absent"",""devices"":[]}",absent,absent,31.3,31.0,List of devices attached,
2026-10-01T14:33:08.337+00:00,2026-10-01T14:33:08.401+00:00,286.151,absent,945.8,"{""state"":""absent"",""devices"":[]}",absent,absent,32.1,31.5,List of devices attached,
2026-10-01T14:33:09.338+00:00,2026-10-01T14:33:09.401+00:00,287.151,absent,964.5,"{""state"":""absent"",""devices"":[]}",absent,absent,32.2,30.9,List of devices attached,
2026-10-01T14:33:10.338+00:00,2026-10-01T14:33:10.400+00:00,288.150,absent,967.7,"{""state"":""absent"",""devices"":[]}",absent,absent,33.0,29.5,List of devices attached,
2026-10-01T14:33:11.338+00:00,2026-10-01T14:33:11.403+00:00,289.153,absent,922.2,"{""state"":""absent"",""devices"":[]}",absent,absent,33.4,31.1,List of devices attached,
2026-10-01T14:33:12.338+00:00,2026-10-01T14:33:12.401+00:00,290.151,absent,977.1,"{""state"":""absent"",""devices"":[]}",absent,absent,33.0,30.0,List of devices attached,
2026-10-01T14:33:13.338+00:00,2026-10-01T14:33:13.400+00:00,291.150,absent,974.9,"{""state"":""absent"",""devices"":[]}",absent,absent,31.7,29.8,List of devices attached,
2026-10-01T14:33:14.339+00:00,2026-10-01T14:33:14.400+00:00,292.150,absent,955.5,"{""state"":""absent"",""devices"":[]}",absent,absent,31.4,29.1,List of devices attached,
2026-10-01T14:33:15.339+00:00,2026-10-01T14:33:15.400+00:00,293.150,absent,946.5,"{""state"":""absent"",""devices"":[]}",absent,absent,33.0,28.1,List of devices attached,
2026-10-01T14:33:16.339+00:00,2026-10-01T14:33:16.401+00:00,294.151,absent,976.1,"{""state"":""absent"",""devices"":[]}",absent,absent,32.6,28.9,List of devices attached,
2026-10-01T14:33:17.340+00:00,2026-10-01T14:33:17.402+00:00,295.152,absent,971.3,"{""state"":""absent"",""devices"":[]}",absent,absent,30.4,31.2,List of devices attached,
2026-10-01T14:33:18.340+00:00,2026-10-01T14:33:18.402+00:00,296.152,absent,987.0,"{""state"":""absent"",""devices"":[]}",absent,absent,32.9,29.0,List of devices attached,
2026-10-01T14:33:19.340+00:00,2026-10-01T14:33:19.402+00:00,297.152,absent,956.7,"{""state"":""absent"",""devices"":[]}",absent,absent,31.7,29.5,List of devices attached,
2026-10-01T14:33:20.341+00:00,2026-10-01T14:33:20.402+00:00,298.152,absent,969.9,"{""state"":""absent"",""devices"":[]}",absent,absent,31.7,29.1,List of devices attached,
2026-10-01T14:33:21.341+00:00,2026-10-01T14:33:21.403+00:00,299.153,absent,963.1,"{""state"":""absent"",""devices"":[]}",absent,absent,31.9,29.5,List of devices attached,
2026-10-01T14:33:22.341+00:00,2026-10-01T14:33:22.402+00:00,300.152,absent,954.6,"{""state"":""absent"",""devices"":[]}",absent,absent,29.9,30.7,List of devices attached,
2026-10-01T14:33:23.342+00:00,2026-10-01T14:33:23.405+00:00,301.155,absent,949.8,"{""state"":""absent"",""devices"":[]}",absent,absent,32.1,30.8,List of devices attached,
2026-10-01T14:33:24.342+00:00,2026-10-01T14:33:24.404+00:00,302.154,absent,967.5,"{""state"":""absent"",""devices"":[]}",absent,absent,33.0,28.8,List of devices attached,
2026-10-01T14:33:25.342+00:00,2026-10-01T14:33:25.404+00:00,303.154,absent,968.0,"{""state"":""absent"",""devices"":[]}",absent,absent,32.5,29.0,List of devices attached,
2026-10-01T14:33:26.343+00:00,2026-10-01T14:33:26.408+00:00,304.158,absent,959.6,"{""state"":""absent"",""devices"":[]}",absent,absent,34.9,29.7,List of devices attached,
2026-10-01T14:33:27.343+00:00,2026-10-01T14:33:27.405+00:00,305.155,absent,987.6,"{""state"":""absent"",""devices"":[]}",absent,absent,31.6,30.3,List of devices attached,
2026-10-01T14:33:28.344+00:00,2026-10-01T14:33:28.405+00:00,306.155,absent,990.8,"{""state"":""absent"",""devices"":[]}",absent,absent,31.9,28.9,List of devices attached,
2026-10-01T14:33:29.344+00:00,2026-10-01T14:33:29.403+00:00,307.153,absent,974.1,"{""state"":""absent"",""devices"":[]}",absent,absent,30.8,28.6,List of devices attached,
2026-10-01T14:33:30.344+00:00,2026-10-01T14:33:30.406+00:00,308.156,absent,992.7,"{""state"":""absent"",""devices"":[]}",absent,absent,32.1,29.6,List of devices attached,
2026-10-01T14:33:31.344+00:00,2026-10-01T14:33:31.410+00:00,309.160,absent,1000.0,"{""state"":""absent"",""devices"":[]}",absent,absent,34.2,31.7,List of devices attached,
2026-10-01T14:33:32.345+00:00,2026-10-01T14:33:32.406+00:00,310.156,absent,962.8,"{""state"":""absent"",""devices"":[]}",absent,absent,31.0,30.4,List of devices attached,
2026-10-01T14:33:33.345+00:00,2026-10-01T14:33:33.406+00:00,311.156,absent,962.8,"{""state"":""absent"",""devices"":[]}",absent,absent,31.7,29.0,List of devices attached,
2026-10-01T14:33:34.345+00:00,2026-10-01T14:33:34.407+00:00,312.157,absent,1001.3,"{""state"":""absent"",""devices"":[]}",absent,absent,31.8,29.6,List of devices attached,
2026-10-01T14:33:35.346+00:00,2026-10-01T14:33:35.407+00:00,313.157,absent,960.2,"{""state"":""absent"",""devices"":[]}",absent,absent,30.9,30.3,List of devices attached,
2026-10-01T14:33:36.346+00:00,2026-10-01T14:33:36.405+00:00,314.155,absent,932.2,"{""state"":""absent"",""devices"":[]}",absent,absent,30.6,28.3,List of devices attached,
2026-10-01T14:33:37.346+00:00,2026-10-01T14:33:37.407+00:00,315.157,absent,975.4,"{""state"":""absent"",""devices"":[]}",absent,absent,31.9,28.6,List of devices attached,
2026-10-01T14:33:38.346+00:00,2026-10-01T14:33:38.408+00:00,316.158,absent,965.3,"{""state"":""absent"",""devices"":[]}",absent,absent,32.3,29.4,List of devices attached,
2026-10-01T14:33:39.346+00:00,2026-10-01T14:33:39.408+00:00,317.158,absent,975.2,"{""state"":""absent"",""devices"":[]}",absent,absent,31.1,30.5,List of devices attached,
2026-10-01T14:33:40.347+00:00,2026-10-01T14:33:40.407+00:00,318.157,absent,943.1,"{""state"":""absent"",""devices"":[]}",absent,absent,31.7,28.9,List of devices attached,
2026-10-01T14:33:41.347+00:00,2026-10-01T14:33:41.407+00:00,319.157,absent,915.9,"{""state"":""absent"",""devices"":[]}",absent,absent,31.1,28.6,List of devices attached,
2026-10-01T14:33:42.347+00:00,2026-10-01T14:33:42.407+00:00,320.157,absent,987.7,"{""state"":""absent"",""devices"":[]}",absent,absent,31.5,28.4,List of devices attached,
2026-10-01T14:33:43.347+00:00,2026-10-01T14:33:43.409+00:00,321.159,absent,951.1,"{""state"":""absent"",""devices"":[]}",absent,absent,32.9,28.5,List of devices attached,
2026-10-01T14:33:44.348+00:00,2026-10-01T14:33:44.410+00:00,322.160,absent,984.6,"{""state"":""absent"",""devices"":[]}",absent,absent,31.9,29.8,List of devices attached,
2026-10-01T14:33:45.348+00:00,2026-10-01T14:33:45.411+00:00,323.161,absent,964.7,"{""state"":""absent"",""devices"":[]}",absent,absent,32.9,29.9,List of devices attached,
2026-10-01T14:33:46.348+00:00,2026-10-01T14:33:46.410+00:00,324.160,absent,962.7,"{""state"":""absent"",""devices"":[]}",absent,absent,32.0,29.8,List of devices attached,
2026-10-01T14:33:47.349+00:00,2026-10-01T14:33:47.411+00:00,325.161,absent,996.8,"{""state"":""absent"",""devices"":[]}",absent,absent,31.9,30.2,List of devices attached,
2026-10-01T14:33:48.349+00:00,2026-10-01T14:33:48.411+00:00,326.161,absent,940.8,"{""state"":""absent"",""devices"":[]}",absent,absent,31.6,29.9,List of devices attached,
2026-10-01T14:33:49.349+00:00,2026-10-01T14:33:49.410+00:00,327.160,absent,962.0,"{""state"":""absent"",""devices"":[]}",absent,absent,30.8,29.3,List of devices attached,
2026-10-01T14:33:50.350+00:00,2026-10-01T14:33:50.411+00:00,328.161,absent,956.2,"{""state"":""absent"",""devices"":[]}",absent,absent,31.9,29.6,List of devices attached,
2026-10-01T14:33:51.350+00:00,2026-10-01T14:33:51.412+00:00,329.162,absent,961.9,"{""state"":""absent"",""devices"":[]}",absent,absent,32.2,30.0,List of devices attached,
2026-10-01T14:33:52.350+00:00,2026-10-01T14:33:52.411+00:00,330.161,absent,959.6,"{""state"":""absent"",""devices"":[]}",absent,absent,30.8,29.4,List of devices attached,
2026-10-01T14:33:53.351+00:00,2026-10-01T14:33:53.410+00:00,331.160,absent,967.1,"{""state"":""absent"",""devices"":[]}",absent,absent,30.4,29.3,List of devices attached,
2026-10-01T14:33:54.351+00:00,2026-10-01T14:33:54.413+00:00,332.162,absent,982.3,"{""state"":""absent"",""devices"":[]}",absent,absent,32.0,29.7,List of devices attached,
2026-10-01T14:33:55.351+00:00,2026-10-01T14:33:55.411+00:00,333.161,absent,942.6,"{""state"":""absent"",""devices"":[]}",absent,absent,31.2,28.7,List of devices attached,
2026-10-01T14:33:56.351+00:00,2026-10-01T14:33:56.412+00:00,334.161,absent,954.5,"{""state"":""absent"",""devices"":[]}",absent,absent,31.9,28.4,List of devices attached,
2026-10-01T14:33:57.351+00:00,2026-10-01T14:33:57.412+00:00,335.162,absent,970.0,"{""state"":""absent"",""devices"":[]}",absent,absent,30.8,29.9,List of devices attached,
2026-10-01T14:33:58.352+00:00,2026-10-01T14:33:58.412+00:00,336.162,absent,969.5,"{""state"":""absent"",""devices"":[]}",absent,absent,30.8,29.3,List of devices attached,
2026-10-01T14:33:59.352+00:00,2026-10-01T14:33:59.414+00:00,337.164,absent,995.4,"{""state"":""absent"",""devices"":[]}",absent,absent,31.9,30.1,List of devices attached,
2026-10-01T14:34:00.352+00:00,2026-10-01T14:34:00.413+00:00,338.163,absent,974.0,"{""state"":""absent"",""devices"":[]}",absent,absent,31.9,29.6,List of devices attached,
2026-10-01T14:34:01.352+00:00,2026-10-01T14:34:01.412+00:00,339.162,absent,948.7,"{""state"":""absent"",""devices"":[]}",absent,absent,31.1,28.2,List of devices attached,
2026-10-01T14:34:02.352+00:00,2026-10-01T14:34:02.414+00:00,340.164,absent,989.2,"{""state"":""absent"",""devices"":[]}",absent,absent,31.7,29.4,List of devices attached,
2026-10-01T14:34:03.353+00:00,2026-10-01T14:34:03.416+00:00,341.166,absent,973.8,"{""state"":""absent"",""devices"":[]}",absent,absent,30.9,32.0,List of devices attached,
2026-10-01T14:34:04.353+00:00,2026-10-01T14:34:04.413+00:00,342.163,absent,991.9,"{""state"":""absent"",""devices"":[]}",absent,absent,32.2,28.1,List of devices attached,
2026-10-01T14:34:05.353+00:00,2026-10-01T14:34:05.413+00:00,343.163,absent,974.0,"{""state"":""absent"",""devices"":[]}",absent,absent,30.5,29.0,List of devices attached,
2026-10-01T14:34:06.353+00:00,2026-10-01T14:34:06.415+00:00,344.165,absent,965.3,"{""state"":""absent"",""devices"":[]}",absent,absent,32.6,28.7,List of devices attached,
2026-10-01T14:34:07.354+00:00,2026-10-01T14:34:07.415+00:00,345.165,absent,972.4,"{""state"":""absent"",""devices"":[]}",absent,absent,31.7,29.8,List of devices attached,
2026-10-01T14:34:08.354+00:00,2026-10-01T14:34:08.416+00:00,346.166,absent,953.0,"{""state"":""absent"",""devices"":[]}",absent,absent,31.3,30.9,List of devices attached,
2026-10-01T14:34:09.354+00:00,2026-10-01T14:34:09.415+00:00,347.165,absent,993.5,"{""state"":""absent"",""devices"":[]}",absent,absent,31.8,28.7,List of devices attached,
2026-10-01T14:34:10.355+00:00,2026-10-01T14:34:10.416+00:00,348.166,absent,959.1,"{""state"":""absent"",""devices"":[]}",absent,absent,29.7,32.0,List of devices attached,
2026-10-01T14:34:11.355+00:00,2026-10-01T14:34:11.414+00:00,349.164,absent,958.8,"{""state"":""absent"",""devices"":[]}",absent,absent,29.9,29.1,List of devices attached,
2026-10-01T14:34:12.355+00:00,2026-10-01T14:34:12.418+00:00,350.168,absent,964.3,"{""state"":""absent"",""devices"":[]}",absent,absent,31.1,31.3,List of devices attached,
2026-10-01T14:34:13.356+00:00,2026-10-01T14:34:13.416+00:00,351.166,absent,974.7,"{""state"":""absent"",""devices"":[]}",absent,absent,30.4,29.5,List of devices attached,
2026-10-01T14:34:14.356+00:00,2026-10-01T14:34:14.416+00:00,352.166,absent,960.9,"{""state"":""absent"",""devices"":[]}",absent,absent,31.7,28.2,List of devices attached,
2026-10-01T14:34:15.356+00:00,2026-10-01T14:34:15.419+00:00,353.169,absent,950.1,"{""state"":""absent"",""devices"":[]}",absent,absent,32.0,31.1,List of devices attached,
2026-10-01T14:34:16.356+00:00,2026-10-01T14:34:16.418+00:00,354.168,absent,968.4,"{""state"":""absent"",""devices"":[]}",absent,absent,30.7,30.3,List of devices attached,
2026-10-01T14:34:17.357+00:00,2026-10-01T14:34:17.417+00:00,355.167,absent,970.8,"{""state"":""absent"",""devices"":[]}",absent,absent,30.8,29.5,List of devices attached,
2026-10-01T14:34:18.357+00:00,2026-10-01T14:34:18.420+00:00,356.170,absent,933.3,"{""state"":""absent"",""devices"":[]}",absent,absent,31.3,31.4,List of devices attached,
2026-10-01T14:34:19.357+00:00,2026-10-01T14:34:19.421+00:00,357.171,absent,933.3,"{""state"":""absent"",""devices"":[]}",absent,absent,33.2,30.7,List of devices attached,
2026-10-01T14:34:20.357+00:00,2026-10-01T14:34:20.421+00:00,358.171,absent,1117.4,"{""state"":""absent"",""devices"":[]}",absent,absent,32.3,31.2,List of devices attached,
2026-10-01T14:34:21.357+00:00,2026-10-01T14:34:21.418+00:00,359.168,absent,971.3,"{""state"":""absent"",""devices"":[]}",absent,absent,31.0,29.5,List of devices attached,
2026-10-01T14:34:22.358+00:00,2026-10-01T14:34:22.421+00:00,360.171,absent,972.3,"{""state"":""absent"",""devices"":[]}",absent,absent,32.6,30.6,List of devices attached,
2026-10-01T14:34:23.358+00:00,2026-10-01T14:34:23.420+00:00,361.170,absent,930.1,"{""state"":""absent"",""devices"":[]}",absent,absent,31.8,30.4,List of devices attached,
2026-10-01T14:34:24.358+00:00,2026-10-01T14:34:24.421+00:00,362.171,absent,985.6,"{""state"":""absent"",""devices"":[]}",absent,absent,31.2,31.5,List of devices attached,
2026-10-01T14:34:25.358+00:00,2026-10-01T14:34:25.418+00:00,363.168,absent,981.8,"{""state"":""absent"",""devices"":[]}",absent,absent,30.5,29.1,List of devices attached,
2026-10-01T14:34:26.358+00:00,2026-10-01T14:34:26.422+00:00,364.172,absent,946.7,"{""state"":""absent"",""devices"":[]}",absent,absent,33.2,29.8,List of devices attached,
2026-10-01T14:34:27.359+00:00,2026-10-01T14:34:27.419+00:00,365.169,absent,974.1,"{""state"":""absent"",""devices"":[]}",absent,absent,31.1,28.6,List of devices attached,
2026-10-01T14:34:28.359+00:00,2026-10-01T14:34:28.430+00:00,366.180,absent,935.4,"{""state"":""absent"",""devices"":[]}",absent,absent,36.0,34.4,List of devices attached,
2026-10-01T14:34:29.360+00:00,2026-10-01T14:34:29.420+00:00,367.170,absent,935.4,"{""state"":""absent"",""devices"":[]}",absent,absent,31.1,29.0,List of devices attached,
2026-10-01T14:34:30.360+00:00,2026-10-01T14:34:30.420+00:00,368.170,absent,1033.3,"{""state"":""absent"",""devices"":[]}",absent,absent,32.4,28.1,List of devices attached,
2026-10-01T14:34:31.360+00:00,2026-10-01T14:34:31.419+00:00,369.169,absent,985.3,"{""state"":""absent"",""devices"":[]}",absent,absent,29.9,28.8,List of devices attached,
2026-10-01T14:34:32.360+00:00,2026-10-01T14:34:32.423+00:00,370.173,absent,964.3,"{""state"":""absent"",""devices"":[]}",absent,absent,31.3,31.5,List of devices attached,
2026-10-01T14:34:33.361+00:00,2026-10-01T14:34:33.421+00:00,371.171,absent,980.2,"{""state"":""absent"",""devices"":[]}",absent,absent,30.6,29.5,List of devices attached,
2026-10-01T14:34:34.361+00:00,2026-10-01T14:34:34.423+00:00,372.173,absent,983.4,"{""state"":""absent"",""devices"":[]}",absent,absent,31.0,31.0,List of devices attached,
2026-10-01T14:34:35.361+00:00,2026-10-01T14:34:35.424+00:00,373.174,absent,984.8,"{""state"":""absent"",""devices"":[]}",absent,absent,31.3,31.1,List of devices attached,
2026-10-01T14:34:36.361+00:00,2026-10-01T14:34:36.423+00:00,374.173,absent,927.6,"{""state"":""absent"",""devices"":[]}",absent,absent,31.5,30.1,List of devices attached,
2026-10-01T14:34:37.361+00:00,2026-10-01T14:34:37.423+00:00,375.173,absent,959.9,"{""state"":""absent"",""devices"":[]}",absent,absent,30.3,31.1,List of devices attached,
2026-10-01T14:34:38.362+00:00,2026-10-01T14:34:38.426+00:00,376.176,absent,911.7,"{""state"":""absent"",""devices"":[]}",absent,absent,32.7,30.9,List of devices attached,
2026-10-01T14:34:39.362+00:00,2026-10-01T14:34:39.425+00:00,377.175,absent,981.7,"{""state"":""absent"",""devices"":[]}",absent,absent,32.1,30.3,List of devices attached,
2026-10-01T14:34:40.362+00:00,2026-10-01T14:34:40.424+00:00,378.174,absent,966.7,"{""state"":""absent"",""devices"":[]}",absent,absent,32.3,29.4,List of devices attached,
2026-10-01T14:34:41.362+00:00,2026-10-01T14:34:41.424+00:00,379.174,absent,967.4,"{""state"":""absent"",""devices"":[]}",absent,absent,31.5,30.1,List of devices attached,
2026-10-01T14:34:42.363+00:00,2026-10-01T14:34:42.430+00:00,380.180,absent,908.9,"{""state"":""absent"",""devices"":[]}",absent,absent,33.8,32.9,List of devices attached,
2026-10-01T14:34:43.363+00:00,2026-10-01T14:34:43.427+00:00,381.177,absent,948.9,"{""state"":""absent"",""devices"":[]}",absent,absent,31.7,31.8,List of devices attached,
2026-10-01T14:34:44.363+00:00,2026-10-01T14:34:44.428+00:00,382.178,absent,898.2,"{""state"":""absent"",""devices"":[]}",absent,absent,32.9,31.6,List of devices attached,
2026-10-01T14:34:45.364+00:00,2026-10-01T14:34:45.425+00:00,383.175,absent,950.8,"{""state"":""absent"",""devices"":[]}",absent,absent,31.3,29.5,List of devices attached,
2026-10-01T14:34:46.364+00:00,2026-10-01T14:34:46.426+00:00,384.176,absent,972.6,"{""state"":""absent"",""devices"":[]}",absent,absent,32.0,29.5,List of devices attached,
2026-10-01T14:34:47.365+00:00,2026-10-01T14:34:47.426+00:00,385.176,absent,972.6,"{""state"":""absent"",""devices"":[]}",absent,absent,31.3,29.7,List of devices attached,
2026-10-01T14:34:48.365+00:00,2026-10-01T14:34:48.425+00:00,386.175,absent,1004.8,"{""state"":""absent"",""devices"":[]}",absent,absent,30.9,28.6,List of devices attached,
2026-10-01T14:34:49.365+00:00,2026-10-01T14:34:49.427+00:00,387.177,absent,977.1,"{""state"":""absent"",""devices"":[]}",absent,absent,31.8,30.0,List of devices attached,
2026-10-01T14:34:50.366+00:00,2026-10-01T14:34:50.428+00:00,388.178,absent,988.0,"{""state"":""absent"",""devices"":[]}",absent,absent,32.1,30.2,List of devices attached,
2026-10-01T14:34:51.366+00:00,2026-10-01T14:34:51.429+00:00,389.178,absent,988.0,"{""state"":""absent"",""devices"":[]}",absent,absent,32.3,30.5,List of devices attached,
2026-10-01T14:34:52.366+00:00,2026-10-01T14:34:52.432+00:00,390.182,absent,1012.0,"{""state"":""absent"",""devices"":[]}",absent,absent,32.8,33.3,List of devices attached,
2026-10-01T14:34:53.367+00:00,2026-10-01T14:34:53.434+00:00,391.184,absent,1012.0,"{""state"":""absent"",""devices"":[]}",absent,absent,34.7,32.3,List of devices attached,
2026-10-01T14:34:54.367+00:00,2026-10-01T14:34:54.430+00:00,392.180,absent,1174.2,"{""state"":""absent"",""devices"":[]}",absent,absent,31.4,31.8,List of devices attached,
2026-10-01T14:34:55.367+00:00,2026-10-01T14:34:55.429+00:00,393.179,absent,980.0,"{""state"":""absent"",""devices"":[]}",absent,absent,31.4,30.6,List of devices attached,
2026-10-01T14:34:56.368+00:00,2026-10-01T14:34:56.429+00:00,394.179,absent,985.5,"{""state"":""absent"",""devices"":[]}",absent,absent,31.3,29.6,List of devices attached,
2026-10-01T14:34:57.368+00:00,2026-10-01T14:34:57.429+00:00,395.179,absent,957.5,"{""state"":""absent"",""devices"":[]}",absent,absent,31.3,29.7,List of devices attached,
2026-10-01T14:34:58.369+00:00,2026-10-01T14:34:58.430+00:00,396.180,absent,963.1,"{""state"":""absent"",""devices"":[]}",absent,absent,30.6,30.8,List of devices attached,
2026-10-01T14:34:59.369+00:00,2026-10-01T14:34:59.433+00:00,397.183,absent,987.6,"{""state"":""absent"",""devices"":[]}",absent,absent,32.1,31.3,List of devices attached,
2026-10-01T14:35:00.370+00:00,2026-10-01T14:35:00.433+00:00,398.183,absent,994.1,"{""state"":""absent"",""devices"":[]}",absent,absent,32.1,31.3,List of devices attached,
2026-10-01T14:35:01.370+00:00,2026-10-01T14:35:01.431+00:00,399.181,absent,964.3,"{""state"":""absent"",""devices"":[]}",absent,absent,31.6,29.1,List of devices attached,
2026-10-01T14:35:02.370+00:00,2026-10-01T14:35:02.433+00:00,400.183,absent,964.3,"{""state"":""absent"",""devices"":[]}",absent,absent,32.8,30.2,List of devices attached,
2026-10-01T14:35:03.370+00:00,2026-10-01T14:35:03.434+00:00,401.184,absent,1147.7,"{""state"":""absent"",""devices"":[]}",absent,absent,32.5,31.2,List of devices attached,
2026-10-01T14:35:04.371+00:00,2026-10-01T14:35:04.432+00:00,402.182,absent,890.4,"{""state"":""absent"",""devices"":[]}",absent,absent,31.7,29.3,List of devices attached,
2026-10-01T14:35:05.371+00:00,2026-10-01T14:35:05.434+00:00,403.184,absent,915.0,"{""state"":""absent"",""devices"":[]}",absent,absent,31.9,31.6,List of devices attached,
2026-10-01T14:35:06.371+00:00,2026-10-01T14:35:06.434+00:00,404.184,absent,933.6,"{""state"":""absent"",""devices"":[]}",absent,absent,32.1,31.1,List of devices attached,
2026-10-01T14:35:07.371+00:00,2026-10-01T14:35:07.433+00:00,405.183,absent,979.4,"{""state"":""absent"",""devices"":[]}",absent,absent,32.0,29.8,List of devices attached,
2026-10-01T14:35:08.371+00:00,2026-10-01T14:35:08.433+00:00,406.183,absent,969.5,"{""state"":""absent"",""devices"":[]}",absent,absent,31.9,29.4,List of devices attached,
2026-10-01T14:35:09.372+00:00,2026-10-01T14:35:09.433+00:00,407.183,absent,969.1,"{""state"":""absent"",""devices"":[]}",absent,absent,31.4,30.0,List of devices attached,
2026-10-01T14:35:10.372+00:00,2026-10-01T14:35:10.436+00:00,408.186,absent,973.1,"{""state"":""absent"",""devices"":[]}",absent,absent,32.9,30.7,List of devices attached,
2026-10-01T14:35:11.372+00:00,2026-10-01T14:35:11.434+00:00,409.184,absent,977.4,"{""state"":""absent"",""devices"":[]}",absent,absent,31.5,30.1,List of devices attached,
2026-10-01T14:35:12.373+00:00,2026-10-01T14:35:12.435+00:00,410.185,absent,966.8,"{""state"":""absent"",""devices"":[]}",absent,absent,31.9,30.6,List of devices attached,
2026-10-01T14:35:13.373+00:00,2026-10-01T14:35:13.433+00:00,411.183,absent,968.1,"{""state"":""absent"",""devices"":[]}",absent,absent,30.8,29.1,List of devices attached,
2026-10-01T14:35:14.373+00:00,2026-10-01T14:35:14.435+00:00,412.185,absent,958.5,"{""state"":""absent"",""devices"":[]}",absent,absent,30.0,31.7,List of devices attached,
2026-10-01T14:35:15.374+00:00,2026-10-01T14:35:15.436+00:00,413.186,absent,978.6,"{""state"":""absent"",""devices"":[]}",absent,absent,31.3,31.2,List of devices attached,
2026-10-01T14:35:16.374+00:00,2026-10-01T14:35:16.435+00:00,414.185,absent,978.8,"{""state"":""absent"",""devices"":[]}",absent,absent,30.9,30.3,List of devices attached,
2026-10-01T14:35:17.374+00:00,2026-10-01T14:35:17.436+00:00,415.186,absent,992.7,"{""state"":""absent"",""devices"":[]}",absent,absent,31.1,29.9,List of devices attached,
2026-10-01T14:35:18.375+00:00,2026-10-01T14:35:18.437+00:00,416.187,absent,986.9,"{""state"":""absent"",""devices"":[]}",absent,absent,31.8,30.3,List of devices attached,
2026-10-01T14:35:19.375+00:00,2026-10-01T14:35:19.438+00:00,417.188,absent,955.6,"{""state"":""absent"",""devices"":[]}",absent,absent,32.0,30.4,List of devices attached,
2026-10-01T14:35:20.375+00:00,2026-10-01T14:35:20.435+00:00,418.185,absent,950.1,"{""state"":""absent"",""devices"":[]}",absent,absent,30.8,28.7,List of devices attached,
2026-10-01T14:35:21.376+00:00,2026-10-01T14:35:21.436+00:00,419.186,absent,950.1,"{""state"":""absent"",""devices"":[]}",absent,absent,30.5,29.6,List of devices attached,
2026-10-01T14:35:22.376+00:00,2026-10-01T14:35:22.439+00:00,420.189,absent,1003.0,"{""state"":""absent"",""devices"":[]}",absent,absent,31.6,31.3,List of devices attached,
2026-10-01T14:35:23.376+00:00,2026-10-01T14:35:23.438+00:00,421.188,absent,952.6,"{""state"":""absent"",""devices"":[]}",absent,absent,32.0,29.4,List of devices attached,
2026-10-01T14:35:24.377+00:00,2026-10-01T14:35:24.442+00:00,422.192,absent,954.5,"{""state"":""absent"",""devices"":[]}",absent,absent,34.6,30.7,List of devices attached,
2026-10-01T14:35:25.377+00:00,2026-10-01T14:35:25.439+00:00,423.189,absent,963.3,"{""state"":""absent"",""devices"":[]}",absent,absent,32.1,30.4,List of devices attached,
2026-10-01T14:35:26.377+00:00,2026-10-01T14:35:26.439+00:00,424.188,absent,958.2,"{""state"":""absent"",""devices"":[]}",absent,absent,31.7,29.8,List of devices attached,
2026-10-01T14:35:27.377+00:00,2026-10-01T14:35:27.443+00:00,425.193,absent,983.5,"{""state"":""absent"",""devices"":[]}",absent,absent,33.6,32.1,List of devices attached,
2026-10-01T14:35:28.378+00:00,2026-10-01T14:35:28.443+00:00,426.193,absent,977.5,"{""state"":""absent"",""devices"":[]}",absent,absent,33.3,32.0,List of devices attached,
2026-10-01T14:35:29.378+00:00,2026-10-01T14:35:29.437+00:00,427.187,absent,977.5,"{""state"":""absent"",""devices"":[]}",absent,absent,32.1,27.1,List of devices attached,
2026-10-01T14:35:30.378+00:00,2026-10-01T14:35:30.443+00:00,428.193,absent,1002.5,"{""state"":""absent"",""devices"":[]}",absent,absent,31.0,33.5,List of devices attached,
2026-10-01T14:35:31.379+00:00,2026-10-01T14:35:31.440+00:00,429.190,absent,981.8,"{""state"":""absent"",""devices"":[]}",absent,absent,31.7,29.5,List of devices attached,
2026-10-01T14:35:32.379+00:00,2026-10-01T14:35:32.439+00:00,430.189,absent,983.9,"{""state"":""absent"",""devices"":[]}",absent,absent,31.3,28.5,List of devices attached,
2026-10-01T14:35:33.379+00:00,2026-10-01T14:35:33.441+00:00,431.191,absent,987.7,"{""state"":""absent"",""devices"":[]}",absent,absent,30.9,30.4,List of devices attached,
2026-10-01T14:35:34.379+00:00,2026-10-01T14:35:34.443+00:00,432.193,absent,969.7,"{""state"":""absent"",""devices"":[]}",absent,absent,31.3,32.5,List of devices attached,
2026-10-01T14:35:35.380+00:00,2026-10-01T14:35:35.442+00:00,433.192,absent,967.1,"{""state"":""absent"",""devices"":[]}",absent,absent,32.2,30.4,List of devices attached,
2026-10-01T14:35:36.380+00:00,2026-10-01T14:35:36.443+00:00,434.193,absent,977.0,"{""state"":""absent"",""devices"":[]}",absent,absent,31.4,31.5,List of devices attached,
2026-10-01T14:35:37.381+00:00,2026-10-01T14:35:37.442+00:00,435.192,absent,971.7,"{""state"":""absent"",""devices"":[]}",absent,absent,32.0,29.4,List of devices attached,
2026-10-01T14:35:38.381+00:00,2026-10-01T14:35:38.444+00:00,436.194,absent,976.9,"{""state"":""absent"",""devices"":[]}",absent,absent,31.2,31.9,List of devices attached,
2026-10-01T14:35:39.381+00:00,2026-10-01T14:35:39.446+00:00,437.196,absent,979.3,"{""state"":""absent"",""devices"":[]}",absent,absent,32.0,32.0,List of devices attached,
2026-10-01T14:35:40.382+00:00,2026-10-01T14:35:40.443+00:00,438.193,absent,946.6,"{""state"":""absent"",""devices"":[]}",absent,absent,32.0,29.2,List of devices attached,
2026-10-01T14:35:41.382+00:00,2026-10-01T14:35:41.446+00:00,439.196,absent,999.9,"{""state"":""absent"",""devices"":[]}",absent,absent,31.4,31.9,List of devices attached,
2026-10-01T14:35:42.383+00:00,2026-10-01T14:35:42.445+00:00,440.195,absent,959.5,"{""state"":""absent"",""devices"":[]}",absent,absent,31.1,31.6,List of devices attached,
2026-10-01T14:35:43.383+00:00,2026-10-01T14:35:43.445+00:00,441.195,absent,984.6,"{""state"":""absent"",""devices"":[]}",absent,absent,31.4,30.3,List of devices attached,
2026-10-01T14:35:44.383+00:00,2026-10-01T14:35:44.447+00:00,442.197,absent,979.5,"{""state"":""absent"",""devices"":[]}",absent,absent,33.7,29.9,List of devices attached,
2026-10-01T14:35:45.383+00:00,2026-10-01T14:35:45.444+00:00,443.194,absent,961.5,"{""state"":""absent"",""devices"":[]}",absent,absent,31.4,29.4,List of devices attached,
2026-10-01T14:35:46.384+00:00,2026-10-01T14:35:46.447+00:00,444.197,absent,970.8,"{""state"":""absent"",""devices"":[]}",absent,absent,32.1,31.0,List of devices attached,
2026-10-01T14:35:47.384+00:00,2026-10-01T14:35:47.447+00:00,445.197,absent,978.8,"{""state"":""absent"",""devices"":[]}",absent,absent,32.8,30.5,List of devices attached,
2026-10-01T14:35:48.384+00:00,2026-10-01T14:35:48.446+00:00,446.196,absent,983.2,"{""state"":""absent"",""devices"":[]}",absent,absent,32.7,28.6,List of devices attached,
2026-10-01T14:35:49.385+00:00,2026-10-01T14:35:49.445+00:00,447.195,absent,956.5,"{""state"":""absent"",""devices"":[]}",absent,absent,30.1,30.1,List of devices attached,
2026-10-01T14:35:50.385+00:00,2026-10-01T14:35:50.449+00:00,448.199,absent,956.1,"{""state"":""absent"",""devices"":[]}",absent,absent,31.4,32.1,List of devices attached,
2026-10-01T14:35:51.385+00:00,2026-10-01T14:35:51.446+00:00,449.196,absent,991.3,"{""state"":""absent"",""devices"":[]}",absent,absent,31.4,29.4,List of devices attached,
2026-10-01T14:35:52.385+00:00,2026-10-01T14:35:52.447+00:00,450.197,absent,947.5,"{""state"":""absent"",""devices"":[]}",absent,absent,30.8,31.0,List of devices attached,
2026-10-01T14:35:53.386+00:00,2026-10-01T14:35:53.448+00:00,451.198,absent,975.6,"{""state"":""absent"",""devices"":[]}",absent,absent,30.8,30.7,List of devices attached,
2026-10-01T14:35:54.386+00:00,2026-10-01T14:35:54.450+00:00,452.200,absent,989.6,"{""state"":""absent"",""devices"":[]}",absent,absent,32.5,30.9,List of devices attached,
2026-10-01T14:35:55.387+00:00,2026-10-01T14:35:55.447+00:00,453.197,absent,987.5,"{""state"":""absent"",""devices"":[]}",absent,absent,30.4,30.0,List of devices attached,
2026-10-01T14:35:56.387+00:00,2026-10-01T14:35:56.449+00:00,454.199,absent,959.8,"{""state"":""absent"",""devices"":[]}",absent,absent,31.7,30.1,List of devices attached,
2026-10-01T14:35:57.387+00:00,2026-10-01T14:35:57.449+00:00,455.199,absent,964.5,"{""state"":""absent"",""devices"":[]}",absent,absent,31.6,29.8,List of devices attached,
2026-10-01T14:35:58.388+00:00,2026-10-01T14:35:58.448+00:00,456.198,absent,967.4,"{""state"":""absent"",""devices"":[]}",absent,absent,30.4,29.8,List of devices attached,
2026-10-01T14:35:59.388+00:00,2026-10-01T14:35:59.449+00:00,457.199,absent,938.8,"{""state"":""absent"",""devices"":[]}",absent,absent,31.2,30.2,List of devices attached,
2026-10-01T14:36:00.388+00:00,2026-10-01T14:36:00.453+00:00,458.203,absent,973.0,"{""state"":""absent"",""devices"":[]}",absent,absent,32.7,32.3,List of devices attached,
2026-10-01T14:36:01.388+00:00,2026-10-01T14:36:01.451+00:00,459.201,absent,945.3,"{""state"":""absent"",""devices"":[]}",absent,absent,32.4,30.3,List of devices attached,
2026-10-01T14:36:02.388+00:00,2026-10-01T14:36:02.454+00:00,460.204,absent,977.0,"{""state"":""absent"",""devices"":[]}",absent,absent,33.6,31.6,List of devices attached,
2026-10-01T14:36:03.389+00:00,2026-10-01T14:36:03.451+00:00,461.201,absent,968.3,"{""state"":""absent"",""devices"":[]}",absent,absent,32.8,29.6,List of devices attached,
2026-10-01T14:36:04.389+00:00,2026-10-01T14:36:04.450+00:00,462.200,absent,966.3,"{""state"":""absent"",""devices"":[]}",absent,absent,30.8,30.1,List of devices attached,
2026-10-01T14:36:05.389+00:00,2026-10-01T14:36:05.450+00:00,463.200,absent,973.3,"{""state"":""absent"",""devices"":[]}",absent,absent,31.2,29.3,List of devices attached,
2026-10-01T14:36:06.389+00:00,2026-10-01T14:36:06.451+00:00,464.201,absent,988.1,"{""state"":""absent"",""devices"":[]}",absent,absent,31.9,29.6,List of devices attached,
2026-10-01T14:36:07.390+00:00,2026-10-01T14:36:07.451+00:00,465.201,absent,963.0,"{""state"":""absent"",""devices"":[]}",absent,absent,31.5,29.4,List of devices attached,
2026-10-01T14:36:08.390+00:00,2026-10-01T14:36:08.453+00:00,466.203,absent,952.4,"{""state"":""absent"",""devices"":[]}",absent,absent,33.2,29.2,List of devices attached,
2026-10-01T14:36:09.390+00:00,2026-10-01T14:36:09.450+00:00,467.200,absent,979.0,"{""state"":""absent"",""devices"":[]}",absent,absent,30.8,29.0,List of devices attached,
2026-10-01T14:36:10.390+00:00,2026-10-01T14:36:10.452+00:00,468.202,absent,975.1,"{""state"":""absent"",""devices"":[]}",absent,absent,32.5,28.6,List of devices attached,
2026-10-01T14:36:11.391+00:00,2026-10-01T14:36:11.452+00:00,469.202,absent,961.2,"{""state"":""absent"",""devices"":[]}",absent,absent,31.2,29.8,List of devices attached,
2026-10-01T14:36:12.391+00:00,2026-10-01T14:36:12.451+00:00,470.201,absent,954.4,"{""state"":""absent"",""devices"":[]}",absent,absent,30.3,28.9,List of devices attached,
2026-10-01T14:36:13.391+00:00,2026-10-01T14:36:13.452+00:00,471.202,absent,989.7,"{""state"":""absent"",""devices"":[]}",absent,absent,30.9,29.8,List of devices attached,
2026-10-01T14:36:14.392+00:00,2026-10-01T14:36:14.453+00:00,472.203,absent,961.6,"{""state"":""absent"",""devices"":[]}",absent,absent,29.5,31.6,List of devices attached,
2026-10-01T14:36:15.392+00:00,2026-10-01T14:36:15.455+00:00,473.205,absent,989.8,"{""state"":""absent"",""devices"":[]}",absent,absent,31.8,31.2,List of devices attached,
2026-10-01T14:36:16.392+00:00,2026-10-01T14:36:16.453+00:00,474.203,absent,971.2,"{""state"":""absent"",""devices"":[]}",absent,absent,31.2,29.9,List of devices attached,
2026-10-01T14:36:17.392+00:00,2026-10-01T14:36:17.451+00:00,475.201,absent,976.9,"{""state"":""absent"",""devices"":[]}",absent,absent,30.8,27.8,List of devices attached,
2026-10-01T14:36:18.393+00:00,2026-10-01T14:36:18.453+00:00,476.203,absent,959.0,"{""state"":""absent"",""devices"":[]}",absent,absent,31.2,29.0,List of devices attached,
2026-10-01T14:36:19.393+00:00,2026-10-01T14:36:19.453+00:00,477.203,absent,985.8,"{""state"":""absent"",""devices"":[]}",absent,absent,31.2,28.9,List of devices attached,
2026-10-01T14:36:20.393+00:00,2026-10-01T14:36:20.456+00:00,478.206,absent,979.8,"{""state"":""absent"",""devices"":[]}",absent,absent,32.7,30.0,List of devices attached,
2026-10-01T14:36:21.393+00:00,2026-10-01T14:36:21.454+00:00,479.204,absent,988.5,"{""state"":""absent"",""devices"":[]}",absent,absent,31.4,29.2,List of devices attached,
2026-10-01T14:36:22.394+00:00,2026-10-01T14:36:22.454+00:00,480.204,absent,956.3,"{""state"":""absent"",""devices"":[]}",absent,absent,30.0,29.8,List of devices attached,
2026-10-01T14:36:23.394+00:00,2026-10-01T14:36:23.454+00:00,481.204,absent,972.8,"{""state"":""absent"",""devices"":[]}",absent,absent,31.2,29.2,List of devices attached,
2026-10-01T14:36:24.394+00:00,2026-10-01T14:36:24.455+00:00,482.205,absent,956.4,"{""state"":""absent"",""devices"":[]}",absent,absent,31.0,30.1,List of devices attached,
2026-10-01T14:36:25.394+00:00,2026-10-01T14:36:25.454+00:00,483.204,absent,917.0,"{""state"":""absent"",""devices"":[]}",absent,absent,30.9,28.8,List of devices attached,
2026-10-01T14:36:26.394+00:00,2026-10-01T14:36:26.458+00:00,484.208,absent,958.2,"{""state"":""absent"",""devices"":[]}",absent,absent,31.5,31.9,List of devices attached,
2026-10-01T14:36:27.395+00:00,2026-10-01T14:36:27.456+00:00,485.206,absent,962.7,"{""state"":""absent"",""devices"":[]}",absent,absent,31.2,29.6,List of devices attached,
2026-10-01T14:36:28.395+00:00,2026-10-01T14:36:28.457+00:00,486.207,absent,981.1,"{""state"":""absent"",""devices"":[]}",absent,absent,31.8,29.9,List of devices attached,
2026-10-01T14:36:29.396+00:00,2026-10-01T14:36:29.456+00:00,487.206,absent,984.0,"{""state"":""absent"",""devices"":[]}",absent,absent,31.6,28.8,List of devices attached,
2026-10-01T14:36:30.396+00:00,2026-10-01T14:36:30.456+00:00,488.206,absent,978.9,"{""state"":""absent"",""devices"":[]}",absent,absent,31.4,29.0,List of devices attached,
2026-10-01T14:36:31.396+00:00,2026-10-01T14:36:31.456+00:00,489.206,absent,966.6,"{""state"":""absent"",""devices"":[]}",absent,absent,30.3,29.2,List of devices attached,
2026-10-01T14:36:32.397+00:00,2026-10-01T14:36:32.458+00:00,490.208,absent,986.9,"{""state"":""absent"",""devices"":[]}",absent,absent,31.1,29.7,List of devices attached,
2026-10-01T14:36:33.397+00:00,2026-10-01T14:36:33.456+00:00,491.206,absent,957.6,"{""state"":""absent"",""devices"":[]}",absent,absent,30.1,29.2,List of devices attached,
2026-10-01T14:36:34.397+00:00,2026-10-01T14:36:34.458+00:00,492.208,absent,976.2,"{""state"":""absent"",""devices"":[]}",absent,absent,30.6,29.7,List of devices attached,
2026-10-01T14:36:35.398+00:00,2026-10-01T14:36:35.462+00:00,493.212,absent,961.2,"{""state"":""absent"",""devices"":[]}",absent,absent,31.8,32.1,List of devices attached,
2026-10-01T14:36:36.398+00:00,2026-10-01T14:36:36.461+00:00,494.211,absent,998.5,"{""state"":""absent"",""devices"":[]}",absent,absent,32.1,30.6,List of devices attached,
2026-10-01T14:36:37.398+00:00,2026-10-01T14:36:37.459+00:00,495.209,absent,965.2,"{""state"":""absent"",""devices"":[]}",absent,absent,31.4,29.5,List of devices attached,
2026-10-01T14:36:38.399+00:00,2026-10-01T14:36:38.459+00:00,496.209,absent,964.1,"{""state"":""absent"",""devices"":[]}",absent,absent,31.3,28.8,List of devices attached,
2026-10-01T14:36:39.399+00:00,2026-10-01T14:36:39.458+00:00,497.208,absent,962.0,"{""state"":""absent"",""devices"":[]}",absent,absent,30.1,29.1,List of devices attached,
2026-10-01T14:36:40.399+00:00,2026-10-01T14:36:40.461+00:00,498.211,absent,969.9,"{""state"":""absent"",""devices"":[]}",absent,absent,31.9,29.8,List of devices attached,
2026-10-01T14:36:41.399+00:00,2026-10-01T14:36:41.460+00:00,499.210,absent,974.0,"{""state"":""absent"",""devices"":[]}",absent,absent,31.8,29.0,List of devices attached,
2026-10-01T14:36:42.400+00:00,2026-10-01T14:36:42.460+00:00,500.210,absent,962.8,"{""state"":""absent"",""devices"":[]}",absent,absent,31.4,29.2,List of devices attached,
2026-10-01T14:36:43.400+00:00,2026-10-01T14:36:43.459+00:00,501.209,absent,965.9,"{""state"":""absent"",""devices"":[]}",absent,absent,30.8,28.9,List of devices attached,
2026-10-01T14:36:44.400+00:00,2026-10-01T14:36:44.462+00:00,502.212,absent,932.0,"{""state"":""absent"",""devices"":[]}",absent,absent,31.9,30.6,List of devices attached,
2026-10-01T14:36:45.400+00:00,2026-10-01T14:36:45.461+00:00,503.211,absent,973.2,"{""state"":""absent"",""devices"":[]}",absent,absent,31.7,29.1,List of devices attached,
2026-10-01T14:36:46.401+00:00,2026-10-01T14:36:46.462+00:00,504.212,absent,952.3,"{""state"":""absent"",""devices"":[]}",absent,absent,32.2,29.4,List of devices attached,
2026-10-01T14:36:47.401+00:00,2026-10-01T14:36:47.462+00:00,505.212,absent,951.6,"{""state"":""absent"",""devices"":[]}",absent,absent,31.7,29.7,List of devices attached,
2026-10-01T14:36:48.401+00:00,2026-10-01T14:36:48.461+00:00,506.211,absent,960.1,"{""state"":""absent"",""devices"":[]}",absent,absent,30.9,29.1,List of devices attached,
2026-10-01T14:36:49.402+00:00,2026-10-01T14:36:49.461+00:00,507.211,absent,947.2,"{""state"":""absent"",""devices"":[]}",absent,absent,30.5,28.9,List of devices attached,
2026-10-01T14:36:50.402+00:00,2026-10-01T14:36:50.462+00:00,508.212,absent,973.7,"{""state"":""absent"",""devices"":[]}",absent,absent,30.9,28.5,List of devices attached,
2026-10-01T14:36:51.402+00:00,2026-10-01T14:36:51.463+00:00,509.213,absent,969.5,"{""state"":""absent"",""devices"":[]}",absent,absent,31.2,29.2,List of devices attached,
2026-10-01T14:36:52.403+00:00,2026-10-01T14:36:52.465+00:00,510.215,absent,971.8,"{""state"":""absent"",""devices"":[]}",absent,absent,33.3,29.4,List of devices attached,
2026-10-01T14:36:53.403+00:00,2026-10-01T14:36:53.462+00:00,511.212,absent,952.8,"{""state"":""absent"",""devices"":[]}",absent,absent,30.3,29.5,List of devices attached,
2026-10-01T14:36:54.403+00:00,2026-10-01T14:36:54.464+00:00,512.214,absent,972.7,"{""state"":""absent"",""devices"":[]}",absent,absent,31.3,29.7,List of devices attached,
2026-10-01T14:36:55.403+00:00,2026-10-01T14:36:55.462+00:00,513.212,absent,981.3,"{""state"":""absent"",""devices"":[]}",absent,absent,30.2,28.8,List of devices attached,
2026-10-01T14:36:56.403+00:00,2026-10-01T14:36:56.465+00:00,514.215,absent,967.9,"{""state"":""absent"",""devices"":[]}",absent,absent,31.3,30.8,List of devices attached,
2026-10-01T14:36:57.404+00:00,2026-10-01T14:36:57.466+00:00,515.216,absent,940.7,"{""state"":""absent"",""devices"":[]}",absent,absent,32.5,29.9,List of devices attached,
2026-10-01T14:36:58.404+00:00,2026-10-01T14:36:58.464+00:00,516.214,absent,963.6,"{""state"":""absent"",""devices"":[]}",absent,absent,29.7,30.4,List of devices attached,
2026-10-01T14:36:59.404+00:00,2026-10-01T14:36:59.466+00:00,517.216,absent,968.1,"{""state"":""absent"",""devices"":[]}",absent,absent,31.2,30.0,List of devices attached,
2026-10-01T14:37:00.405+00:00,2026-10-01T14:37:00.468+00:00,518.218,absent,992.5,"{""state"":""absent"",""devices"":[]}",absent,absent,32.6,30.7,List of devices attached,
2026-10-01T14:37:01.405+00:00,2026-10-01T14:37:01.467+00:00,519.217,absent,936.4,"{""state"":""absent"",""devices"":[]}",absent,absent,32.0,29.7,List of devices attached,
2026-10-01T14:37:02.406+00:00,2026-10-01T14:37:02.468+00:00,520.218,absent,938.3,"{""state"":""absent"",""devices"":[]}",absent,absent,31.8,31.0,List of devices attached,
2026-10-01T14:37:03.406+00:00,2026-10-01T14:37:03.467+00:00,521.217,absent,980.0,"{""state"":""absent"",""devices"":[]}",absent,absent,30.2,30.7,List of devices attached,
2026-10-01T14:37:04.406+00:00,2026-10-01T14:37:04.467+00:00,522.217,absent,973.7,"{""state"":""absent"",""devices"":[]}",absent,absent,31.7,28.9,List of devices attached,
2026-10-01T14:37:05.406+00:00,2026-10-01T14:37:05.466+00:00,523.216,absent,998.0,"{""state"":""absent"",""devices"":[]}",absent,absent,30.4,29.4,List of devices attached,
2026-10-01T14:37:06.406+00:00,2026-10-01T14:37:06.468+00:00,524.218,absent,945.0,"{""state"":""absent"",""devices"":[]}",absent,absent,32.8,29.5,List of devices attached,
2026-10-01T14:37:07.406+00:00,2026-10-01T14:37:07.468+00:00,525.218,absent,970.0,"{""state"":""absent"",""devices"":[]}",absent,absent,32.9,29.0,List of devices attached,
2026-10-01T14:37:08.406+00:00,2026-10-01T14:37:08.467+00:00,526.217,absent,979.2,"{""state"":""absent"",""devices"":[]}",absent,absent,30.8,30.1,List of devices attached,
2026-10-01T14:37:09.407+00:00,2026-10-01T14:37:09.467+00:00,527.217,absent,972.1,"{""state"":""absent"",""devices"":[]}",absent,absent,31.6,29.2,List of devices attached,
2026-10-01T14:37:10.407+00:00,2026-10-01T14:37:10.467+00:00,528.217,absent,968.1,"{""state"":""absent"",""devices"":[]}",absent,absent,30.8,29.4,List of devices attached,
2026-10-01T14:37:11.407+00:00,2026-10-01T14:37:11.468+00:00,529.218,absent,948.7,"{""state"":""absent"",""devices"":[]}",absent,absent,31.1,30.0,List of devices attached,
2026-10-01T14:37:12.407+00:00,2026-10-01T14:37:12.470+00:00,530.220,absent,943.6,"{""state"":""absent"",""devices"":[]}",absent,absent,32.2,30.7,List of devices attached,
2026-10-01T14:37:13.408+00:00,2026-10-01T14:37:13.468+00:00,531.218,absent,953.6,"{""state"":""absent"",""devices"":[]}",absent,absent,31.1,29.3,List of devices attached,
2026-10-01T14:37:14.408+00:00,2026-10-01T14:37:14.469+00:00,532.219,absent,964.4,"{""state"":""absent"",""devices"":[]}",absent,absent,30.8,30.0,List of devices attached,
2026-10-01T14:37:15.408+00:00,2026-10-01T14:37:15.471+00:00,533.221,absent,972.1,"{""state"":""absent"",""devices"":[]}",absent,absent,31.4,31.0,List of devices attached,
2026-10-01T14:37:16.409+00:00,2026-10-01T14:37:16.472+00:00,534.222,absent,981.6,"{""state"":""absent"",""devices"":[]}",absent,absent,31.6,31.5,List of devices attached,
2026-10-01T14:37:17.409+00:00,2026-10-01T14:37:17.472+00:00,535.222,absent,927.6,"{""state"":""absent"",""devices"":[]}",absent,absent,33.0,30.1,List of devices attached,
2026-10-01T14:37:18.409+00:00,2026-10-01T14:37:18.470+00:00,536.220,absent,997.7,"{""state"":""absent"",""devices"":[]}",absent,absent,31.4,29.3,List of devices attached,
2026-10-01T14:37:19.409+00:00,2026-10-01T14:37:19.475+00:00,537.225,absent,971.7,"{""state"":""absent"",""devices"":[]}",absent,absent,33.0,32.5,List of devices attached,
2026-10-01T14:37:20.410+00:00,2026-10-01T14:37:20.470+00:00,538.220,absent,1000.0,"{""state"":""absent"",""devices"":[]}",absent,absent,30.6,29.7,List of devices attached,
2026-10-01T14:37:21.410+00:00,2026-10-01T14:37:21.472+00:00,539.222,absent,961.0,"{""state"":""absent"",""devices"":[]}",absent,absent,31.7,30.5,List of devices attached,
2026-10-01T14:37:22.410+00:00,2026-10-01T14:37:22.472+00:00,540.222,absent,980.2,"{""state"":""absent"",""devices"":[]}",absent,absent,32.2,29.8,List of devices attached,
2026-10-01T14:37:23.410+00:00,2026-10-01T14:37:23.470+00:00,541.220,absent,976.5,"{""state"":""absent"",""devices"":[]}",absent,absent,31.7,28.5,List of devices attached,
2026-10-01T14:37:24.411+00:00,2026-10-01T14:37:24.471+00:00,542.221,absent,976.2,"{""state"":""absent"",""devices"":[]}",absent,absent,31.1,29.0,List of devices attached,
2026-10-01T14:37:25.411+00:00,2026-10-01T14:37:25.468+00:00,543.218,absent,976.2,"{""state"":""absent"",""devices"":[]}",absent,absent,30.5,27.1,List of devices attached,
2026-10-01T14:37:26.411+00:00,2026-10-01T14:37:26.472+00:00,544.222,absent,1001.1,"{""state"":""absent"",""devices"":[]}",absent,absent,32.0,28.1,List of devices attached,
2026-10-01T14:37:27.412+00:00,2026-10-01T14:37:27.473+00:00,545.223,absent,975.7,"{""state"":""absent"",""devices"":[]}",absent,absent,31.5,29.5,List of devices attached,
2026-10-01T14:37:28.412+00:00,2026-10-01T14:37:28.474+00:00,546.224,absent,965.6,"{""state"":""absent"",""devices"":[]}",absent,absent,31.2,30.7,List of devices attached,
2026-10-01T14:37:29.412+00:00,2026-10-01T14:37:29.474+00:00,547.224,absent,979.2,"{""state"":""absent"",""devices"":[]}",absent,absent,31.6,30.7,List of devices attached,
2026-10-01T14:37:30.412+00:00,2026-10-01T14:37:30.473+00:00,548.223,absent,962.4,"{""state"":""absent"",""devices"":[]}",absent,absent,30.6,30.3,List of devices attached,
2026-10-01T14:37:31.412+00:00,2026-10-01T14:37:31.472+00:00,549.222,absent,968.0,"{""state"":""absent"",""devices"":[]}",absent,absent,30.8,29.1,List of devices attached,
2026-10-01T14:37:32.412+00:00,2026-10-01T14:37:32.474+00:00,550.224,absent,980.8,"{""state"":""absent"",""devices"":[]}",absent,absent,31.2,30.0,List of devices attached,
2026-10-01T14:37:33.413+00:00,2026-10-01T14:37:33.478+00:00,551.228,absent,961.4,"{""state"":""absent"",""devices"":[]}",absent,absent,33.1,32.0,List of devices attached,
2026-10-01T14:37:34.413+00:00,2026-10-01T14:37:34.473+00:00,552.223,absent,975.6,"{""state"":""absent"",""devices"":[]}",absent,absent,31.4,28.3,List of devices attached,
2026-10-01T14:37:35.414+00:00,2026-10-01T14:37:35.475+00:00,553.225,absent,979.9,"{""state"":""absent"",""devices"":[]}",absent,absent,31.8,29.5,List of devices attached,
2026-10-01T14:37:36.414+00:00,2026-10-01T14:37:36.476+00:00,554.226,absent,965.8,"{""state"":""absent"",""devices"":[]}",absent,absent,31.3,30.2,List of devices attached,
2026-10-01T14:37:37.415+00:00,2026-10-01T14:37:37.475+00:00,555.225,absent,939.5,"{""state"":""absent"",""devices"":[]}",absent,absent,30.8,29.8,List of devices attached,
2026-10-01T14:37:38.415+00:00,2026-10-01T14:37:38.476+00:00,556.226,absent,976.0,"{""state"":""absent"",""devices"":[]}",absent,absent,31.6,29.6,List of devices attached,
2026-10-01T14:37:39.415+00:00,2026-10-01T14:37:39.476+00:00,557.226,absent,958.0,"{""state"":""absent"",""devices"":[]}",absent,absent,31.1,29.7,List of devices attached,
2026-10-01T14:37:40.415+00:00,2026-10-01T14:37:40.476+00:00,558.226,absent,965.7,"{""state"":""absent"",""devices"":[]}",absent,absent,30.7,29.9,List of devices attached,
2026-10-01T14:37:41.416+00:00,2026-10-01T14:37:41.477+00:00,559.227,absent,990.5,"{""state"":""absent"",""devices"":[]}",absent,absent,30.6,30.2,List of devices attached,
2026-10-01T14:37:42.416+00:00,2026-10-01T14:37:42.476+00:00,560.226,absent,955.8,"{""state"":""absent"",""devices"":[]}",absent,absent,30.9,28.9,List of devices attached,
2026-10-01T14:37:43.417+00:00,2026-10-01T14:37:43.478+00:00,561.228,absent,978.4,"{""state"":""absent"",""devices"":[]}",absent,absent,31.1,30.2,List of devices attached,
2026-10-01T14:37:44.417+00:00,2026-10-01T14:37:44.478+00:00,562.228,absent,964.8,"{""state"":""absent"",""devices"":[]}",absent,absent,31.3,29.4,List of devices attached,
2026-10-01T14:37:45.417+00:00,2026-10-01T14:37:45.478+00:00,563.228,absent,959.7,"{""state"":""absent"",""devices"":[]}",absent,absent,30.2,30.6,List of devices attached,
2026-10-01T14:37:46.417+00:00,2026-10-01T14:37:46.479+00:00,564.229,absent,994.4,"{""state"":""absent"",""devices"":[]}",absent,absent,31.4,29.6,List of devices attached,
2026-10-01T14:37:47.418+00:00,2026-10-01T14:37:47.480+00:00,565.230,absent,975.7,"{""state"":""absent"",""devices"":[]}",absent,absent,32.2,29.8,List of devices attached,
2026-10-01T14:37:48.418+00:00,2026-10-01T14:37:48.479+00:00,566.229,absent,976.4,"{""state"":""absent"",""devices"":[]}",absent,absent,31.1,29.8,List of devices attached,
2026-10-01T14:37:49.418+00:00,2026-10-01T14:37:49.479+00:00,567.229,absent,956.5,"{""state"":""absent"",""devices"":[]}",absent,absent,31.4,29.5,List of devices attached,
2026-10-01T14:37:50.419+00:00,2026-10-01T14:37:50.482+00:00,568.232,absent,960.8,"{""state"":""absent"",""devices"":[]}",absent,absent,31.4,31.8,List of devices attached,
2026-10-01T14:37:51.419+00:00,2026-10-01T14:37:51.480+00:00,569.230,absent,959.0,"{""state"":""absent"",""devices"":[]}",absent,absent,32.0,29.1,List of devices attached,
2026-10-01T14:37:52.419+00:00,2026-10-01T14:37:52.485+00:00,570.235,absent,928.5,"{""state"":""absent"",""devices"":[]}",absent,absent,34.8,31.2,List of devices attached,
2026-10-01T14:37:53.419+00:00,2026-10-01T14:37:53.481+00:00,571.231,absent,973.9,"{""state"":""absent"",""devices"":[]}",absent,absent,32.3,29.3,List of devices attached,
2026-10-01T14:37:54.420+00:00,2026-10-01T14:37:54.481+00:00,572.231,absent,963.1,"{""state"":""absent"",""devices"":[]}",absent,absent,31.2,30.2,List of devices attached,
2026-10-01T14:37:55.420+00:00,2026-10-01T14:37:55.481+00:00,573.231,absent,977.8,"{""state"":""absent"",""devices"":[]}",absent,absent,31.4,29.0,List of devices attached,
2026-10-01T14:37:56.420+00:00,2026-10-01T14:37:56.484+00:00,574.234,absent,960.5,"{""state"":""absent"",""devices"":[]}",absent,absent,30.4,33.3,List of devices attached,
2026-10-01T14:37:57.421+00:00,2026-10-01T14:37:57.489+00:00,575.239,absent,924.8,"{""state"":""absent"",""devices"":[]}",absent,absent,33.2,35.1,List of devices attached,
2026-10-01T14:37:58.421+00:00,2026-10-01T14:37:58.487+00:00,576.237,absent,968.1,"{""state"":""absent"",""devices"":[]}",absent,absent,32.7,33.3,List of devices attached,
2026-10-01T14:37:59.421+00:00,2026-10-01T14:37:59.482+00:00,577.232,absent,961.4,"{""state"":""absent"",""devices"":[]}",absent,absent,32.1,29.3,List of devices attached,
2026-10-01T14:38:00.421+00:00,2026-10-01T14:38:00.482+00:00,578.232,absent,957.2,"{""state"":""absent"",""devices"":[]}",absent,absent,29.7,31.0,List of devices attached,
2026-10-01T14:38:01.422+00:00,2026-10-01T14:38:01.483+00:00,579.233,absent,979.0,"{""state"":""absent"",""devices"":[]}",absent,fastboot,31.0,30.8,List of devices attached,[REDACTED_DEVICE_SERIAL]               fastboot
2026-10-01T14:38:02.422+00:00,2026-10-01T14:38:02.488+00:00,580.238,present,989.1,"{""state"":""present"",""devices"":[{""Status"":""OK"",""Class"":""AndroidUsbDeviceClass"",""FriendlyName"":""Android Bootloader Interface"",""InstanceId"":""USB\\VID_18D1&PID_D00D\\[REDACTED_DEVICE_SERIAL]""}]}",absent,fastboot,32.6,33.2,List of devices attached,[REDACTED_DEVICE_SERIAL]               fastboot
2026-10-01T14:38:03.422+00:00,2026-10-01T14:38:03.493+00:00,581.243,present,979.7,"{""state"":""present"",""devices"":[{""Status"":""OK"",""Class"":""AndroidUsbDeviceClass"",""FriendlyName"":""Android Bootloader Interface"",""InstanceId"":""USB\\VID_18D1&PID_D00D\\[REDACTED_DEVICE_SERIAL]""}]}",absent,fastboot,35.9,34.7,List of devices attached,[REDACTED_DEVICE_SERIAL]               fastboot
2026-10-01T14:38:04.422+00:00,2026-10-01T14:38:04.486+00:00,582.236,present,986.1,"{""state"":""present"",""devices"":[{""Status"":""OK"",""Class"":""AndroidUsbDeviceClass"",""FriendlyName"":""Android Bootloader Interface"",""InstanceId"":""USB\\VID_18D1&PID_D00D\\[REDACTED_DEVICE_SERIAL]""}]}",absent,fastboot,32.1,31.6,List of devices attached,[REDACTED_DEVICE_SERIAL]               fastboot
2026-10-01T14:38:05.422+00:00,2026-10-01T14:38:05.487+00:00,583.237,present,964.3,"{""state"":""present"",""devices"":[{""Status"":""OK"",""Class"":""AndroidUsbDeviceClass"",""FriendlyName"":""Android Bootloader Interface"",""InstanceId"":""USB\\VID_18D1&PID_D00D\\[REDACTED_DEVICE_SERIAL]""}]}",absent,fastboot,31.7,33.0,List of devices attached,[REDACTED_DEVICE_SERIAL]               fastboot
2026-10-01T14:38:06.423+00:00,2026-10-01T14:38:06.485+00:00,584.235,present,986.9,"{""state"":""present"",""devices"":[{""Status"":""OK"",""Class"":""AndroidUsbDeviceClass"",""FriendlyName"":""Android Bootloader Interface"",""InstanceId"":""USB\\VID_18D1&PID_D00D\\[REDACTED_DEVICE_SERIAL]""}]}",absent,fastboot,31.0,31.7,List of devices attached,[REDACTED_DEVICE_SERIAL]               fastboot
2026-10-01T14:38:07.423+00:00,2026-10-01T14:38:07.484+00:00,585.234,present,988.4,"{""state"":""present"",""devices"":[{""Status"":""OK"",""Class"":""AndroidUsbDeviceClass"",""FriendlyName"":""Android Bootloader Interface"",""InstanceId"":""USB\\VID_18D1&PID_D00D\\[REDACTED_DEVICE_SERIAL]""}]}",absent,fastboot,31.6,30.0,List of devices attached,[REDACTED_DEVICE_SERIAL]               fastboot
2026-10-01T14:38:08.423+00:00,2026-10-01T14:38:08.485+00:00,586.235,present,955.4,"{""state"":""present"",""devices"":[{""Status"":""OK"",""Class"":""AndroidUsbDeviceClass"",""FriendlyName"":""Android Bootloader Interface"",""InstanceId"":""USB\\VID_18D1&PID_D00D\\[REDACTED_DEVICE_SERIAL]""}]}",absent,fastboot,31.6,30.8,List of devices attached,[REDACTED_DEVICE_SERIAL]               fastboot
2026-10-01T14:38:09.423+00:00,2026-10-01T14:38:09.486+00:00,587.236,present,985.8,"{""state"":""present"",""devices"":[{""Status"":""OK"",""Class"":""AndroidUsbDeviceClass"",""FriendlyName"":""Android Bootloader Interface"",""InstanceId"":""USB\\VID_18D1&PID_D00D\\[REDACTED_DEVICE_SERIAL]""}]}",absent,fastboot,31.8,30.9,List of devices attached,[REDACTED_DEVICE_SERIAL]               fastboot
2026-10-01T14:38:10.423+00:00,2026-10-01T14:38:10.486+00:00,588.235,present,912.5,"{""state"":""present"",""devices"":[{""Status"":""OK"",""Class"":""AndroidUsbDeviceClass"",""FriendlyName"":""Android Bootloader Interface"",""InstanceId"":""USB\\VID_18D1&PID_D00D\\[REDACTED_DEVICE_SERIAL]""}]}",absent,fastboot,30.9,31.0,List of devices attached,[REDACTED_DEVICE_SERIAL]               fastboot
2026-10-01T14:38:11.424+00:00,2026-10-01T14:38:11.483+00:00,589.233,present,912.5,"{""state"":""present"",""devices"":[{""Status"":""OK"",""Class"":""AndroidUsbDeviceClass"",""FriendlyName"":""Android Bootloader Interface"",""InstanceId"":""USB\\VID_18D1&PID_D00D\\[REDACTED_DEVICE_SERIAL]""}]}",absent,fastboot,30.3,28.9,List of devices attached,[REDACTED_DEVICE_SERIAL]               fastboot
2026-10-01T14:38:12.424+00:00,2026-10-01T14:38:12.487+00:00,590.237,present,1010.9,"{""state"":""present"",""devices"":[{""Status"":""OK"",""Class"":""AndroidUsbDeviceClass"",""FriendlyName"":""Android Bootloader Interface"",""InstanceId"":""USB\\VID_18D1&PID_D00D\\[REDACTED_DEVICE_SERIAL]""}]}",absent,fastboot,30.9,31.5,List of devices attached,[REDACTED_DEVICE_SERIAL]               fastboot
2026-10-01T14:38:13.425+00:00,2026-10-01T14:38:13.485+00:00,591.235,present,990.3,"{""state"":""present"",""devices"":[{""Status"":""OK"",""Class"":""AndroidUsbDeviceClass"",""FriendlyName"":""Android Bootloader Interface"",""InstanceId"":""USB\\VID_18D1&PID_D00D\\[REDACTED_DEVICE_SERIAL]""}]}",absent,fastboot,31.2,29.5,List of devices attached,[REDACTED_DEVICE_SERIAL]               fastboot
2026-10-01T14:38:14.425+00:00,2026-10-01T14:38:14.487+00:00,592.237,present,981.4,"{""state"":""present"",""devices"":[{""Status"":""OK"",""Class"":""AndroidUsbDeviceClass"",""FriendlyName"":""Android Bootloader Interface"",""InstanceId"":""USB\\VID_18D1&PID_D00D\\[REDACTED_DEVICE_SERIAL]""}]}",absent,fastboot,31.7,30.3,List of devices attached,[REDACTED_DEVICE_SERIAL]               fastboot
2026-10-01T14:38:15.425+00:00,2026-10-01T14:38:15.487+00:00,593.237,present,977.2,"{""state"":""present"",""devices"":[{""Status"":""OK"",""Class"":""AndroidUsbDeviceClass"",""FriendlyName"":""Android Bootloader Interface"",""InstanceId"":""USB\\VID_18D1&PID_D00D\\[REDACTED_DEVICE_SERIAL]""}]}",absent,fastboot,31.3,30.1,List of devices attached,[REDACTED_DEVICE_SERIAL]               fastboot
2026-10-01T14:38:16.426+00:00,2026-10-01T14:38:16.488+00:00,594.238,present,969.7,"{""state"":""present"",""devices"":[{""Status"":""OK"",""Class"":""AndroidUsbDeviceClass"",""FriendlyName"":""Android Bootloader Interface"",""InstanceId"":""USB\\VID_18D1&PID_D00D\\[REDACTED_DEVICE_SERIAL]""}]}",absent,fastboot,31.5,30.5,List of devices attached,[REDACTED_DEVICE_SERIAL]               fastboot
2026-10-01T14:38:17.426+00:00,2026-10-01T14:38:17.488+00:00,595.238,present,968.5,"{""state"":""present"",""devices"":[{""Status"":""OK"",""Class"":""AndroidUsbDeviceClass"",""FriendlyName"":""Android Bootloader Interface"",""InstanceId"":""USB\\VID_18D1&PID_D00D\\[REDACTED_DEVICE_SERIAL]""}]}",absent,fastboot,31.5,30.5,List of devices attached,[REDACTED_DEVICE_SERIAL]               fastboot
2026-10-01T14:38:18.426+00:00,2026-10-01T14:38:18.490+00:00,596.240,present,964.2,"{""state"":""present"",""devices"":[{""Status"":""OK"",""Class"":""AndroidUsbDeviceClass"",""FriendlyName"":""Android Bootloader Interface"",""InstanceId"":""USB\\VID_18D1&PID_D00D\\[REDACTED_DEVICE_SERIAL]""}]}",absent,fastboot,31.6,31.6,List of devices attached,[REDACTED_DEVICE_SERIAL]               fastboot
2026-10-01T14:38:19.426+00:00,2026-10-01T14:38:19.490+00:00,597.240,present,913.9,"{""state"":""present"",""devices"":[{""Status"":""OK"",""Class"":""AndroidUsbDeviceClass"",""FriendlyName"":""Android Bootloader Interface"",""InstanceId"":""USB\\VID_18D1&PID_D00D\\[REDACTED_DEVICE_SERIAL]""}]}",absent,fastboot,31.9,31.9,List of devices attached,[REDACTED_DEVICE_SERIAL]               fastboot
2026-10-01T14:38:20.427+00:00,2026-10-01T14:38:20.491+00:00,598.241,present,980.7,"{""state"":""present"",""devices"":[{""Status"":""OK"",""Class"":""AndroidUsbDeviceClass"",""FriendlyName"":""Android Bootloader Interface"",""InstanceId"":""USB\\VID_18D1&PID_D00D\\[REDACTED_DEVICE_SERIAL]""}]}",absent,fastboot,32.0,32.1,List of devices attached,[REDACTED_DEVICE_SERIAL]               fastboot
2026-10-01T14:38:21.427+00:00,2026-10-01T14:38:21.491+00:00,599.241,present,975.6,"{""state"":""present"",""devices"":[{""Status"":""OK"",""Class"":""AndroidUsbDeviceClass"",""FriendlyName"":""Android Bootloader Interface"",""InstanceId"":""USB\\VID_18D1&PID_D00D\\[REDACTED_DEVICE_SERIAL]""}]}",absent,fastboot,32.2,31.5,List of devices attached,[REDACTED_DEVICE_SERIAL]               fastboot
2026-10-01T14:38:22.428+00:00,2026-10-01T14:38:22.491+00:00,600.241,present,979.5,"{""state"":""present"",""devices"":[{""Status"":""OK"",""Class"":""AndroidUsbDeviceClass"",""FriendlyName"":""Android Bootloader Interface"",""InstanceId"":""USB\\VID_18D1&PID_D00D\\[REDACTED_DEVICE_SERIAL]""}]}",absent,fastboot,31.8,30.9,List of devices attached,[REDACTED_DEVICE_SERIAL]               fastboot
2026-10-01T14:38:23.428+00:00,2026-10-01T14:38:23.492+00:00,601.242,present,976.1,"{""state"":""present"",""devices"":[{""Status"":""OK"",""Class"":""AndroidUsbDeviceClass"",""FriendlyName"":""Android Bootloader Interface"",""InstanceId"":""USB\\VID_18D1&PID_D00D\\[REDACTED_DEVICE_SERIAL]""}]}",absent,fastboot,31.8,31.4,List of devices attached,[REDACTED_DEVICE_SERIAL]               fastboot
2026-10-01T14:38:24.428+00:00,2026-10-01T14:38:24.491+00:00,602.241,present,976.1,"{""state"":""present"",""devices"":[{""Status"":""OK"",""Class"":""AndroidUsbDeviceClass"",""FriendlyName"":""Android Bootloader Interface"",""InstanceId"":""USB\\VID_18D1&PID_D00D\\[REDACTED_DEVICE_SERIAL]""}]}",absent,fastboot,32.3,30.0,List of devices attached,[REDACTED_DEVICE_SERIAL]               fastboot
2026-10-01T14:38:25.429+00:00,2026-10-01T14:38:25.494+00:00,603.244,present,1044.4,"{""state"":""present"",""devices"":[{""Status"":""OK"",""Class"":""AndroidUsbDeviceClass"",""FriendlyName"":""Android Bootloader Interface"",""InstanceId"":""USB\\VID_18D1&PID_D00D\\[REDACTED_DEVICE_SERIAL]""}]}",absent,fastboot,33.5,31.7,List of devices attached,[REDACTED_DEVICE_SERIAL]               fastboot
2026-10-01T14:38:26.429+00:00,2026-10-01T14:38:26.493+00:00,604.243,present,920.9,"{""state"":""present"",""devices"":[{""Status"":""OK"",""Class"":""AndroidUsbDeviceClass"",""FriendlyName"":""Android Bootloader Interface"",""InstanceId"":""USB\\VID_18D1&PID_D00D\\[REDACTED_DEVICE_SERIAL]""}]}",absent,fastboot,32.1,31.9,List of devices attached,[REDACTED_DEVICE_SERIAL]               fastboot
2026-10-01T14:38:27.430+00:00,2026-10-01T14:38:27.491+00:00,605.241,present,920.9,"{""state"":""present"",""devices"":[{""Status"":""OK"",""Class"":""AndroidUsbDeviceClass"",""FriendlyName"":""Android Bootloader Interface"",""InstanceId"":""USB\\VID_18D1&PID_D00D\\[REDACTED_DEVICE_SERIAL]""}]}",absent,fastboot,31.5,29.2,List of devices attached,[REDACTED_DEVICE_SERIAL]               fastboot
2026-10-01T14:38:28.431+00:00,2026-10-01T14:38:28.492+00:00,606.242,present,1004.4,"{""state"":""present"",""devices"":[{""Status"":""OK"",""Class"":""AndroidUsbDeviceClass"",""FriendlyName"":""Android Bootloader Interface"",""InstanceId"":""USB\\VID_18D1&PID_D00D\\[REDACTED_DEVICE_SERIAL]""}]}",absent,fastboot,30.8,30.3,List of devices attached,[REDACTED_DEVICE_SERIAL]               fastboot
2026-10-01T14:38:29.431+00:00,2026-10-01T14:38:29.496+00:00,607.246,present,905.6,"{""state"":""present"",""devices"":[{""Status"":""OK"",""Class"":""AndroidUsbDeviceClass"",""FriendlyName"":""Android Bootloader Interface"",""InstanceId"":""USB\\VID_18D1&PID_D00D\\[REDACTED_DEVICE_SERIAL]""}]}",absent,fastboot,32.4,33.1,List of devices attached,[REDACTED_DEVICE_SERIAL]               fastboot
2026-10-01T14:38:30.431+00:00,2026-10-01T14:38:30.493+00:00,608.243,present,948.8,"{""state"":""present"",""devices"":[{""Status"":""OK"",""Class"":""AndroidUsbDeviceClass"",""FriendlyName"":""Android Bootloader Interface"",""InstanceId"":""USB\\VID_18D1&PID_D00D\\[REDACTED_DEVICE_SERIAL]""}]}",absent,fastboot,31.4,30.5,List of devices attached,[REDACTED_DEVICE_SERIAL]               fastboot
2026-10-01T14:38:31.431+00:00,2026-10-01T14:38:31.494+00:00,609.244,present,960.9,"{""state"":""present"",""devices"":[{""Status"":""OK"",""Class"":""AndroidUsbDeviceClass"",""FriendlyName"":""Android Bootloader Interface"",""InstanceId"":""USB\\VID_18D1&PID_D00D\\[REDACTED_DEVICE_SERIAL]""}]}",absent,fastboot,32.1,30.6,List of devices attached,[REDACTED_DEVICE_SERIAL]               fastboot
2026-10-01T14:38:32.431+00:00,2026-10-01T14:38:32.494+00:00,610.244,present,954.2,"{""state"":""present"",""devices"":[{""Status"":""OK"",""Class"":""AndroidUsbDeviceClass"",""FriendlyName"":""Android Bootloader Interface"",""InstanceId"":""USB\\VID_18D1&PID_D00D\\[REDACTED_DEVICE_SERIAL]""}]}",absent,fastboot,31.5,31.4,List of devices attached,[REDACTED_DEVICE_SERIAL]               fastboot
2026-10-01T14:38:33.432+00:00,2026-10-01T14:38:33.495+00:00,611.245,present,962.7,"{""state"":""present"",""devices"":[{""Status"":""OK"",""Class"":""AndroidUsbDeviceClass"",""FriendlyName"":""Android Bootloader Interface"",""InstanceId"":""USB\\VID_18D1&PID_D00D\\[REDACTED_DEVICE_SERIAL]""}]}",absent,fastboot,32.2,31.3,List of devices attached,[REDACTED_DEVICE_SERIAL]               fastboot
2026-10-01T14:38:34.432+00:00,2026-10-01T14:38:34.494+00:00,612.244,present,970.9,"{""state"":""present"",""devices"":[{""Status"":""OK"",""Class"":""AndroidUsbDeviceClass"",""FriendlyName"":""Android Bootloader Interface"",""InstanceId"":""USB\\VID_18D1&PID_D00D\\[REDACTED_DEVICE_SERIAL]""}]}",absent,fastboot,31.2,30.5,List of devices attached,[REDACTED_DEVICE_SERIAL]               fastboot
2026-10-01T14:38:35.433+00:00,2026-10-01T14:38:35.495+00:00,613.245,present,974.8,"{""state"":""present"",""devices"":[{""Status"":""OK"",""Class"":""AndroidUsbDeviceClass"",""FriendlyName"":""Android Bootloader Interface"",""InstanceId"":""USB\\VID_18D1&PID_D00D\\[REDACTED_DEVICE_SERIAL]""}]}",absent,fastboot,30.6,31.5,List of devices attached,[REDACTED_DEVICE_SERIAL]               fastboot
2026-10-01T14:38:36.433+00:00,2026-10-01T14:38:36.497+00:00,614.247,present,957.7,"{""state"":""present"",""devices"":[{""Status"":""OK"",""Class"":""AndroidUsbDeviceClass"",""FriendlyName"":""Android Bootloader Interface"",""InstanceId"":""USB\\VID_18D1&PID_D00D\\[REDACTED_DEVICE_SERIAL]""}]}",absent,fastboot,32.6,31.9,List of devices attached,[REDACTED_DEVICE_SERIAL]               fastboot
2026-10-01T14:38:37.433+00:00,2026-10-01T14:38:37.495+00:00,615.245,present,950.2,"{""state"":""present"",""devices"":[{""Status"":""OK"",""Class"":""AndroidUsbDeviceClass"",""FriendlyName"":""Android Bootloader Interface"",""InstanceId"":""USB\\VID_18D1&PID_D00D\\[REDACTED_DEVICE_SERIAL]""}]}",absent,fastboot,32.3,29.9,List of devices attached,[REDACTED_DEVICE_SERIAL]               fastboot
2026-10-01T14:38:38.433+00:00,2026-10-01T14:38:38.495+00:00,616.245,present,931.5,"{""state"":""present"",""devices"":[{""Status"":""OK"",""Class"":""AndroidUsbDeviceClass"",""FriendlyName"":""Android Bootloader Interface"",""InstanceId"":""USB\\VID_18D1&PID_D00D\\[REDACTED_DEVICE_SERIAL]""}]}",absent,fastboot,32.0,30.1,List of devices attached,[REDACTED_DEVICE_SERIAL]               fastboot
2026-10-01T14:38:39.434+00:00,2026-10-01T14:38:39.497+00:00,617.247,present,992.5,"{""state"":""present"",""devices"":[{""Status"":""OK"",""Class"":""AndroidUsbDeviceClass"",""FriendlyName"":""Android Bootloader Interface"",""InstanceId"":""USB\\VID_18D1&PID_D00D\\[REDACTED_DEVICE_SERIAL]""}]}",absent,fastboot,32.6,30.7,List of devices attached,[REDACTED_DEVICE_SERIAL]               fastboot
2026-10-01T14:38:40.434+00:00,2026-10-01T14:38:40.498+00:00,618.248,present,961.8,"{""state"":""present"",""devices"":[{""Status"":""OK"",""Class"":""AndroidUsbDeviceClass"",""FriendlyName"":""Android Bootloader Interface"",""InstanceId"":""USB\\VID_18D1&PID_D00D\\[REDACTED_DEVICE_SERIAL]""}]}",absent,fastboot,32.7,31.7,List of devices attached,[REDACTED_DEVICE_SERIAL]               fastboot
2026-10-01T14:38:41.434+00:00,2026-10-01T14:38:41.497+00:00,619.247,present,945.9,"{""state"":""present"",""devices"":[{""Status"":""OK"",""Class"":""AndroidUsbDeviceClass"",""FriendlyName"":""Android Bootloader Interface"",""InstanceId"":""USB\\VID_18D1&PID_D00D\\[REDACTED_DEVICE_SERIAL]""}]}",absent,fastboot,31.9,30.9,List of devices attached,[REDACTED_DEVICE_SERIAL]               fastboot
2026-10-01T14:38:42.434+00:00,2026-10-01T14:38:42.498+00:00,620.248,present,938.6,"{""state"":""present"",""devices"":[{""Status"":""OK"",""Class"":""AndroidUsbDeviceClass"",""FriendlyName"":""Android Bootloader Interface"",""InstanceId"":""USB\\VID_18D1&PID_D00D\\[REDACTED_DEVICE_SERIAL]""}]}",absent,fastboot,32.4,31.3,List of devices attached,[REDACTED_DEVICE_SERIAL]               fastboot
2026-10-01T14:38:43.434+00:00,2026-10-01T14:38:43.495+00:00,621.245,present,951.8,"{""state"":""present"",""devices"":[{""Status"":""OK"",""Class"":""AndroidUsbDeviceClass"",""FriendlyName"":""Android Bootloader Interface"",""InstanceId"":""USB\\VID_18D1&PID_D00D\\[REDACTED_DEVICE_SERIAL]""}]}",absent,fastboot,30.9,29.9,List of devices attached,[REDACTED_DEVICE_SERIAL]               fastboot
2026-10-01T14:38:44.434+00:00,2026-10-01T14:38:44.498+00:00,622.248,present,978.1,"{""state"":""present"",""devices"":[{""Status"":""OK"",""Class"":""AndroidUsbDeviceClass"",""FriendlyName"":""Android Bootloader Interface"",""InstanceId"":""USB\\VID_18D1&PID_D00D\\[REDACTED_DEVICE_SERIAL]""}]}",absent,fastboot,31.9,31.7,List of devices attached,[REDACTED_DEVICE_SERIAL]               fastboot
2026-10-01T14:38:45.435+00:00,2026-10-01T14:38:45.498+00:00,623.248,present,963.2,"{""state"":""present"",""devices"":[{""Status"":""OK"",""Class"":""AndroidUsbDeviceClass"",""FriendlyName"":""Android Bootloader Interface"",""InstanceId"":""USB\\VID_18D1&PID_D00D\\[REDACTED_DEVICE_SERIAL]""}]}",absent,fastboot,32.6,31.0,List of devices attached,[REDACTED_DEVICE_SERIAL]               fastboot
2026-10-01T14:38:46.435+00:00,2026-10-01T14:38:46.497+00:00,624.247,present,943.1,"{""state"":""present"",""devices"":[{""Status"":""OK"",""Class"":""AndroidUsbDeviceClass"",""FriendlyName"":""Android Bootloader Interface"",""InstanceId"":""USB\\VID_18D1&PID_D00D\\[REDACTED_DEVICE_SERIAL]""}]}",absent,fastboot,31.9,29.8,List of devices attached,[REDACTED_DEVICE_SERIAL]               fastboot
2026-10-01T14:38:47.435+00:00,2026-10-01T14:38:47.499+00:00,625.249,present,956.5,"{""state"":""present"",""devices"":[{""Status"":""OK"",""Class"":""AndroidUsbDeviceClass"",""FriendlyName"":""Android Bootloader Interface"",""InstanceId"":""USB\\VID_18D1&PID_D00D\\[REDACTED_DEVICE_SERIAL]""}]}",absent,fastboot,32.5,31.3,List of devices attached,[REDACTED_DEVICE_SERIAL]               fastboot
2026-10-01T14:38:48.435+00:00,2026-10-01T14:38:48.497+00:00,626.247,present,968.6,"{""state"":""present"",""devices"":[{""Status"":""OK"",""Class"":""AndroidUsbDeviceClass"",""FriendlyName"":""Android Bootloader Interface"",""InstanceId"":""USB\\VID_18D1&PID_D00D\\[REDACTED_DEVICE_SERIAL]""}]}",absent,fastboot,30.7,30.7,List of devices attached,[REDACTED_DEVICE_SERIAL]               fastboot
2026-10-01T14:38:49.436+00:00,2026-10-01T14:38:49.500+00:00,627.250,present,970.0,"{""state"":""present"",""devices"":[{""Status"":""OK"",""Class"":""AndroidUsbDeviceClass"",""FriendlyName"":""Android Bootloader Interface"",""InstanceId"":""USB\\VID_18D1&PID_D00D\\[REDACTED_DEVICE_SERIAL]""}]}",absent,fastboot,32.5,31.7,List of devices attached,[REDACTED_DEVICE_SERIAL]               fastboot
2026-10-01T14:38:50.436+00:00,2026-10-01T14:38:50.497+00:00,628.247,present,962.4,"{""state"":""present"",""devices"":[{""Status"":""OK"",""Class"":""AndroidUsbDeviceClass"",""FriendlyName"":""Android Bootloader Interface"",""InstanceId"":""USB\\VID_18D1&PID_D00D\\[REDACTED_DEVICE_SERIAL]""}]}",absent,fastboot,31.3,30.2,List of devices attached,[REDACTED_DEVICE_SERIAL]               fastboot
2026-10-01T14:38:51.436+00:00,2026-10-01T14:38:51.499+00:00,629.249,present,982.1,"{""state"":""present"",""devices"":[{""Status"":""OK"",""Class"":""AndroidUsbDeviceClass"",""FriendlyName"":""Android Bootloader Interface"",""InstanceId"":""USB\\VID_18D1&PID_D00D\\[REDACTED_DEVICE_SERIAL]""}]}",absent,fastboot,31.6,31.3,List of devices attached,[REDACTED_DEVICE_SERIAL]               fastboot
2026-10-01T14:38:52.436+00:00,2026-10-01T14:38:52.500+00:00,630.250,present,986.9,"{""state"":""present"",""devices"":[{""Status"":""OK"",""Class"":""AndroidUsbDeviceClass"",""FriendlyName"":""Android Bootloader Interface"",""InstanceId"":""USB\\VID_18D1&PID_D00D\\[REDACTED_DEVICE_SERIAL]""}]}",absent,fastboot,31.5,31.7,List of devices attached,[REDACTED_DEVICE_SERIAL]               fastboot
2026-10-01T14:38:53.437+00:00,2026-10-01T14:38:53.499+00:00,631.249,present,970.3,"{""state"":""present"",""devices"":[{""Status"":""OK"",""Class"":""AndroidUsbDeviceClass"",""FriendlyName"":""Android Bootloader Interface"",""InstanceId"":""USB\\VID_18D1&PID_D00D\\[REDACTED_DEVICE_SERIAL]""}]}",absent,fastboot,32.1,30.4,List of devices attached,[REDACTED_DEVICE_SERIAL]               fastboot
2026-10-01T14:38:54.437+00:00,2026-10-01T14:38:54.500+00:00,632.250,present,978.2,"{""state"":""present"",""devices"":[{""Status"":""OK"",""Class"":""AndroidUsbDeviceClass"",""FriendlyName"":""Android Bootloader Interface"",""InstanceId"":""USB\\VID_18D1&PID_D00D\\[REDACTED_DEVICE_SERIAL]""}]}",absent,fastboot,30.9,31.7,List of devices attached,[REDACTED_DEVICE_SERIAL]               fastboot
2026-10-01T14:38:55.437+00:00,2026-10-01T14:38:55.502+00:00,633.252,present,958.0,"{""state"":""present"",""devices"":[{""Status"":""OK"",""Class"":""AndroidUsbDeviceClass"",""FriendlyName"":""Android Bootloader Interface"",""InstanceId"":""USB\\VID_18D1&PID_D00D\\[REDACTED_DEVICE_SERIAL]""}]}",absent,fastboot,32.7,31.3,List of devices attached,[REDACTED_DEVICE_SERIAL]               fastboot
2026-10-01T14:38:56.438+00:00,2026-10-01T14:38:56.501+00:00,634.251,present,955.5,"{""state"":""present"",""devices"":[{""Status"":""OK"",""Class"":""AndroidUsbDeviceClass"",""FriendlyName"":""Android Bootloader Interface"",""InstanceId"":""USB\\VID_18D1&PID_D00D\\[REDACTED_DEVICE_SERIAL]""}]}",absent,fastboot,31.3,32.0,List of devices attached,[REDACTED_DEVICE_SERIAL]               fastboot
2026-10-01T14:38:57.438+00:00,2026-10-01T14:38:57.501+00:00,635.251,present,964.5,"{""state"":""present"",""devices"":[{""Status"":""OK"",""Class"":""AndroidUsbDeviceClass"",""FriendlyName"":""Android Bootloader Interface"",""InstanceId"":""USB\\VID_18D1&PID_D00D\\[REDACTED_DEVICE_SERIAL]""}]}",absent,fastboot,32.3,30.3,List of devices attached,[REDACTED_DEVICE_SERIAL]               fastboot
2026-10-01T14:38:58.438+00:00,2026-10-01T14:38:58.499+00:00,636.249,present,982.2,"{""state"":""present"",""devices"":[{""Status"":""OK"",""Class"":""AndroidUsbDeviceClass"",""FriendlyName"":""Android Bootloader Interface"",""InstanceId"":""USB\\VID_18D1&PID_D00D\\[REDACTED_DEVICE_SERIAL]""}]}",absent,fastboot,30.5,30.2,List of devices attached,[REDACTED_DEVICE_SERIAL]               fastboot
2026-10-01T14:38:59.438+00:00,2026-10-01T14:38:59.518+00:00,637.268,present,889.5,"{""state"":""present"",""devices"":[{""Status"":""OK"",""Class"":""AndroidUsbDeviceClass"",""FriendlyName"":""Android Bootloader Interface"",""InstanceId"":""USB\\VID_18D1&PID_D00D\\[REDACTED_DEVICE_SERIAL]""}]}",absent,fastboot,41.6,38.0,List of devices attached,[REDACTED_DEVICE_SERIAL]               fastboot
2026-10-01T14:39:00.439+00:00,2026-10-01T14:39:00.499+00:00,638.249,present,889.5,"{""state"":""present"",""devices"":[{""Status"":""OK"",""Class"":""AndroidUsbDeviceClass"",""FriendlyName"":""Android Bootloader Interface"",""InstanceId"":""USB\\VID_18D1&PID_D00D\\[REDACTED_DEVICE_SERIAL]""}]}",absent,fastboot,30.8,29.3,List of devices attached,[REDACTED_DEVICE_SERIAL]               fastboot
2026-10-01T14:39:01.439+00:00,2026-10-01T14:39:01.505+00:00,639.255,present,1010.9,"{""state"":""present"",""devices"":[{""Status"":""OK"",""Class"":""AndroidUsbDeviceClass"",""FriendlyName"":""Android Bootloader Interface"",""InstanceId"":""USB\\VID_18D1&PID_D00D\\[REDACTED_DEVICE_SERIAL]""}]}",absent,fastboot,33.6,31.9,List of devices attached,[REDACTED_DEVICE_SERIAL]               fastboot
2026-10-01T14:39:02.439+00:00,2026-10-01T14:39:02.503+00:00,640.253,present,973.3,"{""state"":""present"",""devices"":[{""Status"":""OK"",""Class"":""AndroidUsbDeviceClass"",""FriendlyName"":""Android Bootloader Interface"",""InstanceId"":""USB\\VID_18D1&PID_D00D\\[REDACTED_DEVICE_SERIAL]""}]}",absent,fastboot,33.2,30.3,List of devices attached,[REDACTED_DEVICE_SERIAL]               fastboot
2026-10-01T14:39:03.439+00:00,2026-10-01T14:39:03.504+00:00,641.254,present,951.9,"{""state"":""present"",""devices"":[{""Status"":""OK"",""Class"":""AndroidUsbDeviceClass"",""FriendlyName"":""Android Bootloader Interface"",""InstanceId"":""USB\\VID_18D1&PID_D00D\\[REDACTED_DEVICE_SERIAL]""}]}",absent,fastboot,32.9,31.8,List of devices attached,[REDACTED_DEVICE_SERIAL]               fastboot
2026-10-01T14:39:04.440+00:00,2026-10-01T14:39:04.503+00:00,642.253,present,970.3,"{""state"":""present"",""devices"":[{""Status"":""OK"",""Class"":""AndroidUsbDeviceClass"",""FriendlyName"":""Android Bootloader Interface"",""InstanceId"":""USB\\VID_18D1&PID_D00D\\[REDACTED_DEVICE_SERIAL]""}]}",absent,fastboot,32.6,30.8,List of devices attached,[REDACTED_DEVICE_SERIAL]               fastboot
2026-10-01T14:39:05.440+00:00,2026-10-01T14:39:05.503+00:00,643.253,present,980.9,"{""state"":""present"",""devices"":[{""Status"":""OK"",""Class"":""AndroidUsbDeviceClass"",""FriendlyName"":""Android Bootloader Interface"",""InstanceId"":""USB\\VID_18D1&PID_D00D\\[REDACTED_DEVICE_SERIAL]""}]}",absent,fastboot,31.9,30.6,List of devices attached,[REDACTED_DEVICE_SERIAL]               fastboot
2026-10-01T14:39:06.441+00:00,2026-10-01T14:39:06.501+00:00,644.251,present,972.4,"{""state"":""present"",""devices"":[{""Status"":""OK"",""Class"":""AndroidUsbDeviceClass"",""FriendlyName"":""Android Bootloader Interface"",""InstanceId"":""USB\\VID_18D1&PID_D00D\\[REDACTED_DEVICE_SERIAL]""}]}",absent,fastboot,30.2,30.3,List of devices attached,[REDACTED_DEVICE_SERIAL]               fastboot
2026-10-01T14:39:07.441+00:00,2026-10-01T14:39:07.503+00:00,645.253,present,964.7,"{""state"":""present"",""devices"":[{""Status"":""OK"",""Class"":""AndroidUsbDeviceClass"",""FriendlyName"":""Android Bootloader Interface"",""InstanceId"":""USB\\VID_18D1&PID_D00D\\[REDACTED_DEVICE_SERIAL]""}]}",absent,fastboot,32.1,30.5,List of devices attached,[REDACTED_DEVICE_SERIAL]               fastboot
2026-10-01T14:39:08.441+00:00,2026-10-01T14:39:08.502+00:00,646.252,present,910.5,"{""state"":""present"",""devices"":[{""Status"":""OK"",""Class"":""AndroidUsbDeviceClass"",""FriendlyName"":""Android Bootloader Interface"",""InstanceId"":""USB\\VID_18D1&PID_D00D\\[REDACTED_DEVICE_SERIAL]""}]}",absent,fastboot,31.5,29.6,List of devices attached,[REDACTED_DEVICE_SERIAL]               fastboot
2026-10-01T14:39:09.441+00:00,2026-10-01T14:39:09.506+00:00,647.256,present,931.7,"{""state"":""present"",""devices"":[{""Status"":""OK"",""Class"":""AndroidUsbDeviceClass"",""FriendlyName"":""Android Bootloader Interface"",""InstanceId"":""USB\\VID_18D1&PID_D00D\\[REDACTED_DEVICE_SERIAL]""}]}",absent,fastboot,32.8,31.7,List of devices attached,[REDACTED_DEVICE_SERIAL]               fastboot
2026-10-01T14:39:10.442+00:00,2026-10-01T14:39:10.502+00:00,648.252,present,899.8,"{""state"":""present"",""devices"":[{""Status"":""OK"",""Class"":""AndroidUsbDeviceClass"",""FriendlyName"":""Android Bootloader Interface"",""InstanceId"":""USB\\VID_18D1&PID_D00D\\[REDACTED_DEVICE_SERIAL]""}]}",absent,fastboot,29.8,30.5,List of devices attached,[REDACTED_DEVICE_SERIAL]               fastboot
2026-10-01T14:39:11.442+00:00,2026-10-01T14:39:11.507+00:00,649.257,present,985.3,"{""state"":""present"",""devices"":[{""Status"":""OK"",""Class"":""AndroidUsbDeviceClass"",""FriendlyName"":""Android Bootloader Interface"",""InstanceId"":""USB\\VID_18D1&PID_D00D\\[REDACTED_DEVICE_SERIAL]""}]}",absent,fastboot,33.3,31.5,List of devices attached,[REDACTED_DEVICE_SERIAL]               fastboot
2026-10-01T14:39:12.443+00:00,2026-10-01T14:39:12.506+00:00,650.256,present,971.7,"{""state"":""present"",""devices"":[{""Status"":""OK"",""Class"":""AndroidUsbDeviceClass"",""FriendlyName"":""Android Bootloader Interface"",""InstanceId"":""USB\\VID_18D1&PID_D00D\\[REDACTED_DEVICE_SERIAL]""}]}",absent,fastboot,31.1,31.6,List of devices attached,[REDACTED_DEVICE_SERIAL]               fastboot
2026-10-01T14:39:13.443+00:00,2026-10-01T14:39:13.505+00:00,651.255,present,986.7,"{""state"":""present"",""devices"":[{""Status"":""OK"",""Class"":""AndroidUsbDeviceClass"",""FriendlyName"":""Android Bootloader Interface"",""InstanceId"":""USB\\VID_18D1&PID_D00D\\[REDACTED_DEVICE_SERIAL]""}]}",absent,fastboot,30.2,31.6,List of devices attached,[REDACTED_DEVICE_SERIAL]               fastboot
2026-10-01T14:39:14.443+00:00,2026-10-01T14:39:14.506+00:00,652.256,present,977.1,"{""state"":""present"",""devices"":[{""Status"":""OK"",""Class"":""AndroidUsbDeviceClass"",""FriendlyName"":""Android Bootloader Interface"",""InstanceId"":""USB\\VID_18D1&PID_D00D\\[REDACTED_DEVICE_SERIAL]""}]}",absent,fastboot,31.5,30.8,List of devices attached,[REDACTED_DEVICE_SERIAL]               fastboot
2026-10-01T14:39:15.444+00:00,2026-10-01T14:39:15.505+00:00,653.255,present,967.5,"{""state"":""present"",""devices"":[{""Status"":""OK"",""Class"":""AndroidUsbDeviceClass"",""FriendlyName"":""Android Bootloader Interface"",""InstanceId"":""USB\\VID_18D1&PID_D00D\\[REDACTED_DEVICE_SERIAL]""}]}",absent,fastboot,31.2,30.7,List of devices attached,[REDACTED_DEVICE_SERIAL]               fastboot
2026-10-01T14:39:16.444+00:00,2026-10-01T14:39:16.505+00:00,654.255,present,970.9,"{""state"":""present"",""devices"":[{""Status"":""OK"",""Class"":""AndroidUsbDeviceClass"",""FriendlyName"":""Android Bootloader Interface"",""InstanceId"":""USB\\VID_18D1&PID_D00D\\[REDACTED_DEVICE_SERIAL]""}]}",absent,fastboot,31.6,29.7,List of devices attached,[REDACTED_DEVICE_SERIAL]               fastboot
2026-10-01T14:39:17.444+00:00,2026-10-01T14:39:17.508+00:00,655.258,present,961.6,"{""state"":""present"",""devices"":[{""Status"":""OK"",""Class"":""AndroidUsbDeviceClass"",""FriendlyName"":""Android Bootloader Interface"",""InstanceId"":""USB\\VID_18D1&PID_D00D\\[REDACTED_DEVICE_SERIAL]""}]}",absent,fastboot,33.0,30.7,List of devices attached,[REDACTED_DEVICE_SERIAL]               fastboot
2026-10-01T14:39:18.445+00:00,2026-10-01T14:39:18.508+00:00,656.258,present,957.8,"{""state"":""present"",""devices"":[{""Status"":""OK"",""Class"":""AndroidUsbDeviceClass"",""FriendlyName"":""Android Bootloader Interface"",""InstanceId"":""USB\\VID_18D1&PID_D00D\\[REDACTED_DEVICE_SERIAL]""}]}",absent,fastboot,32.2,30.8,List of devices attached,[REDACTED_DEVICE_SERIAL]               fastboot
2026-10-01T14:39:19.445+00:00,2026-10-01T14:39:19.506+00:00,657.256,present,987.6,"{""state"":""present"",""devices"":[{""Status"":""OK"",""Class"":""AndroidUsbDeviceClass"",""FriendlyName"":""Android Bootloader Interface"",""InstanceId"":""USB\\VID_18D1&PID_D00D\\[REDACTED_DEVICE_SERIAL]""}]}",absent,fastboot,31.3,30.1,List of devices attached,[REDACTED_DEVICE_SERIAL]               fastboot
2026-10-01T14:39:20.445+00:00,2026-10-01T14:39:20.506+00:00,658.256,present,997.4,"{""state"":""present"",""devices"":[{""Status"":""OK"",""Class"":""AndroidUsbDeviceClass"",""FriendlyName"":""Android Bootloader Interface"",""InstanceId"":""USB\\VID_18D1&PID_D00D\\[REDACTED_DEVICE_SERIAL]""}]}",absent,fastboot,30.1,30.7,List of devices attached,[REDACTED_DEVICE_SERIAL]               fastboot
2026-10-01T14:39:21.445+00:00,2026-10-01T14:39:21.508+00:00,659.258,present,960.0,"{""state"":""present"",""devices"":[{""Status"":""OK"",""Class"":""AndroidUsbDeviceClass"",""FriendlyName"":""Android Bootloader Interface"",""InstanceId"":""USB\\VID_18D1&PID_D00D\\[REDACTED_DEVICE_SERIAL]""}]}",absent,fastboot,32.3,31.0,List of devices attached,[REDACTED_DEVICE_SERIAL]               fastboot
2026-10-01T14:39:22.445+00:00,2026-10-01T14:39:22.509+00:00,660.259,present,974.2,"{""state"":""present"",""devices"":[{""Status"":""OK"",""Class"":""AndroidUsbDeviceClass"",""FriendlyName"":""Android Bootloader Interface"",""InstanceId"":""USB\\VID_18D1&PID_D00D\\[REDACTED_DEVICE_SERIAL]""}]}",absent,fastboot,31.4,32.4,List of devices attached,[REDACTED_DEVICE_SERIAL]               fastboot
2026-10-01T14:39:23.445+00:00,2026-10-01T14:39:23.509+00:00,661.259,present,969.2,"{""state"":""present"",""devices"":[{""Status"":""OK"",""Class"":""AndroidUsbDeviceClass"",""FriendlyName"":""Android Bootloader Interface"",""InstanceId"":""USB\\VID_18D1&PID_D00D\\[REDACTED_DEVICE_SERIAL]""}]}",absent,fastboot,32.1,30.8,List of devices attached,[REDACTED_DEVICE_SERIAL]               fastboot
2026-10-01T14:39:24.446+00:00,2026-10-01T14:39:24.509+00:00,662.259,present,973.9,"{""state"":""present"",""devices"":[{""Status"":""OK"",""Class"":""AndroidUsbDeviceClass"",""FriendlyName"":""Android Bootloader Interface"",""InstanceId"":""USB\\VID_18D1&PID_D00D\\[REDACTED_DEVICE_SERIAL]""}]}",absent,fastboot,31.2,31.7,List of devices attached,[REDACTED_DEVICE_SERIAL]               fastboot
2026-10-01T14:39:25.446+00:00,2026-10-01T14:39:25.509+00:00,663.259,present,982.4,"{""state"":""present"",""devices"":[{""Status"":""OK"",""Class"":""AndroidUsbDeviceClass"",""FriendlyName"":""Android Bootloader Interface"",""InstanceId"":""USB\\VID_18D1&PID_D00D\\[REDACTED_DEVICE_SERIAL]""}]}",absent,fastboot,32.5,29.8,List of devices attached,[REDACTED_DEVICE_SERIAL]               fastboot
2026-10-01T14:39:26.446+00:00,2026-10-01T14:39:26.508+00:00,664.258,present,992.7,"{""state"":""present"",""devices"":[{""Status"":""OK"",""Class"":""AndroidUsbDeviceClass"",""FriendlyName"":""Android Bootloader Interface"",""InstanceId"":""USB\\VID_18D1&PID_D00D\\[REDACTED_DEVICE_SERIAL]""}]}",absent,fastboot,30.3,30.7,List of devices attached,[REDACTED_DEVICE_SERIAL]               fastboot
2026-10-01T14:39:27.447+00:00,2026-10-01T14:39:27.517+00:00,665.267,present,958.3,"{""state"":""present"",""devices"":[{""Status"":""OK"",""Class"":""AndroidUsbDeviceClass"",""FriendlyName"":""Android Bootloader Interface"",""InstanceId"":""USB\\VID_18D1&PID_D00D\\[REDACTED_DEVICE_SERIAL]""}]}",absent,fastboot,35.7,33.9,List of devices attached,[REDACTED_DEVICE_SERIAL]               fastboot
2026-10-01T14:39:28.447+00:00,2026-10-01T14:39:28.510+00:00,666.260,present,986.3,"{""state"":""present"",""devices"":[{""Status"":""OK"",""Class"":""AndroidUsbDeviceClass"",""FriendlyName"":""Android Bootloader Interface"",""InstanceId"":""USB\\VID_18D1&PID_D00D\\[REDACTED_DEVICE_SERIAL]""}]}",absent,fastboot,31.4,31.0,List of devices attached,[REDACTED_DEVICE_SERIAL]               fastboot
2026-10-01T14:39:29.447+00:00,2026-10-01T14:39:29.509+00:00,667.259,present,965.7,"{""state"":""present"",""devices"":[{""Status"":""OK"",""Class"":""AndroidUsbDeviceClass"",""FriendlyName"":""Android Bootloader Interface"",""InstanceId"":""USB\\VID_18D1&PID_D00D\\[REDACTED_DEVICE_SERIAL]""}]}",absent,fastboot,32.4,29.6,List of devices attached,[REDACTED_DEVICE_SERIAL]               fastboot
2026-10-01T14:39:30.448+00:00,2026-10-01T14:39:30.510+00:00,668.260,present,976.4,"{""state"":""present"",""devices"":[{""Status"":""OK"",""Class"":""AndroidUsbDeviceClass"",""FriendlyName"":""Android Bootloader Interface"",""InstanceId"":""USB\\VID_18D1&PID_D00D\\[REDACTED_DEVICE_SERIAL]""}]}",absent,fastboot,32.0,30.3,List of devices attached,[REDACTED_DEVICE_SERIAL]               fastboot
2026-10-01T14:39:31.448+00:00,2026-10-01T14:39:31.511+00:00,669.261,present,976.0,"{""state"":""present"",""devices"":[{""Status"":""OK"",""Class"":""AndroidUsbDeviceClass"",""FriendlyName"":""Android Bootloader Interface"",""InstanceId"":""USB\\VID_18D1&PID_D00D\\[REDACTED_DEVICE_SERIAL]""}]}",absent,fastboot,33.1,29.8,List of devices attached,[REDACTED_DEVICE_SERIAL]               fastboot
2026-10-01T14:39:32.448+00:00,2026-10-01T14:39:32.509+00:00,670.259,present,991.7,"{""state"":""present"",""devices"":[{""Status"":""OK"",""Class"":""AndroidUsbDeviceClass"",""FriendlyName"":""Android Bootloader Interface"",""InstanceId"":""USB\\VID_18D1&PID_D00D\\[REDACTED_DEVICE_SERIAL]""}]}",absent,fastboot,30.2,30.9,List of devices attached,[REDACTED_DEVICE_SERIAL]               fastboot
2026-10-01T14:39:33.449+00:00,2026-10-01T14:39:33.513+00:00,671.262,present,968.5,"{""state"":""present"",""devices"":[{""Status"":""OK"",""Class"":""AndroidUsbDeviceClass"",""FriendlyName"":""Android Bootloader Interface"",""InstanceId"":""USB\\VID_18D1&PID_D00D\\[REDACTED_DEVICE_SERIAL]""}]}",absent,fastboot,31.9,32.0,List of devices attached,[REDACTED_DEVICE_SERIAL]               fastboot
2026-10-01T14:39:34.449+00:00,2026-10-01T14:39:34.512+00:00,672.262,present,983.0,"{""state"":""present"",""devices"":[{""Status"":""OK"",""Class"":""AndroidUsbDeviceClass"",""FriendlyName"":""Android Bootloader Interface"",""InstanceId"":""USB\\VID_18D1&PID_D00D\\[REDACTED_DEVICE_SERIAL]""}]}",absent,fastboot,31.6,31.9,List of devices attached,[REDACTED_DEVICE_SERIAL]               fastboot
2026-10-01T14:39:35.449+00:00,2026-10-01T14:39:35.512+00:00,673.262,present,974.0,"{""state"":""present"",""devices"":[{""Status"":""OK"",""Class"":""AndroidUsbDeviceClass"",""FriendlyName"":""Android Bootloader Interface"",""InstanceId"":""USB\\VID_18D1&PID_D00D\\[REDACTED_DEVICE_SERIAL]""}]}",absent,fastboot,31.5,31.4,List of devices attached,[REDACTED_DEVICE_SERIAL]               fastboot
2026-10-01T14:39:36.449+00:00,2026-10-01T14:39:36.511+00:00,674.261,present,963.8,"{""state"":""present"",""devices"":[{""Status"":""OK"",""Class"":""AndroidUsbDeviceClass"",""FriendlyName"":""Android Bootloader Interface"",""InstanceId"":""USB\\VID_18D1&PID_D00D\\[REDACTED_DEVICE_SERIAL]""}]}",absent,fastboot,32.0,29.2,List of devices attached,[REDACTED_DEVICE_SERIAL]               fastboot
2026-10-01T14:39:37.450+00:00,2026-10-01T14:39:37.513+00:00,675.263,present,961.6,"{""state"":""present"",""devices"":[{""Status"":""OK"",""Class"":""AndroidUsbDeviceClass"",""FriendlyName"":""Android Bootloader Interface"",""InstanceId"":""USB\\VID_18D1&PID_D00D\\[REDACTED_DEVICE_SERIAL]""}]}",absent,fastboot,32.9,30.8,List of devices attached,[REDACTED_DEVICE_SERIAL]               fastboot
2026-10-01T14:39:38.450+00:00,2026-10-01T14:39:38.515+00:00,676.265,present,985.4,"{""state"":""present"",""devices"":[{""Status"":""OK"",""Class"":""AndroidUsbDeviceClass"",""FriendlyName"":""Android Bootloader Interface"",""InstanceId"":""USB\\VID_18D1&PID_D00D\\[REDACTED_DEVICE_SERIAL]""}]}",absent,fastboot,32.2,32.9,List of devices attached,[REDACTED_DEVICE_SERIAL]               fastboot
2026-10-01T14:39:39.450+00:00,2026-10-01T14:39:39.514+00:00,677.264,present,978.1,"{""state"":""present"",""devices"":[{""Status"":""OK"",""Class"":""AndroidUsbDeviceClass"",""FriendlyName"":""Android Bootloader Interface"",""InstanceId"":""USB\\VID_18D1&PID_D00D\\[REDACTED_DEVICE_SERIAL]""}]}",absent,fastboot,32.4,31.4,List of devices attached,[REDACTED_DEVICE_SERIAL]               fastboot
2026-10-01T14:39:40.451+00:00,2026-10-01T14:39:40.512+00:00,678.262,present,978.1,"{""state"":""present"",""devices"":[{""Status"":""OK"",""Class"":""AndroidUsbDeviceClass"",""FriendlyName"":""Android Bootloader Interface"",""InstanceId"":""USB\\VID_18D1&PID_D00D\\[REDACTED_DEVICE_SERIAL]""}]}",absent,fastboot,31.7,29.3,List of devices attached,[REDACTED_DEVICE_SERIAL]               fastboot
2026-10-01T14:39:41.451+00:00,2026-10-01T14:39:41.514+00:00,679.264,present,1001.2,"{""state"":""present"",""devices"":[{""Status"":""OK"",""Class"":""AndroidUsbDeviceClass"",""FriendlyName"":""Android Bootloader Interface"",""InstanceId"":""USB\\VID_18D1&PID_D00D\\[REDACTED_DEVICE_SERIAL]""}]}",absent,fastboot,31.7,30.5,List of devices attached,[REDACTED_DEVICE_SERIAL]               fastboot
2026-10-01T14:39:42.452+00:00,2026-10-01T14:39:42.516+00:00,680.266,present,985.8,"{""state"":""present"",""devices"":[{""Status"":""OK"",""Class"":""AndroidUsbDeviceClass"",""FriendlyName"":""Android Bootloader Interface"",""InstanceId"":""USB\\VID_18D1&PID_D00D\\[REDACTED_DEVICE_SERIAL]""}]}",absent,fastboot,33.0,31.7,List of devices attached,[REDACTED_DEVICE_SERIAL]               fastboot
2026-10-01T14:39:43.452+00:00,2026-10-01T14:39:43.516+00:00,681.266,present,962.7,"{""state"":""present"",""devices"":[{""Status"":""OK"",""Class"":""AndroidUsbDeviceClass"",""FriendlyName"":""Android Bootloader Interface"",""InstanceId"":""USB\\VID_18D1&PID_D00D\\[REDACTED_DEVICE_SERIAL]""}]}",absent,fastboot,32.2,31.2,List of devices attached,[REDACTED_DEVICE_SERIAL]               fastboot
2026-10-01T14:39:44.452+00:00,2026-10-01T14:39:44.514+00:00,682.264,present,957.3,"{""state"":""present"",""devices"":[{""Status"":""OK"",""Class"":""AndroidUsbDeviceClass"",""FriendlyName"":""Android Bootloader Interface"",""InstanceId"":""USB\\VID_18D1&PID_D00D\\[REDACTED_DEVICE_SERIAL]""}]}",absent,fastboot,30.0,32.0,List of devices attached,[REDACTED_DEVICE_SERIAL]               fastboot
2026-10-01T14:39:45.453+00:00,2026-10-01T14:39:45.515+00:00,683.265,present,982.9,"{""state"":""present"",""devices"":[{""Status"":""OK"",""Class"":""AndroidUsbDeviceClass"",""FriendlyName"":""Android Bootloader Interface"",""InstanceId"":""USB\\VID_18D1&PID_D00D\\[REDACTED_DEVICE_SERIAL]""}]}",absent,fastboot,32.0,30.4,List of devices attached,[REDACTED_DEVICE_SERIAL]               fastboot
2026-10-01T14:39:46.453+00:00,2026-10-01T14:39:46.514+00:00,684.264,present,985.9,"{""state"":""present"",""devices"":[{""Status"":""OK"",""Class"":""AndroidUsbDeviceClass"",""FriendlyName"":""Android Bootloader Interface"",""InstanceId"":""USB\\VID_18D1&PID_D00D\\[REDACTED_DEVICE_SERIAL]""}]}",absent,fastboot,31.3,29.6,List of devices attached,[REDACTED_DEVICE_SERIAL]               fastboot
2026-10-01T14:39:47.453+00:00,2026-10-01T14:39:47.516+00:00,685.266,present,967.0,"{""state"":""present"",""devices"":[{""Status"":""OK"",""Class"":""AndroidUsbDeviceClass"",""FriendlyName"":""Android Bootloader Interface"",""InstanceId"":""USB\\VID_18D1&PID_D00D\\[REDACTED_DEVICE_SERIAL]""}]}",absent,fastboot,31.5,31.0,List of devices attached,[REDACTED_DEVICE_SERIAL]               fastboot
2026-10-01T14:39:48.453+00:00,2026-10-01T14:39:48.519+00:00,686.269,present,967.5,"{""state"":""present"",""devices"":[{""Status"":""OK"",""Class"":""AndroidUsbDeviceClass"",""FriendlyName"":""Android Bootloader Interface"",""InstanceId"":""USB\\VID_18D1&PID_D00D\\[REDACTED_DEVICE_SERIAL]""}]}",absent,fastboot,32.2,33.3,List of devices attached,[REDACTED_DEVICE_SERIAL]               fastboot
2026-10-01T14:39:49.454+00:00,2026-10-01T14:39:49.515+00:00,687.265,present,969.8,"{""state"":""present"",""devices"":[{""Status"":""OK"",""Class"":""AndroidUsbDeviceClass"",""FriendlyName"":""Android Bootloader Interface"",""InstanceId"":""USB\\VID_18D1&PID_D00D\\[REDACTED_DEVICE_SERIAL]""}]}",absent,fastboot,31.2,29.9,List of devices attached,[REDACTED_DEVICE_SERIAL]               fastboot
2026-10-01T14:39:50.454+00:00,2026-10-01T14:39:50.516+00:00,688.266,present,953.7,"{""state"":""present"",""devices"":[{""Status"":""OK"",""Class"":""AndroidUsbDeviceClass"",""FriendlyName"":""Android Bootloader Interface"",""InstanceId"":""USB\\VID_18D1&PID_D00D\\[REDACTED_DEVICE_SERIAL]""}]}",absent,fastboot,31.9,30.1,List of devices attached,[REDACTED_DEVICE_SERIAL]               fastboot
2026-10-01T14:39:51.454+00:00,2026-10-01T14:39:51.518+00:00,689.268,present,972.6,"{""state"":""present"",""devices"":[{""Status"":""OK"",""Class"":""AndroidUsbDeviceClass"",""FriendlyName"":""Android Bootloader Interface"",""InstanceId"":""USB\\VID_18D1&PID_D00D\\[REDACTED_DEVICE_SERIAL]""}]}",absent,fastboot,32.5,30.6,List of devices attached,[REDACTED_DEVICE_SERIAL]               fastboot
2026-10-01T14:39:52.454+00:00,2026-10-01T14:39:52.518+00:00,690.268,present,970.0,"{""state"":""present"",""devices"":[{""Status"":""OK"",""Class"":""AndroidUsbDeviceClass"",""FriendlyName"":""Android Bootloader Interface"",""InstanceId"":""USB\\VID_18D1&PID_D00D\\[REDACTED_DEVICE_SERIAL]""}]}",absent,fastboot,32.2,31.0,List of devices attached,[REDACTED_DEVICE_SERIAL]               fastboot
2026-10-01T14:39:53.455+00:00,2026-10-01T14:39:53.516+00:00,691.266,present,965.3,"{""state"":""present"",""devices"":[{""Status"":""OK"",""Class"":""AndroidUsbDeviceClass"",""FriendlyName"":""Android Bootloader Interface"",""InstanceId"":""USB\\VID_18D1&PID_D00D\\[REDACTED_DEVICE_SERIAL]""}]}",absent,fastboot,31.7,29.5,List of devices attached,[REDACTED_DEVICE_SERIAL]               fastboot
2026-10-01T14:39:54.455+00:00,2026-10-01T14:39:54.518+00:00,692.268,present,965.2,"{""state"":""present"",""devices"":[{""Status"":""OK"",""Class"":""AndroidUsbDeviceClass"",""FriendlyName"":""Android Bootloader Interface"",""InstanceId"":""USB\\VID_18D1&PID_D00D\\[REDACTED_DEVICE_SERIAL]""}]}",absent,fastboot,30.5,32.2,List of devices attached,[REDACTED_DEVICE_SERIAL]               fastboot
2026-10-01T14:39:55.455+00:00,2026-10-01T14:39:55.520+00:00,693.270,present,960.9,"{""state"":""present"",""devices"":[{""Status"":""OK"",""Class"":""AndroidUsbDeviceClass"",""FriendlyName"":""Android Bootloader Interface"",""InstanceId"":""USB\\VID_18D1&PID_D00D\\[REDACTED_DEVICE_SERIAL]""}]}",absent,fastboot,32.9,32.0,List of devices attached,[REDACTED_DEVICE_SERIAL]               fastboot
2026-10-01T14:39:56.456+00:00,2026-10-01T14:39:56.520+00:00,694.270,present,969.4,"{""state"":""present"",""devices"":[{""Status"":""OK"",""Class"":""AndroidUsbDeviceClass"",""FriendlyName"":""Android Bootloader Interface"",""InstanceId"":""USB\\VID_18D1&PID_D00D\\[REDACTED_DEVICE_SERIAL]""}]}",absent,fastboot,31.6,32.1,List of devices attached,[REDACTED_DEVICE_SERIAL]               fastboot
2026-10-01T14:39:57.456+00:00,2026-10-01T14:39:57.518+00:00,695.268,present,962.5,"{""state"":""present"",""devices"":[{""Status"":""OK"",""Class"":""AndroidUsbDeviceClass"",""FriendlyName"":""Android Bootloader Interface"",""InstanceId"":""USB\\VID_18D1&PID_D00D\\[REDACTED_DEVICE_SERIAL]""}]}",absent,fastboot,30.1,31.4,List of devices attached,[REDACTED_DEVICE_SERIAL]               fastboot
2026-10-01T14:39:58.456+00:00,2026-10-01T14:39:58.520+00:00,696.270,present,967.9,"{""state"":""present"",""devices"":[{""Status"":""OK"",""Class"":""AndroidUsbDeviceClass"",""FriendlyName"":""Android Bootloader Interface"",""InstanceId"":""USB\\VID_18D1&PID_D00D\\[REDACTED_DEVICE_SERIAL]""}]}",absent,fastboot,32.4,30.9,List of devices attached,[REDACTED_DEVICE_SERIAL]               fastboot
2026-10-01T14:39:59.457+00:00,2026-10-01T14:39:59.519+00:00,697.269,present,960.4,"{""state"":""present"",""devices"":[{""Status"":""OK"",""Class"":""AndroidUsbDeviceClass"",""FriendlyName"":""Android Bootloader Interface"",""InstanceId"":""USB\\VID_18D1&PID_D00D\\[REDACTED_DEVICE_SERIAL]""}]}",absent,fastboot,31.4,30.9,List of devices attached,[REDACTED_DEVICE_SERIAL]               fastboot
2026-10-01T14:40:00.457+00:00,2026-10-01T14:40:00.520+00:00,698.270,present,948.8,"{""state"":""present"",""devices"":[{""Status"":""OK"",""Class"":""AndroidUsbDeviceClass"",""FriendlyName"":""Android Bootloader Interface"",""InstanceId"":""USB\\VID_18D1&PID_D00D\\[REDACTED_DEVICE_SERIAL]""}]}",absent,fastboot,31.8,31.0,List of devices attached,[REDACTED_DEVICE_SERIAL]               fastboot
2026-10-01T14:40:01.458+00:00,2026-10-01T14:40:01.520+00:00,699.270,present,995.3,"{""state"":""present"",""devices"":[{""Status"":""OK"",""Class"":""AndroidUsbDeviceClass"",""FriendlyName"":""Android Bootloader Interface"",""InstanceId"":""USB\\VID_18D1&PID_D00D\\[REDACTED_DEVICE_SERIAL]""}]}",absent,fastboot,31.1,31.3,List of devices attached,[REDACTED_DEVICE_SERIAL]               fastboot
2026-10-01T14:40:02.458+00:00,2026-10-01T14:40:02.520+00:00,700.270,present,988.2,"{""state"":""present"",""devices"":[{""Status"":""OK"",""Class"":""AndroidUsbDeviceClass"",""FriendlyName"":""Android Bootloader Interface"",""InstanceId"":""USB\\VID_18D1&PID_D00D\\[REDACTED_DEVICE_SERIAL]""}]}",absent,fastboot,32.2,30.4,List of devices attached,[REDACTED_DEVICE_SERIAL]               fastboot
2026-10-01T14:40:03.458+00:00,2026-10-01T14:40:03.519+00:00,701.269,present,964.0,"{""state"":""present"",""devices"":[{""Status"":""OK"",""Class"":""AndroidUsbDeviceClass"",""FriendlyName"":""Android Bootloader Interface"",""InstanceId"":""USB\\VID_18D1&PID_D00D\\[REDACTED_DEVICE_SERIAL]""}]}",absent,fastboot,30.3,31.1,List of devices attached,[REDACTED_DEVICE_SERIAL]               fastboot
2026-10-01T14:40:04.458+00:00,2026-10-01T14:40:04.522+00:00,702.272,present,957.1,"{""state"":""present"",""devices"":[{""Status"":""OK"",""Class"":""AndroidUsbDeviceClass"",""FriendlyName"":""Android Bootloader Interface"",""InstanceId"":""USB\\VID_18D1&PID_D00D\\[REDACTED_DEVICE_SERIAL]""}]}",absent,fastboot,33.0,30.9,List of devices attached,[REDACTED_DEVICE_SERIAL]               fastboot
2026-10-01T14:40:05.459+00:00,2026-10-01T14:40:05.523+00:00,703.273,present,980.9,"{""state"":""present"",""devices"":[{""Status"":""OK"",""Class"":""AndroidUsbDeviceClass"",""FriendlyName"":""Android Bootloader Interface"",""InstanceId"":""USB\\VID_18D1&PID_D00D\\[REDACTED_DEVICE_SERIAL]""}]}",absent,fastboot,30.9,32.7,List of devices attached,[REDACTED_DEVICE_SERIAL]               fastboot
2026-10-01T14:40:06.459+00:00,2026-10-01T14:40:06.523+00:00,704.272,present,989.1,"{""state"":""present"",""devices"":[{""Status"":""OK"",""Class"":""AndroidUsbDeviceClass"",""FriendlyName"":""Android Bootloader Interface"",""InstanceId"":""USB\\VID_18D1&PID_D00D\\[REDACTED_DEVICE_SERIAL]""}]}",absent,fastboot,31.0,32.3,List of devices attached,[REDACTED_DEVICE_SERIAL]               fastboot
2026-10-01T14:40:07.460+00:00,2026-10-01T14:40:07.522+00:00,705.272,present,967.8,"{""state"":""present"",""devices"":[{""Status"":""OK"",""Class"":""AndroidUsbDeviceClass"",""FriendlyName"":""Android Bootloader Interface"",""InstanceId"":""USB\\VID_18D1&PID_D00D\\[REDACTED_DEVICE_SERIAL]""}]}",absent,fastboot,31.1,30.9,List of devices attached,[REDACTED_DEVICE_SERIAL]               fastboot
2026-10-01T14:40:08.460+00:00,2026-10-01T14:40:08.521+00:00,706.271,present,947.2,"{""state"":""present"",""devices"":[{""Status"":""OK"",""Class"":""AndroidUsbDeviceClass"",""FriendlyName"":""Android Bootloader Interface"",""InstanceId"":""USB\\VID_18D1&PID_D00D\\[REDACTED_DEVICE_SERIAL]""}]}",absent,fastboot,30.7,30.2,List of devices attached,[REDACTED_DEVICE_SERIAL]               fastboot
2026-10-01T14:40:09.461+00:00,2026-10-01T14:40:09.522+00:00,707.272,present,967.4,"{""state"":""present"",""devices"":[{""Status"":""OK"",""Class"":""AndroidUsbDeviceClass"",""FriendlyName"":""Android Bootloader Interface"",""InstanceId"":""USB\\VID_18D1&PID_D00D\\[REDACTED_DEVICE_SERIAL]""}]}",absent,fastboot,30.8,30.7,List of devices attached,[REDACTED_DEVICE_SERIAL]               fastboot
2026-10-01T14:40:10.461+00:00,2026-10-01T14:40:10.523+00:00,708.273,present,941.0,"{""state"":""present"",""devices"":[{""Status"":""OK"",""Class"":""AndroidUsbDeviceClass"",""FriendlyName"":""Android Bootloader Interface"",""InstanceId"":""USB\\VID_18D1&PID_D00D\\[REDACTED_DEVICE_SERIAL]""}]}",absent,fastboot,31.3,30.4,List of devices attached,[REDACTED_DEVICE_SERIAL]               fastboot
2026-10-01T14:40:11.461+00:00,2026-10-01T14:40:11.528+00:00,709.278,present,926.3,"{""state"":""present"",""devices"":[{""Status"":""OK"",""Class"":""AndroidUsbDeviceClass"",""FriendlyName"":""Android Bootloader Interface"",""InstanceId"":""USB\\VID_18D1&PID_D00D\\[REDACTED_DEVICE_SERIAL]""}]}",absent,fastboot,33.2,33.2,List of devices attached,[REDACTED_DEVICE_SERIAL]               fastboot
2026-10-01T14:40:12.462+00:00,2026-10-01T14:40:12.525+00:00,710.275,present,952.9,"{""state"":""present"",""devices"":[{""Status"":""OK"",""Class"":""AndroidUsbDeviceClass"",""FriendlyName"":""Android Bootloader Interface"",""InstanceId"":""USB\\VID_18D1&PID_D00D\\[REDACTED_DEVICE_SERIAL]""}]}",absent,fastboot,30.9,32.5,List of devices attached,[REDACTED_DEVICE_SERIAL]               fastboot
2026-10-01T14:40:13.462+00:00,2026-10-01T14:40:13.525+00:00,711.275,present,949.3,"{""state"":""present"",""devices"":[{""Status"":""OK"",""Class"":""AndroidUsbDeviceClass"",""FriendlyName"":""Android Bootloader Interface"",""InstanceId"":""USB\\VID_18D1&PID_D00D\\[REDACTED_DEVICE_SERIAL]""}]}",absent,fastboot,30.9,31.9,List of devices attached,[REDACTED_DEVICE_SERIAL]               fastboot
2026-10-01T14:40:14.462+00:00,2026-10-01T14:40:14.524+00:00,712.274,present,936.9,"{""state"":""present"",""devices"":[{""Status"":""OK"",""Class"":""AndroidUsbDeviceClass"",""FriendlyName"":""Android Bootloader Interface"",""InstanceId"":""USB\\VID_18D1&PID_D00D\\[REDACTED_DEVICE_SERIAL]""}]}",absent,fastboot,30.9,31.0,List of devices attached,[REDACTED_DEVICE_SERIAL]               fastboot
2026-10-01T14:40:15.462+00:00,2026-10-01T14:40:15.525+00:00,713.275,present,946.6,"{""state"":""present"",""devices"":[{""Status"":""OK"",""Class"":""AndroidUsbDeviceClass"",""FriendlyName"":""Android Bootloader Interface"",""InstanceId"":""USB\\VID_18D1&PID_D00D\\[REDACTED_DEVICE_SERIAL]""}]}",absent,fastboot,31.3,31.1,List of devices attached,[REDACTED_DEVICE_SERIAL]               fastboot
2026-10-01T14:40:16.463+00:00,2026-10-01T14:40:16.525+00:00,714.275,present,982.7,"{""state"":""present"",""devices"":[{""Status"":""OK"",""Class"":""AndroidUsbDeviceClass"",""FriendlyName"":""Android Bootloader Interface"",""InstanceId"":""USB\\VID_18D1&PID_D00D\\[REDACTED_DEVICE_SERIAL]""}]}",absent,fastboot,31.1,30.7,List of devices attached,[REDACTED_DEVICE_SERIAL]               fastboot
2026-10-01T14:40:17.463+00:00,2026-10-01T14:40:17.525+00:00,715.274,present,962.0,"{""state"":""present"",""devices"":[{""Status"":""OK"",""Class"":""AndroidUsbDeviceClass"",""FriendlyName"":""Android Bootloader Interface"",""InstanceId"":""USB\\VID_18D1&PID_D00D\\[REDACTED_DEVICE_SERIAL]""}]}",absent,fastboot,31.6,30.0,List of devices attached,[REDACTED_DEVICE_SERIAL]               fastboot
2026-10-01T14:40:18.463+00:00,2026-10-01T14:40:18.525+00:00,716.275,present,941.1,"{""state"":""present"",""devices"":[{""Status"":""OK"",""Class"":""AndroidUsbDeviceClass"",""FriendlyName"":""Android Bootloader Interface"",""InstanceId"":""USB\\VID_18D1&PID_D00D\\[REDACTED_DEVICE_SERIAL]""}]}",absent,fastboot,30.5,30.9,List of devices attached,[REDACTED_DEVICE_SERIAL]               fastboot
2026-10-01T14:40:19.464+00:00,2026-10-01T14:40:19.526+00:00,717.276,present,975.9,"{""state"":""present"",""devices"":[{""Status"":""OK"",""Class"":""AndroidUsbDeviceClass"",""FriendlyName"":""Android Bootloader Interface"",""InstanceId"":""USB\\VID_18D1&PID_D00D\\[REDACTED_DEVICE_SERIAL]""}]}",absent,fastboot,31.0,31.3,List of devices attached,[REDACTED_DEVICE_SERIAL]               fastboot
2026-10-01T14:40:20.464+00:00,2026-10-01T14:40:20.527+00:00,718.276,present,968.7,"{""state"":""present"",""devices"":[{""Status"":""OK"",""Class"":""AndroidUsbDeviceClass"",""FriendlyName"":""Android Bootloader Interface"",""InstanceId"":""USB\\VID_18D1&PID_D00D\\[REDACTED_DEVICE_SERIAL]""}]}",absent,fastboot,30.4,32.2,List of devices attached,[REDACTED_DEVICE_SERIAL]               fastboot
2026-10-01T14:40:21.464+00:00,2026-10-01T14:40:21.526+00:00,719.276,present,987.5,"{""state"":""present"",""devices"":[{""Status"":""OK"",""Class"":""AndroidUsbDeviceClass"",""FriendlyName"":""Android Bootloader Interface"",""InstanceId"":""USB\\VID_18D1&PID_D00D\\[REDACTED_DEVICE_SERIAL]""}]}",absent,fastboot,31.6,30.1,List of devices attached,[REDACTED_DEVICE_SERIAL]               fastboot
2026-10-01T14:40:22.464+00:00,2026-10-01T14:40:22.525+00:00,720.275,present,974.0,"{""state"":""present"",""devices"":[{""Status"":""OK"",""Class"":""AndroidUsbDeviceClass"",""FriendlyName"":""Android Bootloader Interface"",""InstanceId"":""USB\\VID_18D1&PID_D00D\\[REDACTED_DEVICE_SERIAL]""}]}",absent,fastboot,31.0,30.0,List of devices attached,[REDACTED_DEVICE_SERIAL]               fastboot
2026-10-01T14:40:23.465+00:00,2026-10-01T14:40:23.526+00:00,721.276,present,973.5,"{""state"":""present"",""devices"":[{""Status"":""OK"",""Class"":""AndroidUsbDeviceClass"",""FriendlyName"":""Android Bootloader Interface"",""InstanceId"":""USB\\VID_18D1&PID_D00D\\[REDACTED_DEVICE_SERIAL]""}]}",absent,fastboot,32.1,29.5,List of devices attached,[REDACTED_DEVICE_SERIAL]               fastboot
2026-10-01T14:40:24.465+00:00,2026-10-01T14:40:24.526+00:00,722.276,present,981.1,"{""state"":""present"",""devices"":[{""Status"":""OK"",""Class"":""AndroidUsbDeviceClass"",""FriendlyName"":""Android Bootloader Interface"",""InstanceId"":""USB\\VID_18D1&PID_D00D\\[REDACTED_DEVICE_SERIAL]""}]}",absent,fastboot,30.2,30.6,List of devices attached,[REDACTED_DEVICE_SERIAL]               fastboot
2026-10-01T14:40:25.465+00:00,2026-10-01T14:40:25.528+00:00,723.278,present,967.7,"{""state"":""present"",""devices"":[{""Status"":""OK"",""Class"":""AndroidUsbDeviceClass"",""FriendlyName"":""Android Bootloader Interface"",""InstanceId"":""USB\\VID_18D1&PID_D00D\\[REDACTED_DEVICE_SERIAL]""}]}",absent,fastboot,32.1,30.5,List of devices attached,[REDACTED_DEVICE_SERIAL]               fastboot
2026-10-01T14:40:26.465+00:00,2026-10-01T14:40:26.529+00:00,724.279,present,980.1,"{""state"":""present"",""devices"":[{""Status"":""OK"",""Class"":""AndroidUsbDeviceClass"",""FriendlyName"":""Android Bootloader Interface"",""InstanceId"":""USB\\VID_18D1&PID_D00D\\[REDACTED_DEVICE_SERIAL]""}]}",absent,fastboot,31.3,32.0,List of devices attached,[REDACTED_DEVICE_SERIAL]               fastboot
2026-10-01T14:40:27.466+00:00,2026-10-01T14:40:27.527+00:00,725.277,present,977.0,"{""state"":""present"",""devices"":[{""Status"":""OK"",""Class"":""AndroidUsbDeviceClass"",""FriendlyName"":""Android Bootloader Interface"",""InstanceId"":""USB\\VID_18D1&PID_D00D\\[REDACTED_DEVICE_SERIAL]""}]}",absent,fastboot,30.4,31.1,List of devices attached,[REDACTED_DEVICE_SERIAL]               fastboot
2026-10-01T14:40:28.466+00:00,2026-10-01T14:40:28.528+00:00,726.278,present,918.1,"{""state"":""present"",""devices"":[{""Status"":""OK"",""Class"":""AndroidUsbDeviceClass"",""FriendlyName"":""Android Bootloader Interface"",""InstanceId"":""USB\\VID_18D1&PID_D00D\\[REDACTED_DEVICE_SERIAL]""}]}",absent,fastboot,30.7,30.7,List of devices attached,[REDACTED_DEVICE_SERIAL]               fastboot
2026-10-01T14:40:29.467+00:00,2026-10-01T14:40:29.528+00:00,727.278,present,918.1,"{""state"":""present"",""devices"":[{""Status"":""OK"",""Class"":""AndroidUsbDeviceClass"",""FriendlyName"":""Android Bootloader Interface"",""InstanceId"":""USB\\VID_18D1&PID_D00D\\[REDACTED_DEVICE_SERIAL]""}]}",absent,fastboot,31.8,29.8,List of devices attached,[REDACTED_DEVICE_SERIAL]               fastboot
2026-10-01T14:40:30.467+00:00,2026-10-01T14:40:30.532+00:00,728.282,present,1015.2,"{""state"":""present"",""devices"":[{""Status"":""OK"",""Class"":""AndroidUsbDeviceClass"",""FriendlyName"":""Android Bootloader Interface"",""InstanceId"":""USB\\VID_18D1&PID_D00D\\[REDACTED_DEVICE_SERIAL]""}]}",absent,fastboot,32.3,32.3,List of devices attached,[REDACTED_DEVICE_SERIAL]               fastboot
2026-10-01T14:40:31.467+00:00,2026-10-01T14:40:31.531+00:00,729.281,present,997.6,"{""state"":""present"",""devices"":[{""Status"":""OK"",""Class"":""AndroidUsbDeviceClass"",""FriendlyName"":""Android Bootloader Interface"",""InstanceId"":""USB\\VID_18D1&PID_D00D\\[REDACTED_DEVICE_SERIAL]""}]}",absent,fastboot,31.5,31.9,List of devices attached,[REDACTED_DEVICE_SERIAL]               fastboot
2026-10-01T14:40:32.467+00:00,2026-10-01T14:40:32.531+00:00,730.281,present,977.8,"{""state"":""present"",""devices"":[{""Status"":""OK"",""Class"":""AndroidUsbDeviceClass"",""FriendlyName"":""Android Bootloader Interface"",""InstanceId"":""USB\\VID_18D1&PID_D00D\\[REDACTED_DEVICE_SERIAL]""}]}",absent,fastboot,32.4,31.4,List of devices attached,[REDACTED_DEVICE_SERIAL]               fastboot
2026-10-01T14:40:33.468+00:00,2026-10-01T14:40:33.530+00:00,731.280,present,977.8,"{""state"":""present"",""devices"":[{""Status"":""OK"",""Class"":""AndroidUsbDeviceClass"",""FriendlyName"":""Android Bootloader Interface"",""InstanceId"":""USB\\VID_18D1&PID_D00D\\[REDACTED_DEVICE_SERIAL]""}]}",absent,fastboot,31.3,30.8,List of devices attached,[REDACTED_DEVICE_SERIAL]               fastboot
2026-10-01T14:40:34.468+00:00,2026-10-01T14:40:34.530+00:00,732.280,present,1005.0,"{""state"":""present"",""devices"":[{""Status"":""OK"",""Class"":""AndroidUsbDeviceClass"",""FriendlyName"":""Android Bootloader Interface"",""InstanceId"":""USB\\VID_18D1&PID_D00D\\[REDACTED_DEVICE_SERIAL]""}]}",absent,fastboot,31.1,30.7,List of devices attached,[REDACTED_DEVICE_SERIAL]               fastboot
2026-10-01T14:40:35.469+00:00,2026-10-01T14:40:35.531+00:00,733.281,present,956.6,"{""state"":""present"",""devices"":[{""Status"":""OK"",""Class"":""AndroidUsbDeviceClass"",""FriendlyName"":""Android Bootloader Interface"",""InstanceId"":""USB\\VID_18D1&PID_D00D\\[REDACTED_DEVICE_SERIAL]""}]}",absent,fastboot,31.4,31.3,List of devices attached,[REDACTED_DEVICE_SERIAL]               fastboot
2026-10-01T14:40:36.469+00:00,2026-10-01T14:40:36.531+00:00,734.281,present,983.2,"{""state"":""present"",""devices"":[{""Status"":""OK"",""Class"":""AndroidUsbDeviceClass"",""FriendlyName"":""Android Bootloader Interface"",""InstanceId"":""USB\\VID_18D1&PID_D00D\\[REDACTED_DEVICE_SERIAL]""}]}",absent,fastboot,30.0,32.1,List of devices attached,[REDACTED_DEVICE_SERIAL]               fastboot
2026-10-01T14:40:37.469+00:00,2026-10-01T14:40:37.532+00:00,735.282,present,978.4,"{""state"":""present"",""devices"":[{""Status"":""OK"",""Class"":""AndroidUsbDeviceClass"",""FriendlyName"":""Android Bootloader Interface"",""InstanceId"":""USB\\VID_18D1&PID_D00D\\[REDACTED_DEVICE_SERIAL]""}]}",absent,fastboot,31.8,30.6,List of devices attached,[REDACTED_DEVICE_SERIAL]               fastboot
2026-10-01T14:40:38.470+00:00,2026-10-01T14:40:38.531+00:00,736.281,present,972.6,"{""state"":""present"",""devices"":[{""Status"":""OK"",""Class"":""AndroidUsbDeviceClass"",""FriendlyName"":""Android Bootloader Interface"",""InstanceId"":""USB\\VID_18D1&PID_D00D\\[REDACTED_DEVICE_SERIAL]""}]}",absent,fastboot,30.9,30.9,List of devices attached,[REDACTED_DEVICE_SERIAL]               fastboot
2026-10-01T14:40:39.470+00:00,2026-10-01T14:40:39.534+00:00,737.284,present,970.2,"{""state"":""present"",""devices"":[{""Status"":""OK"",""Class"":""AndroidUsbDeviceClass"",""FriendlyName"":""Android Bootloader Interface"",""InstanceId"":""USB\\VID_18D1&PID_D00D\\[REDACTED_DEVICE_SERIAL]""}]}",absent,fastboot,31.6,32.4,List of devices attached,[REDACTED_DEVICE_SERIAL]               fastboot
2026-10-01T14:40:40.470+00:00,2026-10-01T14:40:40.534+00:00,738.284,present,982.4,"{""state"":""present"",""devices"":[{""Status"":""OK"",""Class"":""AndroidUsbDeviceClass"",""FriendlyName"":""Android Bootloader Interface"",""InstanceId"":""USB\\VID_18D1&PID_D00D\\[REDACTED_DEVICE_SERIAL]""}]}",absent,fastboot,31.7,32.6,List of devices attached,[REDACTED_DEVICE_SERIAL]               fastboot
2026-10-01T14:40:41.471+00:00,2026-10-01T14:40:41.537+00:00,739.287,present,957.6,"{""state"":""present"",""devices"":[{""Status"":""OK"",""Class"":""AndroidUsbDeviceClass"",""FriendlyName"":""Android Bootloader Interface"",""InstanceId"":""USB\\VID_18D1&PID_D00D\\[REDACTED_DEVICE_SERIAL]""}]}",absent,fastboot,31.9,34.6,List of devices attached,[REDACTED_DEVICE_SERIAL]               fastboot
2026-10-01T14:40:42.471+00:00,2026-10-01T14:40:42.532+00:00,740.282,present,988.3,"{""state"":""present"",""devices"":[{""Status"":""OK"",""Class"":""AndroidUsbDeviceClass"",""FriendlyName"":""Android Bootloader Interface"",""InstanceId"":""USB\\VID_18D1&PID_D00D\\[REDACTED_DEVICE_SERIAL]""}]}",absent,fastboot,30.9,30.1,List of devices attached,[REDACTED_DEVICE_SERIAL]               fastboot
2026-10-01T14:40:43.471+00:00,2026-10-01T14:40:43.533+00:00,741.283,present,970.2,"{""state"":""present"",""devices"":[{""Status"":""OK"",""Class"":""AndroidUsbDeviceClass"",""FriendlyName"":""Android Bootloader Interface"",""InstanceId"":""USB\\VID_18D1&PID_D00D\\[REDACTED_DEVICE_SERIAL]""}]}",absent,fastboot,31.7,29.5,List of devices attached,[REDACTED_DEVICE_SERIAL]               fastboot
2026-10-01T14:40:44.471+00:00,2026-10-01T14:40:44.536+00:00,742.286,present,962.1,"{""state"":""present"",""devices"":[{""Status"":""OK"",""Class"":""AndroidUsbDeviceClass"",""FriendlyName"":""Android Bootloader Interface"",""InstanceId"":""USB\\VID_18D1&PID_D00D\\[REDACTED_DEVICE_SERIAL]""}]}",absent,fastboot,33.2,31.3,List of devices attached,[REDACTED_DEVICE_SERIAL]               fastboot
2026-10-01T14:40:45.472+00:00,2026-10-01T14:40:45.536+00:00,743.286,present,986.6,"{""state"":""present"",""devices"":[{""Status"":""OK"",""Class"":""AndroidUsbDeviceClass"",""FriendlyName"":""Android Bootloader Interface"",""InstanceId"":""USB\\VID_18D1&PID_D00D\\[REDACTED_DEVICE_SERIAL]""}]}",absent,fastboot,31.8,31.7,List of devices attached,[REDACTED_DEVICE_SERIAL]               fastboot
2026-10-01T14:40:46.472+00:00,2026-10-01T14:40:46.538+00:00,744.288,present,973.5,"{""state"":""present"",""devices"":[{""Status"":""OK"",""Class"":""AndroidUsbDeviceClass"",""FriendlyName"":""Android Bootloader Interface"",""InstanceId"":""USB\\VID_18D1&PID_D00D\\[REDACTED_DEVICE_SERIAL]""}]}",absent,fastboot,33.0,32.5,List of devices attached,[REDACTED_DEVICE_SERIAL]               fastboot
2026-10-01T14:40:47.472+00:00,2026-10-01T14:40:47.534+00:00,745.284,present,953.5,"{""state"":""present"",""devices"":[{""Status"":""OK"",""Class"":""AndroidUsbDeviceClass"",""FriendlyName"":""Android Bootloader Interface"",""InstanceId"":""USB\\VID_18D1&PID_D00D\\[REDACTED_DEVICE_SERIAL]""}]}",absent,fastboot,30.7,30.6,List of devices attached,[REDACTED_DEVICE_SERIAL]               fastboot
2026-10-01T14:40:48.473+00:00,2026-10-01T14:40:48.537+00:00,746.287,present,975.7,"{""state"":""present"",""devices"":[{""Status"":""OK"",""Class"":""AndroidUsbDeviceClass"",""FriendlyName"":""Android Bootloader Interface"",""InstanceId"":""USB\\VID_18D1&PID_D00D\\[REDACTED_DEVICE_SERIAL]""}]}",absent,fastboot,31.5,32.3,List of devices attached,[REDACTED_DEVICE_SERIAL]               fastboot
2026-10-01T14:40:49.473+00:00,2026-10-01T14:40:49.538+00:00,747.288,present,978.4,"{""state"":""present"",""devices"":[{""Status"":""OK"",""Class"":""AndroidUsbDeviceClass"",""FriendlyName"":""Android Bootloader Interface"",""InstanceId"":""USB\\VID_18D1&PID_D00D\\[REDACTED_DEVICE_SERIAL]""}]}",absent,fastboot,32.4,32.8,List of devices attached,[REDACTED_DEVICE_SERIAL]               fastboot
2026-10-01T14:40:50.473+00:00,2026-10-01T14:40:50.538+00:00,748.288,present,987.6,"{""state"":""present"",""devices"":[{""Status"":""OK"",""Class"":""AndroidUsbDeviceClass"",""FriendlyName"":""Android Bootloader Interface"",""InstanceId"":""USB\\VID_18D1&PID_D00D\\[REDACTED_DEVICE_SERIAL]""}]}",absent,fastboot,32.8,32.1,List of devices attached,[REDACTED_DEVICE_SERIAL]               fastboot
2026-10-01T14:40:51.473+00:00,2026-10-01T14:40:51.536+00:00,749.286,present,977.9,"{""state"":""present"",""devices"":[{""Status"":""OK"",""Class"":""AndroidUsbDeviceClass"",""FriendlyName"":""Android Bootloader Interface"",""InstanceId"":""USB\\VID_18D1&PID_D00D\\[REDACTED_DEVICE_SERIAL]""}]}",absent,fastboot,32.5,30.1,List of devices attached,[REDACTED_DEVICE_SERIAL]               fastboot
2026-10-01T14:40:52.474+00:00,2026-10-01T14:40:52.538+00:00,750.288,present,988.8,"{""state"":""present"",""devices"":[{""Status"":""OK"",""Class"":""AndroidUsbDeviceClass"",""FriendlyName"":""Android Bootloader Interface"",""InstanceId"":""USB\\VID_18D1&PID_D00D\\[REDACTED_DEVICE_SERIAL]""}]}",absent,fastboot,31.7,31.9,List of devices attached,[REDACTED_DEVICE_SERIAL]               fastboot
2026-10-01T14:40:53.474+00:00,2026-10-01T14:40:53.536+00:00,751.286,present,983.0,"{""state"":""present"",""devices"":[{""Status"":""OK"",""Class"":""AndroidUsbDeviceClass"",""FriendlyName"":""Android Bootloader Interface"",""InstanceId"":""USB\\VID_18D1&PID_D00D\\[REDACTED_DEVICE_SERIAL]""}]}",absent,fastboot,31.0,31.1,List of devices attached,[REDACTED_DEVICE_SERIAL]               fastboot
2026-10-01T14:40:54.475+00:00,2026-10-01T14:40:54.539+00:00,752.289,present,959.0,"{""state"":""present"",""devices"":[{""Status"":""OK"",""Class"":""AndroidUsbDeviceClass"",""FriendlyName"":""Android Bootloader Interface"",""InstanceId"":""USB\\VID_18D1&PID_D00D\\[REDACTED_DEVICE_SERIAL]""}]}",absent,fastboot,32.1,32.1,List of devices attached,[REDACTED_DEVICE_SERIAL]               fastboot
2026-10-01T14:40:55.475+00:00,2026-10-01T14:40:55.538+00:00,753.288,present,960.0,"{""state"":""present"",""devices"":[{""Status"":""OK"",""Class"":""AndroidUsbDeviceClass"",""FriendlyName"":""Android Bootloader Interface"",""InstanceId"":""USB\\VID_18D1&PID_D00D\\[REDACTED_DEVICE_SERIAL]""}]}",absent,fastboot,30.7,32.0,List of devices attached,[REDACTED_DEVICE_SERIAL]               fastboot
2026-10-01T14:40:56.475+00:00,2026-10-01T14:40:56.538+00:00,754.288,present,961.7,"{""state"":""present"",""devices"":[{""Status"":""OK"",""Class"":""AndroidUsbDeviceClass"",""FriendlyName"":""Android Bootloader Interface"",""InstanceId"":""USB\\VID_18D1&PID_D00D\\[REDACTED_DEVICE_SERIAL]""}]}",absent,fastboot,31.4,31.3,List of devices attached,[REDACTED_DEVICE_SERIAL]               fastboot
2026-10-01T14:40:57.476+00:00,2026-10-01T14:40:57.539+00:00,755.289,present,973.0,"{""state"":""present"",""devices"":[{""Status"":""OK"",""Class"":""AndroidUsbDeviceClass"",""FriendlyName"":""Android Bootloader Interface"",""InstanceId"":""USB\\VID_18D1&PID_D00D\\[REDACTED_DEVICE_SERIAL]""}]}",absent,fastboot,32.5,31.2,List of devices attached,[REDACTED_DEVICE_SERIAL]               fastboot
2026-10-01T14:40:58.476+00:00,2026-10-01T14:40:58.537+00:00,756.287,present,955.8,"{""state"":""present"",""devices"":[{""Status"":""OK"",""Class"":""AndroidUsbDeviceClass"",""FriendlyName"":""Android Bootloader Interface"",""InstanceId"":""USB\\VID_18D1&PID_D00D\\[REDACTED_DEVICE_SERIAL]""}]}",absent,fastboot,30.7,30.7,List of devices attached,[REDACTED_DEVICE_SERIAL]               fastboot
2026-10-01T14:40:59.476+00:00,2026-10-01T14:40:59.538+00:00,757.288,present,978.6,"{""state"":""present"",""devices"":[{""Status"":""OK"",""Class"":""AndroidUsbDeviceClass"",""FriendlyName"":""Android Bootloader Interface"",""InstanceId"":""USB\\VID_18D1&PID_D00D\\[REDACTED_DEVICE_SERIAL]""}]}",absent,fastboot,31.5,30.2,List of devices attached,[REDACTED_DEVICE_SERIAL]               fastboot
2026-10-01T14:41:00.476+00:00,2026-10-01T14:41:00.541+00:00,758.291,present,894.1,"{""state"":""present"",""devices"":[{""Status"":""OK"",""Class"":""AndroidUsbDeviceClass"",""FriendlyName"":""Android Bootloader Interface"",""InstanceId"":""USB\\VID_18D1&PID_D00D\\[REDACTED_DEVICE_SERIAL]""}]}",absent,fastboot,32.8,31.7,List of devices attached,[REDACTED_DEVICE_SERIAL]               fastboot
2026-10-01T14:41:01.476+00:00,2026-10-01T14:41:01.540+00:00,759.290,present,997.4,"{""state"":""present"",""devices"":[{""Status"":""OK"",""Class"":""AndroidUsbDeviceClass"",""FriendlyName"":""Android Bootloader Interface"",""InstanceId"":""USB\\VID_18D1&PID_D00D\\[REDACTED_DEVICE_SERIAL]""}]}",absent,fastboot,33.2,30.7,List of devices attached,[REDACTED_DEVICE_SERIAL]               fastboot
2026-10-01T14:41:02.476+00:00,2026-10-01T14:41:02.539+00:00,760.289,present,991.8,"{""state"":""present"",""devices"":[{""Status"":""OK"",""Class"":""AndroidUsbDeviceClass"",""FriendlyName"":""Android Bootloader Interface"",""InstanceId"":""USB\\VID_18D1&PID_D00D\\[REDACTED_DEVICE_SERIAL]""}]}",absent,fastboot,32.6,29.7,List of devices attached,[REDACTED_DEVICE_SERIAL]               fastboot
2026-10-01T14:41:03.477+00:00,2026-10-01T14:41:03.540+00:00,761.290,present,983.9,"{""state"":""present"",""devices"":[{""Status"":""OK"",""Class"":""AndroidUsbDeviceClass"",""FriendlyName"":""Android Bootloader Interface"",""InstanceId"":""USB\\VID_18D1&PID_D00D\\[REDACTED_DEVICE_SERIAL]""}]}",absent,fastboot,32.5,30.6,List of devices attached,[REDACTED_DEVICE_SERIAL]               fastboot
2026-10-01T14:41:04.477+00:00,2026-10-01T14:41:04.539+00:00,762.289,present,961.9,"{""state"":""present"",""devices"":[{""Status"":""OK"",""Class"":""AndroidUsbDeviceClass"",""FriendlyName"":""Android Bootloader Interface"",""InstanceId"":""USB\\VID_18D1&PID_D00D\\[REDACTED_DEVICE_SERIAL]""}]}",absent,fastboot,31.7,30.0,List of devices attached,[REDACTED_DEVICE_SERIAL]               fastboot
2026-10-01T14:41:05.477+00:00,2026-10-01T14:41:05.540+00:00,763.290,present,980.8,"{""state"":""present"",""devices"":[{""Status"":""OK"",""Class"":""AndroidUsbDeviceClass"",""FriendlyName"":""Android Bootloader Interface"",""InstanceId"":""USB\\VID_18D1&PID_D00D\\[REDACTED_DEVICE_SERIAL]""}]}",absent,fastboot,31.3,31.5,List of devices attached,[REDACTED_DEVICE_SERIAL]               fastboot
2026-10-01T14:41:06.478+00:00,2026-10-01T14:41:06.542+00:00,764.292,present,982.4,"{""state"":""present"",""devices"":[{""Status"":""OK"",""Class"":""AndroidUsbDeviceClass"",""FriendlyName"":""Android Bootloader Interface"",""InstanceId"":""USB\\VID_18D1&PID_D00D\\[REDACTED_DEVICE_SERIAL]""}]}",absent,fastboot,32.1,32.4,List of devices attached,[REDACTED_DEVICE_SERIAL]               fastboot
2026-10-01T14:41:07.478+00:00,2026-10-01T14:41:07.542+00:00,765.292,present,967.1,"{""state"":""present"",""devices"":[{""Status"":""OK"",""Class"":""AndroidUsbDeviceClass"",""FriendlyName"":""Android Bootloader Interface"",""InstanceId"":""USB\\VID_18D1&PID_D00D\\[REDACTED_DEVICE_SERIAL]""}]}",absent,fastboot,31.8,32.1,List of devices attached,[REDACTED_DEVICE_SERIAL]               fastboot
2026-10-01T14:41:08.478+00:00,2026-10-01T14:41:08.542+00:00,766.292,present,996.6,"{""state"":""present"",""devices"":[{""Status"":""OK"",""Class"":""AndroidUsbDeviceClass"",""FriendlyName"":""Android Bootloader Interface"",""InstanceId"":""USB\\VID_18D1&PID_D00D\\[REDACTED_DEVICE_SERIAL]""}]}",absent,fastboot,33.2,30.4,List of devices attached,[REDACTED_DEVICE_SERIAL]               fastboot
2026-10-01T14:41:09.479+00:00,2026-10-01T14:41:09.543+00:00,767.293,present,962.8,"{""state"":""present"",""devices"":[{""Status"":""OK"",""Class"":""AndroidUsbDeviceClass"",""FriendlyName"":""Android Bootloader Interface"",""InstanceId"":""USB\\VID_18D1&PID_D00D\\[REDACTED_DEVICE_SERIAL]""}]}",absent,fastboot,32.8,31.3,List of devices attached,[REDACTED_DEVICE_SERIAL]               fastboot
2026-10-01T14:41:10.479+00:00,2026-10-01T14:41:10.542+00:00,768.292,present,970.1,"{""state"":""present"",""devices"":[{""Status"":""OK"",""Class"":""AndroidUsbDeviceClass"",""FriendlyName"":""Android Bootloader Interface"",""InstanceId"":""USB\\VID_18D1&PID_D00D\\[REDACTED_DEVICE_SERIAL]""}]}",absent,fastboot,32.9,30.1,List of devices attached,[REDACTED_DEVICE_SERIAL]               fastboot
2026-10-01T14:41:11.479+00:00,2026-10-01T14:41:11.540+00:00,769.290,present,983.3,"{""state"":""present"",""devices"":[{""Status"":""OK"",""Class"":""AndroidUsbDeviceClass"",""FriendlyName"":""Android Bootloader Interface"",""InstanceId"":""USB\\VID_18D1&PID_D00D\\[REDACTED_DEVICE_SERIAL]""}]}",absent,fastboot,31.7,29.4,List of devices attached,[REDACTED_DEVICE_SERIAL]               fastboot
2026-10-01T14:41:12.479+00:00,2026-10-01T14:41:12.542+00:00,770.292,present,976.4,"{""state"":""present"",""devices"":[{""Status"":""OK"",""Class"":""AndroidUsbDeviceClass"",""FriendlyName"":""Android Bootloader Interface"",""InstanceId"":""USB\\VID_18D1&PID_D00D\\[REDACTED_DEVICE_SERIAL]""}]}",absent,fastboot,31.2,31.0,List of devices attached,[REDACTED_DEVICE_SERIAL]               fastboot
2026-10-01T14:41:13.479+00:00,2026-10-01T14:41:13.544+00:00,771.294,present,981.4,"{""state"":""present"",""devices"":[{""Status"":""OK"",""Class"":""AndroidUsbDeviceClass"",""FriendlyName"":""Android Bootloader Interface"",""InstanceId"":""USB\\VID_18D1&PID_D00D\\[REDACTED_DEVICE_SERIAL]""}]}",absent,fastboot,32.7,31.7,List of devices attached,[REDACTED_DEVICE_SERIAL]               fastboot
2026-10-01T14:41:14.480+00:00,2026-10-01T14:41:14.542+00:00,772.292,present,985.4,"{""state"":""present"",""devices"":[{""Status"":""OK"",""Class"":""AndroidUsbDeviceClass"",""FriendlyName"":""Android Bootloader Interface"",""InstanceId"":""USB\\VID_18D1&PID_D00D\\[REDACTED_DEVICE_SERIAL]""}]}",absent,fastboot,31.3,30.7,List of devices attached,[REDACTED_DEVICE_SERIAL]               fastboot
2026-10-01T14:41:15.480+00:00,2026-10-01T14:41:15.540+00:00,773.290,present,982.3,"{""state"":""present"",""devices"":[{""Status"":""OK"",""Class"":""AndroidUsbDeviceClass"",""FriendlyName"":""Android Bootloader Interface"",""InstanceId"":""USB\\VID_18D1&PID_D00D\\[REDACTED_DEVICE_SERIAL]""}]}",absent,fastboot,30.3,30.0,List of devices attached,[REDACTED_DEVICE_SERIAL]               fastboot
2026-10-01T14:41:16.481+00:00,2026-10-01T14:41:16.544+00:00,774.294,present,986.0,"{""state"":""present"",""devices"":[{""Status"":""OK"",""Class"":""AndroidUsbDeviceClass"",""FriendlyName"":""Android Bootloader Interface"",""InstanceId"":""USB\\VID_18D1&PID_D00D\\[REDACTED_DEVICE_SERIAL]""}]}",absent,fastboot,32.2,31.3,List of devices attached,[REDACTED_DEVICE_SERIAL]               fastboot
2026-10-01T14:41:17.481+00:00,2026-10-01T14:41:17.543+00:00,775.293,present,988.6,"{""state"":""present"",""devices"":[{""Status"":""OK"",""Class"":""AndroidUsbDeviceClass"",""FriendlyName"":""Android Bootloader Interface"",""InstanceId"":""USB\\VID_18D1&PID_D00D\\[REDACTED_DEVICE_SERIAL]""}]}",absent,fastboot,31.7,30.5,List of devices attached,[REDACTED_DEVICE_SERIAL]               fastboot
2026-10-01T14:41:18.481+00:00,2026-10-01T14:41:18.545+00:00,776.295,present,984.0,"{""state"":""present"",""devices"":[{""Status"":""OK"",""Class"":""AndroidUsbDeviceClass"",""FriendlyName"":""Android Bootloader Interface"",""InstanceId"":""USB\\VID_18D1&PID_D00D\\[REDACTED_DEVICE_SERIAL]""}]}",absent,fastboot,32.7,31.2,List of devices attached,[REDACTED_DEVICE_SERIAL]               fastboot
2026-10-01T14:41:19.482+00:00,2026-10-01T14:41:19.543+00:00,777.293,present,969.9,"{""state"":""present"",""devices"":[{""Status"":""OK"",""Class"":""AndroidUsbDeviceClass"",""FriendlyName"":""Android Bootloader Interface"",""InstanceId"":""USB\\VID_18D1&PID_D00D\\[REDACTED_DEVICE_SERIAL]""}]}",absent,fastboot,31.2,30.3,List of devices attached,[REDACTED_DEVICE_SERIAL]               fastboot
2026-10-01T14:41:20.482+00:00,2026-10-01T14:41:20.544+00:00,778.294,present,972.6,"{""state"":""present"",""devices"":[{""Status"":""OK"",""Class"":""AndroidUsbDeviceClass"",""FriendlyName"":""Android Bootloader Interface"",""InstanceId"":""USB\\VID_18D1&PID_D00D\\[REDACTED_DEVICE_SERIAL]""}]}",absent,fastboot,31.9,29.8,List of devices attached,[REDACTED_DEVICE_SERIAL]               fastboot
2026-10-01T14:41:21.482+00:00,2026-10-01T14:41:21.547+00:00,779.297,present,965.7,"{""state"":""present"",""devices"":[{""Status"":""OK"",""Class"":""AndroidUsbDeviceClass"",""FriendlyName"":""Android Bootloader Interface"",""InstanceId"":""USB\\VID_18D1&PID_D00D\\[REDACTED_DEVICE_SERIAL]""}]}",absent,fastboot,32.5,32.1,List of devices attached,[REDACTED_DEVICE_SERIAL]               fastboot
2026-10-01T14:41:22.483+00:00,2026-10-01T14:41:22.545+00:00,780.295,present,934.8,"{""state"":""present"",""devices"":[{""Status"":""OK"",""Class"":""AndroidUsbDeviceClass"",""FriendlyName"":""Android Bootloader Interface"",""InstanceId"":""USB\\VID_18D1&PID_D00D\\[REDACTED_DEVICE_SERIAL]""}]}",absent,fastboot,30.9,30.9,List of devices attached,[REDACTED_DEVICE_SERIAL]               fastboot
2026-10-01T14:41:23.483+00:00,2026-10-01T14:41:23.545+00:00,781.295,present,958.7,"{""state"":""present"",""devices"":[{""Status"":""OK"",""Class"":""AndroidUsbDeviceClass"",""FriendlyName"":""Android Bootloader Interface"",""InstanceId"":""USB\\VID_18D1&PID_D00D\\[REDACTED_DEVICE_SERIAL]""}]}",absent,fastboot,31.4,30.2,List of devices attached,[REDACTED_DEVICE_SERIAL]               fastboot
2026-10-01T14:41:24.484+00:00,2026-10-01T14:41:24.545+00:00,782.295,present,991.8,"{""state"":""present"",""devices"":[{""Status"":""OK"",""Class"":""AndroidUsbDeviceClass"",""FriendlyName"":""Android Bootloader Interface"",""InstanceId"":""USB\\VID_18D1&PID_D00D\\[REDACTED_DEVICE_SERIAL]""}]}",absent,fastboot,30.8,30.7,List of devices attached,[REDACTED_DEVICE_SERIAL]               fastboot
2026-10-01T14:41:25.484+00:00,2026-10-01T14:41:25.546+00:00,783.296,present,953.2,"{""state"":""present"",""devices"":[{""Status"":""OK"",""Class"":""AndroidUsbDeviceClass"",""FriendlyName"":""Android Bootloader Interface"",""InstanceId"":""USB\\VID_18D1&PID_D00D\\[REDACTED_DEVICE_SERIAL]""}]}",absent,fastboot,31.5,30.9,List of devices attached,[REDACTED_DEVICE_SERIAL]               fastboot
2026-10-01T14:41:26.484+00:00,2026-10-01T14:41:26.547+00:00,784.297,present,955.5,"{""state"":""present"",""devices"":[{""Status"":""OK"",""Class"":""AndroidUsbDeviceClass"",""FriendlyName"":""Android Bootloader Interface"",""InstanceId"":""USB\\VID_18D1&PID_D00D\\[REDACTED_DEVICE_SERIAL]""}]}",absent,fastboot,32.2,30.9,List of devices attached,[REDACTED_DEVICE_SERIAL]               fastboot
2026-10-01T14:41:27.484+00:00,2026-10-01T14:41:27.547+00:00,785.297,present,953.9,"{""state"":""present"",""devices"":[{""Status"":""OK"",""Class"":""AndroidUsbDeviceClass"",""FriendlyName"":""Android Bootloader Interface"",""InstanceId"":""USB\\VID_18D1&PID_D00D\\[REDACTED_DEVICE_SERIAL]""}]}",absent,fastboot,32.5,29.8,List of devices attached,[REDACTED_DEVICE_SERIAL]               fastboot
2026-10-01T14:41:28.485+00:00,2026-10-01T14:41:28.549+00:00,786.299,present,901.0,"{""state"":""present"",""devices"":[{""Status"":""OK"",""Class"":""AndroidUsbDeviceClass"",""FriendlyName"":""Android Bootloader Interface"",""InstanceId"":""USB\\VID_18D1&PID_D00D\\[REDACTED_DEVICE_SERIAL]""}]}",absent,fastboot,32.1,32.2,List of devices attached,[REDACTED_DEVICE_SERIAL]               fastboot
2026-10-01T14:41:29.485+00:00,2026-10-01T14:41:29.551+00:00,787.301,present,950.7,"{""state"":""present"",""devices"":[{""Status"":""OK"",""Class"":""AndroidUsbDeviceClass"",""FriendlyName"":""Android Bootloader Interface"",""InstanceId"":""USB\\VID_18D1&PID_D00D\\[REDACTED_DEVICE_SERIAL]""}]}",absent,fastboot,33.9,32.4,List of devices attached,[REDACTED_DEVICE_SERIAL]               fastboot
2026-10-01T14:41:30.485+00:00,2026-10-01T14:41:30.546+00:00,788.296,present,998.1,"{""state"":""present"",""devices"":[{""Status"":""OK"",""Class"":""AndroidUsbDeviceClass"",""FriendlyName"":""Android Bootloader Interface"",""InstanceId"":""USB\\VID_18D1&PID_D00D\\[REDACTED_DEVICE_SERIAL]""}]}",absent,fastboot,31.3,29.8,List of devices attached,[REDACTED_DEVICE_SERIAL]               fastboot
2026-10-01T14:41:31.485+00:00,2026-10-01T14:41:31.547+00:00,789.297,present,964.0,"{""state"":""present"",""devices"":[{""Status"":""OK"",""Class"":""AndroidUsbDeviceClass"",""FriendlyName"":""Android Bootloader Interface"",""InstanceId"":""USB\\VID_18D1&PID_D00D\\[REDACTED_DEVICE_SERIAL]""}]}",absent,fastboot,30.6,31.3,List of devices attached,[REDACTED_DEVICE_SERIAL]               fastboot
2026-10-01T14:41:32.485+00:00,2026-10-01T14:41:32.547+00:00,790.297,present,975.2,"{""state"":""present"",""devices"":[{""Status"":""OK"",""Class"":""AndroidUsbDeviceClass"",""FriendlyName"":""Android Bootloader Interface"",""InstanceId"":""USB\\VID_18D1&PID_D00D\\[REDACTED_DEVICE_SERIAL]""}]}",absent,fastboot,30.3,30.8,List of devices attached,[REDACTED_DEVICE_SERIAL]               fastboot
2026-10-01T14:41:33.486+00:00,2026-10-01T14:41:33.548+00:00,791.298,present,985.9,"{""state"":""present"",""devices"":[{""Status"":""OK"",""Class"":""AndroidUsbDeviceClass"",""FriendlyName"":""Android Bootloader Interface"",""InstanceId"":""USB\\VID_18D1&PID_D00D\\[REDACTED_DEVICE_SERIAL]""}]}",absent,fastboot,31.4,30.3,List of devices attached,[REDACTED_DEVICE_SERIAL]               fastboot
2026-10-01T14:41:34.486+00:00,2026-10-01T14:41:34.550+00:00,792.300,present,983.8,"{""state"":""present"",""devices"":[{""Status"":""OK"",""Class"":""AndroidUsbDeviceClass"",""FriendlyName"":""Android Bootloader Interface"",""InstanceId"":""USB\\VID_18D1&PID_D00D\\[REDACTED_DEVICE_SERIAL]""}]}",absent,fastboot,32.4,31.2,List of devices attached,[REDACTED_DEVICE_SERIAL]               fastboot
2026-10-01T14:41:35.486+00:00,2026-10-01T14:41:35.548+00:00,793.298,present,990.8,"{""state"":""present"",""devices"":[{""Status"":""OK"",""Class"":""AndroidUsbDeviceClass"",""FriendlyName"":""Android Bootloader Interface"",""InstanceId"":""USB\\VID_18D1&PID_D00D\\[REDACTED_DEVICE_SERIAL]""}]}",absent,fastboot,31.3,30.4,List of devices attached,[REDACTED_DEVICE_SERIAL]               fastboot
2026-10-01T14:41:36.486+00:00,2026-10-01T14:41:36.550+00:00,794.300,present,984.6,"{""state"":""present"",""devices"":[{""Status"":""OK"",""Class"":""AndroidUsbDeviceClass"",""FriendlyName"":""Android Bootloader Interface"",""InstanceId"":""USB\\VID_18D1&PID_D00D\\[REDACTED_DEVICE_SERIAL]""}]}",absent,fastboot,32.3,30.9,List of devices attached,[REDACTED_DEVICE_SERIAL]               fastboot
2026-10-01T14:41:37.486+00:00,2026-10-01T14:41:37.547+00:00,795.297,present,966.0,"{""state"":""present"",""devices"":[{""Status"":""OK"",""Class"":""AndroidUsbDeviceClass"",""FriendlyName"":""Android Bootloader Interface"",""InstanceId"":""USB\\VID_18D1&PID_D00D\\[REDACTED_DEVICE_SERIAL]""}]}",absent,fastboot,30.5,30.5,List of devices attached,[REDACTED_DEVICE_SERIAL]               fastboot
2026-10-01T14:41:38.486+00:00,2026-10-01T14:41:38.549+00:00,796.299,present,964.2,"{""state"":""present"",""devices"":[{""Status"":""OK"",""Class"":""AndroidUsbDeviceClass"",""FriendlyName"":""Android Bootloader Interface"",""InstanceId"":""USB\\VID_18D1&PID_D00D\\[REDACTED_DEVICE_SERIAL]""}]}",absent,fastboot,30.9,31.2,List of devices attached,[REDACTED_DEVICE_SERIAL]               fastboot
2026-10-01T14:41:39.487+00:00,2026-10-01T14:41:39.548+00:00,797.298,present,962.4,"{""state"":""present"",""devices"":[{""Status"":""OK"",""Class"":""AndroidUsbDeviceClass"",""FriendlyName"":""Android Bootloader Interface"",""InstanceId"":""USB\\VID_18D1&PID_D00D\\[REDACTED_DEVICE_SERIAL]""}]}",absent,fastboot,30.6,30.2,List of devices attached,[REDACTED_DEVICE_SERIAL]               fastboot
2026-10-01T14:41:40.488+00:00,2026-10-01T14:41:40.552+00:00,798.302,present,965.0,"{""state"":""present"",""devices"":[{""Status"":""OK"",""Class"":""AndroidUsbDeviceClass"",""FriendlyName"":""Android Bootloader Interface"",""InstanceId"":""USB\\VID_18D1&PID_D00D\\[REDACTED_DEVICE_SERIAL]""}]}",absent,fastboot,32.7,31.6,List of devices attached,[REDACTED_DEVICE_SERIAL]               fastboot
2026-10-01T14:41:41.488+00:00,2026-10-01T14:41:41.551+00:00,799.301,present,966.6,"{""state"":""present"",""devices"":[{""Status"":""OK"",""Class"":""AndroidUsbDeviceClass"",""FriendlyName"":""Android Bootloader Interface"",""InstanceId"":""USB\\VID_18D1&PID_D00D\\[REDACTED_DEVICE_SERIAL]""}]}",absent,fastboot,32.4,30.5,List of devices attached,[REDACTED_DEVICE_SERIAL]               fastboot
2026-10-01T14:41:42.488+00:00,2026-10-01T14:41:42.551+00:00,800.301,present,980.0,"{""state"":""present"",""devices"":[{""Status"":""OK"",""Class"":""AndroidUsbDeviceClass"",""FriendlyName"":""Android Bootloader Interface"",""InstanceId"":""USB\\VID_18D1&PID_D00D\\[REDACTED_DEVICE_SERIAL]""}]}",absent,fastboot,31.5,31.4,List of devices attached,[REDACTED_DEVICE_SERIAL]               fastboot
2026-10-01T14:41:43.488+00:00,2026-10-01T14:41:43.550+00:00,801.300,present,960.1,"{""state"":""present"",""devices"":[{""Status"":""OK"",""Class"":""AndroidUsbDeviceClass"",""FriendlyName"":""Android Bootloader Interface"",""InstanceId"":""USB\\VID_18D1&PID_D00D\\[REDACTED_DEVICE_SERIAL]""}]}",absent,fastboot,31.9,29.5,List of devices attached,[REDACTED_DEVICE_SERIAL]               fastboot
2026-10-01T14:41:44.488+00:00,2026-10-01T14:41:44.551+00:00,802.301,present,969.8,"{""state"":""present"",""devices"":[{""Status"":""OK"",""Class"":""AndroidUsbDeviceClass"",""FriendlyName"":""Android Bootloader Interface"",""InstanceId"":""USB\\VID_18D1&PID_D00D\\[REDACTED_DEVICE_SERIAL]""}]}",absent,fastboot,32.3,30.4,List of devices attached,[REDACTED_DEVICE_SERIAL]               fastboot
2026-10-01T14:41:45.489+00:00,2026-10-01T14:41:45.552+00:00,803.302,present,963.9,"{""state"":""present"",""devices"":[{""Status"":""OK"",""Class"":""AndroidUsbDeviceClass"",""FriendlyName"":""Android Bootloader Interface"",""InstanceId"":""USB\\VID_18D1&PID_D00D\\[REDACTED_DEVICE_SERIAL]""}]}",absent,fastboot,32.1,30.8,List of devices attached,[REDACTED_DEVICE_SERIAL]               fastboot
2026-10-01T14:41:46.489+00:00,2026-10-01T14:41:46.551+00:00,804.301,present,960.8,"{""state"":""present"",""devices"":[{""Status"":""OK"",""Class"":""AndroidUsbDeviceClass"",""FriendlyName"":""Android Bootloader Interface"",""InstanceId"":""USB\\VID_18D1&PID_D00D\\[REDACTED_DEVICE_SERIAL]""}]}",absent,fastboot,32.2,30.0,List of devices attached,[REDACTED_DEVICE_SERIAL]               fastboot
2026-10-01T14:41:47.490+00:00,2026-10-01T14:41:47.551+00:00,805.301,present,978.5,"{""state"":""present"",""devices"":[{""Status"":""OK"",""Class"":""AndroidUsbDeviceClass"",""FriendlyName"":""Android Bootloader Interface"",""InstanceId"":""USB\\VID_18D1&PID_D00D\\[REDACTED_DEVICE_SERIAL]""}]}",absent,fastboot,30.5,31.0,List of devices attached,[REDACTED_DEVICE_SERIAL]               fastboot
2026-10-01T14:41:48.490+00:00,2026-10-01T14:41:48.554+00:00,806.304,present,955.1,"{""state"":""present"",""devices"":[{""Status"":""OK"",""Class"":""AndroidUsbDeviceClass"",""FriendlyName"":""Android Bootloader Interface"",""InstanceId"":""USB\\VID_18D1&PID_D00D\\[REDACTED_DEVICE_SERIAL]""}]}",absent,fastboot,32.8,31.2,List of devices attached,[REDACTED_DEVICE_SERIAL]               fastboot
2026-10-01T14:41:49.490+00:00,2026-10-01T14:41:49.555+00:00,807.305,present,993.3,"{""state"":""present"",""devices"":[{""Status"":""OK"",""Class"":""AndroidUsbDeviceClass"",""FriendlyName"":""Android Bootloader Interface"",""InstanceId"":""USB\\VID_18D1&PID_D00D\\[REDACTED_DEVICE_SERIAL]""}]}",absent,fastboot,31.8,33.3,List of devices attached,[REDACTED_DEVICE_SERIAL]               fastboot
2026-10-01T14:41:50.490+00:00,2026-10-01T14:41:50.553+00:00,808.303,present,956.6,"{""state"":""present"",""devices"":[{""Status"":""OK"",""Class"":""AndroidUsbDeviceClass"",""FriendlyName"":""Android Bootloader Interface"",""InstanceId"":""USB\\VID_18D1&PID_D00D\\[REDACTED_DEVICE_SERIAL]""}]}",absent,fastboot,31.9,30.7,List of devices attached,[REDACTED_DEVICE_SERIAL]               fastboot
2026-10-01T14:41:51.491+00:00,2026-10-01T14:41:51.554+00:00,809.303,present,978.6,"{""state"":""present"",""devices"":[{""Status"":""OK"",""Class"":""AndroidUsbDeviceClass"",""FriendlyName"":""Android Bootloader Interface"",""InstanceId"":""USB\\VID_18D1&PID_D00D\\[REDACTED_DEVICE_SERIAL]""}]}",absent,fastboot,31.3,31.1,List of devices attached,[REDACTED_DEVICE_SERIAL]               fastboot
2026-10-01T14:41:52.491+00:00,2026-10-01T14:41:52.554+00:00,810.304,present,963.4,"{""state"":""present"",""devices"":[{""Status"":""OK"",""Class"":""AndroidUsbDeviceClass"",""FriendlyName"":""Android Bootloader Interface"",""InstanceId"":""USB\\VID_18D1&PID_D00D\\[REDACTED_DEVICE_SERIAL]""}]}",absent,fastboot,32.4,30.3,List of devices attached,[REDACTED_DEVICE_SERIAL]               fastboot
2026-10-01T14:41:53.492+00:00,2026-10-01T14:41:53.552+00:00,811.302,present,960.9,"{""state"":""present"",""devices"":[{""Status"":""OK"",""Class"":""AndroidUsbDeviceClass"",""FriendlyName"":""Android Bootloader Interface"",""InstanceId"":""USB\\VID_18D1&PID_D00D\\[REDACTED_DEVICE_SERIAL]""}]}",absent,fastboot,30.5,30.2,List of devices attached,[REDACTED_DEVICE_SERIAL]               fastboot
2026-10-01T14:41:54.492+00:00,2026-10-01T14:41:54.555+00:00,812.305,present,968.3,"{""state"":""present"",""devices"":[{""Status"":""OK"",""Class"":""AndroidUsbDeviceClass"",""FriendlyName"":""Android Bootloader Interface"",""InstanceId"":""USB\\VID_18D1&PID_D00D\\[REDACTED_DEVICE_SERIAL]""}]}",absent,fastboot,31.5,31.1,List of devices attached,[REDACTED_DEVICE_SERIAL]               fastboot
2026-10-01T14:41:55.492+00:00,2026-10-01T14:41:55.554+00:00,813.304,present,965.2,"{""state"":""present"",""devices"":[{""Status"":""OK"",""Class"":""AndroidUsbDeviceClass"",""FriendlyName"":""Android Bootloader Interface"",""InstanceId"":""USB\\VID_18D1&PID_D00D\\[REDACTED_DEVICE_SERIAL]""}]}",absent,fastboot,30.5,31.3,List of devices attached,[REDACTED_DEVICE_SERIAL]               fastboot
2026-10-01T14:41:56.492+00:00,2026-10-01T14:41:56.558+00:00,814.308,present,946.2,"{""state"":""present"",""devices"":[{""Status"":""OK"",""Class"":""AndroidUsbDeviceClass"",""FriendlyName"":""Android Bootloader Interface"",""InstanceId"":""USB\\VID_18D1&PID_D00D\\[REDACTED_DEVICE_SERIAL]""}]}",absent,fastboot,32.6,32.5,List of devices attached,[REDACTED_DEVICE_SERIAL]               fastboot
2026-10-01T14:41:57.493+00:00,2026-10-01T14:41:57.558+00:00,815.308,present,959.2,"{""state"":""present"",""devices"":[{""Status"":""OK"",""Class"":""AndroidUsbDeviceClass"",""FriendlyName"":""Android Bootloader Interface"",""InstanceId"":""USB\\VID_18D1&PID_D00D\\[REDACTED_DEVICE_SERIAL]""}]}",absent,fastboot,33.1,32.4,List of devices attached,[REDACTED_DEVICE_SERIAL]               fastboot
2026-10-01T14:41:58.493+00:00,2026-10-01T14:41:58.555+00:00,816.305,present,966.9,"{""state"":""present"",""devices"":[{""Status"":""OK"",""Class"":""AndroidUsbDeviceClass"",""FriendlyName"":""Android Bootloader Interface"",""InstanceId"":""USB\\VID_18D1&PID_D00D\\[REDACTED_DEVICE_SERIAL]""}]}",absent,fastboot,31.3,31.2,List of devices attached,[REDACTED_DEVICE_SERIAL]               fastboot
2026-10-01T14:41:59.493+00:00,2026-10-01T14:41:59.555+00:00,817.305,present,954.5,"{""state"":""present"",""devices"":[{""Status"":""OK"",""Class"":""AndroidUsbDeviceClass"",""FriendlyName"":""Android Bootloader Interface"",""InstanceId"":""USB\\VID_18D1&PID_D00D\\[REDACTED_DEVICE_SERIAL]""}]}",absent,fastboot,32.0,29.8,List of devices attached,[REDACTED_DEVICE_SERIAL]               fastboot
2026-10-01T14:42:00.494+00:00,2026-10-01T14:42:00.563+00:00,818.313,present,884.7,"{""state"":""present"",""devices"":[{""Status"":""OK"",""Class"":""AndroidUsbDeviceClass"",""FriendlyName"":""Android Bootloader Interface"",""InstanceId"":""USB\\VID_18D1&PID_D00D\\[REDACTED_DEVICE_SERIAL]""}]}",absent,fastboot,35.4,34.2,List of devices attached,[REDACTED_DEVICE_SERIAL]               fastboot
2026-10-01T14:42:01.494+00:00,2026-10-01T14:42:01.560+00:00,819.310,present,976.9,"{""state"":""present"",""devices"":[{""Status"":""OK"",""Class"":""AndroidUsbDeviceClass"",""FriendlyName"":""Android Bootloader Interface"",""InstanceId"":""USB\\VID_18D1&PID_D00D\\[REDACTED_DEVICE_SERIAL]""}]}",absent,fastboot,33.8,31.8,List of devices attached,[REDACTED_DEVICE_SERIAL]               fastboot
2026-10-01T14:42:02.494+00:00,2026-10-01T14:42:02.555+00:00,820.305,present,982.0,"{""state"":""present"",""devices"":[{""Status"":""OK"",""Class"":""AndroidUsbDeviceClass"",""FriendlyName"":""Android Bootloader Interface"",""InstanceId"":""USB\\VID_18D1&PID_D00D\\[REDACTED_DEVICE_SERIAL]""}]}",absent,fastboot,30.3,30.6,List of devices attached,[REDACTED_DEVICE_SERIAL]               fastboot
2026-10-01T14:42:03.495+00:00,2026-10-01T14:42:03.559+00:00,821.309,present,977.9,"{""state"":""present"",""devices"":[{""Status"":""OK"",""Class"":""AndroidUsbDeviceClass"",""FriendlyName"":""Android Bootloader Interface"",""InstanceId"":""USB\\VID_18D1&PID_D00D\\[REDACTED_DEVICE_SERIAL]""}]}",absent,fastboot,33.0,30.8,List of devices attached,[REDACTED_DEVICE_SERIAL]               fastboot
2026-10-01T14:42:04.495+00:00,2026-10-01T14:42:04.556+00:00,822.306,present,958.8,"{""state"":""present"",""devices"":[{""Status"":""OK"",""Class"":""AndroidUsbDeviceClass"",""FriendlyName"":""Android Bootloader Interface"",""InstanceId"":""USB\\VID_18D1&PID_D00D\\[REDACTED_DEVICE_SERIAL]""}]}",absent,fastboot,30.7,30.8,List of devices attached,[REDACTED_DEVICE_SERIAL]               fastboot
2026-10-01T14:42:05.495+00:00,2026-10-01T14:42:05.558+00:00,823.308,present,979.5,"{""state"":""present"",""devices"":[{""Status"":""OK"",""Class"":""AndroidUsbDeviceClass"",""FriendlyName"":""Android Bootloader Interface"",""InstanceId"":""USB\\VID_18D1&PID_D00D\\[REDACTED_DEVICE_SERIAL]""}]}",absent,fastboot,31.4,31.3,List of devices attached,[REDACTED_DEVICE_SERIAL]               fastboot
2026-10-01T14:42:06.495+00:00,2026-10-01T14:42:06.556+00:00,824.306,present,963.1,"{""state"":""present"",""devices"":[{""Status"":""OK"",""Class"":""AndroidUsbDeviceClass"",""FriendlyName"":""Android Bootloader Interface"",""InstanceId"":""USB\\VID_18D1&PID_D00D\\[REDACTED_DEVICE_SERIAL]""}]}",absent,fastboot,30.9,30.2,List of devices attached,[REDACTED_DEVICE_SERIAL]               fastboot
2026-10-01T14:42:07.495+00:00,2026-10-01T14:42:07.559+00:00,825.309,present,963.7,"{""state"":""present"",""devices"":[{""Status"":""OK"",""Class"":""AndroidUsbDeviceClass"",""FriendlyName"":""Android Bootloader Interface"",""InstanceId"":""USB\\VID_18D1&PID_D00D\\[REDACTED_DEVICE_SERIAL]""}]}",absent,fastboot,31.7,31.8,List of devices attached,[REDACTED_DEVICE_SERIAL]               fastboot
2026-10-01T14:42:08.495+00:00,2026-10-01T14:42:08.558+00:00,826.308,present,971.9,"{""state"":""present"",""devices"":[{""Status"":""OK"",""Class"":""AndroidUsbDeviceClass"",""FriendlyName"":""Android Bootloader Interface"",""InstanceId"":""USB\\VID_18D1&PID_D00D\\[REDACTED_DEVICE_SERIAL]""}]}",absent,fastboot,31.5,31.5,List of devices attached,[REDACTED_DEVICE_SERIAL]               fastboot
2026-10-01T14:42:09.496+00:00,2026-10-01T14:42:09.559+00:00,827.309,present,997.5,"{""state"":""present"",""devices"":[{""Status"":""OK"",""Class"":""AndroidUsbDeviceClass"",""FriendlyName"":""Android Bootloader Interface"",""InstanceId"":""USB\\VID_18D1&PID_D00D\\[REDACTED_DEVICE_SERIAL]""}]}",absent,fastboot,31.4,32.1,List of devices attached,[REDACTED_DEVICE_SERIAL]               fastboot
2026-10-01T14:42:10.496+00:00,2026-10-01T14:42:10.557+00:00,828.307,present,959.5,"{""state"":""present"",""devices"":[{""Status"":""OK"",""Class"":""AndroidUsbDeviceClass"",""FriendlyName"":""Android Bootloader Interface"",""InstanceId"":""USB\\VID_18D1&PID_D00D\\[REDACTED_DEVICE_SERIAL]""}]}",absent,fastboot,31.8,29.1,List of devices attached,[REDACTED_DEVICE_SERIAL]               fastboot
2026-10-01T14:42:11.497+00:00,2026-10-01T14:42:11.560+00:00,829.310,present,965.3,"{""state"":""present"",""devices"":[{""Status"":""OK"",""Class"":""AndroidUsbDeviceClass"",""FriendlyName"":""Android Bootloader Interface"",""InstanceId"":""USB\\VID_18D1&PID_D00D\\[REDACTED_DEVICE_SERIAL]""}]}",absent,fastboot,32.9,30.1,List of devices attached,[REDACTED_DEVICE_SERIAL]               fastboot
2026-10-01T14:42:12.497+00:00,2026-10-01T14:42:12.560+00:00,830.310,present,979.8,"{""state"":""present"",""devices"":[{""Status"":""OK"",""Class"":""AndroidUsbDeviceClass"",""FriendlyName"":""Android Bootloader Interface"",""InstanceId"":""USB\\VID_18D1&PID_D00D\\[REDACTED_DEVICE_SERIAL]""}]}",absent,fastboot,32.2,30.7,List of devices attached,[REDACTED_DEVICE_SERIAL]               fastboot
2026-10-01T14:42:13.497+00:00,2026-10-01T14:42:13.561+00:00,831.311,present,991.6,"{""state"":""present"",""devices"":[{""Status"":""OK"",""Class"":""AndroidUsbDeviceClass"",""FriendlyName"":""Android Bootloader Interface"",""InstanceId"":""USB\\VID_18D1&PID_D00D\\[REDACTED_DEVICE_SERIAL]""}]}",absent,fastboot,31.9,31.8,List of devices attached,[REDACTED_DEVICE_SERIAL]               fastboot
2026-10-01T14:42:14.498+00:00,2026-10-01T14:42:14.558+00:00,832.308,present,974.3,"{""state"":""present"",""devices"":[{""Status"":""OK"",""Class"":""AndroidUsbDeviceClass"",""FriendlyName"":""Android Bootloader Interface"",""InstanceId"":""USB\\VID_18D1&PID_D00D\\[REDACTED_DEVICE_SERIAL]""}]}",absent,fastboot,31.0,29.5,List of devices attached,[REDACTED_DEVICE_SERIAL]               fastboot
2026-10-01T14:42:15.498+00:00,2026-10-01T14:42:15.559+00:00,833.309,present,985.9,"{""state"":""present"",""devices"":[{""Status"":""OK"",""Class"":""AndroidUsbDeviceClass"",""FriendlyName"":""Android Bootloader Interface"",""InstanceId"":""USB\\VID_18D1&PID_D00D\\[REDACTED_DEVICE_SERIAL]""}]}",absent,fastboot,30.5,30.0,List of devices attached,[REDACTED_DEVICE_SERIAL]               fastboot
2026-10-01T14:42:16.499+00:00,2026-10-01T14:42:16.560+00:00,834.310,present,976.4,"{""state"":""present"",""devices"":[{""Status"":""OK"",""Class"":""AndroidUsbDeviceClass"",""FriendlyName"":""Android Bootloader Interface"",""InstanceId"":""USB\\VID_18D1&PID_D00D\\[REDACTED_DEVICE_SERIAL]""}]}",absent,fastboot,31.2,30.7,List of devices attached,[REDACTED_DEVICE_SERIAL]               fastboot
2026-10-01T14:42:17.499+00:00,2026-10-01T14:42:17.561+00:00,835.311,present,984.8,"{""state"":""present"",""devices"":[{""Status"":""OK"",""Class"":""AndroidUsbDeviceClass"",""FriendlyName"":""Android Bootloader Interface"",""InstanceId"":""USB\\VID_18D1&PID_D00D\\[REDACTED_DEVICE_SERIAL]""}]}",absent,fastboot,31.6,30.4,List of devices attached,[REDACTED_DEVICE_SERIAL]               fastboot
2026-10-01T14:42:18.499+00:00,2026-10-01T14:42:18.560+00:00,836.310,present,990.9,"{""state"":""present"",""devices"":[{""Status"":""OK"",""Class"":""AndroidUsbDeviceClass"",""FriendlyName"":""Android Bootloader Interface"",""InstanceId"":""USB\\VID_18D1&PID_D00D\\[REDACTED_DEVICE_SERIAL]""}]}",absent,fastboot,30.8,30.5,List of devices attached,[REDACTED_DEVICE_SERIAL]               fastboot
2026-10-01T14:42:19.499+00:00,2026-10-01T14:42:19.560+00:00,837.310,present,975.8,"{""state"":""present"",""devices"":[{""Status"":""OK"",""Class"":""AndroidUsbDeviceClass"",""FriendlyName"":""Android Bootloader Interface"",""InstanceId"":""USB\\VID_18D1&PID_D00D\\[REDACTED_DEVICE_SERIAL]""}]}",absent,fastboot,31.1,30.0,List of devices attached,[REDACTED_DEVICE_SERIAL]               fastboot
2026-10-01T14:42:20.499+00:00,2026-10-01T14:42:20.561+00:00,838.311,present,941.8,"{""state"":""present"",""devices"":[{""Status"":""OK"",""Class"":""AndroidUsbDeviceClass"",""FriendlyName"":""Android Bootloader Interface"",""InstanceId"":""USB\\VID_18D1&PID_D00D\\[REDACTED_DEVICE_SERIAL]""}]}",absent,fastboot,31.2,30.5,List of devices attached,[REDACTED_DEVICE_SERIAL]               fastboot
2026-10-01T14:42:21.500+00:00,2026-10-01T14:42:21.563+00:00,839.313,present,970.5,"{""state"":""present"",""devices"":[{""Status"":""OK"",""Class"":""AndroidUsbDeviceClass"",""FriendlyName"":""Android Bootloader Interface"",""InstanceId"":""USB\\VID_18D1&PID_D00D\\[REDACTED_DEVICE_SERIAL]""}]}",absent,fastboot,32.1,31.4,List of devices attached,[REDACTED_DEVICE_SERIAL]               fastboot
2026-10-01T14:42:22.500+00:00,2026-10-01T14:42:22.564+00:00,840.314,present,993.3,"{""state"":""present"",""devices"":[{""Status"":""OK"",""Class"":""AndroidUsbDeviceClass"",""FriendlyName"":""Android Bootloader Interface"",""InstanceId"":""USB\\VID_18D1&PID_D00D\\[REDACTED_DEVICE_SERIAL]""}]}",absent,fastboot,32.7,31.0,List of devices attached,[REDACTED_DEVICE_SERIAL]               fastboot
2026-10-01T14:42:23.500+00:00,2026-10-01T14:42:23.563+00:00,841.313,present,967.8,"{""state"":""present"",""devices"":[{""Status"":""OK"",""Class"":""AndroidUsbDeviceClass"",""FriendlyName"":""Android Bootloader Interface"",""InstanceId"":""USB\\VID_18D1&PID_D00D\\[REDACTED_DEVICE_SERIAL]""}]}",absent,fastboot,31.8,31.1,List of devices attached,[REDACTED_DEVICE_SERIAL]               fastboot
2026-10-01T14:42:24.500+00:00,2026-10-01T14:42:24.564+00:00,842.314,present,964.4,"{""state"":""present"",""devices"":[{""Status"":""OK"",""Class"":""AndroidUsbDeviceClass"",""FriendlyName"":""Android Bootloader Interface"",""InstanceId"":""USB\\VID_18D1&PID_D00D\\[REDACTED_DEVICE_SERIAL]""}]}",absent,fastboot,32.3,30.8,List of devices attached,[REDACTED_DEVICE_SERIAL]               fastboot
2026-10-01T14:42:25.501+00:00,2026-10-01T14:42:25.562+00:00,843.312,present,968.1,"{""state"":""present"",""devices"":[{""Status"":""OK"",""Class"":""AndroidUsbDeviceClass"",""FriendlyName"":""Android Bootloader Interface"",""InstanceId"":""USB\\VID_18D1&PID_D00D\\[REDACTED_DEVICE_SERIAL]""}]}",absent,fastboot,31.2,30.2,List of devices attached,[REDACTED_DEVICE_SERIAL]               fastboot
2026-10-01T14:42:26.501+00:00,2026-10-01T14:42:26.562+00:00,844.312,present,976.1,"{""state"":""present"",""devices"":[{""Status"":""OK"",""Class"":""AndroidUsbDeviceClass"",""FriendlyName"":""Android Bootloader Interface"",""InstanceId"":""USB\\VID_18D1&PID_D00D\\[REDACTED_DEVICE_SERIAL]""}]}",absent,fastboot,30.9,30.5,List of devices attached,[REDACTED_DEVICE_SERIAL]               fastboot
2026-10-01T14:42:27.501+00:00,2026-10-01T14:42:27.565+00:00,845.315,present,957.9,"{""state"":""present"",""devices"":[{""Status"":""OK"",""Class"":""AndroidUsbDeviceClass"",""FriendlyName"":""Android Bootloader Interface"",""InstanceId"":""USB\\VID_18D1&PID_D00D\\[REDACTED_DEVICE_SERIAL]""}]}",absent,fastboot,32.7,30.8,List of devices attached,[REDACTED_DEVICE_SERIAL]               fastboot
2026-10-01T14:42:28.501+00:00,2026-10-01T14:42:28.562+00:00,846.312,present,955.2,"{""state"":""present"",""devices"":[{""Status"":""OK"",""Class"":""AndroidUsbDeviceClass"",""FriendlyName"":""Android Bootloader Interface"",""InstanceId"":""USB\\VID_18D1&PID_D00D\\[REDACTED_DEVICE_SERIAL]""}]}",absent,fastboot,30.4,30.5,List of devices attached,[REDACTED_DEVICE_SERIAL]               fastboot
2026-10-01T14:42:29.501+00:00,2026-10-01T14:42:29.566+00:00,847.316,present,954.2,"{""state"":""present"",""devices"":[{""Status"":""OK"",""Class"":""AndroidUsbDeviceClass"",""FriendlyName"":""Android Bootloader Interface"",""InstanceId"":""USB\\VID_18D1&PID_D00D\\[REDACTED_DEVICE_SERIAL]""}]}",absent,fastboot,32.6,31.9,List of devices attached,[REDACTED_DEVICE_SERIAL]               fastboot
2026-10-01T14:42:30.502+00:00,2026-10-01T14:42:30.566+00:00,848.316,present,950.9,"{""state"":""present"",""devices"":[{""Status"":""OK"",""Class"":""AndroidUsbDeviceClass"",""FriendlyName"":""Android Bootloader Interface"",""InstanceId"":""USB\\VID_18D1&PID_D00D\\[REDACTED_DEVICE_SERIAL]""}]}",absent,fastboot,32.5,32.0,List of devices attached,[REDACTED_DEVICE_SERIAL]               fastboot
2026-10-01T14:42:31.502+00:00,2026-10-01T14:42:31.567+00:00,849.317,present,988.6,"{""state"":""present"",""devices"":[{""Status"":""OK"",""Class"":""AndroidUsbDeviceClass"",""FriendlyName"":""Android Bootloader Interface"",""InstanceId"":""USB\\VID_18D1&PID_D00D\\[REDACTED_DEVICE_SERIAL]""}]}",absent,fastboot,32.9,31.7,List of devices attached,[REDACTED_DEVICE_SERIAL]               fastboot
2026-10-01T14:42:32.502+00:00,2026-10-01T14:42:32.565+00:00,850.315,present,968.8,"{""state"":""present"",""devices"":[{""Status"":""OK"",""Class"":""AndroidUsbDeviceClass"",""FriendlyName"":""Android Bootloader Interface"",""InstanceId"":""USB\\VID_18D1&PID_D00D\\[REDACTED_DEVICE_SERIAL]""}]}",absent,fastboot,31.2,32.0,List of devices attached,[REDACTED_DEVICE_SERIAL]               fastboot
2026-10-01T14:42:33.502+00:00,2026-10-01T14:42:33.570+00:00,851.320,present,968.8,"{""state"":""present"",""devices"":[{""Status"":""OK"",""Class"":""AndroidUsbDeviceClass"",""FriendlyName"":""Android Bootloader Interface"",""InstanceId"":""USB\\VID_18D1&PID_D00D\\[REDACTED_DEVICE_SERIAL]""}]}",absent,fastboot,36.3,31.8,List of devices attached,[REDACTED_DEVICE_SERIAL]               fastboot
2026-10-01T14:42:34.503+00:00,2026-10-01T14:42:34.566+00:00,852.316,present,1222.3,"{""state"":""present"",""devices"":[{""Status"":""OK"",""Class"":""AndroidUsbDeviceClass"",""FriendlyName"":""Android Bootloader Interface"",""InstanceId"":""USB\\VID_18D1&PID_D00D\\[REDACTED_DEVICE_SERIAL]""}]}",absent,fastboot,32.0,31.1,List of devices attached,[REDACTED_DEVICE_SERIAL]               fastboot
2026-10-01T14:42:35.503+00:00,2026-10-01T14:42:35.565+00:00,853.315,present,966.4,"{""state"":""present"",""devices"":[{""Status"":""OK"",""Class"":""AndroidUsbDeviceClass"",""FriendlyName"":""Android Bootloader Interface"",""InstanceId"":""USB\\VID_18D1&PID_D00D\\[REDACTED_DEVICE_SERIAL]""}]}",absent,fastboot,31.6,30.6,List of devices attached,[REDACTED_DEVICE_SERIAL]               fastboot
2026-10-01T14:42:36.503+00:00,2026-10-01T14:42:36.566+00:00,854.316,present,987.4,"{""state"":""present"",""devices"":[{""Status"":""OK"",""Class"":""AndroidUsbDeviceClass"",""FriendlyName"":""Android Bootloader Interface"",""InstanceId"":""USB\\VID_18D1&PID_D00D\\[REDACTED_DEVICE_SERIAL]""}]}",absent,fastboot,31.4,32.0,List of devices attached,[REDACTED_DEVICE_SERIAL]               fastboot
2026-10-01T14:42:37.503+00:00,2026-10-01T14:42:37.565+00:00,855.315,present,975.0,"{""state"":""present"",""devices"":[{""Status"":""OK"",""Class"":""AndroidUsbDeviceClass"",""FriendlyName"":""Android Bootloader Interface"",""InstanceId"":""USB\\VID_18D1&PID_D00D\\[REDACTED_DEVICE_SERIAL]""}]}",absent,fastboot,30.6,30.4,List of devices attached,[REDACTED_DEVICE_SERIAL]               fastboot
2026-10-01T14:42:38.504+00:00,2026-10-01T14:42:38.566+00:00,856.316,present,988.9,"{""state"":""present"",""devices"":[{""Status"":""OK"",""Class"":""AndroidUsbDeviceClass"",""FriendlyName"":""Android Bootloader Interface"",""InstanceId"":""USB\\VID_18D1&PID_D00D\\[REDACTED_DEVICE_SERIAL]""}]}",absent,fastboot,30.9,30.8,List of devices attached,[REDACTED_DEVICE_SERIAL]               fastboot
2026-10-01T14:42:39.504+00:00,2026-10-01T14:42:39.566+00:00,857.316,present,958.9,"{""state"":""present"",""devices"":[{""Status"":""OK"",""Class"":""AndroidUsbDeviceClass"",""FriendlyName"":""Android Bootloader Interface"",""InstanceId"":""USB\\VID_18D1&PID_D00D\\[REDACTED_DEVICE_SERIAL]""}]}",absent,fastboot,31.8,29.5,List of devices attached,[REDACTED_DEVICE_SERIAL]               fastboot
2026-10-01T14:42:40.505+00:00,2026-10-01T14:42:40.567+00:00,858.317,present,974.3,"{""state"":""present"",""devices"":[{""Status"":""OK"",""Class"":""AndroidUsbDeviceClass"",""FriendlyName"":""Android Bootloader Interface"",""InstanceId"":""USB\\VID_18D1&PID_D00D\\[REDACTED_DEVICE_SERIAL]""}]}",absent,fastboot,32.1,30.1,List of devices attached,[REDACTED_DEVICE_SERIAL]               fastboot
2026-10-01T14:42:41.505+00:00,2026-10-01T14:42:41.567+00:00,859.317,present,949.3,"{""state"":""present"",""devices"":[{""Status"":""OK"",""Class"":""AndroidUsbDeviceClass"",""FriendlyName"":""Android Bootloader Interface"",""InstanceId"":""USB\\VID_18D1&PID_D00D\\[REDACTED_DEVICE_SERIAL]""}]}",absent,fastboot,30.1,31.9,List of devices attached,[REDACTED_DEVICE_SERIAL]               fastboot
2026-10-01T14:42:42.505+00:00,2026-10-01T14:42:42.572+00:00,860.322,present,977.4,"{""state"":""present"",""devices"":[{""Status"":""OK"",""Class"":""AndroidUsbDeviceClass"",""FriendlyName"":""Android Bootloader Interface"",""InstanceId"":""USB\\VID_18D1&PID_D00D\\[REDACTED_DEVICE_SERIAL]""}]}",absent,fastboot,33.5,32.7,List of devices attached,[REDACTED_DEVICE_SERIAL]               fastboot
2026-10-01T14:42:43.505+00:00,2026-10-01T14:42:43.581+00:00,861.331,present,915.8,"{""state"":""present"",""devices"":[{""Status"":""OK"",""Class"":""AndroidUsbDeviceClass"",""FriendlyName"":""Android Bootloader Interface"",""InstanceId"":""USB\\VID_18D1&PID_D00D\\[REDACTED_DEVICE_SERIAL]""}]}",absent,fastboot,34.4,40.8,List of devices attached,[REDACTED_DEVICE_SERIAL]               fastboot
2026-10-01T14:42:44.506+00:00,2026-10-01T14:42:44.568+00:00,862.318,present,954.6,"{""state"":""present"",""devices"":[{""Status"":""OK"",""Class"":""AndroidUsbDeviceClass"",""FriendlyName"":""Android Bootloader Interface"",""InstanceId"":""USB\\VID_18D1&PID_D00D\\[REDACTED_DEVICE_SERIAL]""}]}",absent,fastboot,31.6,31.2,List of devices attached,[REDACTED_DEVICE_SERIAL]               fastboot
2026-10-01T14:42:45.506+00:00,2026-10-01T14:42:45.568+00:00,863.318,present,917.6,"{""state"":""present"",""devices"":[{""Status"":""OK"",""Class"":""AndroidUsbDeviceClass"",""FriendlyName"":""Android Bootloader Interface"",""InstanceId"":""USB\\VID_18D1&PID_D00D\\[REDACTED_DEVICE_SERIAL]""}]}",absent,fastboot,31.4,30.3,List of devices attached,[REDACTED_DEVICE_SERIAL]               fastboot
2026-10-01T14:42:46.506+00:00,2026-10-01T14:42:46.573+00:00,864.323,present,959.7,"{""state"":""present"",""devices"":[{""Status"":""OK"",""Class"":""AndroidUsbDeviceClass"",""FriendlyName"":""Android Bootloader Interface"",""InstanceId"":""USB\\VID_18D1&PID_D00D\\[REDACTED_DEVICE_SERIAL]""}]}",absent,fastboot,34.3,31.9,List of devices attached,[REDACTED_DEVICE_SERIAL]               fastboot
2026-10-01T14:42:47.507+00:00,2026-10-01T14:42:47.586+00:00,865.336,present,904.7,"{""state"":""present"",""devices"":[{""Status"":""OK"",""Class"":""AndroidUsbDeviceClass"",""FriendlyName"":""Android Bootloader Interface"",""InstanceId"":""USB\\VID_18D1&PID_D00D\\[REDACTED_DEVICE_SERIAL]""}]}",absent,fastboot,45.4,33.8,List of devices attached,[REDACTED_DEVICE_SERIAL]               fastboot
2026-10-01T14:42:48.507+00:00,2026-10-01T14:42:48.573+00:00,866.323,present,909.0,"{""state"":""present"",""devices"":[{""Status"":""OK"",""Class"":""AndroidUsbDeviceClass"",""FriendlyName"":""Android Bootloader Interface"",""InstanceId"":""USB\\VID_18D1&PID_D00D\\[REDACTED_DEVICE_SERIAL]""}]}",absent,fastboot,34.5,31.8,List of devices attached,[REDACTED_DEVICE_SERIAL]               fastboot
2026-10-01T14:42:49.508+00:00,2026-10-01T14:42:49.573+00:00,867.323,present,988.0,"{""state"":""present"",""devices"":[{""Status"":""OK"",""Class"":""AndroidUsbDeviceClass"",""FriendlyName"":""Android Bootloader Interface"",""InstanceId"":""USB\\VID_18D1&PID_D00D\\[REDACTED_DEVICE_SERIAL]""}]}",absent,fastboot,33.8,31.7,List of devices attached,[REDACTED_DEVICE_SERIAL]               fastboot
2026-10-01T14:42:50.508+00:00,2026-10-01T14:42:50.571+00:00,868.321,present,983.0,"{""state"":""present"",""devices"":[{""Status"":""OK"",""Class"":""AndroidUsbDeviceClass"",""FriendlyName"":""Android Bootloader Interface"",""InstanceId"":""USB\\VID_18D1&PID_D00D\\[REDACTED_DEVICE_SERIAL]""}]}",absent,fastboot,31.9,31.1,List of devices attached,[REDACTED_DEVICE_SERIAL]               fastboot
2026-10-01T14:42:51.508+00:00,2026-10-01T14:42:51.576+00:00,869.326,present,979.1,"{""state"":""present"",""devices"":[{""Status"":""OK"",""Class"":""AndroidUsbDeviceClass"",""FriendlyName"":""Android Bootloader Interface"",""InstanceId"":""USB\\VID_18D1&PID_D00D\\[REDACTED_DEVICE_SERIAL]""}]}",absent,fastboot,34.5,33.2,List of devices attached,[REDACTED_DEVICE_SERIAL]               fastboot
2026-10-01T14:42:52.509+00:00,2026-10-01T14:42:52.585+00:00,870.335,present,956.4,"{""state"":""present"",""devices"":[{""Status"":""OK"",""Class"":""AndroidUsbDeviceClass"",""FriendlyName"":""Android Bootloader Interface"",""InstanceId"":""USB\\VID_18D1&PID_D00D\\[REDACTED_DEVICE_SERIAL]""}]}",absent,fastboot,33.5,43.3,List of devices attached,[REDACTED_DEVICE_SERIAL]               fastboot
2026-10-01T14:42:53.509+00:00,2026-10-01T14:42:53.571+00:00,871.321,present,950.5,"{""state"":""present"",""devices"":[{""Status"":""OK"",""Class"":""AndroidUsbDeviceClass"",""FriendlyName"":""Android Bootloader Interface"",""InstanceId"":""USB\\VID_18D1&PID_D00D\\[REDACTED_DEVICE_SERIAL]""}]}",absent,fastboot,31.1,31.4,List of devices attached,[REDACTED_DEVICE_SERIAL]               fastboot
2026-10-01T14:42:54.509+00:00,2026-10-01T14:42:54.572+00:00,872.322,present,983.7,"{""state"":""present"",""devices"":[{""Status"":""OK"",""Class"":""AndroidUsbDeviceClass"",""FriendlyName"":""Android Bootloader Interface"",""InstanceId"":""USB\\VID_18D1&PID_D00D\\[REDACTED_DEVICE_SERIAL]""}]}",absent,fastboot,31.9,30.7,List of devices attached,[REDACTED_DEVICE_SERIAL]               fastboot
2026-10-01T14:42:55.510+00:00,2026-10-01T14:42:55.572+00:00,873.322,present,975.4,"{""state"":""present"",""devices"":[{""Status"":""OK"",""Class"":""AndroidUsbDeviceClass"",""FriendlyName"":""Android Bootloader Interface"",""InstanceId"":""USB\\VID_18D1&PID_D00D\\[REDACTED_DEVICE_SERIAL]""}]}",absent,fastboot,31.4,31.3,List of devices attached,[REDACTED_DEVICE_SERIAL]               fastboot
2026-10-01T14:42:56.510+00:00,2026-10-01T14:42:56.572+00:00,874.322,present,980.7,"{""state"":""present"",""devices"":[{""Status"":""OK"",""Class"":""AndroidUsbDeviceClass"",""FriendlyName"":""Android Bootloader Interface"",""InstanceId"":""USB\\VID_18D1&PID_D00D\\[REDACTED_DEVICE_SERIAL]""}]}",absent,fastboot,31.9,30.4,List of devices attached,[REDACTED_DEVICE_SERIAL]               fastboot
2026-10-01T14:42:57.510+00:00,2026-10-01T14:42:57.575+00:00,875.325,present,963.5,"{""state"":""present"",""devices"":[{""Status"":""OK"",""Class"":""AndroidUsbDeviceClass"",""FriendlyName"":""Android Bootloader Interface"",""InstanceId"":""USB\\VID_18D1&PID_D00D\\[REDACTED_DEVICE_SERIAL]""}]}",absent,fastboot,32.3,32.0,List of devices attached,[REDACTED_DEVICE_SERIAL]               fastboot
2026-10-01T14:42:58.511+00:00,2026-10-01T14:42:58.574+00:00,876.324,present,989.1,"{""state"":""present"",""devices"":[{""Status"":""OK"",""Class"":""AndroidUsbDeviceClass"",""FriendlyName"":""Android Bootloader Interface"",""InstanceId"":""USB\\VID_18D1&PID_D00D\\[REDACTED_DEVICE_SERIAL]""}]}",absent,fastboot,31.2,32.0,List of devices attached,[REDACTED_DEVICE_SERIAL]               fastboot
2026-10-01T14:42:59.511+00:00,2026-10-01T14:42:59.573+00:00,877.323,present,972.5,"{""state"":""present"",""devices"":[{""Status"":""OK"",""Class"":""AndroidUsbDeviceClass"",""FriendlyName"":""Android Bootloader Interface"",""InstanceId"":""USB\\VID_18D1&PID_D00D\\[REDACTED_DEVICE_SERIAL]""}]}",absent,fastboot,32.0,29.9,List of devices attached,[REDACTED_DEVICE_SERIAL]               fastboot
2026-10-01T14:43:00.511+00:00,2026-10-01T14:43:00.577+00:00,878.327,present,948.9,"{""state"":""present"",""devices"":[{""Status"":""OK"",""Class"":""AndroidUsbDeviceClass"",""FriendlyName"":""Android Bootloader Interface"",""InstanceId"":""USB\\VID_18D1&PID_D00D\\[REDACTED_DEVICE_SERIAL]""}]}",absent,fastboot,33.7,31.4,List of devices attached,[REDACTED_DEVICE_SERIAL]               fastboot
2026-10-01T14:43:01.512+00:00,2026-10-01T14:43:01.574+00:00,879.324,present,957.5,"{""state"":""present"",""devices"":[{""Status"":""OK"",""Class"":""AndroidUsbDeviceClass"",""FriendlyName"":""Android Bootloader Interface"",""InstanceId"":""USB\\VID_18D1&PID_D00D\\[REDACTED_DEVICE_SERIAL]""}]}",absent,fastboot,31.3,31.2,List of devices attached,[REDACTED_DEVICE_SERIAL]               fastboot
2026-10-01T14:43:02.512+00:00,2026-10-01T14:43:02.576+00:00,880.326,present,980.6,"{""state"":""present"",""devices"":[{""Status"":""OK"",""Class"":""AndroidUsbDeviceClass"",""FriendlyName"":""Android Bootloader Interface"",""InstanceId"":""USB\\VID_18D1&PID_D00D\\[REDACTED_DEVICE_SERIAL]""}]}",absent,fastboot,32.1,31.3,List of devices attached,[REDACTED_DEVICE_SERIAL]               fastboot
2026-10-01T14:43:03.513+00:00,2026-10-01T14:43:03.576+00:00,881.326,present,984.7,"{""state"":""present"",""devices"":[{""Status"":""OK"",""Class"":""AndroidUsbDeviceClass"",""FriendlyName"":""Android Bootloader Interface"",""InstanceId"":""USB\\VID_18D1&PID_D00D\\[REDACTED_DEVICE_SERIAL]""}]}",absent,fastboot,31.3,31.6,List of devices attached,[REDACTED_DEVICE_SERIAL]               fastboot
2026-10-01T14:43:04.513+00:00,2026-10-01T14:43:04.576+00:00,882.326,present,985.1,"{""state"":""present"",""devices"":[{""Status"":""OK"",""Class"":""AndroidUsbDeviceClass"",""FriendlyName"":""Android Bootloader Interface"",""InstanceId"":""USB\\VID_18D1&PID_D00D\\[REDACTED_DEVICE_SERIAL]""}]}",absent,fastboot,31.4,31.6,List of devices attached,[REDACTED_DEVICE_SERIAL]               fastboot
2026-10-01T14:43:05.513+00:00,2026-10-01T14:43:05.576+00:00,883.326,present,966.0,"{""state"":""present"",""devices"":[{""Status"":""OK"",""Class"":""AndroidUsbDeviceClass"",""FriendlyName"":""Android Bootloader Interface"",""InstanceId"":""USB\\VID_18D1&PID_D00D\\[REDACTED_DEVICE_SERIAL]""}]}",absent,fastboot,31.3,32.1,List of devices attached,[REDACTED_DEVICE_SERIAL]               fastboot
2026-10-01T14:43:06.513+00:00,2026-10-01T14:43:06.574+00:00,884.324,present,978.1,"{""state"":""present"",""devices"":[{""Status"":""OK"",""Class"":""AndroidUsbDeviceClass"",""FriendlyName"":""Android Bootloader Interface"",""InstanceId"":""USB\\VID_18D1&PID_D00D\\[REDACTED_DEVICE_SERIAL]""}]}",absent,fastboot,30.4,30.6,List of devices attached,[REDACTED_DEVICE_SERIAL]               fastboot
2026-10-01T14:43:07.513+00:00,2026-10-01T14:43:07.576+00:00,885.326,present,975.2,"{""state"":""present"",""devices"":[{""Status"":""OK"",""Class"":""AndroidUsbDeviceClass"",""FriendlyName"":""Android Bootloader Interface"",""InstanceId"":""USB\\VID_18D1&PID_D00D\\[REDACTED_DEVICE_SERIAL]""}]}",absent,fastboot,31.1,30.9,List of devices attached,[REDACTED_DEVICE_SERIAL]               fastboot
2026-10-01T14:43:08.514+00:00,2026-10-01T14:43:08.577+00:00,886.327,present,965.9,"{""state"":""present"",""devices"":[{""Status"":""OK"",""Class"":""AndroidUsbDeviceClass"",""FriendlyName"":""Android Bootloader Interface"",""InstanceId"":""USB\\VID_18D1&PID_D00D\\[REDACTED_DEVICE_SERIAL]""}]}",absent,fastboot,31.2,31.3,List of devices attached,[REDACTED_DEVICE_SERIAL]               fastboot
2026-10-01T14:43:09.514+00:00,2026-10-01T14:43:09.578+00:00,887.328,present,992.7,"{""state"":""present"",""devices"":[{""Status"":""OK"",""Class"":""AndroidUsbDeviceClass"",""FriendlyName"":""Android Bootloader Interface"",""InstanceId"":""USB\\VID_18D1&PID_D00D\\[REDACTED_DEVICE_SERIAL]""}]}",absent,fastboot,33.0,30.5,List of devices attached,[REDACTED_DEVICE_SERIAL]               fastboot
2026-10-01T14:43:10.515+00:00,2026-10-01T14:43:10.576+00:00,888.326,present,955.8,"{""state"":""present"",""devices"":[{""Status"":""OK"",""Class"":""AndroidUsbDeviceClass"",""FriendlyName"":""Android Bootloader Interface"",""InstanceId"":""USB\\VID_18D1&PID_D00D\\[REDACTED_DEVICE_SERIAL]""}]}",absent,fastboot,31.3,30.6,List of devices attached,[REDACTED_DEVICE_SERIAL]               fastboot
2026-10-01T14:43:11.515+00:00,2026-10-01T14:43:11.578+00:00,889.328,present,999.7,"{""state"":""present"",""devices"":[{""Status"":""OK"",""Class"":""AndroidUsbDeviceClass"",""FriendlyName"":""Android Bootloader Interface"",""InstanceId"":""USB\\VID_18D1&PID_D00D\\[REDACTED_DEVICE_SERIAL]""}]}",absent,fastboot,31.2,31.3,List of devices attached,[REDACTED_DEVICE_SERIAL]               fastboot
2026-10-01T14:43:12.516+00:00,2026-10-01T14:43:12.579+00:00,890.329,present,976.5,"{""state"":""present"",""devices"":[{""Status"":""OK"",""Class"":""AndroidUsbDeviceClass"",""FriendlyName"":""Android Bootloader Interface"",""InstanceId"":""USB\\VID_18D1&PID_D00D\\[REDACTED_DEVICE_SERIAL]""}]}",absent,fastboot,32.5,30.5,List of devices attached,[REDACTED_DEVICE_SERIAL]               fastboot
2026-10-01T14:43:13.516+00:00,2026-10-01T14:43:13.578+00:00,891.328,present,968.6,"{""state"":""present"",""devices"":[{""Status"":""OK"",""Class"":""AndroidUsbDeviceClass"",""FriendlyName"":""Android Bootloader Interface"",""InstanceId"":""USB\\VID_18D1&PID_D00D\\[REDACTED_DEVICE_SERIAL]""}]}",absent,fastboot,30.4,31.7,List of devices attached,[REDACTED_DEVICE_SERIAL]               fastboot
2026-10-01T14:43:14.516+00:00,2026-10-01T14:43:14.577+00:00,892.327,present,981.1,"{""state"":""present"",""devices"":[{""Status"":""OK"",""Class"":""AndroidUsbDeviceClass"",""FriendlyName"":""Android Bootloader Interface"",""InstanceId"":""USB\\VID_18D1&PID_D00D\\[REDACTED_DEVICE_SERIAL]""}]}",absent,fastboot,31.4,30.1,List of devices attached,[REDACTED_DEVICE_SERIAL]               fastboot
2026-10-01T14:43:15.516+00:00,2026-10-01T14:43:15.580+00:00,893.330,present,973.0,"{""state"":""present"",""devices"":[{""Status"":""OK"",""Class"":""AndroidUsbDeviceClass"",""FriendlyName"":""Android Bootloader Interface"",""InstanceId"":""USB\\VID_18D1&PID_D00D\\[REDACTED_DEVICE_SERIAL]""}]}",absent,fastboot,32.2,31.5,List of devices attached,[REDACTED_DEVICE_SERIAL]               fastboot
2026-10-01T14:43:16.516+00:00,2026-10-01T14:43:16.579+00:00,894.329,present,975.0,"{""state"":""present"",""devices"":[{""Status"":""OK"",""Class"":""AndroidUsbDeviceClass"",""FriendlyName"":""Android Bootloader Interface"",""InstanceId"":""USB\\VID_18D1&PID_D00D\\[REDACTED_DEVICE_SERIAL]""}]}",absent,fastboot,31.5,31.3,List of devices attached,[REDACTED_DEVICE_SERIAL]               fastboot
2026-10-01T14:43:17.517+00:00,2026-10-01T14:43:17.580+00:00,895.330,present,974.6,"{""state"":""present"",""devices"":[{""Status"":""OK"",""Class"":""AndroidUsbDeviceClass"",""FriendlyName"":""Android Bootloader Interface"",""InstanceId"":""USB\\VID_18D1&PID_D00D\\[REDACTED_DEVICE_SERIAL]""}]}",absent,fastboot,31.8,31.4,List of devices attached,[REDACTED_DEVICE_SERIAL]               fastboot
2026-10-01T14:43:18.517+00:00,2026-10-01T14:43:18.580+00:00,896.330,present,971.1,"{""state"":""present"",""devices"":[{""Status"":""OK"",""Class"":""AndroidUsbDeviceClass"",""FriendlyName"":""Android Bootloader Interface"",""InstanceId"":""USB\\VID_18D1&PID_D00D\\[REDACTED_DEVICE_SERIAL]""}]}",absent,fastboot,31.7,31.0,List of devices attached,[REDACTED_DEVICE_SERIAL]               fastboot
2026-10-01T14:43:19.517+00:00,2026-10-01T14:43:19.581+00:00,897.331,present,994.3,"{""state"":""present"",""devices"":[{""Status"":""OK"",""Class"":""AndroidUsbDeviceClass"",""FriendlyName"":""Android Bootloader Interface"",""InstanceId"":""USB\\VID_18D1&PID_D00D\\[REDACTED_DEVICE_SERIAL]""}]}",absent,fastboot,31.7,31.4,List of devices attached,[REDACTED_DEVICE_SERIAL]               fastboot
2026-10-01T14:43:20.518+00:00,2026-10-01T14:43:20.580+00:00,898.330,present,970.0,"{""state"":""present"",""devices"":[{""Status"":""OK"",""Class"":""AndroidUsbDeviceClass"",""FriendlyName"":""Android Bootloader Interface"",""InstanceId"":""USB\\VID_18D1&PID_D00D\\[REDACTED_DEVICE_SERIAL]""}]}",absent,fastboot,31.1,31.3,List of devices attached,[REDACTED_DEVICE_SERIAL]               fastboot
2026-10-01T14:43:21.518+00:00,2026-10-01T14:43:21.580+00:00,899.330,present,982.4,"{""state"":""present"",""devices"":[{""Status"":""OK"",""Class"":""AndroidUsbDeviceClass"",""FriendlyName"":""Android Bootloader Interface"",""InstanceId"":""USB\\VID_18D1&PID_D00D\\[REDACTED_DEVICE_SERIAL]""}]}",absent,fastboot,30.5,31.4,List of devices attached,[REDACTED_DEVICE_SERIAL]               fastboot
2026-10-01T14:43:22.519+00:00,2026-10-01T14:43:22.582+00:00,900.332,present,988.7,"{""state"":""present"",""devices"":[{""Status"":""OK"",""Class"":""AndroidUsbDeviceClass"",""FriendlyName"":""Android Bootloader Interface"",""InstanceId"":""USB\\VID_18D1&PID_D00D\\[REDACTED_DEVICE_SERIAL]""}]}",absent,fastboot,31.9,31.1,List of devices attached,[REDACTED_DEVICE_SERIAL]               fastboot
2026-10-01T14:43:23.519+00:00,2026-10-01T14:43:23.583+00:00,901.333,present,943.6,"{""state"":""present"",""devices"":[{""Status"":""OK"",""Class"":""AndroidUsbDeviceClass"",""FriendlyName"":""Android Bootloader Interface"",""InstanceId"":""USB\\VID_18D1&PID_D00D\\[REDACTED_DEVICE_SERIAL]""}]}",absent,fastboot,32.7,31.2,List of devices attached,[REDACTED_DEVICE_SERIAL]               fastboot
2026-10-01T14:43:24.519+00:00,2026-10-01T14:43:24.581+00:00,902.331,present,971.8,"{""state"":""present"",""devices"":[{""Status"":""OK"",""Class"":""AndroidUsbDeviceClass"",""FriendlyName"":""Android Bootloader Interface"",""InstanceId"":""USB\\VID_18D1&PID_D00D\\[REDACTED_DEVICE_SERIAL]""}]}",absent,fastboot,30.5,31.3,List of devices attached,[REDACTED_DEVICE_SERIAL]               fastboot
2026-10-01T14:43:25.519+00:00,2026-10-01T14:43:25.582+00:00,903.332,present,980.3,"{""state"":""present"",""devices"":[{""Status"":""OK"",""Class"":""AndroidUsbDeviceClass"",""FriendlyName"":""Android Bootloader Interface"",""InstanceId"":""USB\\VID_18D1&PID_D00D\\[REDACTED_DEVICE_SERIAL]""}]}",absent,fastboot,32.1,30.7,List of devices attached,[REDACTED_DEVICE_SERIAL]               fastboot
2026-10-01T14:43:26.520+00:00,2026-10-01T14:43:26.584+00:00,904.334,present,964.9,"{""state"":""present"",""devices"":[{""Status"":""OK"",""Class"":""AndroidUsbDeviceClass"",""FriendlyName"":""Android Bootloader Interface"",""InstanceId"":""USB\\VID_18D1&PID_D00D\\[REDACTED_DEVICE_SERIAL]""}]}",absent,fastboot,32.1,31.8,List of devices attached,[REDACTED_DEVICE_SERIAL]               fastboot
2026-10-01T14:43:27.520+00:00,2026-10-01T14:43:27.582+00:00,905.332,present,974.8,"{""state"":""present"",""devices"":[{""Status"":""OK"",""Class"":""AndroidUsbDeviceClass"",""FriendlyName"":""Android Bootloader Interface"",""InstanceId"":""USB\\VID_18D1&PID_D00D\\[REDACTED_DEVICE_SERIAL]""}]}",absent,fastboot,32.4,30.0,List of devices attached,[REDACTED_DEVICE_SERIAL]               fastboot
2026-10-01T14:43:28.520+00:00,2026-10-01T14:43:28.584+00:00,906.334,present,953.6,"{""state"":""present"",""devices"":[{""Status"":""OK"",""Class"":""AndroidUsbDeviceClass"",""FriendlyName"":""Android Bootloader Interface"",""InstanceId"":""USB\\VID_18D1&PID_D00D\\[REDACTED_DEVICE_SERIAL]""}]}",absent,fastboot,32.0,32.0,List of devices attached,[REDACTED_DEVICE_SERIAL]               fastboot
2026-10-01T14:43:29.520+00:00,2026-10-01T14:43:29.582+00:00,907.332,present,959.8,"{""state"":""present"",""devices"":[{""Status"":""OK"",""Class"":""AndroidUsbDeviceClass"",""FriendlyName"":""Android Bootloader Interface"",""InstanceId"":""USB\\VID_18D1&PID_D00D\\[REDACTED_DEVICE_SERIAL]""}]}",absent,fastboot,31.1,30.4,List of devices attached,[REDACTED_DEVICE_SERIAL]               fastboot
2026-10-01T14:43:30.521+00:00,2026-10-01T14:43:30.589+00:00,908.339,present,951.3,"{""state"":""present"",""devices"":[{""Status"":""OK"",""Class"":""AndroidUsbDeviceClass"",""FriendlyName"":""Android Bootloader Interface"",""InstanceId"":""USB\\VID_18D1&PID_D00D\\[REDACTED_DEVICE_SERIAL]""}]}",absent,fastboot,34.8,33.2,List of devices attached,[REDACTED_DEVICE_SERIAL]               fastboot
2026-10-01T14:43:31.521+00:00,2026-10-01T14:43:31.587+00:00,909.337,present,992.7,"{""state"":""present"",""devices"":[{""Status"":""OK"",""Class"":""AndroidUsbDeviceClass"",""FriendlyName"":""Android Bootloader Interface"",""InstanceId"":""USB\\VID_18D1&PID_D00D\\[REDACTED_DEVICE_SERIAL]""}]}",absent,fastboot,33.2,32.8,List of devices attached,[REDACTED_DEVICE_SERIAL]               fastboot
2026-10-01T14:43:32.521+00:00,2026-10-01T14:43:32.584+00:00,910.334,present,986.2,"{""state"":""present"",""devices"":[{""Status"":""OK"",""Class"":""AndroidUsbDeviceClass"",""FriendlyName"":""Android Bootloader Interface"",""InstanceId"":""USB\\VID_18D1&PID_D00D\\[REDACTED_DEVICE_SERIAL]""}]}",absent,fastboot,31.7,30.3,List of devices attached,[REDACTED_DEVICE_SERIAL]               fastboot
2026-10-01T14:43:33.522+00:00,2026-10-01T14:43:33.583+00:00,911.333,present,975.4,"{""state"":""present"",""devices"":[{""Status"":""OK"",""Class"":""AndroidUsbDeviceClass"",""FriendlyName"":""Android Bootloader Interface"",""InstanceId"":""USB\\VID_18D1&PID_D00D\\[REDACTED_DEVICE_SERIAL]""}]}",absent,fastboot,30.5,31.2,List of devices attached,[REDACTED_DEVICE_SERIAL]               fastboot
2026-10-01T14:43:34.522+00:00,2026-10-01T14:43:34.585+00:00,912.335,present,971.2,"{""state"":""present"",""devices"":[{""Status"":""OK"",""Class"":""AndroidUsbDeviceClass"",""FriendlyName"":""Android Bootloader Interface"",""InstanceId"":""USB\\VID_18D1&PID_D00D\\[REDACTED_DEVICE_SERIAL]""}]}",absent,fastboot,31.6,31.5,List of devices attached,[REDACTED_DEVICE_SERIAL]               fastboot
2026-10-01T14:43:35.522+00:00,2026-10-01T14:43:35.588+00:00,913.338,present,974.1,"{""state"":""present"",""devices"":[{""Status"":""OK"",""Class"":""AndroidUsbDeviceClass"",""FriendlyName"":""Android Bootloader Interface"",""InstanceId"":""USB\\VID_18D1&PID_D00D\\[REDACTED_DEVICE_SERIAL]""}]}",absent,fastboot,33.4,32.3,List of devices attached,[REDACTED_DEVICE_SERIAL]               fastboot
2026-10-01T14:43:36.523+00:00,2026-10-01T14:43:36.586+00:00,914.336,present,998.6,"{""state"":""present"",""devices"":[{""Status"":""OK"",""Class"":""AndroidUsbDeviceClass"",""FriendlyName"":""Android Bootloader Interface"",""InstanceId"":""USB\\VID_18D1&PID_D00D\\[REDACTED_DEVICE_SERIAL]""}]}",absent,fastboot,32.5,30.7,List of devices attached,[REDACTED_DEVICE_SERIAL]               fastboot
2026-10-01T14:43:37.523+00:00,2026-10-01T14:43:37.584+00:00,915.334,present,987.1,"{""state"":""present"",""devices"":[{""Status"":""OK"",""Class"":""AndroidUsbDeviceClass"",""FriendlyName"":""Android Bootloader Interface"",""InstanceId"":""USB\\VID_18D1&PID_D00D\\[REDACTED_DEVICE_SERIAL]""}]}",absent,fastboot,30.6,30.8,List of devices attached,[REDACTED_DEVICE_SERIAL]               fastboot
2026-10-01T14:43:38.523+00:00,2026-10-01T14:43:38.584+00:00,916.334,present,969.0,"{""state"":""present"",""devices"":[{""Status"":""OK"",""Class"":""AndroidUsbDeviceClass"",""FriendlyName"":""Android Bootloader Interface"",""InstanceId"":""USB\\VID_18D1&PID_D00D\\[REDACTED_DEVICE_SERIAL]""}]}",absent,fastboot,30.6,29.7,List of devices attached,[REDACTED_DEVICE_SERIAL]               fastboot
2026-10-01T14:43:39.524+00:00,2026-10-01T14:43:39.585+00:00,917.335,present,969.0,"{""state"":""present"",""devices"":[{""Status"":""OK"",""Class"":""AndroidUsbDeviceClass"",""FriendlyName"":""Android Bootloader Interface"",""InstanceId"":""USB\\VID_18D1&PID_D00D\\[REDACTED_DEVICE_SERIAL]""}]}",absent,fastboot,31.4,30.4,List of devices attached,[REDACTED_DEVICE_SERIAL]               fastboot
2026-10-01T14:43:40.524+00:00,2026-10-01T14:43:40.587+00:00,918.337,present,1013.9,"{""state"":""present"",""devices"":[{""Status"":""OK"",""Class"":""AndroidUsbDeviceClass"",""FriendlyName"":""Android Bootloader Interface"",""InstanceId"":""USB\\VID_18D1&PID_D00D\\[REDACTED_DEVICE_SERIAL]""}]}",absent,fastboot,30.2,32.1,List of devices attached,[REDACTED_DEVICE_SERIAL]               fastboot
2026-10-01T14:43:41.525+00:00,2026-10-01T14:43:41.589+00:00,919.339,present,942.4,"{""state"":""present"",""devices"":[{""Status"":""OK"",""Class"":""AndroidUsbDeviceClass"",""FriendlyName"":""Android Bootloader Interface"",""InstanceId"":""USB\\VID_18D1&PID_D00D\\[REDACTED_DEVICE_SERIAL]""}]}",absent,fastboot,33.5,30.4,List of devices attached,[REDACTED_DEVICE_SERIAL]               fastboot
2026-10-01T14:43:42.525+00:00,2026-10-01T14:43:42.589+00:00,920.339,present,970.1,"{""state"":""present"",""devices"":[{""Status"":""OK"",""Class"":""AndroidUsbDeviceClass"",""FriendlyName"":""Android Bootloader Interface"",""InstanceId"":""USB\\VID_18D1&PID_D00D\\[REDACTED_DEVICE_SERIAL]""}]}",absent,fastboot,32.0,31.7,List of devices attached,[REDACTED_DEVICE_SERIAL]               fastboot
2026-10-01T14:43:43.525+00:00,2026-10-01T14:43:43.588+00:00,921.338,present,949.5,"{""state"":""present"",""devices"":[{""Status"":""OK"",""Class"":""AndroidUsbDeviceClass"",""FriendlyName"":""Android Bootloader Interface"",""InstanceId"":""USB\\VID_18D1&PID_D00D\\[REDACTED_DEVICE_SERIAL]""}]}",absent,fastboot,30.9,31.8,List of devices attached,[REDACTED_DEVICE_SERIAL]               fastboot
2026-10-01T14:43:44.526+00:00,2026-10-01T14:43:44.588+00:00,922.338,present,975.9,"{""state"":""present"",""devices"":[{""Status"":""OK"",""Class"":""AndroidUsbDeviceClass"",""FriendlyName"":""Android Bootloader Interface"",""InstanceId"":""USB\\VID_18D1&PID_D00D\\[REDACTED_DEVICE_SERIAL]""}]}",absent,fastboot,30.5,31.4,List of devices attached,[REDACTED_DEVICE_SERIAL]               fastboot
2026-10-01T14:43:45.526+00:00,2026-10-01T14:43:45.589+00:00,923.339,present,970.4,"{""state"":""present"",""devices"":[{""Status"":""OK"",""Class"":""AndroidUsbDeviceClass"",""FriendlyName"":""Android Bootloader Interface"",""InstanceId"":""USB\\VID_18D1&PID_D00D\\[REDACTED_DEVICE_SERIAL]""}]}",absent,fastboot,31.0,31.4,List of devices attached,[REDACTED_DEVICE_SERIAL]               fastboot
2026-10-01T14:43:46.527+00:00,2026-10-01T14:43:46.589+00:00,924.339,present,978.2,"{""state"":""present"",""devices"":[{""Status"":""OK"",""Class"":""AndroidUsbDeviceClass"",""FriendlyName"":""Android Bootloader Interface"",""InstanceId"":""USB\\VID_18D1&PID_D00D\\[REDACTED_DEVICE_SERIAL]""}]}",absent,fastboot,31.8,30.2,List of devices attached,[REDACTED_DEVICE_SERIAL]               fastboot
2026-10-01T14:43:47.527+00:00,2026-10-01T14:43:47.589+00:00,925.339,present,982.1,"{""state"":""present"",""devices"":[{""Status"":""OK"",""Class"":""AndroidUsbDeviceClass"",""FriendlyName"":""Android Bootloader Interface"",""InstanceId"":""USB\\VID_18D1&PID_D00D\\[REDACTED_DEVICE_SERIAL]""}]}",absent,fastboot,31.7,30.6,List of devices attached,[REDACTED_DEVICE_SERIAL]               fastboot
2026-10-01T14:43:48.527+00:00,2026-10-01T14:43:48.590+00:00,926.340,present,974.6,"{""state"":""present"",""devices"":[{""Status"":""OK"",""Class"":""AndroidUsbDeviceClass"",""FriendlyName"":""Android Bootloader Interface"",""InstanceId"":""USB\\VID_18D1&PID_D00D\\[REDACTED_DEVICE_SERIAL]""}]}",absent,fastboot,31.4,31.1,List of devices attached,[REDACTED_DEVICE_SERIAL]               fastboot
2026-10-01T14:43:49.527+00:00,2026-10-01T14:43:49.590+00:00,927.340,present,987.9,"{""state"":""present"",""devices"":[{""Status"":""OK"",""Class"":""AndroidUsbDeviceClass"",""FriendlyName"":""Android Bootloader Interface"",""InstanceId"":""USB\\VID_18D1&PID_D00D\\[REDACTED_DEVICE_SERIAL]""}]}",absent,fastboot,31.0,31.3,List of devices attached,[REDACTED_DEVICE_SERIAL]               fastboot
2026-10-01T14:43:50.528+00:00,2026-10-01T14:43:50.591+00:00,928.341,present,995.3,"{""state"":""present"",""devices"":[{""Status"":""OK"",""Class"":""AndroidUsbDeviceClass"",""FriendlyName"":""Android Bootloader Interface"",""InstanceId"":""USB\\VID_18D1&PID_D00D\\[REDACTED_DEVICE_SERIAL]""}]}",absent,fastboot,32.0,30.7,List of devices attached,[REDACTED_DEVICE_SERIAL]               fastboot
2026-10-01T14:43:51.528+00:00,2026-10-01T14:43:51.592+00:00,929.342,present,951.8,"{""state"":""present"",""devices"":[{""Status"":""OK"",""Class"":""AndroidUsbDeviceClass"",""FriendlyName"":""Android Bootloader Interface"",""InstanceId"":""USB\\VID_18D1&PID_D00D\\[REDACTED_DEVICE_SERIAL]""}]}",absent,fastboot,32.6,31.0,List of devices attached,[REDACTED_DEVICE_SERIAL]               fastboot
2026-10-01T14:43:52.529+00:00,2026-10-01T14:43:52.594+00:00,930.344,present,966.2,"{""state"":""present"",""devices"":[{""Status"":""OK"",""Class"":""AndroidUsbDeviceClass"",""FriendlyName"":""Android Bootloader Interface"",""InstanceId"":""USB\\VID_18D1&PID_D00D\\[REDACTED_DEVICE_SERIAL]""}]}",absent,fastboot,33.1,32.1,List of devices attached,[REDACTED_DEVICE_SERIAL]               fastboot
2026-10-01T14:43:53.529+00:00,2026-10-01T14:43:53.592+00:00,931.342,present,971.6,"{""state"":""present"",""devices"":[{""Status"":""OK"",""Class"":""AndroidUsbDeviceClass"",""FriendlyName"":""Android Bootloader Interface"",""InstanceId"":""USB\\VID_18D1&PID_D00D\\[REDACTED_DEVICE_SERIAL]""}]}",absent,fastboot,31.7,31.8,List of devices attached,[REDACTED_DEVICE_SERIAL]               fastboot
2026-10-01T14:43:54.529+00:00,2026-10-01T14:43:54.594+00:00,932.344,present,1000.1,"{""state"":""present"",""devices"":[{""Status"":""OK"",""Class"":""AndroidUsbDeviceClass"",""FriendlyName"":""Android Bootloader Interface"",""InstanceId"":""USB\\VID_18D1&PID_D00D\\[REDACTED_DEVICE_SERIAL]""}]}",absent,fastboot,32.1,32.4,List of devices attached,[REDACTED_DEVICE_SERIAL]               fastboot
2026-10-01T14:43:55.529+00:00,2026-10-01T14:43:55.592+00:00,933.342,present,981.4,"{""state"":""present"",""devices"":[{""Status"":""OK"",""Class"":""AndroidUsbDeviceClass"",""FriendlyName"":""Android Bootloader Interface"",""InstanceId"":""USB\\VID_18D1&PID_D00D\\[REDACTED_DEVICE_SERIAL]""}]}",absent,fastboot,31.2,31.3,List of devices attached,[REDACTED_DEVICE_SERIAL]               fastboot
2026-10-01T14:43:56.529+00:00,2026-10-01T14:43:56.590+00:00,934.340,present,991.6,"{""state"":""present"",""devices"":[{""Status"":""OK"",""Class"":""AndroidUsbDeviceClass"",""FriendlyName"":""Android Bootloader Interface"",""InstanceId"":""USB\\VID_18D1&PID_D00D\\[REDACTED_DEVICE_SERIAL]""}]}",absent,fastboot,30.6,30.3,List of devices attached,[REDACTED_DEVICE_SERIAL]               fastboot
2026-10-01T14:43:57.529+00:00,2026-10-01T14:43:57.593+00:00,935.343,present,977.1,"{""state"":""present"",""devices"":[{""Status"":""OK"",""Class"":""AndroidUsbDeviceClass"",""FriendlyName"":""Android Bootloader Interface"",""InstanceId"":""USB\\VID_18D1&PID_D00D\\[REDACTED_DEVICE_SERIAL]""}]}",absent,fastboot,31.5,32.3,List of devices attached,[REDACTED_DEVICE_SERIAL]               fastboot
2026-10-01T14:43:58.530+00:00,2026-10-01T14:43:58.590+00:00,936.340,present,967.7,"{""state"":""present"",""devices"":[{""Status"":""OK"",""Class"":""AndroidUsbDeviceClass"",""FriendlyName"":""Android Bootloader Interface"",""InstanceId"":""USB\\VID_18D1&PID_D00D\\[REDACTED_DEVICE_SERIAL]""}]}",absent,fastboot,30.9,29.5,List of devices attached,[REDACTED_DEVICE_SERIAL]               fastboot
2026-10-01T14:43:59.530+00:00,2026-10-01T14:43:59.591+00:00,937.341,present,944.4,"{""state"":""present"",""devices"":[{""Status"":""OK"",""Class"":""AndroidUsbDeviceClass"",""FriendlyName"":""Android Bootloader Interface"",""InstanceId"":""USB\\VID_18D1&PID_D00D\\[REDACTED_DEVICE_SERIAL]""}]}",absent,fastboot,31.0,30.3,List of devices attached,[REDACTED_DEVICE_SERIAL]               fastboot
2026-10-01T14:44:00.530+00:00,2026-10-01T14:44:00.593+00:00,938.343,present,979.4,"{""state"":""present"",""devices"":[{""Status"":""OK"",""Class"":""AndroidUsbDeviceClass"",""FriendlyName"":""Android Bootloader Interface"",""InstanceId"":""USB\\VID_18D1&PID_D00D\\[REDACTED_DEVICE_SERIAL]""}]}",absent,fastboot,31.4,31.7,List of devices attached,[REDACTED_DEVICE_SERIAL]               fastboot
2026-10-01T14:44:01.531+00:00,2026-10-01T14:44:01.594+00:00,939.344,present,959.1,"{""state"":""present"",""devices"":[{""Status"":""OK"",""Class"":""AndroidUsbDeviceClass"",""FriendlyName"":""Android Bootloader Interface"",""InstanceId"":""USB\\VID_18D1&PID_D00D\\[REDACTED_DEVICE_SERIAL]""}]}",absent,fastboot,31.8,31.5,List of devices attached,[REDACTED_DEVICE_SERIAL]               fastboot
2026-10-01T14:44:02.531+00:00,2026-10-01T14:44:02.595+00:00,940.345,present,976.3,"{""state"":""present"",""devices"":[{""Status"":""OK"",""Class"":""AndroidUsbDeviceClass"",""FriendlyName"":""Android Bootloader Interface"",""InstanceId"":""USB\\VID_18D1&PID_D00D\\[REDACTED_DEVICE_SERIAL]""}]}",absent,fastboot,31.9,32.2,List of devices attached,[REDACTED_DEVICE_SERIAL]               fastboot
2026-10-01T14:44:03.531+00:00,2026-10-01T14:44:03.594+00:00,941.344,present,989.9,"{""state"":""present"",""devices"":[{""Status"":""OK"",""Class"":""AndroidUsbDeviceClass"",""FriendlyName"":""Android Bootloader Interface"",""InstanceId"":""USB\\VID_18D1&PID_D00D\\[REDACTED_DEVICE_SERIAL]""}]}",absent,fastboot,30.7,31.5,List of devices attached,[REDACTED_DEVICE_SERIAL]               fastboot
2026-10-01T14:44:04.532+00:00,2026-10-01T14:44:04.594+00:00,942.344,present,963.2,"{""state"":""present"",""devices"":[{""Status"":""OK"",""Class"":""AndroidUsbDeviceClass"",""FriendlyName"":""Android Bootloader Interface"",""InstanceId"":""USB\\VID_18D1&PID_D00D\\[REDACTED_DEVICE_SERIAL]""}]}",absent,fastboot,32.1,30.3,List of devices attached,[REDACTED_DEVICE_SERIAL]               fastboot
2026-10-01T14:44:05.532+00:00,2026-10-01T14:44:05.595+00:00,943.345,present,974.8,"{""state"":""present"",""devices"":[{""Status"":""OK"",""Class"":""AndroidUsbDeviceClass"",""FriendlyName"":""Android Bootloader Interface"",""InstanceId"":""USB\\VID_18D1&PID_D00D\\[REDACTED_DEVICE_SERIAL]""}]}",absent,fastboot,31.8,31.2,List of devices attached,[REDACTED_DEVICE_SERIAL]               fastboot
2026-10-01T14:44:06.532+00:00,2026-10-01T14:44:06.594+00:00,944.344,present,936.3,"{""state"":""present"",""devices"":[{""Status"":""OK"",""Class"":""AndroidUsbDeviceClass"",""FriendlyName"":""Android Bootloader Interface"",""InstanceId"":""USB\\VID_18D1&PID_D00D\\[REDACTED_DEVICE_SERIAL]""}]}",absent,fastboot,30.7,30.9,List of devices attached,[REDACTED_DEVICE_SERIAL]               fastboot
2026-10-01T14:44:07.533+00:00,2026-10-01T14:44:07.597+00:00,945.347,present,952.6,"{""state"":""present"",""devices"":[{""Status"":""OK"",""Class"":""AndroidUsbDeviceClass"",""FriendlyName"":""Android Bootloader Interface"",""InstanceId"":""USB\\VID_18D1&PID_D00D\\[REDACTED_DEVICE_SERIAL]""}]}",absent,fastboot,32.5,32.1,List of devices attached,[REDACTED_DEVICE_SERIAL]               fastboot
2026-10-01T14:44:08.533+00:00,2026-10-01T14:44:08.595+00:00,946.345,present,952.6,"{""state"":""present"",""devices"":[{""Status"":""OK"",""Class"":""AndroidUsbDeviceClass"",""FriendlyName"":""Android Bootloader Interface"",""InstanceId"":""USB\\VID_18D1&PID_D00D\\[REDACTED_DEVICE_SERIAL]""}]}",absent,absent,33.4,28.9,List of devices attached,
2026-10-01T14:44:09.533+00:00,2026-10-01T14:44:09.595+00:00,947.345,present,1015.3,"{""state"":""present"",""devices"":[{""Status"":""OK"",""Class"":""AndroidUsbDeviceClass"",""FriendlyName"":""Android Bootloader Interface"",""InstanceId"":""USB\\VID_18D1&PID_D00D\\[REDACTED_DEVICE_SERIAL]""}]}",absent,absent,31.4,30.2,List of devices attached,
2026-10-01T14:44:10.533+00:00,2026-10-01T14:44:10.594+00:00,948.344,present,976.1,"{""state"":""present"",""devices"":[{""Status"":""OK"",""Class"":""AndroidUsbDeviceClass"",""FriendlyName"":""Android Bootloader Interface"",""InstanceId"":""USB\\VID_18D1&PID_D00D\\[REDACTED_DEVICE_SERIAL]""}]}",absent,absent,30.5,30.5,List of devices attached,
2026-10-01T14:44:11.533+00:00,2026-10-01T14:44:11.595+00:00,949.345,present,981.8,"{""state"":""present"",""devices"":[{""Status"":""OK"",""Class"":""AndroidUsbDeviceClass"",""FriendlyName"":""Android Bootloader Interface"",""InstanceId"":""USB\\VID_18D1&PID_D00D\\[REDACTED_DEVICE_SERIAL]""}]}",absent,absent,31.0,30.6,List of devices attached,
2026-10-01T14:44:12.534+00:00,2026-10-01T14:44:12.596+00:00,950.346,present,994.9,"{""state"":""present"",""devices"":[{""Status"":""OK"",""Class"":""AndroidUsbDeviceClass"",""FriendlyName"":""Android Bootloader Interface"",""InstanceId"":""USB\\VID_18D1&PID_D00D\\[REDACTED_DEVICE_SERIAL]""}]}",absent,absent,31.7,30.3,List of devices attached,
2026-10-01T14:44:13.534+00:00,2026-10-01T14:44:14.673+00:00,952.423,present,961.5,"{""state"":""present"",""devices"":[{""Status"":""OK"",""Class"":""AndroidUsbDeviceClass"",""FriendlyName"":""Android Bootloader Interface"",""InstanceId"":""USB\\VID_18D1&PID_D00D\\[REDACTED_DEVICE_SERIAL]""}]}",absent,absent,31.0,1108.2,List of devices attached,????????????           fastboot
2026-10-01T14:44:14.673+00:00,2026-10-01T14:44:14.739+00:00,952.489,present,963.1,"{""state"":""present"",""devices"":[{""Status"":""OK"",""Class"":""AndroidUsbDeviceClass"",""FriendlyName"":""Android Bootloader Interface"",""InstanceId"":""USB\\VID_18D1&PID_D00D\\[REDACTED_DEVICE_SERIAL]""}]}",absent,absent,33.6,32.3,List of devices attached,
2026-10-01T14:44:15.673+00:00,2026-10-01T14:44:15.737+00:00,953.487,present,963.1,"{""state"":""present"",""devices"":[{""Status"":""OK"",""Class"":""AndroidUsbDeviceClass"",""FriendlyName"":""Android Bootloader Interface"",""InstanceId"":""USB\\VID_18D1&PID_D00D\\[REDACTED_DEVICE_SERIAL]""}]}",absent,absent,32.9,31.4,List of devices attached,
2026-10-01T14:44:16.673+00:00,2026-10-01T14:44:16.738+00:00,954.488,absent,1009.5,"{""state"":""absent"",""devices"":[]}",absent,absent,34.0,30.4,List of devices attached,
2026-10-01T14:44:17.674+00:00,2026-10-01T14:44:17.736+00:00,955.486,absent,969.2,"{""state"":""absent"",""devices"":[]}",absent,absent,32.7,29.4,List of devices attached,
2026-10-01T14:44:18.674+00:00,2026-10-01T14:44:18.739+00:00,956.489,absent,979.1,"{""state"":""absent"",""devices"":[]}",absent,absent,35.0,30.2,List of devices attached,
2026-10-01T14:44:19.674+00:00,2026-10-01T14:44:19.739+00:00,957.489,absent,881.3,"{""state"":""absent"",""devices"":[]}",absent,absent,34.1,30.4,List of devices attached,
2026-10-01T14:44:20.675+00:00,2026-10-01T14:44:20.737+00:00,958.487,absent,931.6,"{""state"":""absent"",""devices"":[]}",absent,absent,31.9,30.8,List of devices attached,
2026-10-01T14:44:21.675+00:00,2026-10-01T14:44:21.739+00:00,959.489,absent,931.6,"{""state"":""absent"",""devices"":[]}",absent,absent,32.2,32.1,List of devices attached,
2026-10-01T14:44:22.675+00:00,2026-10-01T14:44:22.735+00:00,960.485,present,1014.6,"{""state"":""present"",""devices"":[{""Status"":""OK"",""Class"":""WPD"",""FriendlyName"":""THYME_DIAG"",""InstanceId"":""SWD\\WPDBUSENUM\\_??_USBSTOR#DISK&VEN_SONY_MIC&PROD_ROVAULT&REV_#[REDACTED_DEVICE_SERIAL]&0#{53F56307-B6BF-11D0-94F2-00A0C91EFB8B}""},{""Status"":""OK"",""Class"":""Volume"",""FriendlyName"":""��"",""InstanceId"":""STORAGE\\VOLUME\\_??_USBSTOR#DISK&VEN_SONY_MIC&PROD_ROVAULT&REV_#[REDACTED_DEVICE_SERIAL]&0#{53F56307-B6BF-11D0-94F2-00A0C91EFB8B}""},{""Status"":""OK"",""Class"":""DiskDrive"",""FriendlyName"":""Sony Mic roVault USB Device"",""InstanceId"":""USBSTOR\\DISK&VEN_SONY_MIC&PROD_ROVAULT&REV_\\[REDACTED_DEVICE_SERIAL]&0""},{""Status"":""OK"",""Class"":""USB"",""FriendlyName"":""Sony USB HiFD Drive"",""InstanceId"":""USB\\VID_054C&PID_0022\\[REDACTED_DEVICE_SERIAL]""}]}",absent,absent,31.4,28.6,List of devices attached,
2026-10-01T14:44:23.675+00:00,2026-10-01T14:44:23.738+00:00,961.488,present,918.4,"{""state"":""present"",""devices"":[{""Status"":""OK"",""Class"":""WPD"",""FriendlyName"":""THYME_DIAG"",""InstanceId"":""SWD\\WPDBUSENUM\\_??_USBSTOR#DISK&VEN_SONY_MIC&PROD_ROVAULT&REV_#[REDACTED_DEVICE_SERIAL]&0#{53F56307-B6BF-11D0-94F2-00A0C91EFB8B}""},{""Status"":""OK"",""Class"":""Volume"",""FriendlyName"":""��"",""InstanceId"":""STORAGE\\VOLUME\\_??_USBSTOR#DISK&VEN_SONY_MIC&PROD_ROVAULT&REV_#[REDACTED_DEVICE_SERIAL]&0#{53F56307-B6BF-11D0-94F2-00A0C91EFB8B}""},{""Status"":""OK"",""Class"":""DiskDrive"",""FriendlyName"":""Sony Mic roVault USB Device"",""InstanceId"":""USBSTOR\\DISK&VEN_SONY_MIC&PROD_ROVAULT&REV_\\[REDACTED_DEVICE_SERIAL]&0""},{""Status"":""OK"",""Class"":""USB"",""FriendlyName"":""Sony USB HiFD Drive"",""InstanceId"":""USB\\VID_054C&PID_0022\\[REDACTED_DEVICE_SERIAL]""}]}",absent,absent,30.9,31.8,List of devices attached,
2026-10-01T14:44:24.675+00:00,2026-10-01T14:44:24.737+00:00,962.487,present,937.4,"{""state"":""present"",""devices"":[{""Status"":""OK"",""Class"":""WPD"",""FriendlyName"":""THYME_DIAG"",""InstanceId"":""SWD\\WPDBUSENUM\\_??_USBSTOR#DISK&VEN_SONY_MIC&PROD_ROVAULT&REV_#[REDACTED_DEVICE_SERIAL]&0#{53F56307-B6BF-11D0-94F2-00A0C91EFB8B}""},{""Status"":""OK"",""Class"":""Volume"",""FriendlyName"":""��"",""InstanceId"":""STORAGE\\VOLUME\\_??_USBSTOR#DISK&VEN_SONY_MIC&PROD_ROVAULT&REV_#[REDACTED_DEVICE_SERIAL]&0#{53F56307-B6BF-11D0-94F2-00A0C91EFB8B}""},{""Status"":""OK"",""Class"":""DiskDrive"",""FriendlyName"":""Sony Mic roVault USB Device"",""InstanceId"":""USBSTOR\\DISK&VEN_SONY_MIC&PROD_ROVAULT&REV_\\[REDACTED_DEVICE_SERIAL]&0""},{""Status"":""OK"",""Class"":""USB"",""FriendlyName"":""Sony USB HiFD Drive"",""InstanceId"":""USB\\VID_054C&PID_0022\\[REDACTED_DEVICE_SERIAL]""}]}",absent,absent,31.9,29.4,List of devices attached,
2026-10-01T14:44:25.676+00:00,2026-10-01T14:44:25.738+00:00,963.488,present,960.4,"{""state"":""present"",""devices"":[{""Status"":""OK"",""Class"":""WPD"",""FriendlyName"":""THYME_DIAG"",""InstanceId"":""SWD\\WPDBUSENUM\\_??_USBSTOR#DISK&VEN_SONY_MIC&PROD_ROVAULT&REV_#[REDACTED_DEVICE_SERIAL]&0#{53F56307-B6BF-11D0-94F2-00A0C91EFB8B}""},{""Status"":""OK"",""Class"":""Volume"",""FriendlyName"":""��"",""InstanceId"":""STORAGE\\VOLUME\\_??_USBSTOR#DISK&VEN_SONY_MIC&PROD_ROVAULT&REV_#[REDACTED_DEVICE_SERIAL]&0#{53F56307-B6BF-11D0-94F2-00A0C91EFB8B}""},{""Status"":""OK"",""Class"":""DiskDrive"",""FriendlyName"":""Sony Mic roVault USB Device"",""InstanceId"":""USBSTOR\\DISK&VEN_SONY_MIC&PROD_ROVAULT&REV_\\[REDACTED_DEVICE_SERIAL]&0""},{""Status"":""OK"",""Class"":""USB"",""FriendlyName"":""Sony USB HiFD Drive"",""InstanceId"":""USB\\VID_054C&PID_0022\\[REDACTED_DEVICE_SERIAL]""}]}",absent,absent,31.3,31.3,List of devices attached,
2026-10-01T14:44:26.676+00:00,2026-10-01T14:44:26.754+00:00,964.504,present,947.1,"{""state"":""present"",""devices"":[{""Status"":""OK"",""Class"":""WPD"",""FriendlyName"":""THYME_DIAG"",""InstanceId"":""SWD\\WPDBUSENUM\\_??_USBSTOR#DISK&VEN_SONY_MIC&PROD_ROVAULT&REV_#[REDACTED_DEVICE_SERIAL]&0#{53F56307-B6BF-11D0-94F2-00A0C91EFB8B}""},{""Status"":""OK"",""Class"":""Volume"",""FriendlyName"":""��"",""InstanceId"":""STORAGE\\VOLUME\\_??_USBSTOR#DISK&VEN_SONY_MIC&PROD_ROVAULT&REV_#[REDACTED_DEVICE_SERIAL]&0#{53F56307-B6BF-11D0-94F2-00A0C91EFB8B}""},{""Status"":""OK"",""Class"":""DiskDrive"",""FriendlyName"":""Sony Mic roVault USB Device"",""InstanceId"":""USBSTOR\\DISK&VEN_SONY_MIC&PROD_ROVAULT&REV_\\[REDACTED_DEVICE_SERIAL]&0""},{""Status"":""OK"",""Class"":""USB"",""FriendlyName"":""Sony USB HiFD Drive"",""InstanceId"":""USB\\VID_054C&PID_0022\\[REDACTED_DEVICE_SERIAL]""}]}",absent,absent,37.6,40.1,List of devices attached,
2026-10-01T14:44:27.676+00:00,2026-10-01T14:44:27.741+00:00,965.491,present,846.1,"{""state"":""present"",""devices"":[{""Status"":""OK"",""Class"":""WPD"",""FriendlyName"":""THYME_DIAG"",""InstanceId"":""SWD\\WPDBUSENUM\\_??_USBSTOR#DISK&VEN_SONY_MIC&PROD_ROVAULT&REV_#[REDACTED_DEVICE_SERIAL]&0#{53F56307-B6BF-11D0-94F2-00A0C91EFB8B}""},{""Status"":""OK"",""Class"":""Volume"",""FriendlyName"":""��"",""InstanceId"":""STORAGE\\VOLUME\\_??_USBSTOR#DISK&VEN_SONY_MIC&PROD_ROVAULT&REV_#[REDACTED_DEVICE_SERIAL]&0#{53F56307-B6BF-11D0-94F2-00A0C91EFB8B}""},{""Status"":""OK"",""Class"":""DiskDrive"",""FriendlyName"":""Sony Mic roVault USB Device"",""InstanceId"":""USBSTOR\\DISK&VEN_SONY_MIC&PROD_ROVAULT&REV_\\[REDACTED_DEVICE_SERIAL]&0""},{""Status"":""OK"",""Class"":""USB"",""FriendlyName"":""Sony USB HiFD Drive"",""InstanceId"":""USB\\VID_054C&PID_0022\\[REDACTED_DEVICE_SERIAL]""}]}",absent,absent,33.8,30.7,List of devices attached,
2026-10-01T14:44:28.676+00:00,2026-10-01T14:44:28.739+00:00,966.489,present,786.3,"{""state"":""present"",""devices"":[{""Status"":""OK"",""Class"":""WPD"",""FriendlyName"":""THYME_DIAG"",""InstanceId"":""SWD\\WPDBUSENUM\\_??_USBSTOR#DISK&VEN_SONY_MIC&PROD_ROVAULT&REV_#[REDACTED_DEVICE_SERIAL]&0#{53F56307-B6BF-11D0-94F2-00A0C91EFB8B}""},{""Status"":""OK"",""Class"":""Volume"",""FriendlyName"":""��"",""InstanceId"":""STORAGE\\VOLUME\\_??_USBSTOR#DISK&VEN_SONY_MIC&PROD_ROVAULT&REV_#[REDACTED_DEVICE_SERIAL]&0#{53F56307-B6BF-11D0-94F2-00A0C91EFB8B}""},{""Status"":""OK"",""Class"":""DiskDrive"",""FriendlyName"":""Sony Mic roVault USB Device"",""InstanceId"":""USBSTOR\\DISK&VEN_SONY_MIC&PROD_ROVAULT&REV_\\[REDACTED_DEVICE_SERIAL]&0""},{""Status"":""OK"",""Class"":""USB"",""FriendlyName"":""Sony USB HiFD Drive"",""InstanceId"":""USB\\VID_054C&PID_0022\\[REDACTED_DEVICE_SERIAL]""}]}",absent,absent,32.1,30.8,List of devices attached,
2026-10-01T14:44:29.677+00:00,2026-10-01T14:44:29.739+00:00,967.489,present,823.8,"{""state"":""present"",""devices"":[{""Status"":""OK"",""Class"":""WPD"",""FriendlyName"":""THYME_DIAG"",""InstanceId"":""SWD\\WPDBUSENUM\\_??_USBSTOR#DISK&VEN_SONY_MIC&PROD_ROVAULT&REV_#[REDACTED_DEVICE_SERIAL]&0#{53F56307-B6BF-11D0-94F2-00A0C91EFB8B}""},{""Status"":""OK"",""Class"":""Volume"",""FriendlyName"":""��"",""InstanceId"":""STORAGE\\VOLUME\\_??_USBSTOR#DISK&VEN_SONY_MIC&PROD_ROVAULT&REV_#[REDACTED_DEVICE_SERIAL]&0#{53F56307-B6BF-11D0-94F2-00A0C91EFB8B}""},{""Status"":""OK"",""Class"":""DiskDrive"",""FriendlyName"":""Sony Mic roVault USB Device"",""InstanceId"":""USBSTOR\\DISK&VEN_SONY_MIC&PROD_ROVAULT&REV_\\[REDACTED_DEVICE_SERIAL]&0""},{""Status"":""OK"",""Class"":""USB"",""FriendlyName"":""Sony USB HiFD Drive"",""InstanceId"":""USB\\VID_054C&PID_0022\\[REDACTED_DEVICE_SERIAL]""}]}",absent,absent,33.3,28.7,List of devices attached,
2026-10-01T14:44:30.677+00:00,2026-10-01T14:44:30.743+00:00,968.493,present,926.4,"{""state"":""present"",""devices"":[{""Status"":""OK"",""Class"":""WPD"",""FriendlyName"":""THYME_DIAG"",""InstanceId"":""SWD\\WPDBUSENUM\\_??_USBSTOR#DISK&VEN_SONY_MIC&PROD_ROVAULT&REV_#[REDACTED_DEVICE_SERIAL]&0#{53F56307-B6BF-11D0-94F2-00A0C91EFB8B}""},{""Status"":""OK"",""Class"":""Volume"",""FriendlyName"":""��"",""InstanceId"":""STORAGE\\VOLUME\\_??_USBSTOR#DISK&VEN_SONY_MIC&PROD_ROVAULT&REV_#[REDACTED_DEVICE_SERIAL]&0#{53F56307-B6BF-11D0-94F2-00A0C91EFB8B}""},{""Status"":""OK"",""Class"":""DiskDrive"",""FriendlyName"":""Sony Mic roVault USB Device"",""InstanceId"":""USBSTOR\\DISK&VEN_SONY_MIC&PROD_ROVAULT&REV_\\[REDACTED_DEVICE_SERIAL]&0""},{""Status"":""OK"",""Class"":""USB"",""FriendlyName"":""Sony USB HiFD Drive"",""InstanceId"":""USB\\VID_054C&PID_0022\\[REDACTED_DEVICE_SERIAL]""}]}",absent,absent,33.5,31.5,List of devices attached,
2026-10-01T14:44:31.678+00:00,2026-10-01T14:44:31.747+00:00,969.497,present,938.6,"{""state"":""present"",""devices"":[{""Status"":""OK"",""Class"":""WPD"",""FriendlyName"":""THYME_DIAG"",""InstanceId"":""SWD\\WPDBUSENUM\\_??_USBSTOR#DISK&VEN_SONY_MIC&PROD_ROVAULT&REV_#[REDACTED_DEVICE_SERIAL]&0#{53F56307-B6BF-11D0-94F2-00A0C91EFB8B}""},{""Status"":""OK"",""Class"":""Volume"",""FriendlyName"":""��"",""InstanceId"":""STORAGE\\VOLUME\\_??_USBSTOR#DISK&VEN_SONY_MIC&PROD_ROVAULT&REV_#[REDACTED_DEVICE_SERIAL]&0#{53F56307-B6BF-11D0-94F2-00A0C91EFB8B}""},{""Status"":""OK"",""Class"":""DiskDrive"",""FriendlyName"":""Sony Mic roVault USB Device"",""InstanceId"":""USBSTOR\\DISK&VEN_SONY_MIC&PROD_ROVAULT&REV_\\[REDACTED_DEVICE_SERIAL]&0""},{""Status"":""OK"",""Class"":""USB"",""FriendlyName"":""Sony USB HiFD Drive"",""InstanceId"":""USB\\VID_054C&PID_0022\\[REDACTED_DEVICE_SERIAL]""}]}",absent,absent,34.8,35.0,List of devices attached,
2026-10-01T14:44:32.678+00:00,2026-10-01T14:44:32.745+00:00,970.495,present,948.8,"{""state"":""present"",""devices"":[{""Status"":""OK"",""Class"":""WPD"",""FriendlyName"":""THYME_DIAG"",""InstanceId"":""SWD\\WPDBUSENUM\\_??_USBSTOR#DISK&VEN_SONY_MIC&PROD_ROVAULT&REV_#[REDACTED_DEVICE_SERIAL]&0#{53F56307-B6BF-11D0-94F2-00A0C91EFB8B}""},{""Status"":""OK"",""Class"":""Volume"",""FriendlyName"":""��"",""InstanceId"":""STORAGE\\VOLUME\\_??_USBSTOR#DISK&VEN_SONY_MIC&PROD_ROVAULT&REV_#[REDACTED_DEVICE_SERIAL]&0#{53F56307-B6BF-11D0-94F2-00A0C91EFB8B}""},{""Status"":""OK"",""Class"":""DiskDrive"",""FriendlyName"":""Sony Mic roVault USB Device"",""InstanceId"":""USBSTOR\\DISK&VEN_SONY_MIC&PROD_ROVAULT&REV_\\[REDACTED_DEVICE_SERIAL]&0""},{""Status"":""OK"",""Class"":""USB"",""FriendlyName"":""Sony USB HiFD Drive"",""InstanceId"":""USB\\VID_054C&PID_0022\\[REDACTED_DEVICE_SERIAL]""}]}",absent,absent,37.8,29.2,List of devices attached,
2026-10-01T14:44:33.678+00:00,2026-10-01T14:44:33.740+00:00,971.490,present,929.0,"{""state"":""present"",""devices"":[{""Status"":""OK"",""Class"":""WPD"",""FriendlyName"":""THYME_DIAG"",""InstanceId"":""SWD\\WPDBUSENUM\\_??_USBSTOR#DISK&VEN_SONY_MIC&PROD_ROVAULT&REV_#[REDACTED_DEVICE_SERIAL]&0#{53F56307-B6BF-11D0-94F2-00A0C91EFB8B}""},{""Status"":""OK"",""Class"":""Volume"",""FriendlyName"":""��"",""InstanceId"":""STORAGE\\VOLUME\\_??_USBSTOR#DISK&VEN_SONY_MIC&PROD_ROVAULT&REV_#[REDACTED_DEVICE_SERIAL]&0#{53F56307-B6BF-11D0-94F2-00A0C91EFB8B}""},{""Status"":""OK"",""Class"":""DiskDrive"",""FriendlyName"":""Sony Mic roVault USB Device"",""InstanceId"":""USBSTOR\\DISK&VEN_SONY_MIC&PROD_ROVAULT&REV_\\[REDACTED_DEVICE_SERIAL]&0""},{""Status"":""OK"",""Class"":""USB"",""FriendlyName"":""Sony USB HiFD Drive"",""InstanceId"":""USB\\VID_054C&PID_0022\\[REDACTED_DEVICE_SERIAL]""}]}",absent,absent,32.6,28.7,List of devices attached,
2026-10-01T14:44:34.679+00:00,2026-10-01T14:44:34.740+00:00,972.490,present,939.7,"{""state"":""present"",""devices"":[{""Status"":""OK"",""Class"":""WPD"",""FriendlyName"":""THYME_DIAG"",""InstanceId"":""SWD\\WPDBUSENUM\\_??_USBSTOR#DISK&VEN_SONY_MIC&PROD_ROVAULT&REV_#[REDACTED_DEVICE_SERIAL]&0#{53F56307-B6BF-11D0-94F2-00A0C91EFB8B}""},{""Status"":""OK"",""Class"":""Volume"",""FriendlyName"":""��"",""InstanceId"":""STORAGE\\VOLUME\\_??_USBSTOR#DISK&VEN_SONY_MIC&PROD_ROVAULT&REV_#[REDACTED_DEVICE_SERIAL]&0#{53F56307-B6BF-11D0-94F2-00A0C91EFB8B}""},{""Status"":""OK"",""Class"":""DiskDrive"",""FriendlyName"":""Sony Mic roVault USB Device"",""InstanceId"":""USBSTOR\\DISK&VEN_SONY_MIC&PROD_ROVAULT&REV_\\[REDACTED_DEVICE_SERIAL]&0""},{""Status"":""OK"",""Class"":""USB"",""FriendlyName"":""Sony USB HiFD Drive"",""InstanceId"":""USB\\VID_054C&PID_0022\\[REDACTED_DEVICE_SERIAL]""}]}",absent,absent,32.9,28.0,List of devices attached,
2026-10-01T14:44:35.679+00:00,2026-10-01T14:44:35.743+00:00,973.493,present,918.7,"{""state"":""present"",""devices"":[{""Status"":""OK"",""Class"":""WPD"",""FriendlyName"":""THYME_DIAG"",""InstanceId"":""SWD\\WPDBUSENUM\\_??_USBSTOR#DISK&VEN_SONY_MIC&PROD_ROVAULT&REV_#[REDACTED_DEVICE_SERIAL]&0#{53F56307-B6BF-11D0-94F2-00A0C91EFB8B}""},{""Status"":""OK"",""Class"":""Volume"",""FriendlyName"":""��"",""InstanceId"":""STORAGE\\VOLUME\\_??_USBSTOR#DISK&VEN_SONY_MIC&PROD_ROVAULT&REV_#[REDACTED_DEVICE_SERIAL]&0#{53F56307-B6BF-11D0-94F2-00A0C91EFB8B}""},{""Status"":""OK"",""Class"":""DiskDrive"",""FriendlyName"":""Sony Mic roVault USB Device"",""InstanceId"":""USBSTOR\\DISK&VEN_SONY_MIC&PROD_ROVAULT&REV_\\[REDACTED_DEVICE_SERIAL]&0""},{""Status"":""OK"",""Class"":""USB"",""FriendlyName"":""Sony USB HiFD Drive"",""InstanceId"":""USB\\VID_054C&PID_0022\\[REDACTED_DEVICE_SERIAL]""}]}",absent,absent,33.3,30.2,List of devices attached,
2026-10-01T14:44:36.679+00:00,2026-10-01T14:44:36.743+00:00,974.493,present,921.5,"{""state"":""present"",""devices"":[{""Status"":""OK"",""Class"":""WPD"",""FriendlyName"":""THYME_DIAG"",""InstanceId"":""SWD\\WPDBUSENUM\\_??_USBSTOR#DISK&VEN_SONY_MIC&PROD_ROVAULT&REV_#[REDACTED_DEVICE_SERIAL]&0#{53F56307-B6BF-11D0-94F2-00A0C91EFB8B}""},{""Status"":""OK"",""Class"":""Volume"",""FriendlyName"":""��"",""InstanceId"":""STORAGE\\VOLUME\\_??_USBSTOR#DISK&VEN_SONY_MIC&PROD_ROVAULT&REV_#[REDACTED_DEVICE_SERIAL]&0#{53F56307-B6BF-11D0-94F2-00A0C91EFB8B}""},{""Status"":""OK"",""Class"":""DiskDrive"",""FriendlyName"":""Sony Mic roVault USB Device"",""InstanceId"":""USBSTOR\\DISK&VEN_SONY_MIC&PROD_ROVAULT&REV_\\[REDACTED_DEVICE_SERIAL]&0""},{""Status"":""OK"",""Class"":""USB"",""FriendlyName"":""Sony USB HiFD Drive"",""InstanceId"":""USB\\VID_054C&PID_0022\\[REDACTED_DEVICE_SERIAL]""}]}",absent,absent,32.9,31.0,List of devices attached,
2026-10-01T14:44:37.680+00:00,2026-10-01T14:44:37.744+00:00,975.494,present,947.7,"{""state"":""present"",""devices"":[{""Status"":""OK"",""Class"":""WPD"",""FriendlyName"":""THYME_DIAG"",""InstanceId"":""SWD\\WPDBUSENUM\\_??_USBSTOR#DISK&VEN_SONY_MIC&PROD_ROVAULT&REV_#[REDACTED_DEVICE_SERIAL]&0#{53F56307-B6BF-11D0-94F2-00A0C91EFB8B}""},{""Status"":""OK"",""Class"":""Volume"",""FriendlyName"":""��"",""InstanceId"":""STORAGE\\VOLUME\\_??_USBSTOR#DISK&VEN_SONY_MIC&PROD_ROVAULT&REV_#[REDACTED_DEVICE_SERIAL]&0#{53F56307-B6BF-11D0-94F2-00A0C91EFB8B}""},{""Status"":""OK"",""Class"":""DiskDrive"",""FriendlyName"":""Sony Mic roVault USB Device"",""InstanceId"":""USBSTOR\\DISK&VEN_SONY_MIC&PROD_ROVAULT&REV_\\[REDACTED_DEVICE_SERIAL]&0""},{""Status"":""OK"",""Class"":""USB"",""FriendlyName"":""Sony USB HiFD Drive"",""InstanceId"":""USB\\VID_054C&PID_0022\\[REDACTED_DEVICE_SERIAL]""}]}",absent,absent,33.2,30.8,List of devices attached,
2026-10-01T14:44:38.680+00:00,2026-10-01T14:44:38.743+00:00,976.493,present,931.1,"{""state"":""present"",""devices"":[{""Status"":""OK"",""Class"":""WPD"",""FriendlyName"":""THYME_DIAG"",""InstanceId"":""SWD\\WPDBUSENUM\\_??_USBSTOR#DISK&VEN_SONY_MIC&PROD_ROVAULT&REV_#[REDACTED_DEVICE_SERIAL]&0#{53F56307-B6BF-11D0-94F2-00A0C91EFB8B}""},{""Status"":""OK"",""Class"":""Volume"",""FriendlyName"":""��"",""InstanceId"":""STORAGE\\VOLUME\\_??_USBSTOR#DISK&VEN_SONY_MIC&PROD_ROVAULT&REV_#[REDACTED_DEVICE_SERIAL]&0#{53F56307-B6BF-11D0-94F2-00A0C91EFB8B}""},{""Status"":""OK"",""Class"":""DiskDrive"",""FriendlyName"":""Sony Mic roVault USB Device"",""InstanceId"":""USBSTOR\\DISK&VEN_SONY_MIC&PROD_ROVAULT&REV_\\[REDACTED_DEVICE_SERIAL]&0""},{""Status"":""OK"",""Class"":""USB"",""FriendlyName"":""Sony USB HiFD Drive"",""InstanceId"":""USB\\VID_054C&PID_0022\\[REDACTED_DEVICE_SERIAL]""}]}",absent,absent,32.4,30.4,List of devices attached,
2026-10-01T14:44:39.680+00:00,2026-10-01T14:44:39.743+00:00,977.493,present,910.1,"{""state"":""present"",""devices"":[{""Status"":""OK"",""Class"":""WPD"",""FriendlyName"":""THYME_DIAG"",""InstanceId"":""SWD\\WPDBUSENUM\\_??_USBSTOR#DISK&VEN_SONY_MIC&PROD_ROVAULT&REV_#[REDACTED_DEVICE_SERIAL]&0#{53F56307-B6BF-11D0-94F2-00A0C91EFB8B}""},{""Status"":""OK"",""Class"":""Volume"",""FriendlyName"":""��"",""InstanceId"":""STORAGE\\VOLUME\\_??_USBSTOR#DISK&VEN_SONY_MIC&PROD_ROVAULT&REV_#[REDACTED_DEVICE_SERIAL]&0#{53F56307-B6BF-11D0-94F2-00A0C91EFB8B}""},{""Status"":""OK"",""Class"":""DiskDrive"",""FriendlyName"":""Sony Mic roVault USB Device"",""InstanceId"":""USBSTOR\\DISK&VEN_SONY_MIC&PROD_ROVAULT&REV_\\[REDACTED_DEVICE_SERIAL]&0""},{""Status"":""OK"",""Class"":""USB"",""FriendlyName"":""Sony USB HiFD Drive"",""InstanceId"":""USB\\VID_054C&PID_0022\\[REDACTED_DEVICE_SERIAL]""}]}",absent,absent,32.7,29.6,List of devices attached,
2026-10-01T14:44:40.681+00:00,2026-10-01T14:44:40.744+00:00,978.494,present,944.9,"{""state"":""present"",""devices"":[{""Status"":""OK"",""Class"":""WPD"",""FriendlyName"":""THYME_DIAG"",""InstanceId"":""SWD\\WPDBUSENUM\\_??_USBSTOR#DISK&VEN_SONY_MIC&PROD_ROVAULT&REV_#[REDACTED_DEVICE_SERIAL]&0#{53F56307-B6BF-11D0-94F2-00A0C91EFB8B}""},{""Status"":""OK"",""Class"":""Volume"",""FriendlyName"":""��"",""InstanceId"":""STORAGE\\VOLUME\\_??_USBSTOR#DISK&VEN_SONY_MIC&PROD_ROVAULT&REV_#[REDACTED_DEVICE_SERIAL]&0#{53F56307-B6BF-11D0-94F2-00A0C91EFB8B}""},{""Status"":""OK"",""Class"":""DiskDrive"",""FriendlyName"":""Sony Mic roVault USB Device"",""InstanceId"":""USBSTOR\\DISK&VEN_SONY_MIC&PROD_ROVAULT&REV_\\[REDACTED_DEVICE_SERIAL]&0""},{""Status"":""OK"",""Class"":""USB"",""FriendlyName"":""Sony USB HiFD Drive"",""InstanceId"":""USB\\VID_054C&PID_0022\\[REDACTED_DEVICE_SERIAL]""}]}",absent,absent,31.9,31.3,List of devices attached,
2026-10-01T14:44:41.681+00:00,2026-10-01T14:44:41.746+00:00,979.496,present,913.7,"{""state"":""present"",""devices"":[{""Status"":""OK"",""Class"":""WPD"",""FriendlyName"":""THYME_DIAG"",""InstanceId"":""SWD\\WPDBUSENUM\\_??_USBSTOR#DISK&VEN_SONY_MIC&PROD_ROVAULT&REV_#[REDACTED_DEVICE_SERIAL]&0#{53F56307-B6BF-11D0-94F2-00A0C91EFB8B}""},{""Status"":""OK"",""Class"":""Volume"",""FriendlyName"":""��"",""InstanceId"":""STORAGE\\VOLUME\\_??_USBSTOR#DISK&VEN_SONY_MIC&PROD_ROVAULT&REV_#[REDACTED_DEVICE_SERIAL]&0#{53F56307-B6BF-11D0-94F2-00A0C91EFB8B}""},{""Status"":""OK"",""Class"":""DiskDrive"",""FriendlyName"":""Sony Mic roVault USB Device"",""InstanceId"":""USBSTOR\\DISK&VEN_SONY_MIC&PROD_ROVAULT&REV_\\[REDACTED_DEVICE_SERIAL]&0""},{""Status"":""OK"",""Class"":""USB"",""FriendlyName"":""Sony USB HiFD Drive"",""InstanceId"":""USB\\VID_054C&PID_0022\\[REDACTED_DEVICE_SERIAL]""}]}",absent,absent,33.1,31.6,List of devices attached,
2026-10-01T14:44:42.681+00:00,2026-10-01T14:44:42.743+00:00,980.493,present,950.1,"{""state"":""present"",""devices"":[{""Status"":""OK"",""Class"":""WPD"",""FriendlyName"":""THYME_DIAG"",""InstanceId"":""SWD\\WPDBUSENUM\\_??_USBSTOR#DISK&VEN_SONY_MIC&PROD_ROVAULT&REV_#[REDACTED_DEVICE_SERIAL]&0#{53F56307-B6BF-11D0-94F2-00A0C91EFB8B}""},{""Status"":""OK"",""Class"":""Volume"",""FriendlyName"":""��"",""InstanceId"":""STORAGE\\VOLUME\\_??_USBSTOR#DISK&VEN_SONY_MIC&PROD_ROVAULT&REV_#[REDACTED_DEVICE_SERIAL]&0#{53F56307-B6BF-11D0-94F2-00A0C91EFB8B}""},{""Status"":""OK"",""Class"":""DiskDrive"",""FriendlyName"":""Sony Mic roVault USB Device"",""InstanceId"":""USBSTOR\\DISK&VEN_SONY_MIC&PROD_ROVAULT&REV_\\[REDACTED_DEVICE_SERIAL]&0""},{""Status"":""OK"",""Class"":""USB"",""FriendlyName"":""Sony USB HiFD Drive"",""InstanceId"":""USB\\VID_054C&PID_0022\\[REDACTED_DEVICE_SERIAL]""}]}",absent,absent,32.6,29.3,List of devices attached,
2026-10-01T14:44:43.681+00:00,2026-10-01T14:44:43.746+00:00,981.496,present,930.5,"{""state"":""present"",""devices"":[{""Status"":""OK"",""Class"":""WPD"",""FriendlyName"":""THYME_DIAG"",""InstanceId"":""SWD\\WPDBUSENUM\\_??_USBSTOR#DISK&VEN_SONY_MIC&PROD_ROVAULT&REV_#[REDACTED_DEVICE_SERIAL]&0#{53F56307-B6BF-11D0-94F2-00A0C91EFB8B}""},{""Status"":""OK"",""Class"":""Volume"",""FriendlyName"":""��"",""InstanceId"":""STORAGE\\VOLUME\\_??_USBSTOR#DISK&VEN_SONY_MIC&PROD_ROVAULT&REV_#[REDACTED_DEVICE_SERIAL]&0#{53F56307-B6BF-11D0-94F2-00A0C91EFB8B}""},{""Status"":""OK"",""Class"":""DiskDrive"",""FriendlyName"":""Sony Mic roVault USB Device"",""InstanceId"":""USBSTOR\\DISK&VEN_SONY_MIC&PROD_ROVAULT&REV_\\[REDACTED_DEVICE_SERIAL]&0""},{""Status"":""OK"",""Class"":""USB"",""FriendlyName"":""Sony USB HiFD Drive"",""InstanceId"":""USB\\VID_054C&PID_0022\\[REDACTED_DEVICE_SERIAL]""}]}",absent,absent,33.5,31.1,List of devices attached,
2026-10-01T14:44:44.682+00:00,2026-10-01T14:44:44.745+00:00,982.495,present,922.2,"{""state"":""present"",""devices"":[{""Status"":""OK"",""Class"":""WPD"",""FriendlyName"":""THYME_DIAG"",""InstanceId"":""SWD\\WPDBUSENUM\\_??_USBSTOR#DISK&VEN_SONY_MIC&PROD_ROVAULT&REV_#[REDACTED_DEVICE_SERIAL]&0#{53F56307-B6BF-11D0-94F2-00A0C91EFB8B}""},{""Status"":""OK"",""Class"":""Volume"",""FriendlyName"":""��"",""InstanceId"":""STORAGE\\VOLUME\\_??_USBSTOR#DISK&VEN_SONY_MIC&PROD_ROVAULT&REV_#[REDACTED_DEVICE_SERIAL]&0#{53F56307-B6BF-11D0-94F2-00A0C91EFB8B}""},{""Status"":""OK"",""Class"":""DiskDrive"",""FriendlyName"":""Sony Mic roVault USB Device"",""InstanceId"":""USBSTOR\\DISK&VEN_SONY_MIC&PROD_ROVAULT&REV_\\[REDACTED_DEVICE_SERIAL]&0""},{""Status"":""OK"",""Class"":""USB"",""FriendlyName"":""Sony USB HiFD Drive"",""InstanceId"":""USB\\VID_054C&PID_0022\\[REDACTED_DEVICE_SERIAL]""}]}",absent,absent,34.1,28.9,List of devices attached,
2026-10-01T14:44:45.682+00:00,2026-10-01T14:44:45.746+00:00,983.496,present,940.5,"{""state"":""present"",""devices"":[{""Status"":""OK"",""Class"":""WPD"",""FriendlyName"":""THYME_DIAG"",""InstanceId"":""SWD\\WPDBUSENUM\\_??_USBSTOR#DISK&VEN_SONY_MIC&PROD_ROVAULT&REV_#[REDACTED_DEVICE_SERIAL]&0#{53F56307-B6BF-11D0-94F2-00A0C91EFB8B}""},{""Status"":""OK"",""Class"":""Volume"",""FriendlyName"":""��"",""InstanceId"":""STORAGE\\VOLUME\\_??_USBSTOR#DISK&VEN_SONY_MIC&PROD_ROVAULT&REV_#[REDACTED_DEVICE_SERIAL]&0#{53F56307-B6BF-11D0-94F2-00A0C91EFB8B}""},{""Status"":""OK"",""Class"":""DiskDrive"",""FriendlyName"":""Sony Mic roVault USB Device"",""InstanceId"":""USBSTOR\\DISK&VEN_SONY_MIC&PROD_ROVAULT&REV_\\[REDACTED_DEVICE_SERIAL]&0""},{""Status"":""OK"",""Class"":""USB"",""FriendlyName"":""Sony USB HiFD Drive"",""InstanceId"":""USB\\VID_054C&PID_0022\\[REDACTED_DEVICE_SERIAL]""}]}",absent,absent,32.9,30.5,List of devices attached,
2026-10-01T14:44:46.683+00:00,2026-10-01T14:44:46.748+00:00,984.498,present,934.8,"{""state"":""present"",""devices"":[{""Status"":""OK"",""Class"":""WPD"",""FriendlyName"":""THYME_DIAG"",""InstanceId"":""SWD\\WPDBUSENUM\\_??_USBSTOR#DISK&VEN_SONY_MIC&PROD_ROVAULT&REV_#[REDACTED_DEVICE_SERIAL]&0#{53F56307-B6BF-11D0-94F2-00A0C91EFB8B}""},{""Status"":""OK"",""Class"":""Volume"",""FriendlyName"":""��"",""InstanceId"":""STORAGE\\VOLUME\\_??_USBSTOR#DISK&VEN_SONY_MIC&PROD_ROVAULT&REV_#[REDACTED_DEVICE_SERIAL]&0#{53F56307-B6BF-11D0-94F2-00A0C91EFB8B}""},{""Status"":""OK"",""Class"":""DiskDrive"",""FriendlyName"":""Sony Mic roVault USB Device"",""InstanceId"":""USBSTOR\\DISK&VEN_SONY_MIC&PROD_ROVAULT&REV_\\[REDACTED_DEVICE_SERIAL]&0""},{""Status"":""OK"",""Class"":""USB"",""FriendlyName"":""Sony USB HiFD Drive"",""InstanceId"":""USB\\VID_054C&PID_0022\\[REDACTED_DEVICE_SERIAL]""}]}",absent,absent,33.3,31.8,List of devices attached,
2026-10-01T14:44:47.683+00:00,2026-10-01T14:44:47.746+00:00,985.496,present,965.2,"{""state"":""present"",""devices"":[{""Status"":""OK"",""Class"":""WPD"",""FriendlyName"":""THYME_DIAG"",""InstanceId"":""SWD\\WPDBUSENUM\\_??_USBSTOR#DISK&VEN_SONY_MIC&PROD_ROVAULT&REV_#[REDACTED_DEVICE_SERIAL]&0#{53F56307-B6BF-11D0-94F2-00A0C91EFB8B}""},{""Status"":""OK"",""Class"":""Volume"",""FriendlyName"":""��"",""InstanceId"":""STORAGE\\VOLUME\\_??_USBSTOR#DISK&VEN_SONY_MIC&PROD_ROVAULT&REV_#[REDACTED_DEVICE_SERIAL]&0#{53F56307-B6BF-11D0-94F2-00A0C91EFB8B}""},{""Status"":""OK"",""Class"":""DiskDrive"",""FriendlyName"":""Sony Mic roVault USB Device"",""InstanceId"":""USBSTOR\\DISK&VEN_SONY_MIC&PROD_ROVAULT&REV_\\[REDACTED_DEVICE_SERIAL]&0""},{""Status"":""OK"",""Class"":""USB"",""FriendlyName"":""Sony USB HiFD Drive"",""InstanceId"":""USB\\VID_054C&PID_0022\\[REDACTED_DEVICE_SERIAL]""}]}",absent,absent,34.0,29.6,List of devices attached,
2026-10-01T14:44:48.683+00:00,2026-10-01T14:44:48.745+00:00,986.495,present,930.8,"{""state"":""present"",""devices"":[{""Status"":""OK"",""Class"":""WPD"",""FriendlyName"":""THYME_DIAG"",""InstanceId"":""SWD\\WPDBUSENUM\\_??_USBSTOR#DISK&VEN_SONY_MIC&PROD_ROVAULT&REV_#[REDACTED_DEVICE_SERIAL]&0#{53F56307-B6BF-11D0-94F2-00A0C91EFB8B}""},{""Status"":""OK"",""Class"":""Volume"",""FriendlyName"":""��"",""InstanceId"":""STORAGE\\VOLUME\\_??_USBSTOR#DISK&VEN_SONY_MIC&PROD_ROVAULT&REV_#[REDACTED_DEVICE_SERIAL]&0#{53F56307-B6BF-11D0-94F2-00A0C91EFB8B}""},{""Status"":""OK"",""Class"":""DiskDrive"",""FriendlyName"":""Sony Mic roVault USB Device"",""InstanceId"":""USBSTOR\\DISK&VEN_SONY_MIC&PROD_ROVAULT&REV_\\[REDACTED_DEVICE_SERIAL]&0""},{""Status"":""OK"",""Class"":""USB"",""FriendlyName"":""Sony USB HiFD Drive"",""InstanceId"":""USB\\VID_054C&PID_0022\\[REDACTED_DEVICE_SERIAL]""}]}",absent,absent,31.8,30.0,List of devices attached,
2026-10-01T14:44:49.684+00:00,2026-10-01T14:44:49.744+00:00,987.494,present,928.3,"{""state"":""present"",""devices"":[{""Status"":""OK"",""Class"":""WPD"",""FriendlyName"":""THYME_DIAG"",""InstanceId"":""SWD\\WPDBUSENUM\\_??_USBSTOR#DISK&VEN_SONY_MIC&PROD_ROVAULT&REV_#[REDACTED_DEVICE_SERIAL]&0#{53F56307-B6BF-11D0-94F2-00A0C91EFB8B}""},{""Status"":""OK"",""Class"":""Volume"",""FriendlyName"":""��"",""InstanceId"":""STORAGE\\VOLUME\\_??_USBSTOR#DISK&VEN_SONY_MIC&PROD_ROVAULT&REV_#[REDACTED_DEVICE_SERIAL]&0#{53F56307-B6BF-11D0-94F2-00A0C91EFB8B}""},{""Status"":""OK"",""Class"":""DiskDrive"",""FriendlyName"":""Sony Mic roVault USB Device"",""InstanceId"":""USBSTOR\\DISK&VEN_SONY_MIC&PROD_ROVAULT&REV_\\[REDACTED_DEVICE_SERIAL]&0""},{""Status"":""OK"",""Class"":""USB"",""FriendlyName"":""Sony USB HiFD Drive"",""InstanceId"":""USB\\VID_054C&PID_0022\\[REDACTED_DEVICE_SERIAL]""}]}",absent,absent,30.9,29.6,List of devices attached,
2026-10-01T14:44:50.684+00:00,2026-10-01T14:44:50.747+00:00,988.497,present,956.6,"{""state"":""present"",""devices"":[{""Status"":""OK"",""Class"":""WPD"",""FriendlyName"":""THYME_DIAG"",""InstanceId"":""SWD\\WPDBUSENUM\\_??_USBSTOR#DISK&VEN_SONY_MIC&PROD_ROVAULT&REV_#[REDACTED_DEVICE_SERIAL]&0#{53F56307-B6BF-11D0-94F2-00A0C91EFB8B}""},{""Status"":""OK"",""Class"":""Volume"",""FriendlyName"":""��"",""InstanceId"":""STORAGE\\VOLUME\\_??_USBSTOR#DISK&VEN_SONY_MIC&PROD_ROVAULT&REV_#[REDACTED_DEVICE_SERIAL]&0#{53F56307-B6BF-11D0-94F2-00A0C91EFB8B}""},{""Status"":""OK"",""Class"":""DiskDrive"",""FriendlyName"":""Sony Mic roVault USB Device"",""InstanceId"":""USBSTOR\\DISK&VEN_SONY_MIC&PROD_ROVAULT&REV_\\[REDACTED_DEVICE_SERIAL]&0""},{""Status"":""OK"",""Class"":""USB"",""FriendlyName"":""Sony USB HiFD Drive"",""InstanceId"":""USB\\VID_054C&PID_0022\\[REDACTED_DEVICE_SERIAL]""}]}",absent,absent,32.9,30.4,List of devices attached,
2026-10-01T14:44:51.684+00:00,2026-10-01T14:44:51.748+00:00,989.498,present,949.0,"{""state"":""present"",""devices"":[{""Status"":""OK"",""Class"":""WPD"",""FriendlyName"":""THYME_DIAG"",""InstanceId"":""SWD\\WPDBUSENUM\\_??_USBSTOR#DISK&VEN_SONY_MIC&PROD_ROVAULT&REV_#[REDACTED_DEVICE_SERIAL]&0#{53F56307-B6BF-11D0-94F2-00A0C91EFB8B}""},{""Status"":""OK"",""Class"":""Volume"",""FriendlyName"":""��"",""InstanceId"":""STORAGE\\VOLUME\\_??_USBSTOR#DISK&VEN_SONY_MIC&PROD_ROVAULT&REV_#[REDACTED_DEVICE_SERIAL]&0#{53F56307-B6BF-11D0-94F2-00A0C91EFB8B}""},{""Status"":""OK"",""Class"":""DiskDrive"",""FriendlyName"":""Sony Mic roVault USB Device"",""InstanceId"":""USBSTOR\\DISK&VEN_SONY_MIC&PROD_ROVAULT&REV_\\[REDACTED_DEVICE_SERIAL]&0""},{""Status"":""OK"",""Class"":""USB"",""FriendlyName"":""Sony USB HiFD Drive"",""InstanceId"":""USB\\VID_054C&PID_0022\\[REDACTED_DEVICE_SERIAL]""}]}",absent,absent,32.8,30.4,List of devices attached,
2026-10-01T14:44:52.685+00:00,2026-10-01T14:44:52.749+00:00,990.499,present,957.7,"{""state"":""present"",""devices"":[{""Status"":""OK"",""Class"":""WPD"",""FriendlyName"":""THYME_DIAG"",""InstanceId"":""SWD\\WPDBUSENUM\\_??_USBSTOR#DISK&VEN_SONY_MIC&PROD_ROVAULT&REV_#[REDACTED_DEVICE_SERIAL]&0#{53F56307-B6BF-11D0-94F2-00A0C91EFB8B}""},{""Status"":""OK"",""Class"":""Volume"",""FriendlyName"":""��"",""InstanceId"":""STORAGE\\VOLUME\\_??_USBSTOR#DISK&VEN_SONY_MIC&PROD_ROVAULT&REV_#[REDACTED_DEVICE_SERIAL]&0#{53F56307-B6BF-11D0-94F2-00A0C91EFB8B}""},{""Status"":""OK"",""Class"":""DiskDrive"",""FriendlyName"":""Sony Mic roVault USB Device"",""InstanceId"":""USBSTOR\\DISK&VEN_SONY_MIC&PROD_ROVAULT&REV_\\[REDACTED_DEVICE_SERIAL]&0""},{""Status"":""OK"",""Class"":""USB"",""FriendlyName"":""Sony USB HiFD Drive"",""InstanceId"":""USB\\VID_054C&PID_0022\\[REDACTED_DEVICE_SERIAL]""}]}",absent,absent,34.7,29.4,List of devices attached,
2026-10-01T14:44:53.685+00:00,2026-10-01T14:44:53.749+00:00,991.499,present,936.4,"{""state"":""present"",""devices"":[{""Status"":""OK"",""Class"":""WPD"",""FriendlyName"":""THYME_DIAG"",""InstanceId"":""SWD\\WPDBUSENUM\\_??_USBSTOR#DISK&VEN_SONY_MIC&PROD_ROVAULT&REV_#[REDACTED_DEVICE_SERIAL]&0#{53F56307-B6BF-11D0-94F2-00A0C91EFB8B}""},{""Status"":""OK"",""Class"":""Volume"",""FriendlyName"":""��"",""InstanceId"":""STORAGE\\VOLUME\\_??_USBSTOR#DISK&VEN_SONY_MIC&PROD_ROVAULT&REV_#[REDACTED_DEVICE_SERIAL]&0#{53F56307-B6BF-11D0-94F2-00A0C91EFB8B}""},{""Status"":""OK"",""Class"":""DiskDrive"",""FriendlyName"":""Sony Mic roVault USB Device"",""InstanceId"":""USBSTOR\\DISK&VEN_SONY_MIC&PROD_ROVAULT&REV_\\[REDACTED_DEVICE_SERIAL]&0""},{""Status"":""OK"",""Class"":""USB"",""FriendlyName"":""Sony USB HiFD Drive"",""InstanceId"":""USB\\VID_054C&PID_0022\\[REDACTED_DEVICE_SERIAL]""}]}",absent,absent,33.2,30.6,List of devices attached,
2026-10-01T14:44:54.685+00:00,2026-10-01T14:44:54.751+00:00,992.501,present,932.9,"{""state"":""present"",""devices"":[{""Status"":""OK"",""Class"":""WPD"",""FriendlyName"":""THYME_DIAG"",""InstanceId"":""SWD\\WPDBUSENUM\\_??_USBSTOR#DISK&VEN_SONY_MIC&PROD_ROVAULT&REV_#[REDACTED_DEVICE_SERIAL]&0#{53F56307-B6BF-11D0-94F2-00A0C91EFB8B}""},{""Status"":""OK"",""Class"":""Volume"",""FriendlyName"":""��"",""InstanceId"":""STORAGE\\VOLUME\\_??_USBSTOR#DISK&VEN_SONY_MIC&PROD_ROVAULT&REV_#[REDACTED_DEVICE_SERIAL]&0#{53F56307-B6BF-11D0-94F2-00A0C91EFB8B}""},{""Status"":""OK"",""Class"":""DiskDrive"",""FriendlyName"":""Sony Mic roVault USB Device"",""InstanceId"":""USBSTOR\\DISK&VEN_SONY_MIC&PROD_ROVAULT&REV_\\[REDACTED_DEVICE_SERIAL]&0""},{""Status"":""OK"",""Class"":""USB"",""FriendlyName"":""Sony USB HiFD Drive"",""InstanceId"":""USB\\VID_054C&PID_0022\\[REDACTED_DEVICE_SERIAL]""}]}",absent,absent,34.3,31.0,List of devices attached,
2026-10-01T14:44:55.686+00:00,2026-10-01T14:44:55.748+00:00,993.498,present,926.0,"{""state"":""present"",""devices"":[{""Status"":""OK"",""Class"":""WPD"",""FriendlyName"":""THYME_DIAG"",""InstanceId"":""SWD\\WPDBUSENUM\\_??_USBSTOR#DISK&VEN_SONY_MIC&PROD_ROVAULT&REV_#[REDACTED_DEVICE_SERIAL]&0#{53F56307-B6BF-11D0-94F2-00A0C91EFB8B}""},{""Status"":""OK"",""Class"":""Volume"",""FriendlyName"":""��"",""InstanceId"":""STORAGE\\VOLUME\\_??_USBSTOR#DISK&VEN_SONY_MIC&PROD_ROVAULT&REV_#[REDACTED_DEVICE_SERIAL]&0#{53F56307-B6BF-11D0-94F2-00A0C91EFB8B}""},{""Status"":""OK"",""Class"":""DiskDrive"",""FriendlyName"":""Sony Mic roVault USB Device"",""InstanceId"":""USBSTOR\\DISK&VEN_SONY_MIC&PROD_ROVAULT&REV_\\[REDACTED_DEVICE_SERIAL]&0""},{""Status"":""OK"",""Class"":""USB"",""FriendlyName"":""Sony USB HiFD Drive"",""InstanceId"":""USB\\VID_054C&PID_0022\\[REDACTED_DEVICE_SERIAL]""}]}",absent,absent,32.4,29.6,List of devices attached,
2026-10-01T14:44:56.686+00:00,2026-10-01T14:44:56.752+00:00,994.502,present,933.2,"{""state"":""present"",""devices"":[{""Status"":""OK"",""Class"":""WPD"",""FriendlyName"":""THYME_DIAG"",""InstanceId"":""SWD\\WPDBUSENUM\\_??_USBSTOR#DISK&VEN_SONY_MIC&PROD_ROVAULT&REV_#[REDACTED_DEVICE_SERIAL]&0#{53F56307-B6BF-11D0-94F2-00A0C91EFB8B}""},{""Status"":""OK"",""Class"":""Volume"",""FriendlyName"":""��"",""InstanceId"":""STORAGE\\VOLUME\\_??_USBSTOR#DISK&VEN_SONY_MIC&PROD_ROVAULT&REV_#[REDACTED_DEVICE_SERIAL]&0#{53F56307-B6BF-11D0-94F2-00A0C91EFB8B}""},{""Status"":""OK"",""Class"":""DiskDrive"",""FriendlyName"":""Sony Mic roVault USB Device"",""InstanceId"":""USBSTOR\\DISK&VEN_SONY_MIC&PROD_ROVAULT&REV_\\[REDACTED_DEVICE_SERIAL]&0""},{""Status"":""OK"",""Class"":""USB"",""FriendlyName"":""Sony USB HiFD Drive"",""InstanceId"":""USB\\VID_054C&PID_0022\\[REDACTED_DEVICE_SERIAL]""}]}",absent,absent,35.4,30.7,List of devices attached,
2026-10-01T14:44:57.686+00:00,2026-10-01T14:44:57.752+00:00,995.502,present,956.7,"{""state"":""present"",""devices"":[{""Status"":""OK"",""Class"":""WPD"",""FriendlyName"":""THYME_DIAG"",""InstanceId"":""SWD\\WPDBUSENUM\\_??_USBSTOR#DISK&VEN_SONY_MIC&PROD_ROVAULT&REV_#[REDACTED_DEVICE_SERIAL]&0#{53F56307-B6BF-11D0-94F2-00A0C91EFB8B}""},{""Status"":""OK"",""Class"":""Volume"",""FriendlyName"":""��"",""InstanceId"":""STORAGE\\VOLUME\\_??_USBSTOR#DISK&VEN_SONY_MIC&PROD_ROVAULT&REV_#[REDACTED_DEVICE_SERIAL]&0#{53F56307-B6BF-11D0-94F2-00A0C91EFB8B}""},{""Status"":""OK"",""Class"":""DiskDrive"",""FriendlyName"":""Sony Mic roVault USB Device"",""InstanceId"":""USBSTOR\\DISK&VEN_SONY_MIC&PROD_ROVAULT&REV_\\[REDACTED_DEVICE_SERIAL]&0""},{""Status"":""OK"",""Class"":""USB"",""FriendlyName"":""Sony USB HiFD Drive"",""InstanceId"":""USB\\VID_054C&PID_0022\\[REDACTED_DEVICE_SERIAL]""}]}",absent,absent,34.4,31.1,List of devices attached,
2026-10-01T14:44:58.687+00:00,2026-10-01T14:44:58.749+00:00,996.499,present,932.8,"{""state"":""present"",""devices"":[{""Status"":""OK"",""Class"":""WPD"",""FriendlyName"":""THYME_DIAG"",""InstanceId"":""SWD\\WPDBUSENUM\\_??_USBSTOR#DISK&VEN_SONY_MIC&PROD_ROVAULT&REV_#[REDACTED_DEVICE_SERIAL]&0#{53F56307-B6BF-11D0-94F2-00A0C91EFB8B}""},{""Status"":""OK"",""Class"":""Volume"",""FriendlyName"":""��"",""InstanceId"":""STORAGE\\VOLUME\\_??_USBSTOR#DISK&VEN_SONY_MIC&PROD_ROVAULT&REV_#[REDACTED_DEVICE_SERIAL]&0#{53F56307-B6BF-11D0-94F2-00A0C91EFB8B}""},{""Status"":""OK"",""Class"":""DiskDrive"",""FriendlyName"":""Sony Mic roVault USB Device"",""InstanceId"":""USBSTOR\\DISK&VEN_SONY_MIC&PROD_ROVAULT&REV_\\[REDACTED_DEVICE_SERIAL]&0""},{""Status"":""OK"",""Class"":""USB"",""FriendlyName"":""Sony USB HiFD Drive"",""InstanceId"":""USB\\VID_054C&PID_0022\\[REDACTED_DEVICE_SERIAL]""}]}",absent,absent,32.3,30.0,List of devices attached,
2026-10-01T14:44:59.687+00:00,2026-10-01T14:44:59.755+00:00,997.505,present,912.3,"{""state"":""present"",""devices"":[{""Status"":""OK"",""Class"":""WPD"",""FriendlyName"":""THYME_DIAG"",""InstanceId"":""SWD\\WPDBUSENUM\\_??_USBSTOR#DISK&VEN_SONY_MIC&PROD_ROVAULT&REV_#[REDACTED_DEVICE_SERIAL]&0#{53F56307-B6BF-11D0-94F2-00A0C91EFB8B}""},{""Status"":""OK"",""Class"":""Volume"",""FriendlyName"":""��"",""InstanceId"":""STORAGE\\VOLUME\\_??_USBSTOR#DISK&VEN_SONY_MIC&PROD_ROVAULT&REV_#[REDACTED_DEVICE_SERIAL]&0#{53F56307-B6BF-11D0-94F2-00A0C91EFB8B}""},{""Status"":""OK"",""Class"":""DiskDrive"",""FriendlyName"":""Sony Mic roVault USB Device"",""InstanceId"":""USBSTOR\\DISK&VEN_SONY_MIC&PROD_ROVAULT&REV_\\[REDACTED_DEVICE_SERIAL]&0""},{""Status"":""OK"",""Class"":""USB"",""FriendlyName"":""Sony USB HiFD Drive"",""InstanceId"":""USB\\VID_054C&PID_0022\\[REDACTED_DEVICE_SERIAL]""}]}",absent,absent,35.3,32.9,List of devices attached,
2026-10-01T14:45:00.687+00:00,2026-10-01T14:45:00.753+00:00,998.503,present,945.6,"{""state"":""present"",""devices"":[{""Status"":""OK"",""Class"":""WPD"",""FriendlyName"":""THYME_DIAG"",""InstanceId"":""SWD\\WPDBUSENUM\\_??_USBSTOR#DISK&VEN_SONY_MIC&PROD_ROVAULT&REV_#[REDACTED_DEVICE_SERIAL]&0#{53F56307-B6BF-11D0-94F2-00A0C91EFB8B}""},{""Status"":""OK"",""Class"":""Volume"",""FriendlyName"":""��"",""InstanceId"":""STORAGE\\VOLUME\\_??_USBSTOR#DISK&VEN_SONY_MIC&PROD_ROVAULT&REV_#[REDACTED_DEVICE_SERIAL]&0#{53F56307-B6BF-11D0-94F2-00A0C91EFB8B}""},{""Status"":""OK"",""Class"":""DiskDrive"",""FriendlyName"":""Sony Mic roVault USB Device"",""InstanceId"":""USBSTOR\\DISK&VEN_SONY_MIC&PROD_ROVAULT&REV_\\[REDACTED_DEVICE_SERIAL]&0""},{""Status"":""OK"",""Class"":""USB"",""FriendlyName"":""Sony USB HiFD Drive"",""InstanceId"":""USB\\VID_054C&PID_0022\\[REDACTED_DEVICE_SERIAL]""}]}",absent,absent,34.9,30.5,List of devices attached,
2026-10-01T14:45:01.688+00:00,2026-10-01T14:45:01.751+00:00,999.501,present,925.2,"{""state"":""present"",""devices"":[{""Status"":""OK"",""Class"":""WPD"",""FriendlyName"":""THYME_DIAG"",""InstanceId"":""SWD\\WPDBUSENUM\\_??_USBSTOR#DISK&VEN_SONY_MIC&PROD_ROVAULT&REV_#[REDACTED_DEVICE_SERIAL]&0#{53F56307-B6BF-11D0-94F2-00A0C91EFB8B}""},{""Status"":""OK"",""Class"":""Volume"",""FriendlyName"":""��"",""InstanceId"":""STORAGE\\VOLUME\\_??_USBSTOR#DISK&VEN_SONY_MIC&PROD_ROVAULT&REV_#[REDACTED_DEVICE_SERIAL]&0#{53F56307-B6BF-11D0-94F2-00A0C91EFB8B}""},{""Status"":""OK"",""Class"":""DiskDrive"",""FriendlyName"":""Sony Mic roVault USB Device"",""InstanceId"":""USBSTOR\\DISK&VEN_SONY_MIC&PROD_ROVAULT&REV_\\[REDACTED_DEVICE_SERIAL]&0""},{""Status"":""OK"",""Class"":""USB"",""FriendlyName"":""Sony USB HiFD Drive"",""InstanceId"":""USB\\VID_054C&PID_0022\\[REDACTED_DEVICE_SERIAL]""}]}",absent,absent,31.5,31.4,List of devices attached,
2026-10-01T14:45:02.688+00:00,2026-10-01T14:45:02.751+00:00,1000.501,present,936.9,"{""state"":""present"",""devices"":[{""Status"":""OK"",""Class"":""WPD"",""FriendlyName"":""THYME_DIAG"",""InstanceId"":""SWD\\WPDBUSENUM\\_??_USBSTOR#DISK&VEN_SONY_MIC&PROD_ROVAULT&REV_#[REDACTED_DEVICE_SERIAL]&0#{53F56307-B6BF-11D0-94F2-00A0C91EFB8B}""},{""Status"":""OK"",""Class"":""Volume"",""FriendlyName"":""��"",""InstanceId"":""STORAGE\\VOLUME\\_??_USBSTOR#DISK&VEN_SONY_MIC&PROD_ROVAULT&REV_#[REDACTED_DEVICE_SERIAL]&0#{53F56307-B6BF-11D0-94F2-00A0C91EFB8B}""},{""Status"":""OK"",""Class"":""DiskDrive"",""FriendlyName"":""Sony Mic roVault USB Device"",""InstanceId"":""USBSTOR\\DISK&VEN_SONY_MIC&PROD_ROVAULT&REV_\\[REDACTED_DEVICE_SERIAL]&0""},{""Status"":""OK"",""Class"":""USB"",""FriendlyName"":""Sony USB HiFD Drive"",""InstanceId"":""USB\\VID_054C&PID_0022\\[REDACTED_DEVICE_SERIAL]""}]}",absent,absent,32.4,30.1,List of devices attached,
2026-10-01T14:45:03.688+00:00,2026-10-01T14:45:03.751+00:00,1001.501,present,933.3,"{""state"":""present"",""devices"":[{""Status"":""OK"",""Class"":""WPD"",""FriendlyName"":""THYME_DIAG"",""InstanceId"":""SWD\\WPDBUSENUM\\_??_USBSTOR#DISK&VEN_SONY_MIC&PROD_ROVAULT&REV_#[REDACTED_DEVICE_SERIAL]&0#{53F56307-B6BF-11D0-94F2-00A0C91EFB8B}""},{""Status"":""OK"",""Class"":""Volume"",""FriendlyName"":""��"",""InstanceId"":""STORAGE\\VOLUME\\_??_USBSTOR#DISK&VEN_SONY_MIC&PROD_ROVAULT&REV_#[REDACTED_DEVICE_SERIAL]&0#{53F56307-B6BF-11D0-94F2-00A0C91EFB8B}""},{""Status"":""OK"",""Class"":""DiskDrive"",""FriendlyName"":""Sony Mic roVault USB Device"",""InstanceId"":""USBSTOR\\DISK&VEN_SONY_MIC&PROD_ROVAULT&REV_\\[REDACTED_DEVICE_SERIAL]&0""},{""Status"":""OK"",""Class"":""USB"",""FriendlyName"":""Sony USB HiFD Drive"",""InstanceId"":""USB\\VID_054C&PID_0022\\[REDACTED_DEVICE_SERIAL]""}]}",absent,absent,32.4,30.6,List of devices attached,
2026-10-01T14:45:04.688+00:00,2026-10-01T14:45:04.753+00:00,1002.503,present,943.6,"{""state"":""present"",""devices"":[{""Status"":""OK"",""Class"":""WPD"",""FriendlyName"":""THYME_DIAG"",""InstanceId"":""SWD\\WPDBUSENUM\\_??_USBSTOR#DISK&VEN_SONY_MIC&PROD_ROVAULT&REV_#[REDACTED_DEVICE_SERIAL]&0#{53F56307-B6BF-11D0-94F2-00A0C91EFB8B}""},{""Status"":""OK"",""Class"":""Volume"",""FriendlyName"":""��"",""InstanceId"":""STORAGE\\VOLUME\\_??_USBSTOR#DISK&VEN_SONY_MIC&PROD_ROVAULT&REV_#[REDACTED_DEVICE_SERIAL]&0#{53F56307-B6BF-11D0-94F2-00A0C91EFB8B}""},{""Status"":""OK"",""Class"":""DiskDrive"",""FriendlyName"":""Sony Mic roVault USB Device"",""InstanceId"":""USBSTOR\\DISK&VEN_SONY_MIC&PROD_ROVAULT&REV_\\[REDACTED_DEVICE_SERIAL]&0""},{""Status"":""OK"",""Class"":""USB"",""FriendlyName"":""Sony USB HiFD Drive"",""InstanceId"":""USB\\VID_054C&PID_0022\\[REDACTED_DEVICE_SERIAL]""}]}",absent,absent,33.2,30.9,List of devices attached,
2026-10-01T14:45:05.688+00:00,2026-10-01T14:45:05.749+00:00,1003.499,present,920.9,"{""state"":""present"",""devices"":[{""Status"":""OK"",""Class"":""WPD"",""FriendlyName"":""THYME_DIAG"",""InstanceId"":""SWD\\WPDBUSENUM\\_??_USBSTOR#DISK&VEN_SONY_MIC&PROD_ROVAULT&REV_#[REDACTED_DEVICE_SERIAL]&0#{53F56307-B6BF-11D0-94F2-00A0C91EFB8B}""},{""Status"":""OK"",""Class"":""Volume"",""FriendlyName"":""��"",""InstanceId"":""STORAGE\\VOLUME\\_??_USBSTOR#DISK&VEN_SONY_MIC&PROD_ROVAULT&REV_#[REDACTED_DEVICE_SERIAL]&0#{53F56307-B6BF-11D0-94F2-00A0C91EFB8B}""},{""Status"":""OK"",""Class"":""DiskDrive"",""FriendlyName"":""Sony Mic roVault USB Device"",""InstanceId"":""USBSTOR\\DISK&VEN_SONY_MIC&PROD_ROVAULT&REV_\\[REDACTED_DEVICE_SERIAL]&0""},{""Status"":""OK"",""Class"":""USB"",""FriendlyName"":""Sony USB HiFD Drive"",""InstanceId"":""USB\\VID_054C&PID_0022\\[REDACTED_DEVICE_SERIAL]""}]}",absent,absent,30.1,30.4,List of devices attached,
2026-10-01T14:45:06.689+00:00,2026-10-01T14:45:06.752+00:00,1004.502,present,922.1,"{""state"":""present"",""devices"":[{""Status"":""OK"",""Class"":""WPD"",""FriendlyName"":""THYME_DIAG"",""InstanceId"":""SWD\\WPDBUSENUM\\_??_USBSTOR#DISK&VEN_SONY_MIC&PROD_ROVAULT&REV_#[REDACTED_DEVICE_SERIAL]&0#{53F56307-B6BF-11D0-94F2-00A0C91EFB8B}""},{""Status"":""OK"",""Class"":""Volume"",""FriendlyName"":""��"",""InstanceId"":""STORAGE\\VOLUME\\_??_USBSTOR#DISK&VEN_SONY_MIC&PROD_ROVAULT&REV_#[REDACTED_DEVICE_SERIAL]&0#{53F56307-B6BF-11D0-94F2-00A0C91EFB8B}""},{""Status"":""OK"",""Class"":""DiskDrive"",""FriendlyName"":""Sony Mic roVault USB Device"",""InstanceId"":""USBSTOR\\DISK&VEN_SONY_MIC&PROD_ROVAULT&REV_\\[REDACTED_DEVICE_SERIAL]&0""},{""Status"":""OK"",""Class"":""USB"",""FriendlyName"":""Sony USB HiFD Drive"",""InstanceId"":""USB\\VID_054C&PID_0022\\[REDACTED_DEVICE_SERIAL]""}]}",absent,absent,33.7,29.8,List of devices attached,
2026-10-01T14:45:07.689+00:00,2026-10-01T14:45:07.753+00:00,1005.503,present,952.3,"{""state"":""present"",""devices"":[{""Status"":""OK"",""Class"":""WPD"",""FriendlyName"":""THYME_DIAG"",""InstanceId"":""SWD\\WPDBUSENUM\\_??_USBSTOR#DISK&VEN_SONY_MIC&PROD_ROVAULT&REV_#[REDACTED_DEVICE_SERIAL]&0#{53F56307-B6BF-11D0-94F2-00A0C91EFB8B}""},{""Status"":""OK"",""Class"":""Volume"",""FriendlyName"":""��"",""InstanceId"":""STORAGE\\VOLUME\\_??_USBSTOR#DISK&VEN_SONY_MIC&PROD_ROVAULT&REV_#[REDACTED_DEVICE_SERIAL]&0#{53F56307-B6BF-11D0-94F2-00A0C91EFB8B}""},{""Status"":""OK"",""Class"":""DiskDrive"",""FriendlyName"":""Sony Mic roVault USB Device"",""InstanceId"":""USBSTOR\\DISK&VEN_SONY_MIC&PROD_ROVAULT&REV_\\[REDACTED_DEVICE_SERIAL]&0""},{""Status"":""OK"",""Class"":""USB"",""FriendlyName"":""Sony USB HiFD Drive"",""InstanceId"":""USB\\VID_054C&PID_0022\\[REDACTED_DEVICE_SERIAL]""}]}",absent,absent,33.8,30.0,List of devices attached,
2026-10-01T14:45:08.689+00:00,2026-10-01T14:45:08.752+00:00,1006.502,present,932.5,"{""state"":""present"",""devices"":[{""Status"":""OK"",""Class"":""WPD"",""FriendlyName"":""THYME_DIAG"",""InstanceId"":""SWD\\WPDBUSENUM\\_??_USBSTOR#DISK&VEN_SONY_MIC&PROD_ROVAULT&REV_#[REDACTED_DEVICE_SERIAL]&0#{53F56307-B6BF-11D0-94F2-00A0C91EFB8B}""},{""Status"":""OK"",""Class"":""Volume"",""FriendlyName"":""��"",""InstanceId"":""STORAGE\\VOLUME\\_??_USBSTOR#DISK&VEN_SONY_MIC&PROD_ROVAULT&REV_#[REDACTED_DEVICE_SERIAL]&0#{53F56307-B6BF-11D0-94F2-00A0C91EFB8B}""},{""Status"":""OK"",""Class"":""DiskDrive"",""FriendlyName"":""Sony Mic roVault USB Device"",""InstanceId"":""USBSTOR\\DISK&VEN_SONY_MIC&PROD_ROVAULT&REV_\\[REDACTED_DEVICE_SERIAL]&0""},{""Status"":""OK"",""Class"":""USB"",""FriendlyName"":""Sony USB HiFD Drive"",""InstanceId"":""USB\\VID_054C&PID_0022\\[REDACTED_DEVICE_SERIAL]""}]}",absent,absent,31.6,30.6,List of devices attached,
2026-10-01T14:45:09.690+00:00,2026-10-01T14:45:09.752+00:00,1007.502,present,947.7,"{""state"":""present"",""devices"":[{""Status"":""OK"",""Class"":""WPD"",""FriendlyName"":""THYME_DIAG"",""InstanceId"":""SWD\\WPDBUSENUM\\_??_USBSTOR#DISK&VEN_SONY_MIC&PROD_ROVAULT&REV_#[REDACTED_DEVICE_SERIAL]&0#{53F56307-B6BF-11D0-94F2-00A0C91EFB8B}""},{""Status"":""OK"",""Class"":""Volume"",""FriendlyName"":""��"",""InstanceId"":""STORAGE\\VOLUME\\_??_USBSTOR#DISK&VEN_SONY_MIC&PROD_ROVAULT&REV_#[REDACTED_DEVICE_SERIAL]&0#{53F56307-B6BF-11D0-94F2-00A0C91EFB8B}""},{""Status"":""OK"",""Class"":""DiskDrive"",""FriendlyName"":""Sony Mic roVault USB Device"",""InstanceId"":""USBSTOR\\DISK&VEN_SONY_MIC&PROD_ROVAULT&REV_\\[REDACTED_DEVICE_SERIAL]&0""},{""Status"":""OK"",""Class"":""USB"",""FriendlyName"":""Sony USB HiFD Drive"",""InstanceId"":""USB\\VID_054C&PID_0022\\[REDACTED_DEVICE_SERIAL]""}]}",absent,absent,32.0,29.6,List of devices attached,
2026-10-01T14:45:10.690+00:00,2026-10-01T14:45:10.753+00:00,1008.503,present,958.6,"{""state"":""present"",""devices"":[{""Status"":""OK"",""Class"":""WPD"",""FriendlyName"":""THYME_DIAG"",""InstanceId"":""SWD\\WPDBUSENUM\\_??_USBSTOR#DISK&VEN_SONY_MIC&PROD_ROVAULT&REV_#[REDACTED_DEVICE_SERIAL]&0#{53F56307-B6BF-11D0-94F2-00A0C91EFB8B}""},{""Status"":""OK"",""Class"":""Volume"",""FriendlyName"":""��"",""InstanceId"":""STORAGE\\VOLUME\\_??_USBSTOR#DISK&VEN_SONY_MIC&PROD_ROVAULT&REV_#[REDACTED_DEVICE_SERIAL]&0#{53F56307-B6BF-11D0-94F2-00A0C91EFB8B}""},{""Status"":""OK"",""Class"":""DiskDrive"",""FriendlyName"":""Sony Mic roVault USB Device"",""InstanceId"":""USBSTOR\\DISK&VEN_SONY_MIC&PROD_ROVAULT&REV_\\[REDACTED_DEVICE_SERIAL]&0""},{""Status"":""OK"",""Class"":""USB"",""FriendlyName"":""Sony USB HiFD Drive"",""InstanceId"":""USB\\VID_054C&PID_0022\\[REDACTED_DEVICE_SERIAL]""}]}",absent,absent,32.2,30.0,List of devices attached,
2026-10-01T14:45:11.690+00:00,2026-10-01T14:45:11.755+00:00,1009.505,present,928.1,"{""state"":""present"",""devices"":[{""Status"":""OK"",""Class"":""WPD"",""FriendlyName"":""THYME_DIAG"",""InstanceId"":""SWD\\WPDBUSENUM\\_??_USBSTOR#DISK&VEN_SONY_MIC&PROD_ROVAULT&REV_#[REDACTED_DEVICE_SERIAL]&0#{53F56307-B6BF-11D0-94F2-00A0C91EFB8B}""},{""Status"":""OK"",""Class"":""Volume"",""FriendlyName"":""��"",""InstanceId"":""STORAGE\\VOLUME\\_??_USBSTOR#DISK&VEN_SONY_MIC&PROD_ROVAULT&REV_#[REDACTED_DEVICE_SERIAL]&0#{53F56307-B6BF-11D0-94F2-00A0C91EFB8B}""},{""Status"":""OK"",""Class"":""DiskDrive"",""FriendlyName"":""Sony Mic roVault USB Device"",""InstanceId"":""USBSTOR\\DISK&VEN_SONY_MIC&PROD_ROVAULT&REV_\\[REDACTED_DEVICE_SERIAL]&0""},{""Status"":""OK"",""Class"":""USB"",""FriendlyName"":""Sony USB HiFD Drive"",""InstanceId"":""USB\\VID_054C&PID_0022\\[REDACTED_DEVICE_SERIAL]""}]}",absent,absent,33.8,30.5,List of devices attached,
2026-10-01T14:45:12.691+00:00,2026-10-01T14:45:12.753+00:00,1010.503,present,951.8,"{""state"":""present"",""devices"":[{""Status"":""OK"",""Class"":""WPD"",""FriendlyName"":""THYME_DIAG"",""InstanceId"":""SWD\\WPDBUSENUM\\_??_USBSTOR#DISK&VEN_SONY_MIC&PROD_ROVAULT&REV_#[REDACTED_DEVICE_SERIAL]&0#{53F56307-B6BF-11D0-94F2-00A0C91EFB8B}""},{""Status"":""OK"",""Class"":""Volume"",""FriendlyName"":""��"",""InstanceId"":""STORAGE\\VOLUME\\_??_USBSTOR#DISK&VEN_SONY_MIC&PROD_ROVAULT&REV_#[REDACTED_DEVICE_SERIAL]&0#{53F56307-B6BF-11D0-94F2-00A0C91EFB8B}""},{""Status"":""OK"",""Class"":""DiskDrive"",""FriendlyName"":""Sony Mic roVault USB Device"",""InstanceId"":""USBSTOR\\DISK&VEN_SONY_MIC&PROD_ROVAULT&REV_\\[REDACTED_DEVICE_SERIAL]&0""},{""Status"":""OK"",""Class"":""USB"",""FriendlyName"":""Sony USB HiFD Drive"",""InstanceId"":""USB\\VID_054C&PID_0022\\[REDACTED_DEVICE_SERIAL]""}]}",absent,absent,32.3,29.9,List of devices attached,
2026-10-01T14:45:13.691+00:00,2026-10-01T14:45:13.754+00:00,1011.504,present,914.6,"{""state"":""present"",""devices"":[{""Status"":""OK"",""Class"":""WPD"",""FriendlyName"":""THYME_DIAG"",""InstanceId"":""SWD\\WPDBUSENUM\\_??_USBSTOR#DISK&VEN_SONY_MIC&PROD_ROVAULT&REV_#[REDACTED_DEVICE_SERIAL]&0#{53F56307-B6BF-11D0-94F2-00A0C91EFB8B}""},{""Status"":""OK"",""Class"":""Volume"",""FriendlyName"":""��"",""InstanceId"":""STORAGE\\VOLUME\\_??_USBSTOR#DISK&VEN_SONY_MIC&PROD_ROVAULT&REV_#[REDACTED_DEVICE_SERIAL]&0#{53F56307-B6BF-11D0-94F2-00A0C91EFB8B}""},{""Status"":""OK"",""Class"":""DiskDrive"",""FriendlyName"":""Sony Mic roVault USB Device"",""InstanceId"":""USBSTOR\\DISK&VEN_SONY_MIC&PROD_ROVAULT&REV_\\[REDACTED_DEVICE_SERIAL]&0""},{""Status"":""OK"",""Class"":""USB"",""FriendlyName"":""Sony USB HiFD Drive"",""InstanceId"":""USB\\VID_054C&PID_0022\\[REDACTED_DEVICE_SERIAL]""}]}",absent,absent,32.2,30.7,List of devices attached,
2026-10-01T14:45:14.691+00:00,2026-10-01T14:45:14.754+00:00,1012.504,present,965.4,"{""state"":""present"",""devices"":[{""Status"":""OK"",""Class"":""WPD"",""FriendlyName"":""THYME_DIAG"",""InstanceId"":""SWD\\WPDBUSENUM\\_??_USBSTOR#DISK&VEN_SONY_MIC&PROD_ROVAULT&REV_#[REDACTED_DEVICE_SERIAL]&0#{53F56307-B6BF-11D0-94F2-00A0C91EFB8B}""},{""Status"":""OK"",""Class"":""Volume"",""FriendlyName"":""��"",""InstanceId"":""STORAGE\\VOLUME\\_??_USBSTOR#DISK&VEN_SONY_MIC&PROD_ROVAULT&REV_#[REDACTED_DEVICE_SERIAL]&0#{53F56307-B6BF-11D0-94F2-00A0C91EFB8B}""},{""Status"":""OK"",""Class"":""DiskDrive"",""FriendlyName"":""Sony Mic roVault USB Device"",""InstanceId"":""USBSTOR\\DISK&VEN_SONY_MIC&PROD_ROVAULT&REV_\\[REDACTED_DEVICE_SERIAL]&0""},{""Status"":""OK"",""Class"":""USB"",""FriendlyName"":""Sony USB HiFD Drive"",""InstanceId"":""USB\\VID_054C&PID_0022\\[REDACTED_DEVICE_SERIAL]""}]}",absent,absent,31.5,30.9,List of devices attached,
2026-10-01T14:45:15.692+00:00,2026-10-01T14:45:15.756+00:00,1013.506,present,940.7,"{""state"":""present"",""devices"":[{""Status"":""OK"",""Class"":""WPD"",""FriendlyName"":""THYME_DIAG"",""InstanceId"":""SWD\\WPDBUSENUM\\_??_USBSTOR#DISK&VEN_SONY_MIC&PROD_ROVAULT&REV_#[REDACTED_DEVICE_SERIAL]&0#{53F56307-B6BF-11D0-94F2-00A0C91EFB8B}""},{""Status"":""OK"",""Class"":""Volume"",""FriendlyName"":""��"",""InstanceId"":""STORAGE\\VOLUME\\_??_USBSTOR#DISK&VEN_SONY_MIC&PROD_ROVAULT&REV_#[REDACTED_DEVICE_SERIAL]&0#{53F56307-B6BF-11D0-94F2-00A0C91EFB8B}""},{""Status"":""OK"",""Class"":""DiskDrive"",""FriendlyName"":""Sony Mic roVault USB Device"",""InstanceId"":""USBSTOR\\DISK&VEN_SONY_MIC&PROD_ROVAULT&REV_\\[REDACTED_DEVICE_SERIAL]&0""},{""Status"":""OK"",""Class"":""USB"",""FriendlyName"":""Sony USB HiFD Drive"",""InstanceId"":""USB\\VID_054C&PID_0022\\[REDACTED_DEVICE_SERIAL]""}]}",absent,absent,33.8,30.4,List of devices attached,
2026-10-01T14:45:16.692+00:00,2026-10-01T14:45:16.755+00:00,1014.505,present,945.5,"{""state"":""present"",""devices"":[{""Status"":""OK"",""Class"":""WPD"",""FriendlyName"":""THYME_DIAG"",""InstanceId"":""SWD\\WPDBUSENUM\\_??_USBSTOR#DISK&VEN_SONY_MIC&PROD_ROVAULT&REV_#[REDACTED_DEVICE_SERIAL]&0#{53F56307-B6BF-11D0-94F2-00A0C91EFB8B}""},{""Status"":""OK"",""Class"":""Volume"",""FriendlyName"":""��"",""InstanceId"":""STORAGE\\VOLUME\\_??_USBSTOR#DISK&VEN_SONY_MIC&PROD_ROVAULT&REV_#[REDACTED_DEVICE_SERIAL]&0#{53F56307-B6BF-11D0-94F2-00A0C91EFB8B}""},{""Status"":""OK"",""Class"":""DiskDrive"",""FriendlyName"":""Sony Mic roVault USB Device"",""InstanceId"":""USBSTOR\\DISK&VEN_SONY_MIC&PROD_ROVAULT&REV_\\[REDACTED_DEVICE_SERIAL]&0""},{""Status"":""OK"",""Class"":""USB"",""FriendlyName"":""Sony USB HiFD Drive"",""InstanceId"":""USB\\VID_054C&PID_0022\\[REDACTED_DEVICE_SERIAL]""}]}",absent,absent,32.9,30.0,List of devices attached,
2026-10-01T14:45:17.692+00:00,2026-10-01T14:45:17.755+00:00,1015.505,present,940.5,"{""state"":""present"",""devices"":[{""Status"":""OK"",""Class"":""WPD"",""FriendlyName"":""THYME_DIAG"",""InstanceId"":""SWD\\WPDBUSENUM\\_??_USBSTOR#DISK&VEN_SONY_MIC&PROD_ROVAULT&REV_#[REDACTED_DEVICE_SERIAL]&0#{53F56307-B6BF-11D0-94F2-00A0C91EFB8B}""},{""Status"":""OK"",""Class"":""Volume"",""FriendlyName"":""��"",""InstanceId"":""STORAGE\\VOLUME\\_??_USBSTOR#DISK&VEN_SONY_MIC&PROD_ROVAULT&REV_#[REDACTED_DEVICE_SERIAL]&0#{53F56307-B6BF-11D0-94F2-00A0C91EFB8B}""},{""Status"":""OK"",""Class"":""DiskDrive"",""FriendlyName"":""Sony Mic roVault USB Device"",""InstanceId"":""USBSTOR\\DISK&VEN_SONY_MIC&PROD_ROVAULT&REV_\\[REDACTED_DEVICE_SERIAL]&0""},{""Status"":""OK"",""Class"":""USB"",""FriendlyName"":""Sony USB HiFD Drive"",""InstanceId"":""USB\\VID_054C&PID_0022\\[REDACTED_DEVICE_SERIAL]""}]}",absent,absent,31.6,30.9,List of devices attached,
2026-10-01T14:45:18.692+00:00,2026-10-01T14:45:18.756+00:00,1016.506,present,934.4,"{""state"":""present"",""devices"":[{""Status"":""OK"",""Class"":""WPD"",""FriendlyName"":""THYME_DIAG"",""InstanceId"":""SWD\\WPDBUSENUM\\_??_USBSTOR#DISK&VEN_SONY_MIC&PROD_ROVAULT&REV_#[REDACTED_DEVICE_SERIAL]&0#{53F56307-B6BF-11D0-94F2-00A0C91EFB8B}""},{""Status"":""OK"",""Class"":""Volume"",""FriendlyName"":""��"",""InstanceId"":""STORAGE\\VOLUME\\_??_USBSTOR#DISK&VEN_SONY_MIC&PROD_ROVAULT&REV_#[REDACTED_DEVICE_SERIAL]&0#{53F56307-B6BF-11D0-94F2-00A0C91EFB8B}""},{""Status"":""OK"",""Class"":""DiskDrive"",""FriendlyName"":""Sony Mic roVault USB Device"",""InstanceId"":""USBSTOR\\DISK&VEN_SONY_MIC&PROD_ROVAULT&REV_\\[REDACTED_DEVICE_SERIAL]&0""},{""Status"":""OK"",""Class"":""USB"",""FriendlyName"":""Sony USB HiFD Drive"",""InstanceId"":""USB\\VID_054C&PID_0022\\[REDACTED_DEVICE_SERIAL]""}]}",absent,absent,32.5,30.6,List of devices attached,
2026-10-01T14:45:19.693+00:00,2026-10-01T14:45:19.756+00:00,1017.506,present,907.6,"{""state"":""present"",""devices"":[{""Status"":""OK"",""Class"":""WPD"",""FriendlyName"":""THYME_DIAG"",""InstanceId"":""SWD\\WPDBUSENUM\\_??_USBSTOR#DISK&VEN_SONY_MIC&PROD_ROVAULT&REV_#[REDACTED_DEVICE_SERIAL]&0#{53F56307-B6BF-11D0-94F2-00A0C91EFB8B}""},{""Status"":""OK"",""Class"":""Volume"",""FriendlyName"":""��"",""InstanceId"":""STORAGE\\VOLUME\\_??_USBSTOR#DISK&VEN_SONY_MIC&PROD_ROVAULT&REV_#[REDACTED_DEVICE_SERIAL]&0#{53F56307-B6BF-11D0-94F2-00A0C91EFB8B}""},{""Status"":""OK"",""Class"":""DiskDrive"",""FriendlyName"":""Sony Mic roVault USB Device"",""InstanceId"":""USBSTOR\\DISK&VEN_SONY_MIC&PROD_ROVAULT&REV_\\[REDACTED_DEVICE_SERIAL]&0""},{""Status"":""OK"",""Class"":""USB"",""FriendlyName"":""Sony USB HiFD Drive"",""InstanceId"":""USB\\VID_054C&PID_0022\\[REDACTED_DEVICE_SERIAL]""}]}",absent,absent,33.5,30.2,List of devices attached,
2026-10-01T14:45:20.693+00:00,2026-10-01T14:45:20.754+00:00,1018.504,present,931.7,"{""state"":""present"",""devices"":[{""Status"":""OK"",""Class"":""WPD"",""FriendlyName"":""THYME_DIAG"",""InstanceId"":""SWD\\WPDBUSENUM\\_??_USBSTOR#DISK&VEN_SONY_MIC&PROD_ROVAULT&REV_#[REDACTED_DEVICE_SERIAL]&0#{53F56307-B6BF-11D0-94F2-00A0C91EFB8B}""},{""Status"":""OK"",""Class"":""Volume"",""FriendlyName"":""��"",""InstanceId"":""STORAGE\\VOLUME\\_??_USBSTOR#DISK&VEN_SONY_MIC&PROD_ROVAULT&REV_#[REDACTED_DEVICE_SERIAL]&0#{53F56307-B6BF-11D0-94F2-00A0C91EFB8B}""},{""Status"":""OK"",""Class"":""DiskDrive"",""FriendlyName"":""Sony Mic roVault USB Device"",""InstanceId"":""USBSTOR\\DISK&VEN_SONY_MIC&PROD_ROVAULT&REV_\\[REDACTED_DEVICE_SERIAL]&0""},{""Status"":""OK"",""Class"":""USB"",""FriendlyName"":""Sony USB HiFD Drive"",""InstanceId"":""USB\\VID_054C&PID_0022\\[REDACTED_DEVICE_SERIAL]""}]}",absent,absent,31.9,29.5,List of devices attached,
2026-10-01T14:45:21.693+00:00,2026-10-01T14:45:21.759+00:00,1019.509,present,916.9,"{""state"":""present"",""devices"":[{""Status"":""OK"",""Class"":""WPD"",""FriendlyName"":""THYME_DIAG"",""InstanceId"":""SWD\\WPDBUSENUM\\_??_USBSTOR#DISK&VEN_SONY_MIC&PROD_ROVAULT&REV_#[REDACTED_DEVICE_SERIAL]&0#{53F56307-B6BF-11D0-94F2-00A0C91EFB8B}""},{""Status"":""OK"",""Class"":""Volume"",""FriendlyName"":""��"",""InstanceId"":""STORAGE\\VOLUME\\_??_USBSTOR#DISK&VEN_SONY_MIC&PROD_ROVAULT&REV_#[REDACTED_DEVICE_SERIAL]&0#{53F56307-B6BF-11D0-94F2-00A0C91EFB8B}""},{""Status"":""OK"",""Class"":""DiskDrive"",""FriendlyName"":""Sony Mic roVault USB Device"",""InstanceId"":""USBSTOR\\DISK&VEN_SONY_MIC&PROD_ROVAULT&REV_\\[REDACTED_DEVICE_SERIAL]&0""},{""Status"":""OK"",""Class"":""USB"",""FriendlyName"":""Sony USB HiFD Drive"",""InstanceId"":""USB\\VID_054C&PID_0022\\[REDACTED_DEVICE_SERIAL]""}]}",absent,absent,35.2,30.7,List of devices attached,
2026-10-01T14:45:22.694+00:00,2026-10-01T14:45:22.757+00:00,1020.507,present,937.9,"{""state"":""present"",""devices"":[{""Status"":""OK"",""Class"":""WPD"",""FriendlyName"":""THYME_DIAG"",""InstanceId"":""SWD\\WPDBUSENUM\\_??_USBSTOR#DISK&VEN_SONY_MIC&PROD_ROVAULT&REV_#[REDACTED_DEVICE_SERIAL]&0#{53F56307-B6BF-11D0-94F2-00A0C91EFB8B}""},{""Status"":""OK"",""Class"":""Volume"",""FriendlyName"":""��"",""InstanceId"":""STORAGE\\VOLUME\\_??_USBSTOR#DISK&VEN_SONY_MIC&PROD_ROVAULT&REV_#[REDACTED_DEVICE_SERIAL]&0#{53F56307-B6BF-11D0-94F2-00A0C91EFB8B}""},{""Status"":""OK"",""Class"":""DiskDrive"",""FriendlyName"":""Sony Mic roVault USB Device"",""InstanceId"":""USBSTOR\\DISK&VEN_SONY_MIC&PROD_ROVAULT&REV_\\[REDACTED_DEVICE_SERIAL]&0""},{""Status"":""OK"",""Class"":""USB"",""FriendlyName"":""Sony USB HiFD Drive"",""InstanceId"":""USB\\VID_054C&PID_0022\\[REDACTED_DEVICE_SERIAL]""}]}",absent,absent,33.0,30.6,List of devices attached,
2026-10-01T14:45:23.694+00:00,2026-10-01T14:45:23.760+00:00,1021.510,present,934.3,"{""state"":""present"",""devices"":[{""Status"":""OK"",""Class"":""WPD"",""FriendlyName"":""THYME_DIAG"",""InstanceId"":""SWD\\WPDBUSENUM\\_??_USBSTOR#DISK&VEN_SONY_MIC&PROD_ROVAULT&REV_#[REDACTED_DEVICE_SERIAL]&0#{53F56307-B6BF-11D0-94F2-00A0C91EFB8B}""},{""Status"":""OK"",""Class"":""Volume"",""FriendlyName"":""��"",""InstanceId"":""STORAGE\\VOLUME\\_??_USBSTOR#DISK&VEN_SONY_MIC&PROD_ROVAULT&REV_#[REDACTED_DEVICE_SERIAL]&0#{53F56307-B6BF-11D0-94F2-00A0C91EFB8B}""},{""Status"":""OK"",""Class"":""DiskDrive"",""FriendlyName"":""Sony Mic roVault USB Device"",""InstanceId"":""USBSTOR\\DISK&VEN_SONY_MIC&PROD_ROVAULT&REV_\\[REDACTED_DEVICE_SERIAL]&0""},{""Status"":""OK"",""Class"":""USB"",""FriendlyName"":""Sony USB HiFD Drive"",""InstanceId"":""USB\\VID_054C&PID_0022\\[REDACTED_DEVICE_SERIAL]""}]}",absent,absent,34.3,31.8,List of devices attached,
2026-10-01T14:45:24.694+00:00,2026-10-01T14:45:24.759+00:00,1022.509,present,931.8,"{""state"":""present"",""devices"":[{""Status"":""OK"",""Class"":""WPD"",""FriendlyName"":""THYME_DIAG"",""InstanceId"":""SWD\\WPDBUSENUM\\_??_USBSTOR#DISK&VEN_SONY_MIC&PROD_ROVAULT&REV_#[REDACTED_DEVICE_SERIAL]&0#{53F56307-B6BF-11D0-94F2-00A0C91EFB8B}""},{""Status"":""OK"",""Class"":""Volume"",""FriendlyName"":""��"",""InstanceId"":""STORAGE\\VOLUME\\_??_USBSTOR#DISK&VEN_SONY_MIC&PROD_ROVAULT&REV_#[REDACTED_DEVICE_SERIAL]&0#{53F56307-B6BF-11D0-94F2-00A0C91EFB8B}""},{""Status"":""OK"",""Class"":""DiskDrive"",""FriendlyName"":""Sony Mic roVault USB Device"",""InstanceId"":""USBSTOR\\DISK&VEN_SONY_MIC&PROD_ROVAULT&REV_\\[REDACTED_DEVICE_SERIAL]&0""},{""Status"":""OK"",""Class"":""USB"",""FriendlyName"":""Sony USB HiFD Drive"",""InstanceId"":""USB\\VID_054C&PID_0022\\[REDACTED_DEVICE_SERIAL]""}]}",absent,absent,34.6,29.7,List of devices attached,
2026-10-01T14:45:25.695+00:00,2026-10-01T14:45:25.758+00:00,1023.508,present,928.3,"{""state"":""present"",""devices"":[{""Status"":""OK"",""Class"":""WPD"",""FriendlyName"":""THYME_DIAG"",""InstanceId"":""SWD\\WPDBUSENUM\\_??_USBSTOR#DISK&VEN_SONY_MIC&PROD_ROVAULT&REV_#[REDACTED_DEVICE_SERIAL]&0#{53F56307-B6BF-11D0-94F2-00A0C91EFB8B}""},{""Status"":""OK"",""Class"":""Volume"",""FriendlyName"":""��"",""InstanceId"":""STORAGE\\VOLUME\\_??_USBSTOR#DISK&VEN_SONY_MIC&PROD_ROVAULT&REV_#[REDACTED_DEVICE_SERIAL]&0#{53F56307-B6BF-11D0-94F2-00A0C91EFB8B}""},{""Status"":""OK"",""Class"":""DiskDrive"",""FriendlyName"":""Sony Mic roVault USB Device"",""InstanceId"":""USBSTOR\\DISK&VEN_SONY_MIC&PROD_ROVAULT&REV_\\[REDACTED_DEVICE_SERIAL]&0""},{""Status"":""OK"",""Class"":""USB"",""FriendlyName"":""Sony USB HiFD Drive"",""InstanceId"":""USB\\VID_054C&PID_0022\\[REDACTED_DEVICE_SERIAL]""}]}",absent,absent,32.8,30.3,List of devices attached,
2026-10-01T14:45:26.695+00:00,2026-10-01T14:45:26.759+00:00,1024.509,present,951.5,"{""state"":""present"",""devices"":[{""Status"":""OK"",""Class"":""WPD"",""FriendlyName"":""THYME_DIAG"",""InstanceId"":""SWD\\WPDBUSENUM\\_??_USBSTOR#DISK&VEN_SONY_MIC&PROD_ROVAULT&REV_#[REDACTED_DEVICE_SERIAL]&0#{53F56307-B6BF-11D0-94F2-00A0C91EFB8B}""},{""Status"":""OK"",""Class"":""Volume"",""FriendlyName"":""��"",""InstanceId"":""STORAGE\\VOLUME\\_??_USBSTOR#DISK&VEN_SONY_MIC&PROD_ROVAULT&REV_#[REDACTED_DEVICE_SERIAL]&0#{53F56307-B6BF-11D0-94F2-00A0C91EFB8B}""},{""Status"":""OK"",""Class"":""DiskDrive"",""FriendlyName"":""Sony Mic roVault USB Device"",""InstanceId"":""USBSTOR\\DISK&VEN_SONY_MIC&PROD_ROVAULT&REV_\\[REDACTED_DEVICE_SERIAL]&0""},{""Status"":""OK"",""Class"":""USB"",""FriendlyName"":""Sony USB HiFD Drive"",""InstanceId"":""USB\\VID_054C&PID_0022\\[REDACTED_DEVICE_SERIAL]""}]}",absent,absent,33.2,30.6,List of devices attached,
2026-10-01T14:45:27.695+00:00,2026-10-01T14:45:27.761+00:00,1025.511,present,931.6,"{""state"":""present"",""devices"":[{""Status"":""OK"",""Class"":""WPD"",""FriendlyName"":""THYME_DIAG"",""InstanceId"":""SWD\\WPDBUSENUM\\_??_USBSTOR#DISK&VEN_SONY_MIC&PROD_ROVAULT&REV_#[REDACTED_DEVICE_SERIAL]&0#{53F56307-B6BF-11D0-94F2-00A0C91EFB8B}""},{""Status"":""OK"",""Class"":""Volume"",""FriendlyName"":""��"",""InstanceId"":""STORAGE\\VOLUME\\_??_USBSTOR#DISK&VEN_SONY_MIC&PROD_ROVAULT&REV_#[REDACTED_DEVICE_SERIAL]&0#{53F56307-B6BF-11D0-94F2-00A0C91EFB8B}""},{""Status"":""OK"",""Class"":""DiskDrive"",""FriendlyName"":""Sony Mic roVault USB Device"",""InstanceId"":""USBSTOR\\DISK&VEN_SONY_MIC&PROD_ROVAULT&REV_\\[REDACTED_DEVICE_SERIAL]&0""},{""Status"":""OK"",""Class"":""USB"",""FriendlyName"":""Sony USB HiFD Drive"",""InstanceId"":""USB\\VID_054C&PID_0022\\[REDACTED_DEVICE_SERIAL]""}]}",absent,absent,33.1,32.1,List of devices attached,
2026-10-01T14:45:28.696+00:00,2026-10-01T14:45:28.760+00:00,1026.510,present,924.1,"{""state"":""present"",""devices"":[{""Status"":""OK"",""Class"":""WPD"",""FriendlyName"":""THYME_DIAG"",""InstanceId"":""SWD\\WPDBUSENUM\\_??_USBSTOR#DISK&VEN_SONY_MIC&PROD_ROVAULT&REV_#[REDACTED_DEVICE_SERIAL]&0#{53F56307-B6BF-11D0-94F2-00A0C91EFB8B}""},{""Status"":""OK"",""Class"":""Volume"",""FriendlyName"":""��"",""InstanceId"":""STORAGE\\VOLUME\\_??_USBSTOR#DISK&VEN_SONY_MIC&PROD_ROVAULT&REV_#[REDACTED_DEVICE_SERIAL]&0#{53F56307-B6BF-11D0-94F2-00A0C91EFB8B}""},{""Status"":""OK"",""Class"":""DiskDrive"",""FriendlyName"":""Sony Mic roVault USB Device"",""InstanceId"":""USBSTOR\\DISK&VEN_SONY_MIC&PROD_ROVAULT&REV_\\[REDACTED_DEVICE_SERIAL]&0""},{""Status"":""OK"",""Class"":""USB"",""FriendlyName"":""Sony USB HiFD Drive"",""InstanceId"":""USB\\VID_054C&PID_0022\\[REDACTED_DEVICE_SERIAL]""}]}",absent,absent,33.9,30.4,List of devices attached,
2026-10-01T14:45:29.696+00:00,2026-10-01T14:45:29.757+00:00,1027.507,present,925.9,"{""state"":""present"",""devices"":[{""Status"":""OK"",""Class"":""WPD"",""FriendlyName"":""THYME_DIAG"",""InstanceId"":""SWD\\WPDBUSENUM\\_??_USBSTOR#DISK&VEN_SONY_MIC&PROD_ROVAULT&REV_#[REDACTED_DEVICE_SERIAL]&0#{53F56307-B6BF-11D0-94F2-00A0C91EFB8B}""},{""Status"":""OK"",""Class"":""Volume"",""FriendlyName"":""��"",""InstanceId"":""STORAGE\\VOLUME\\_??_USBSTOR#DISK&VEN_SONY_MIC&PROD_ROVAULT&REV_#[REDACTED_DEVICE_SERIAL]&0#{53F56307-B6BF-11D0-94F2-00A0C91EFB8B}""},{""Status"":""OK"",""Class"":""DiskDrive"",""FriendlyName"":""Sony Mic roVault USB Device"",""InstanceId"":""USBSTOR\\DISK&VEN_SONY_MIC&PROD_ROVAULT&REV_\\[REDACTED_DEVICE_SERIAL]&0""},{""Status"":""OK"",""Class"":""USB"",""FriendlyName"":""Sony USB HiFD Drive"",""InstanceId"":""USB\\VID_054C&PID_0022\\[REDACTED_DEVICE_SERIAL]""}]}",absent,absent,31.7,29.4,List of devices attached,
2026-10-01T14:45:30.696+00:00,2026-10-01T14:45:30.761+00:00,1028.511,present,934.5,"{""state"":""present"",""devices"":[{""Status"":""OK"",""Class"":""WPD"",""FriendlyName"":""THYME_DIAG"",""InstanceId"":""SWD\\WPDBUSENUM\\_??_USBSTOR#DISK&VEN_SONY_MIC&PROD_ROVAULT&REV_#[REDACTED_DEVICE_SERIAL]&0#{53F56307-B6BF-11D0-94F2-00A0C91EFB8B}""},{""Status"":""OK"",""Class"":""Volume"",""FriendlyName"":""��"",""InstanceId"":""STORAGE\\VOLUME\\_??_USBSTOR#DISK&VEN_SONY_MIC&PROD_ROVAULT&REV_#[REDACTED_DEVICE_SERIAL]&0#{53F56307-B6BF-11D0-94F2-00A0C91EFB8B}""},{""Status"":""OK"",""Class"":""DiskDrive"",""FriendlyName"":""Sony Mic roVault USB Device"",""InstanceId"":""USBSTOR\\DISK&VEN_SONY_MIC&PROD_ROVAULT&REV_\\[REDACTED_DEVICE_SERIAL]&0""},{""Status"":""OK"",""Class"":""USB"",""FriendlyName"":""Sony USB HiFD Drive"",""InstanceId"":""USB\\VID_054C&PID_0022\\[REDACTED_DEVICE_SERIAL]""}]}",absent,absent,33.4,30.8,List of devices attached,
2026-10-01T14:45:31.697+00:00,2026-10-01T14:45:31.761+00:00,1029.511,present,923.7,"{""state"":""present"",""devices"":[{""Status"":""OK"",""Class"":""WPD"",""FriendlyName"":""THYME_DIAG"",""InstanceId"":""SWD\\WPDBUSENUM\\_??_USBSTOR#DISK&VEN_SONY_MIC&PROD_ROVAULT&REV_#[REDACTED_DEVICE_SERIAL]&0#{53F56307-B6BF-11D0-94F2-00A0C91EFB8B}""},{""Status"":""OK"",""Class"":""Volume"",""FriendlyName"":""��"",""InstanceId"":""STORAGE\\VOLUME\\_??_USBSTOR#DISK&VEN_SONY_MIC&PROD_ROVAULT&REV_#[REDACTED_DEVICE_SERIAL]&0#{53F56307-B6BF-11D0-94F2-00A0C91EFB8B}""},{""Status"":""OK"",""Class"":""DiskDrive"",""FriendlyName"":""Sony Mic roVault USB Device"",""InstanceId"":""USBSTOR\\DISK&VEN_SONY_MIC&PROD_ROVAULT&REV_\\[REDACTED_DEVICE_SERIAL]&0""},{""Status"":""OK"",""Class"":""USB"",""FriendlyName"":""Sony USB HiFD Drive"",""InstanceId"":""USB\\VID_054C&PID_0022\\[REDACTED_DEVICE_SERIAL]""}]}",absent,absent,32.9,31.6,List of devices attached,
2026-10-01T14:45:32.697+00:00,2026-10-01T14:45:32.761+00:00,1030.511,present,899.9,"{""state"":""present"",""devices"":[{""Status"":""OK"",""Class"":""WPD"",""FriendlyName"":""THYME_DIAG"",""InstanceId"":""SWD\\WPDBUSENUM\\_??_USBSTOR#DISK&VEN_SONY_MIC&PROD_ROVAULT&REV_#[REDACTED_DEVICE_SERIAL]&0#{53F56307-B6BF-11D0-94F2-00A0C91EFB8B}""},{""Status"":""OK"",""Class"":""Volume"",""FriendlyName"":""��"",""InstanceId"":""STORAGE\\VOLUME\\_??_USBSTOR#DISK&VEN_SONY_MIC&PROD_ROVAULT&REV_#[REDACTED_DEVICE_SERIAL]&0#{53F56307-B6BF-11D0-94F2-00A0C91EFB8B}""},{""Status"":""OK"",""Class"":""DiskDrive"",""FriendlyName"":""Sony Mic roVault USB Device"",""InstanceId"":""USBSTOR\\DISK&VEN_SONY_MIC&PROD_ROVAULT&REV_\\[REDACTED_DEVICE_SERIAL]&0""},{""Status"":""OK"",""Class"":""USB"",""FriendlyName"":""Sony USB HiFD Drive"",""InstanceId"":""USB\\VID_054C&PID_0022\\[REDACTED_DEVICE_SERIAL]""}]}",absent,absent,33.3,30.3,List of devices attached,
2026-10-01T14:45:33.697+00:00,2026-10-01T14:45:33.760+00:00,1031.510,present,953.3,"{""state"":""present"",""devices"":[{""Status"":""OK"",""Class"":""WPD"",""FriendlyName"":""THYME_DIAG"",""InstanceId"":""SWD\\WPDBUSENUM\\_??_USBSTOR#DISK&VEN_SONY_MIC&PROD_ROVAULT&REV_#[REDACTED_DEVICE_SERIAL]&0#{53F56307-B6BF-11D0-94F2-00A0C91EFB8B}""},{""Status"":""OK"",""Class"":""Volume"",""FriendlyName"":""��"",""InstanceId"":""STORAGE\\VOLUME\\_??_USBSTOR#DISK&VEN_SONY_MIC&PROD_ROVAULT&REV_#[REDACTED_DEVICE_SERIAL]&0#{53F56307-B6BF-11D0-94F2-00A0C91EFB8B}""},{""Status"":""OK"",""Class"":""DiskDrive"",""FriendlyName"":""Sony Mic roVault USB Device"",""InstanceId"":""USBSTOR\\DISK&VEN_SONY_MIC&PROD_ROVAULT&REV_\\[REDACTED_DEVICE_SERIAL]&0""},{""Status"":""OK"",""Class"":""USB"",""FriendlyName"":""Sony USB HiFD Drive"",""InstanceId"":""USB\\VID_054C&PID_0022\\[REDACTED_DEVICE_SERIAL]""}]}",absent,absent,32.8,29.4,List of devices attached,
2026-10-01T14:45:34.697+00:00,2026-10-01T14:45:34.763+00:00,1032.513,present,950.7,"{""state"":""present"",""devices"":[{""Status"":""OK"",""Class"":""WPD"",""FriendlyName"":""THYME_DIAG"",""InstanceId"":""SWD\\WPDBUSENUM\\_??_USBSTOR#DISK&VEN_SONY_MIC&PROD_ROVAULT&REV_#[REDACTED_DEVICE_SERIAL]&0#{53F56307-B6BF-11D0-94F2-00A0C91EFB8B}""},{""Status"":""OK"",""Class"":""Volume"",""FriendlyName"":""��"",""InstanceId"":""STORAGE\\VOLUME\\_??_USBSTOR#DISK&VEN_SONY_MIC&PROD_ROVAULT&REV_#[REDACTED_DEVICE_SERIAL]&0#{53F56307-B6BF-11D0-94F2-00A0C91EFB8B}""},{""Status"":""OK"",""Class"":""DiskDrive"",""FriendlyName"":""Sony Mic roVault USB Device"",""InstanceId"":""USBSTOR\\DISK&VEN_SONY_MIC&PROD_ROVAULT&REV_\\[REDACTED_DEVICE_SERIAL]&0""},{""Status"":""OK"",""Class"":""USB"",""FriendlyName"":""Sony USB HiFD Drive"",""InstanceId"":""USB\\VID_054C&PID_0022\\[REDACTED_DEVICE_SERIAL]""}]}",absent,absent,34.9,30.1,List of devices attached,
2026-10-01T14:45:35.698+00:00,2026-10-01T14:45:35.763+00:00,1033.513,present,944.6,"{""state"":""present"",""devices"":[{""Status"":""OK"",""Class"":""WPD"",""FriendlyName"":""THYME_DIAG"",""InstanceId"":""SWD\\WPDBUSENUM\\_??_USBSTOR#DISK&VEN_SONY_MIC&PROD_ROVAULT&REV_#[REDACTED_DEVICE_SERIAL]&0#{53F56307-B6BF-11D0-94F2-00A0C91EFB8B}""},{""Status"":""OK"",""Class"":""Volume"",""FriendlyName"":""��"",""InstanceId"":""STORAGE\\VOLUME\\_??_USBSTOR#DISK&VEN_SONY_MIC&PROD_ROVAULT&REV_#[REDACTED_DEVICE_SERIAL]&0#{53F56307-B6BF-11D0-94F2-00A0C91EFB8B}""},{""Status"":""OK"",""Class"":""DiskDrive"",""FriendlyName"":""Sony Mic roVault USB Device"",""InstanceId"":""USBSTOR\\DISK&VEN_SONY_MIC&PROD_ROVAULT&REV_\\[REDACTED_DEVICE_SERIAL]&0""},{""Status"":""OK"",""Class"":""USB"",""FriendlyName"":""Sony USB HiFD Drive"",""InstanceId"":""USB\\VID_054C&PID_0022\\[REDACTED_DEVICE_SERIAL]""}]}",absent,absent,32.7,31.8,List of devices attached,
2026-10-01T14:45:36.698+00:00,2026-10-01T14:45:36.761+00:00,1034.511,present,939.5,"{""state"":""present"",""devices"":[{""Status"":""OK"",""Class"":""WPD"",""FriendlyName"":""THYME_DIAG"",""InstanceId"":""SWD\\WPDBUSENUM\\_??_USBSTOR#DISK&VEN_SONY_MIC&PROD_ROVAULT&REV_#[REDACTED_DEVICE_SERIAL]&0#{53F56307-B6BF-11D0-94F2-00A0C91EFB8B}""},{""Status"":""OK"",""Class"":""Volume"",""FriendlyName"":""��"",""InstanceId"":""STORAGE\\VOLUME\\_??_USBSTOR#DISK&VEN_SONY_MIC&PROD_ROVAULT&REV_#[REDACTED_DEVICE_SERIAL]&0#{53F56307-B6BF-11D0-94F2-00A0C91EFB8B}""},{""Status"":""OK"",""Class"":""DiskDrive"",""FriendlyName"":""Sony Mic roVault USB Device"",""InstanceId"":""USBSTOR\\DISK&VEN_SONY_MIC&PROD_ROVAULT&REV_\\[REDACTED_DEVICE_SERIAL]&0""},{""Status"":""OK"",""Class"":""USB"",""FriendlyName"":""Sony USB HiFD Drive"",""InstanceId"":""USB\\VID_054C&PID_0022\\[REDACTED_DEVICE_SERIAL]""}]}",absent,absent,34.1,28.6,List of devices attached,
2026-10-01T14:45:37.699+00:00,2026-10-01T14:45:37.763+00:00,1035.513,present,940.8,"{""state"":""present"",""devices"":[{""Status"":""OK"",""Class"":""WPD"",""FriendlyName"":""THYME_DIAG"",""InstanceId"":""SWD\\WPDBUSENUM\\_??_USBSTOR#DISK&VEN_SONY_MIC&PROD_ROVAULT&REV_#[REDACTED_DEVICE_SERIAL]&0#{53F56307-B6BF-11D0-94F2-00A0C91EFB8B}""},{""Status"":""OK"",""Class"":""Volume"",""FriendlyName"":""��"",""InstanceId"":""STORAGE\\VOLUME\\_??_USBSTOR#DISK&VEN_SONY_MIC&PROD_ROVAULT&REV_#[REDACTED_DEVICE_SERIAL]&0#{53F56307-B6BF-11D0-94F2-00A0C91EFB8B}""},{""Status"":""OK"",""Class"":""DiskDrive"",""FriendlyName"":""Sony Mic roVault USB Device"",""InstanceId"":""USBSTOR\\DISK&VEN_SONY_MIC&PROD_ROVAULT&REV_\\[REDACTED_DEVICE_SERIAL]&0""},{""Status"":""OK"",""Class"":""USB"",""FriendlyName"":""Sony USB HiFD Drive"",""InstanceId"":""USB\\VID_054C&PID_0022\\[REDACTED_DEVICE_SERIAL]""}]}",absent,absent,33.3,30.6,List of devices attached,
2026-10-01T14:45:38.699+00:00,2026-10-01T14:45:38.762+00:00,1036.512,present,950.0,"{""state"":""present"",""devices"":[{""Status"":""OK"",""Class"":""WPD"",""FriendlyName"":""THYME_DIAG"",""InstanceId"":""SWD\\WPDBUSENUM\\_??_USBSTOR#DISK&VEN_SONY_MIC&PROD_ROVAULT&REV_#[REDACTED_DEVICE_SERIAL]&0#{53F56307-B6BF-11D0-94F2-00A0C91EFB8B}""},{""Status"":""OK"",""Class"":""Volume"",""FriendlyName"":""��"",""InstanceId"":""STORAGE\\VOLUME\\_??_USBSTOR#DISK&VEN_SONY_MIC&PROD_ROVAULT&REV_#[REDACTED_DEVICE_SERIAL]&0#{53F56307-B6BF-11D0-94F2-00A0C91EFB8B}""},{""Status"":""OK"",""Class"":""DiskDrive"",""FriendlyName"":""Sony Mic roVault USB Device"",""InstanceId"":""USBSTOR\\DISK&VEN_SONY_MIC&PROD_ROVAULT&REV_\\[REDACTED_DEVICE_SERIAL]&0""},{""Status"":""OK"",""Class"":""USB"",""FriendlyName"":""Sony USB HiFD Drive"",""InstanceId"":""USB\\VID_054C&PID_0022\\[REDACTED_DEVICE_SERIAL]""}]}",absent,absent,32.5,30.3,List of devices attached,
2026-10-01T14:45:39.700+00:00,2026-10-01T14:45:39.765+00:00,1037.515,present,930.8,"{""state"":""present"",""devices"":[{""Status"":""OK"",""Class"":""WPD"",""FriendlyName"":""THYME_DIAG"",""InstanceId"":""SWD\\WPDBUSENUM\\_??_USBSTOR#DISK&VEN_SONY_MIC&PROD_ROVAULT&REV_#[REDACTED_DEVICE_SERIAL]&0#{53F56307-B6BF-11D0-94F2-00A0C91EFB8B}""},{""Status"":""OK"",""Class"":""Volume"",""FriendlyName"":""��"",""InstanceId"":""STORAGE\\VOLUME\\_??_USBSTOR#DISK&VEN_SONY_MIC&PROD_ROVAULT&REV_#[REDACTED_DEVICE_SERIAL]&0#{53F56307-B6BF-11D0-94F2-00A0C91EFB8B}""},{""Status"":""OK"",""Class"":""DiskDrive"",""FriendlyName"":""Sony Mic roVault USB Device"",""InstanceId"":""USBSTOR\\DISK&VEN_SONY_MIC&PROD_ROVAULT&REV_\\[REDACTED_DEVICE_SERIAL]&0""},{""Status"":""OK"",""Class"":""USB"",""FriendlyName"":""Sony USB HiFD Drive"",""InstanceId"":""USB\\VID_054C&PID_0022\\[REDACTED_DEVICE_SERIAL]""}]}",absent,absent,34.3,30.7,List of devices attached,
2026-10-01T14:45:40.700+00:00,2026-10-01T14:45:40.765+00:00,1038.515,present,919.0,"{""state"":""present"",""devices"":[{""Status"":""OK"",""Class"":""WPD"",""FriendlyName"":""THYME_DIAG"",""InstanceId"":""SWD\\WPDBUSENUM\\_??_USBSTOR#DISK&VEN_SONY_MIC&PROD_ROVAULT&REV_#[REDACTED_DEVICE_SERIAL]&0#{53F56307-B6BF-11D0-94F2-00A0C91EFB8B}""},{""Status"":""OK"",""Class"":""Volume"",""FriendlyName"":""��"",""InstanceId"":""STORAGE\\VOLUME\\_??_USBSTOR#DISK&VEN_SONY_MIC&PROD_ROVAULT&REV_#[REDACTED_DEVICE_SERIAL]&0#{53F56307-B6BF-11D0-94F2-00A0C91EFB8B}""},{""Status"":""OK"",""Class"":""DiskDrive"",""FriendlyName"":""Sony Mic roVault USB Device"",""InstanceId"":""USBSTOR\\DISK&VEN_SONY_MIC&PROD_ROVAULT&REV_\\[REDACTED_DEVICE_SERIAL]&0""},{""Status"":""OK"",""Class"":""USB"",""FriendlyName"":""Sony USB HiFD Drive"",""InstanceId"":""USB\\VID_054C&PID_0022\\[REDACTED_DEVICE_SERIAL]""}]}",absent,absent,33.4,31.1,List of devices attached,
2026-10-01T14:45:41.700+00:00,2026-10-01T14:45:41.764+00:00,1039.514,present,948.6,"{""state"":""present"",""devices"":[{""Status"":""OK"",""Class"":""WPD"",""FriendlyName"":""THYME_DIAG"",""InstanceId"":""SWD\\WPDBUSENUM\\_??_USBSTOR#DISK&VEN_SONY_MIC&PROD_ROVAULT&REV_#[REDACTED_DEVICE_SERIAL]&0#{53F56307-B6BF-11D0-94F2-00A0C91EFB8B}""},{""Status"":""OK"",""Class"":""Volume"",""FriendlyName"":""��"",""InstanceId"":""STORAGE\\VOLUME\\_??_USBSTOR#DISK&VEN_SONY_MIC&PROD_ROVAULT&REV_#[REDACTED_DEVICE_SERIAL]&0#{53F56307-B6BF-11D0-94F2-00A0C91EFB8B}""},{""Status"":""OK"",""Class"":""DiskDrive"",""FriendlyName"":""Sony Mic roVault USB Device"",""InstanceId"":""USBSTOR\\DISK&VEN_SONY_MIC&PROD_ROVAULT&REV_\\[REDACTED_DEVICE_SERIAL]&0""},{""Status"":""OK"",""Class"":""USB"",""FriendlyName"":""Sony USB HiFD Drive"",""InstanceId"":""USB\\VID_054C&PID_0022\\[REDACTED_DEVICE_SERIAL]""}]}",absent,absent,33.4,29.7,List of devices attached,
2026-10-01T14:45:42.701+00:00,2026-10-01T14:45:42.764+00:00,1040.514,present,952.3,"{""state"":""present"",""devices"":[{""Status"":""OK"",""Class"":""WPD"",""FriendlyName"":""THYME_DIAG"",""InstanceId"":""SWD\\WPDBUSENUM\\_??_USBSTOR#DISK&VEN_SONY_MIC&PROD_ROVAULT&REV_#[REDACTED_DEVICE_SERIAL]&0#{53F56307-B6BF-11D0-94F2-00A0C91EFB8B}""},{""Status"":""OK"",""Class"":""Volume"",""FriendlyName"":""��"",""InstanceId"":""STORAGE\\VOLUME\\_??_USBSTOR#DISK&VEN_SONY_MIC&PROD_ROVAULT&REV_#[REDACTED_DEVICE_SERIAL]&0#{53F56307-B6BF-11D0-94F2-00A0C91EFB8B}""},{""Status"":""OK"",""Class"":""DiskDrive"",""FriendlyName"":""Sony Mic roVault USB Device"",""InstanceId"":""USBSTOR\\DISK&VEN_SONY_MIC&PROD_ROVAULT&REV_\\[REDACTED_DEVICE_SERIAL]&0""},{""Status"":""OK"",""Class"":""USB"",""FriendlyName"":""Sony USB HiFD Drive"",""InstanceId"":""USB\\VID_054C&PID_0022\\[REDACTED_DEVICE_SERIAL]""}]}",absent,absent,33.5,30.1,List of devices attached,
2026-10-01T14:45:43.701+00:00,2026-10-01T14:45:43.767+00:00,1041.517,present,939.7,"{""state"":""present"",""devices"":[{""Status"":""OK"",""Class"":""WPD"",""FriendlyName"":""THYME_DIAG"",""InstanceId"":""SWD\\WPDBUSENUM\\_??_USBSTOR#DISK&VEN_SONY_MIC&PROD_ROVAULT&REV_#[REDACTED_DEVICE_SERIAL]&0#{53F56307-B6BF-11D0-94F2-00A0C91EFB8B}""},{""Status"":""OK"",""Class"":""Volume"",""FriendlyName"":""��"",""InstanceId"":""STORAGE\\VOLUME\\_??_USBSTOR#DISK&VEN_SONY_MIC&PROD_ROVAULT&REV_#[REDACTED_DEVICE_SERIAL]&0#{53F56307-B6BF-11D0-94F2-00A0C91EFB8B}""},{""Status"":""OK"",""Class"":""DiskDrive"",""FriendlyName"":""Sony Mic roVault USB Device"",""InstanceId"":""USBSTOR\\DISK&VEN_SONY_MIC&PROD_ROVAULT&REV_\\[REDACTED_DEVICE_SERIAL]&0""},{""Status"":""OK"",""Class"":""USB"",""FriendlyName"":""Sony USB HiFD Drive"",""InstanceId"":""USB\\VID_054C&PID_0022\\[REDACTED_DEVICE_SERIAL]""}]}",absent,absent,34.0,31.7,List of devices attached,
2026-10-01T14:45:44.702+00:00,2026-10-01T14:45:44.766+00:00,1042.516,present,936.8,"{""state"":""present"",""devices"":[{""Status"":""OK"",""Class"":""WPD"",""FriendlyName"":""THYME_DIAG"",""InstanceId"":""SWD\\WPDBUSENUM\\_??_USBSTOR#DISK&VEN_SONY_MIC&PROD_ROVAULT&REV_#[REDACTED_DEVICE_SERIAL]&0#{53F56307-B6BF-11D0-94F2-00A0C91EFB8B}""},{""Status"":""OK"",""Class"":""Volume"",""FriendlyName"":""��"",""InstanceId"":""STORAGE\\VOLUME\\_??_USBSTOR#DISK&VEN_SONY_MIC&PROD_ROVAULT&REV_#[REDACTED_DEVICE_SERIAL]&0#{53F56307-B6BF-11D0-94F2-00A0C91EFB8B}""},{""Status"":""OK"",""Class"":""DiskDrive"",""FriendlyName"":""Sony Mic roVault USB Device"",""InstanceId"":""USBSTOR\\DISK&VEN_SONY_MIC&PROD_ROVAULT&REV_\\[REDACTED_DEVICE_SERIAL]&0""},{""Status"":""OK"",""Class"":""USB"",""FriendlyName"":""Sony USB HiFD Drive"",""InstanceId"":""USB\\VID_054C&PID_0022\\[REDACTED_DEVICE_SERIAL]""}]}",absent,absent,33.7,30.2,List of devices attached,
2026-10-01T14:45:45.702+00:00,2026-10-01T14:45:45.766+00:00,1043.516,present,945.5,"{""state"":""present"",""devices"":[{""Status"":""OK"",""Class"":""WPD"",""FriendlyName"":""THYME_DIAG"",""InstanceId"":""SWD\\WPDBUSENUM\\_??_USBSTOR#DISK&VEN_SONY_MIC&PROD_ROVAULT&REV_#[REDACTED_DEVICE_SERIAL]&0#{53F56307-B6BF-11D0-94F2-00A0C91EFB8B}""},{""Status"":""OK"",""Class"":""Volume"",""FriendlyName"":""��"",""InstanceId"":""STORAGE\\VOLUME\\_??_USBSTOR#DISK&VEN_SONY_MIC&PROD_ROVAULT&REV_#[REDACTED_DEVICE_SERIAL]&0#{53F56307-B6BF-11D0-94F2-00A0C91EFB8B}""},{""Status"":""OK"",""Class"":""DiskDrive"",""FriendlyName"":""Sony Mic roVault USB Device"",""InstanceId"":""USBSTOR\\DISK&VEN_SONY_MIC&PROD_ROVAULT&REV_\\[REDACTED_DEVICE_SERIAL]&0""},{""Status"":""OK"",""Class"":""USB"",""FriendlyName"":""Sony USB HiFD Drive"",""InstanceId"":""USB\\VID_054C&PID_0022\\[REDACTED_DEVICE_SERIAL]""}]}",absent,absent,33.2,30.5,List of devices attached,
2026-10-01T14:45:46.702+00:00,2026-10-01T14:45:46.764+00:00,1044.514,present,939.6,"{""state"":""present"",""devices"":[{""Status"":""OK"",""Class"":""WPD"",""FriendlyName"":""THYME_DIAG"",""InstanceId"":""SWD\\WPDBUSENUM\\_??_USBSTOR#DISK&VEN_SONY_MIC&PROD_ROVAULT&REV_#[REDACTED_DEVICE_SERIAL]&0#{53F56307-B6BF-11D0-94F2-00A0C91EFB8B}""},{""Status"":""OK"",""Class"":""Volume"",""FriendlyName"":""��"",""InstanceId"":""STORAGE\\VOLUME\\_??_USBSTOR#DISK&VEN_SONY_MIC&PROD_ROVAULT&REV_#[REDACTED_DEVICE_SERIAL]&0#{53F56307-B6BF-11D0-94F2-00A0C91EFB8B}""},{""Status"":""OK"",""Class"":""DiskDrive"",""FriendlyName"":""Sony Mic roVault USB Device"",""InstanceId"":""USBSTOR\\DISK&VEN_SONY_MIC&PROD_ROVAULT&REV_\\[REDACTED_DEVICE_SERIAL]&0""},{""Status"":""OK"",""Class"":""USB"",""FriendlyName"":""Sony USB HiFD Drive"",""InstanceId"":""USB\\VID_054C&PID_0022\\[REDACTED_DEVICE_SERIAL]""}]}",absent,absent,32.0,29.8,List of devices attached,
2026-10-01T14:45:47.702+00:00,2026-10-01T14:45:47.767+00:00,1045.517,present,965.9,"{""state"":""present"",""devices"":[{""Status"":""OK"",""Class"":""WPD"",""FriendlyName"":""THYME_DIAG"",""InstanceId"":""SWD\\WPDBUSENUM\\_??_USBSTOR#DISK&VEN_SONY_MIC&PROD_ROVAULT&REV_#[REDACTED_DEVICE_SERIAL]&0#{53F56307-B6BF-11D0-94F2-00A0C91EFB8B}""},{""Status"":""OK"",""Class"":""Volume"",""FriendlyName"":""��"",""InstanceId"":""STORAGE\\VOLUME\\_??_USBSTOR#DISK&VEN_SONY_MIC&PROD_ROVAULT&REV_#[REDACTED_DEVICE_SERIAL]&0#{53F56307-B6BF-11D0-94F2-00A0C91EFB8B}""},{""Status"":""OK"",""Class"":""DiskDrive"",""FriendlyName"":""Sony Mic roVault USB Device"",""InstanceId"":""USBSTOR\\DISK&VEN_SONY_MIC&PROD_ROVAULT&REV_\\[REDACTED_DEVICE_SERIAL]&0""},{""Status"":""OK"",""Class"":""USB"",""FriendlyName"":""Sony USB HiFD Drive"",""InstanceId"":""USB\\VID_054C&PID_0022\\[REDACTED_DEVICE_SERIAL]""}]}",absent,absent,33.2,31.9,List of devices attached,
2026-10-01T14:45:48.703+00:00,2026-10-01T14:45:48.766+00:00,1046.516,present,937.2,"{""state"":""present"",""devices"":[{""Status"":""OK"",""Class"":""WPD"",""FriendlyName"":""THYME_DIAG"",""InstanceId"":""SWD\\WPDBUSENUM\\_??_USBSTOR#DISK&VEN_SONY_MIC&PROD_ROVAULT&REV_#[REDACTED_DEVICE_SERIAL]&0#{53F56307-B6BF-11D0-94F2-00A0C91EFB8B}""},{""Status"":""OK"",""Class"":""Volume"",""FriendlyName"":""��"",""InstanceId"":""STORAGE\\VOLUME\\_??_USBSTOR#DISK&VEN_SONY_MIC&PROD_ROVAULT&REV_#[REDACTED_DEVICE_SERIAL]&0#{53F56307-B6BF-11D0-94F2-00A0C91EFB8B}""},{""Status"":""OK"",""Class"":""DiskDrive"",""FriendlyName"":""Sony Mic roVault USB Device"",""InstanceId"":""USBSTOR\\DISK&VEN_SONY_MIC&PROD_ROVAULT&REV_\\[REDACTED_DEVICE_SERIAL]&0""},{""Status"":""OK"",""Class"":""USB"",""FriendlyName"":""Sony USB HiFD Drive"",""InstanceId"":""USB\\VID_054C&PID_0022\\[REDACTED_DEVICE_SERIAL]""}]}",absent,absent,33.7,29.3,List of devices attached,
2026-10-01T14:45:49.703+00:00,2026-10-01T14:45:49.767+00:00,1047.517,present,943.5,"{""state"":""present"",""devices"":[{""Status"":""OK"",""Class"":""WPD"",""FriendlyName"":""THYME_DIAG"",""InstanceId"":""SWD\\WPDBUSENUM\\_??_USBSTOR#DISK&VEN_SONY_MIC&PROD_ROVAULT&REV_#[REDACTED_DEVICE_SERIAL]&0#{53F56307-B6BF-11D0-94F2-00A0C91EFB8B}""},{""Status"":""OK"",""Class"":""Volume"",""FriendlyName"":""��"",""InstanceId"":""STORAGE\\VOLUME\\_??_USBSTOR#DISK&VEN_SONY_MIC&PROD_ROVAULT&REV_#[REDACTED_DEVICE_SERIAL]&0#{53F56307-B6BF-11D0-94F2-00A0C91EFB8B}""},{""Status"":""OK"",""Class"":""DiskDrive"",""FriendlyName"":""Sony Mic roVault USB Device"",""InstanceId"":""USBSTOR\\DISK&VEN_SONY_MIC&PROD_ROVAULT&REV_\\[REDACTED_DEVICE_SERIAL]&0""},{""Status"":""OK"",""Class"":""USB"",""FriendlyName"":""Sony USB HiFD Drive"",""InstanceId"":""USB\\VID_054C&PID_0022\\[REDACTED_DEVICE_SERIAL]""}]}",absent,absent,34.0,29.8,List of devices attached,
2026-10-01T14:45:50.704+00:00,2026-10-01T14:45:50.767+00:00,1048.517,present,924.6,"{""state"":""present"",""devices"":[{""Status"":""OK"",""Class"":""WPD"",""FriendlyName"":""THYME_DIAG"",""InstanceId"":""SWD\\WPDBUSENUM\\_??_USBSTOR#DISK&VEN_SONY_MIC&PROD_ROVAULT&REV_#[REDACTED_DEVICE_SERIAL]&0#{53F56307-B6BF-11D0-94F2-00A0C91EFB8B}""},{""Status"":""OK"",""Class"":""Volume"",""FriendlyName"":""��"",""InstanceId"":""STORAGE\\VOLUME\\_??_USBSTOR#DISK&VEN_SONY_MIC&PROD_ROVAULT&REV_#[REDACTED_DEVICE_SERIAL]&0#{53F56307-B6BF-11D0-94F2-00A0C91EFB8B}""},{""Status"":""OK"",""Class"":""DiskDrive"",""FriendlyName"":""Sony Mic roVault USB Device"",""InstanceId"":""USBSTOR\\DISK&VEN_SONY_MIC&PROD_ROVAULT&REV_\\[REDACTED_DEVICE_SERIAL]&0""},{""Status"":""OK"",""Class"":""USB"",""FriendlyName"":""Sony USB HiFD Drive"",""InstanceId"":""USB\\VID_054C&PID_0022\\[REDACTED_DEVICE_SERIAL]""}]}",absent,absent,32.8,30.5,List of devices attached,
2026-10-01T14:45:51.704+00:00,2026-10-01T14:45:51.768+00:00,1049.518,present,922.6,"{""state"":""present"",""devices"":[{""Status"":""OK"",""Class"":""WPD"",""FriendlyName"":""THYME_DIAG"",""InstanceId"":""SWD\\WPDBUSENUM\\_??_USBSTOR#DISK&VEN_SONY_MIC&PROD_ROVAULT&REV_#[REDACTED_DEVICE_SERIAL]&0#{53F56307-B6BF-11D0-94F2-00A0C91EFB8B}""},{""Status"":""OK"",""Class"":""Volume"",""FriendlyName"":""��"",""InstanceId"":""STORAGE\\VOLUME\\_??_USBSTOR#DISK&VEN_SONY_MIC&PROD_ROVAULT&REV_#[REDACTED_DEVICE_SERIAL]&0#{53F56307-B6BF-11D0-94F2-00A0C91EFB8B}""},{""Status"":""OK"",""Class"":""DiskDrive"",""FriendlyName"":""Sony Mic roVault USB Device"",""InstanceId"":""USBSTOR\\DISK&VEN_SONY_MIC&PROD_ROVAULT&REV_\\[REDACTED_DEVICE_SERIAL]&0""},{""Status"":""OK"",""Class"":""USB"",""FriendlyName"":""Sony USB HiFD Drive"",""InstanceId"":""USB\\VID_054C&PID_0022\\[REDACTED_DEVICE_SERIAL]""}]}",absent,absent,32.2,32.3,List of devices attached,
2026-10-01T14:45:52.704+00:00,2026-10-01T14:45:52.767+00:00,1050.517,present,943.0,"{""state"":""present"",""devices"":[{""Status"":""OK"",""Class"":""WPD"",""FriendlyName"":""THYME_DIAG"",""InstanceId"":""SWD\\WPDBUSENUM\\_??_USBSTOR#DISK&VEN_SONY_MIC&PROD_ROVAULT&REV_#[REDACTED_DEVICE_SERIAL]&0#{53F56307-B6BF-11D0-94F2-00A0C91EFB8B}""},{""Status"":""OK"",""Class"":""Volume"",""FriendlyName"":""��"",""InstanceId"":""STORAGE\\VOLUME\\_??_USBSTOR#DISK&VEN_SONY_MIC&PROD_ROVAULT&REV_#[REDACTED_DEVICE_SERIAL]&0#{53F56307-B6BF-11D0-94F2-00A0C91EFB8B}""},{""Status"":""OK"",""Class"":""DiskDrive"",""FriendlyName"":""Sony Mic roVault USB Device"",""InstanceId"":""USBSTOR\\DISK&VEN_SONY_MIC&PROD_ROVAULT&REV_\\[REDACTED_DEVICE_SERIAL]&0""},{""Status"":""OK"",""Class"":""USB"",""FriendlyName"":""Sony USB HiFD Drive"",""InstanceId"":""USB\\VID_054C&PID_0022\\[REDACTED_DEVICE_SERIAL]""}]}",absent,absent,33.0,30.1,List of devices attached,
2026-10-01T14:45:53.705+00:00,2026-10-01T14:45:53.766+00:00,1051.516,present,923.9,"{""state"":""present"",""devices"":[{""Status"":""OK"",""Class"":""WPD"",""FriendlyName"":""THYME_DIAG"",""InstanceId"":""SWD\\WPDBUSENUM\\_??_USBSTOR#DISK&VEN_SONY_MIC&PROD_ROVAULT&REV_#[REDACTED_DEVICE_SERIAL]&0#{53F56307-B6BF-11D0-94F2-00A0C91EFB8B}""},{""Status"":""OK"",""Class"":""Volume"",""FriendlyName"":""��"",""InstanceId"":""STORAGE\\VOLUME\\_??_USBSTOR#DISK&VEN_SONY_MIC&PROD_ROVAULT&REV_#[REDACTED_DEVICE_SERIAL]&0#{53F56307-B6BF-11D0-94F2-00A0C91EFB8B}""},{""Status"":""OK"",""Class"":""DiskDrive"",""FriendlyName"":""Sony Mic roVault USB Device"",""InstanceId"":""USBSTOR\\DISK&VEN_SONY_MIC&PROD_ROVAULT&REV_\\[REDACTED_DEVICE_SERIAL]&0""},{""Status"":""OK"",""Class"":""USB"",""FriendlyName"":""Sony USB HiFD Drive"",""InstanceId"":""USB\\VID_054C&PID_0022\\[REDACTED_DEVICE_SERIAL]""}]}",absent,absent,31.9,29.3,List of devices attached,
2026-10-01T14:45:54.705+00:00,2026-10-01T14:45:54.768+00:00,1052.518,present,941.4,"{""state"":""present"",""devices"":[{""Status"":""OK"",""Class"":""WPD"",""FriendlyName"":""THYME_DIAG"",""InstanceId"":""SWD\\WPDBUSENUM\\_??_USBSTOR#DISK&VEN_SONY_MIC&PROD_ROVAULT&REV_#[REDACTED_DEVICE_SERIAL]&0#{53F56307-B6BF-11D0-94F2-00A0C91EFB8B}""},{""Status"":""OK"",""Class"":""Volume"",""FriendlyName"":""��"",""InstanceId"":""STORAGE\\VOLUME\\_??_USBSTOR#DISK&VEN_SONY_MIC&PROD_ROVAULT&REV_#[REDACTED_DEVICE_SERIAL]&0#{53F56307-B6BF-11D0-94F2-00A0C91EFB8B}""},{""Status"":""OK"",""Class"":""DiskDrive"",""FriendlyName"":""Sony Mic roVault USB Device"",""InstanceId"":""USBSTOR\\DISK&VEN_SONY_MIC&PROD_ROVAULT&REV_\\[REDACTED_DEVICE_SERIAL]&0""},{""Status"":""OK"",""Class"":""USB"",""FriendlyName"":""Sony USB HiFD Drive"",""InstanceId"":""USB\\VID_054C&PID_0022\\[REDACTED_DEVICE_SERIAL]""}]}",absent,absent,32.6,30.3,List of devices attached,
2026-10-01T14:45:55.705+00:00,2026-10-01T14:45:55.767+00:00,1053.517,present,934.3,"{""state"":""present"",""devices"":[{""Status"":""OK"",""Class"":""WPD"",""FriendlyName"":""THYME_DIAG"",""InstanceId"":""SWD\\WPDBUSENUM\\_??_USBSTOR#DISK&VEN_SONY_MIC&PROD_ROVAULT&REV_#[REDACTED_DEVICE_SERIAL]&0#{53F56307-B6BF-11D0-94F2-00A0C91EFB8B}""},{""Status"":""OK"",""Class"":""Volume"",""FriendlyName"":""��"",""InstanceId"":""STORAGE\\VOLUME\\_??_USBSTOR#DISK&VEN_SONY_MIC&PROD_ROVAULT&REV_#[REDACTED_DEVICE_SERIAL]&0#{53F56307-B6BF-11D0-94F2-00A0C91EFB8B}""},{""Status"":""OK"",""Class"":""DiskDrive"",""FriendlyName"":""Sony Mic roVault USB Device"",""InstanceId"":""USBSTOR\\DISK&VEN_SONY_MIC&PROD_ROVAULT&REV_\\[REDACTED_DEVICE_SERIAL]&0""},{""Status"":""OK"",""Class"":""USB"",""FriendlyName"":""Sony USB HiFD Drive"",""InstanceId"":""USB\\VID_054C&PID_0022\\[REDACTED_DEVICE_SERIAL]""}]}",absent,absent,33.0,28.6,List of devices attached,
2026-10-01T14:45:56.705+00:00,2026-10-01T14:45:56.772+00:00,1054.522,present,963.0,"{""state"":""present"",""devices"":[{""Status"":""OK"",""Class"":""WPD"",""FriendlyName"":""THYME_DIAG"",""InstanceId"":""SWD\\WPDBUSENUM\\_??_USBSTOR#DISK&VEN_SONY_MIC&PROD_ROVAULT&REV_#[REDACTED_DEVICE_SERIAL]&0#{53F56307-B6BF-11D0-94F2-00A0C91EFB8B}""},{""Status"":""OK"",""Class"":""Volume"",""FriendlyName"":""��"",""InstanceId"":""STORAGE\\VOLUME\\_??_USBSTOR#DISK&VEN_SONY_MIC&PROD_ROVAULT&REV_#[REDACTED_DEVICE_SERIAL]&0#{53F56307-B6BF-11D0-94F2-00A0C91EFB8B}""},{""Status"":""OK"",""Class"":""DiskDrive"",""FriendlyName"":""Sony Mic roVault USB Device"",""InstanceId"":""USBSTOR\\DISK&VEN_SONY_MIC&PROD_ROVAULT&REV_\\[REDACTED_DEVICE_SERIAL]&0""},{""Status"":""OK"",""Class"":""USB"",""FriendlyName"":""Sony USB HiFD Drive"",""InstanceId"":""USB\\VID_054C&PID_0022\\[REDACTED_DEVICE_SERIAL]""}]}",absent,absent,33.9,32.2,List of devices attached,
2026-10-01T14:45:57.706+00:00,2026-10-01T14:45:57.768+00:00,1055.518,present,942.1,"{""state"":""present"",""devices"":[{""Status"":""OK"",""Class"":""WPD"",""FriendlyName"":""THYME_DIAG"",""InstanceId"":""SWD\\WPDBUSENUM\\_??_USBSTOR#DISK&VEN_SONY_MIC&PROD_ROVAULT&REV_#[REDACTED_DEVICE_SERIAL]&0#{53F56307-B6BF-11D0-94F2-00A0C91EFB8B}""},{""Status"":""OK"",""Class"":""Volume"",""FriendlyName"":""��"",""InstanceId"":""STORAGE\\VOLUME\\_??_USBSTOR#DISK&VEN_SONY_MIC&PROD_ROVAULT&REV_#[REDACTED_DEVICE_SERIAL]&0#{53F56307-B6BF-11D0-94F2-00A0C91EFB8B}""},{""Status"":""OK"",""Class"":""DiskDrive"",""FriendlyName"":""Sony Mic roVault USB Device"",""InstanceId"":""USBSTOR\\DISK&VEN_SONY_MIC&PROD_ROVAULT&REV_\\[REDACTED_DEVICE_SERIAL]&0""},{""Status"":""OK"",""Class"":""USB"",""FriendlyName"":""Sony USB HiFD Drive"",""InstanceId"":""USB\\VID_054C&PID_0022\\[REDACTED_DEVICE_SERIAL]""}]}",absent,absent,32.0,30.5,List of devices attached,
2026-10-01T14:45:58.706+00:00,2026-10-01T14:45:58.769+00:00,1056.519,present,931.5,"{""state"":""present"",""devices"":[{""Status"":""OK"",""Class"":""WPD"",""FriendlyName"":""THYME_DIAG"",""InstanceId"":""SWD\\WPDBUSENUM\\_??_USBSTOR#DISK&VEN_SONY_MIC&PROD_ROVAULT&REV_#[REDACTED_DEVICE_SERIAL]&0#{53F56307-B6BF-11D0-94F2-00A0C91EFB8B}""},{""Status"":""OK"",""Class"":""Volume"",""FriendlyName"":""��"",""InstanceId"":""STORAGE\\VOLUME\\_??_USBSTOR#DISK&VEN_SONY_MIC&PROD_ROVAULT&REV_#[REDACTED_DEVICE_SERIAL]&0#{53F56307-B6BF-11D0-94F2-00A0C91EFB8B}""},{""Status"":""OK"",""Class"":""DiskDrive"",""FriendlyName"":""Sony Mic roVault USB Device"",""InstanceId"":""USBSTOR\\DISK&VEN_SONY_MIC&PROD_ROVAULT&REV_\\[REDACTED_DEVICE_SERIAL]&0""},{""Status"":""OK"",""Class"":""USB"",""FriendlyName"":""Sony USB HiFD Drive"",""InstanceId"":""USB\\VID_054C&PID_0022\\[REDACTED_DEVICE_SERIAL]""}]}",absent,absent,32.8,30.4,List of devices attached,
2026-10-01T14:45:59.706+00:00,2026-10-01T14:45:59.774+00:00,1057.524,present,944.3,"{""state"":""present"",""devices"":[{""Status"":""OK"",""Class"":""WPD"",""FriendlyName"":""THYME_DIAG"",""InstanceId"":""SWD\\WPDBUSENUM\\_??_USBSTOR#DISK&VEN_SONY_MIC&PROD_ROVAULT&REV_#[REDACTED_DEVICE_SERIAL]&0#{53F56307-B6BF-11D0-94F2-00A0C91EFB8B}""},{""Status"":""OK"",""Class"":""Volume"",""FriendlyName"":""��"",""InstanceId"":""STORAGE\\VOLUME\\_??_USBSTOR#DISK&VEN_SONY_MIC&PROD_ROVAULT&REV_#[REDACTED_DEVICE_SERIAL]&0#{53F56307-B6BF-11D0-94F2-00A0C91EFB8B}""},{""Status"":""OK"",""Class"":""DiskDrive"",""FriendlyName"":""Sony Mic roVault USB Device"",""InstanceId"":""USBSTOR\\DISK&VEN_SONY_MIC&PROD_ROVAULT&REV_\\[REDACTED_DEVICE_SERIAL]&0""},{""Status"":""OK"",""Class"":""USB"",""FriendlyName"":""Sony USB HiFD Drive"",""InstanceId"":""USB\\VID_054C&PID_0022\\[REDACTED_DEVICE_SERIAL]""}]}",absent,absent,35.1,32.8,List of devices attached,
2026-10-01T14:46:00.707+00:00,2026-10-01T14:46:00.770+00:00,1058.520,present,930.1,"{""state"":""present"",""devices"":[{""Status"":""OK"",""Class"":""WPD"",""FriendlyName"":""THYME_DIAG"",""InstanceId"":""SWD\\WPDBUSENUM\\_??_USBSTOR#DISK&VEN_SONY_MIC&PROD_ROVAULT&REV_#[REDACTED_DEVICE_SERIAL]&0#{53F56307-B6BF-11D0-94F2-00A0C91EFB8B}""},{""Status"":""OK"",""Class"":""Volume"",""FriendlyName"":""��"",""InstanceId"":""STORAGE\\VOLUME\\_??_USBSTOR#DISK&VEN_SONY_MIC&PROD_ROVAULT&REV_#[REDACTED_DEVICE_SERIAL]&0#{53F56307-B6BF-11D0-94F2-00A0C91EFB8B}""},{""Status"":""OK"",""Class"":""DiskDrive"",""FriendlyName"":""Sony Mic roVault USB Device"",""InstanceId"":""USBSTOR\\DISK&VEN_SONY_MIC&PROD_ROVAULT&REV_\\[REDACTED_DEVICE_SERIAL]&0""},{""Status"":""OK"",""Class"":""USB"",""FriendlyName"":""Sony USB HiFD Drive"",""InstanceId"":""USB\\VID_054C&PID_0022\\[REDACTED_DEVICE_SERIAL]""}]}",absent,absent,33.2,30.3,List of devices attached,
2026-10-01T14:46:01.707+00:00,2026-10-01T14:46:01.771+00:00,1059.521,present,909.4,"{""state"":""present"",""devices"":[{""Status"":""OK"",""Class"":""WPD"",""FriendlyName"":""THYME_DIAG"",""InstanceId"":""SWD\\WPDBUSENUM\\_??_USBSTOR#DISK&VEN_SONY_MIC&PROD_ROVAULT&REV_#[REDACTED_DEVICE_SERIAL]&0#{53F56307-B6BF-11D0-94F2-00A0C91EFB8B}""},{""Status"":""OK"",""Class"":""Volume"",""FriendlyName"":""��"",""InstanceId"":""STORAGE\\VOLUME\\_??_USBSTOR#DISK&VEN_SONY_MIC&PROD_ROVAULT&REV_#[REDACTED_DEVICE_SERIAL]&0#{53F56307-B6BF-11D0-94F2-00A0C91EFB8B}""},{""Status"":""OK"",""Class"":""DiskDrive"",""FriendlyName"":""Sony Mic roVault USB Device"",""InstanceId"":""USBSTOR\\DISK&VEN_SONY_MIC&PROD_ROVAULT&REV_\\[REDACTED_DEVICE_SERIAL]&0""},{""Status"":""OK"",""Class"":""USB"",""FriendlyName"":""Sony USB HiFD Drive"",""InstanceId"":""USB\\VID_054C&PID_0022\\[REDACTED_DEVICE_SERIAL]""}]}",absent,absent,34.8,29.5,List of devices attached,
2026-10-01T14:46:02.707+00:00,2026-10-01T14:46:02.774+00:00,1060.524,present,948.0,"{""state"":""present"",""devices"":[{""Status"":""OK"",""Class"":""WPD"",""FriendlyName"":""THYME_DIAG"",""InstanceId"":""SWD\\WPDBUSENUM\\_??_USBSTOR#DISK&VEN_SONY_MIC&PROD_ROVAULT&REV_#[REDACTED_DEVICE_SERIAL]&0#{53F56307-B6BF-11D0-94F2-00A0C91EFB8B}""},{""Status"":""OK"",""Class"":""Volume"",""FriendlyName"":""��"",""InstanceId"":""STORAGE\\VOLUME\\_??_USBSTOR#DISK&VEN_SONY_MIC&PROD_ROVAULT&REV_#[REDACTED_DEVICE_SERIAL]&0#{53F56307-B6BF-11D0-94F2-00A0C91EFB8B}""},{""Status"":""OK"",""Class"":""DiskDrive"",""FriendlyName"":""Sony Mic roVault USB Device"",""InstanceId"":""USBSTOR\\DISK&VEN_SONY_MIC&PROD_ROVAULT&REV_\\[REDACTED_DEVICE_SERIAL]&0""},{""Status"":""OK"",""Class"":""USB"",""FriendlyName"":""Sony USB HiFD Drive"",""InstanceId"":""USB\\VID_054C&PID_0022\\[REDACTED_DEVICE_SERIAL]""}]}",absent,absent,35.7,30.4,List of devices attached,
2026-10-01T14:46:03.707+00:00,2026-10-01T14:46:03.770+00:00,1061.520,present,943.7,"{""state"":""present"",""devices"":[{""Status"":""OK"",""Class"":""WPD"",""FriendlyName"":""THYME_DIAG"",""InstanceId"":""SWD\\WPDBUSENUM\\_??_USBSTOR#DISK&VEN_SONY_MIC&PROD_ROVAULT&REV_#[REDACTED_DEVICE_SERIAL]&0#{53F56307-B6BF-11D0-94F2-00A0C91EFB8B}""},{""Status"":""OK"",""Class"":""Volume"",""FriendlyName"":""��"",""InstanceId"":""STORAGE\\VOLUME\\_??_USBSTOR#DISK&VEN_SONY_MIC&PROD_ROVAULT&REV_#[REDACTED_DEVICE_SERIAL]&0#{53F56307-B6BF-11D0-94F2-00A0C91EFB8B}""},{""Status"":""OK"",""Class"":""DiskDrive"",""FriendlyName"":""Sony Mic roVault USB Device"",""InstanceId"":""USBSTOR\\DISK&VEN_SONY_MIC&PROD_ROVAULT&REV_\\[REDACTED_DEVICE_SERIAL]&0""},{""Status"":""OK"",""Class"":""USB"",""FriendlyName"":""Sony USB HiFD Drive"",""InstanceId"":""USB\\VID_054C&PID_0022\\[REDACTED_DEVICE_SERIAL]""}]}",absent,absent,31.4,31.0,List of devices attached,
2026-10-01T14:46:04.708+00:00,2026-10-01T14:46:04.772+00:00,1062.522,present,941.0,"{""state"":""present"",""devices"":[{""Status"":""OK"",""Class"":""WPD"",""FriendlyName"":""THYME_DIAG"",""InstanceId"":""SWD\\WPDBUSENUM\\_??_USBSTOR#DISK&VEN_SONY_MIC&PROD_ROVAULT&REV_#[REDACTED_DEVICE_SERIAL]&0#{53F56307-B6BF-11D0-94F2-00A0C91EFB8B}""},{""Status"":""OK"",""Class"":""Volume"",""FriendlyName"":""��"",""InstanceId"":""STORAGE\\VOLUME\\_??_USBSTOR#DISK&VEN_SONY_MIC&PROD_ROVAULT&REV_#[REDACTED_DEVICE_SERIAL]&0#{53F56307-B6BF-11D0-94F2-00A0C91EFB8B}""},{""Status"":""OK"",""Class"":""DiskDrive"",""FriendlyName"":""Sony Mic roVault USB Device"",""InstanceId"":""USBSTOR\\DISK&VEN_SONY_MIC&PROD_ROVAULT&REV_\\[REDACTED_DEVICE_SERIAL]&0""},{""Status"":""OK"",""Class"":""USB"",""FriendlyName"":""Sony USB HiFD Drive"",""InstanceId"":""USB\\VID_054C&PID_0022\\[REDACTED_DEVICE_SERIAL]""}]}",absent,absent,34.2,30.3,List of devices attached,
2026-10-01T14:46:05.708+00:00,2026-10-01T14:46:05.771+00:00,1063.521,present,929.2,"{""state"":""present"",""devices"":[{""Status"":""OK"",""Class"":""WPD"",""FriendlyName"":""THYME_DIAG"",""InstanceId"":""SWD\\WPDBUSENUM\\_??_USBSTOR#DISK&VEN_SONY_MIC&PROD_ROVAULT&REV_#[REDACTED_DEVICE_SERIAL]&0#{53F56307-B6BF-11D0-94F2-00A0C91EFB8B}""},{""Status"":""OK"",""Class"":""Volume"",""FriendlyName"":""��"",""InstanceId"":""STORAGE\\VOLUME\\_??_USBSTOR#DISK&VEN_SONY_MIC&PROD_ROVAULT&REV_#[REDACTED_DEVICE_SERIAL]&0#{53F56307-B6BF-11D0-94F2-00A0C91EFB8B}""},{""Status"":""OK"",""Class"":""DiskDrive"",""FriendlyName"":""Sony Mic roVault USB Device"",""InstanceId"":""USBSTOR\\DISK&VEN_SONY_MIC&PROD_ROVAULT&REV_\\[REDACTED_DEVICE_SERIAL]&0""},{""Status"":""OK"",""Class"":""USB"",""FriendlyName"":""Sony USB HiFD Drive"",""InstanceId"":""USB\\VID_054C&PID_0022\\[REDACTED_DEVICE_SERIAL]""}]}",absent,absent,32.9,30.4,List of devices attached,
2026-10-01T14:46:06.708+00:00,2026-10-01T14:46:06.771+00:00,1064.521,present,953.1,"{""state"":""present"",""devices"":[{""Status"":""OK"",""Class"":""WPD"",""FriendlyName"":""THYME_DIAG"",""InstanceId"":""SWD\\WPDBUSENUM\\_??_USBSTOR#DISK&VEN_SONY_MIC&PROD_ROVAULT&REV_#[REDACTED_DEVICE_SERIAL]&0#{53F56307-B6BF-11D0-94F2-00A0C91EFB8B}""},{""Status"":""OK"",""Class"":""Volume"",""FriendlyName"":""��"",""InstanceId"":""STORAGE\\VOLUME\\_??_USBSTOR#DISK&VEN_SONY_MIC&PROD_ROVAULT&REV_#[REDACTED_DEVICE_SERIAL]&0#{53F56307-B6BF-11D0-94F2-00A0C91EFB8B}""},{""Status"":""OK"",""Class"":""DiskDrive"",""FriendlyName"":""Sony Mic roVault USB Device"",""InstanceId"":""USBSTOR\\DISK&VEN_SONY_MIC&PROD_ROVAULT&REV_\\[REDACTED_DEVICE_SERIAL]&0""},{""Status"":""OK"",""Class"":""USB"",""FriendlyName"":""Sony USB HiFD Drive"",""InstanceId"":""USB\\VID_054C&PID_0022\\[REDACTED_DEVICE_SERIAL]""}]}",absent,absent,32.4,30.7,List of devices attached,
2026-10-01T14:46:07.709+00:00,2026-10-01T14:46:07.770+00:00,1065.520,present,948.3,"{""state"":""present"",""devices"":[{""Status"":""OK"",""Class"":""WPD"",""FriendlyName"":""THYME_DIAG"",""InstanceId"":""SWD\\WPDBUSENUM\\_??_USBSTOR#DISK&VEN_SONY_MIC&PROD_ROVAULT&REV_#[REDACTED_DEVICE_SERIAL]&0#{53F56307-B6BF-11D0-94F2-00A0C91EFB8B}""},{""Status"":""OK"",""Class"":""Volume"",""FriendlyName"":""��"",""InstanceId"":""STORAGE\\VOLUME\\_??_USBSTOR#DISK&VEN_SONY_MIC&PROD_ROVAULT&REV_#[REDACTED_DEVICE_SERIAL]&0#{53F56307-B6BF-11D0-94F2-00A0C91EFB8B}""},{""Status"":""OK"",""Class"":""DiskDrive"",""FriendlyName"":""Sony Mic roVault USB Device"",""InstanceId"":""USBSTOR\\DISK&VEN_SONY_MIC&PROD_ROVAULT&REV_\\[REDACTED_DEVICE_SERIAL]&0""},{""Status"":""OK"",""Class"":""USB"",""FriendlyName"":""Sony USB HiFD Drive"",""InstanceId"":""USB\\VID_054C&PID_0022\\[REDACTED_DEVICE_SERIAL]""}]}",absent,absent,32.0,29.7,List of devices attached,
2026-10-01T14:46:08.709+00:00,2026-10-01T14:46:08.772+00:00,1066.522,present,924.0,"{""state"":""present"",""devices"":[{""Status"":""OK"",""Class"":""WPD"",""FriendlyName"":""THYME_DIAG"",""InstanceId"":""SWD\\WPDBUSENUM\\_??_USBSTOR#DISK&VEN_SONY_MIC&PROD_ROVAULT&REV_#[REDACTED_DEVICE_SERIAL]&0#{53F56307-B6BF-11D0-94F2-00A0C91EFB8B}""},{""Status"":""OK"",""Class"":""Volume"",""FriendlyName"":""��"",""InstanceId"":""STORAGE\\VOLUME\\_??_USBSTOR#DISK&VEN_SONY_MIC&PROD_ROVAULT&REV_#[REDACTED_DEVICE_SERIAL]&0#{53F56307-B6BF-11D0-94F2-00A0C91EFB8B}""},{""Status"":""OK"",""Class"":""DiskDrive"",""FriendlyName"":""Sony Mic roVault USB Device"",""InstanceId"":""USBSTOR\\DISK&VEN_SONY_MIC&PROD_ROVAULT&REV_\\[REDACTED_DEVICE_SERIAL]&0""},{""Status"":""OK"",""Class"":""USB"",""FriendlyName"":""Sony USB HiFD Drive"",""InstanceId"":""USB\\VID_054C&PID_0022\\[REDACTED_DEVICE_SERIAL]""}]}",absent,absent,32.1,31.4,List of devices attached,
2026-10-01T14:46:09.709+00:00,2026-10-01T14:46:09.774+00:00,1067.524,present,931.5,"{""state"":""present"",""devices"":[{""Status"":""OK"",""Class"":""WPD"",""FriendlyName"":""THYME_DIAG"",""InstanceId"":""SWD\\WPDBUSENUM\\_??_USBSTOR#DISK&VEN_SONY_MIC&PROD_ROVAULT&REV_#[REDACTED_DEVICE_SERIAL]&0#{53F56307-B6BF-11D0-94F2-00A0C91EFB8B}""},{""Status"":""OK"",""Class"":""Volume"",""FriendlyName"":""��"",""InstanceId"":""STORAGE\\VOLUME\\_??_USBSTOR#DISK&VEN_SONY_MIC&PROD_ROVAULT&REV_#[REDACTED_DEVICE_SERIAL]&0#{53F56307-B6BF-11D0-94F2-00A0C91EFB8B}""},{""Status"":""OK"",""Class"":""DiskDrive"",""FriendlyName"":""Sony Mic roVault USB Device"",""InstanceId"":""USBSTOR\\DISK&VEN_SONY_MIC&PROD_ROVAULT&REV_\\[REDACTED_DEVICE_SERIAL]&0""},{""Status"":""OK"",""Class"":""USB"",""FriendlyName"":""Sony USB HiFD Drive"",""InstanceId"":""USB\\VID_054C&PID_0022\\[REDACTED_DEVICE_SERIAL]""}]}",absent,absent,34.7,30.1,List of devices attached,
2026-10-01T14:46:10.709+00:00,2026-10-01T14:46:10.771+00:00,1068.521,present,943.0,"{""state"":""present"",""devices"":[{""Status"":""OK"",""Class"":""WPD"",""FriendlyName"":""THYME_DIAG"",""InstanceId"":""SWD\\WPDBUSENUM\\_??_USBSTOR#DISK&VEN_SONY_MIC&PROD_ROVAULT&REV_#[REDACTED_DEVICE_SERIAL]&0#{53F56307-B6BF-11D0-94F2-00A0C91EFB8B}""},{""Status"":""OK"",""Class"":""Volume"",""FriendlyName"":""��"",""InstanceId"":""STORAGE\\VOLUME\\_??_USBSTOR#DISK&VEN_SONY_MIC&PROD_ROVAULT&REV_#[REDACTED_DEVICE_SERIAL]&0#{53F56307-B6BF-11D0-94F2-00A0C91EFB8B}""},{""Status"":""OK"",""Class"":""DiskDrive"",""FriendlyName"":""Sony Mic roVault USB Device"",""InstanceId"":""USBSTOR\\DISK&VEN_SONY_MIC&PROD_ROVAULT&REV_\\[REDACTED_DEVICE_SERIAL]&0""},{""Status"":""OK"",""Class"":""USB"",""FriendlyName"":""Sony USB HiFD Drive"",""InstanceId"":""USB\\VID_054C&PID_0022\\[REDACTED_DEVICE_SERIAL]""}]}",absent,absent,31.2,30.7,List of devices attached,
2026-10-01T14:46:11.709+00:00,2026-10-01T14:46:11.773+00:00,1069.523,present,930.6,"{""state"":""present"",""devices"":[{""Status"":""OK"",""Class"":""WPD"",""FriendlyName"":""THYME_DIAG"",""InstanceId"":""SWD\\WPDBUSENUM\\_??_USBSTOR#DISK&VEN_SONY_MIC&PROD_ROVAULT&REV_#[REDACTED_DEVICE_SERIAL]&0#{53F56307-B6BF-11D0-94F2-00A0C91EFB8B}""},{""Status"":""OK"",""Class"":""Volume"",""FriendlyName"":""��"",""InstanceId"":""STORAGE\\VOLUME\\_??_USBSTOR#DISK&VEN_SONY_MIC&PROD_ROVAULT&REV_#[REDACTED_DEVICE_SERIAL]&0#{53F56307-B6BF-11D0-94F2-00A0C91EFB8B}""},{""Status"":""OK"",""Class"":""DiskDrive"",""FriendlyName"":""Sony Mic roVault USB Device"",""InstanceId"":""USBSTOR\\DISK&VEN_SONY_MIC&PROD_ROVAULT&REV_\\[REDACTED_DEVICE_SERIAL]&0""},{""Status"":""OK"",""Class"":""USB"",""FriendlyName"":""Sony USB HiFD Drive"",""InstanceId"":""USB\\VID_054C&PID_0022\\[REDACTED_DEVICE_SERIAL]""}]}",absent,absent,32.4,31.5,List of devices attached,
2026-10-01T14:46:12.709+00:00,2026-10-01T14:46:12.771+00:00,1070.521,present,924.4,"{""state"":""present"",""devices"":[{""Status"":""OK"",""Class"":""WPD"",""FriendlyName"":""THYME_DIAG"",""InstanceId"":""SWD\\WPDBUSENUM\\_??_USBSTOR#DISK&VEN_SONY_MIC&PROD_ROVAULT&REV_#[REDACTED_DEVICE_SERIAL]&0#{53F56307-B6BF-11D0-94F2-00A0C91EFB8B}""},{""Status"":""OK"",""Class"":""Volume"",""FriendlyName"":""��"",""InstanceId"":""STORAGE\\VOLUME\\_??_USBSTOR#DISK&VEN_SONY_MIC&PROD_ROVAULT&REV_#[REDACTED_DEVICE_SERIAL]&0#{53F56307-B6BF-11D0-94F2-00A0C91EFB8B}""},{""Status"":""OK"",""Class"":""DiskDrive"",""FriendlyName"":""Sony Mic roVault USB Device"",""InstanceId"":""USBSTOR\\DISK&VEN_SONY_MIC&PROD_ROVAULT&REV_\\[REDACTED_DEVICE_SERIAL]&0""},{""Status"":""OK"",""Class"":""USB"",""FriendlyName"":""Sony USB HiFD Drive"",""InstanceId"":""USB\\VID_054C&PID_0022\\[REDACTED_DEVICE_SERIAL]""}]}",absent,absent,31.3,30.5,List of devices attached,
2026-10-01T14:46:13.710+00:00,2026-10-01T14:46:13.778+00:00,1071.528,present,926.8,"{""state"":""present"",""devices"":[{""Status"":""OK"",""Class"":""WPD"",""FriendlyName"":""THYME_DIAG"",""InstanceId"":""SWD\\WPDBUSENUM\\_??_USBSTOR#DISK&VEN_SONY_MIC&PROD_ROVAULT&REV_#[REDACTED_DEVICE_SERIAL]&0#{53F56307-B6BF-11D0-94F2-00A0C91EFB8B}""},{""Status"":""OK"",""Class"":""Volume"",""FriendlyName"":""��"",""InstanceId"":""STORAGE\\VOLUME\\_??_USBSTOR#DISK&VEN_SONY_MIC&PROD_ROVAULT&REV_#[REDACTED_DEVICE_SERIAL]&0#{53F56307-B6BF-11D0-94F2-00A0C91EFB8B}""},{""Status"":""OK"",""Class"":""DiskDrive"",""FriendlyName"":""Sony Mic roVault USB Device"",""InstanceId"":""USBSTOR\\DISK&VEN_SONY_MIC&PROD_ROVAULT&REV_\\[REDACTED_DEVICE_SERIAL]&0""},{""Status"":""OK"",""Class"":""USB"",""FriendlyName"":""Sony USB HiFD Drive"",""InstanceId"":""USB\\VID_054C&PID_0022\\[REDACTED_DEVICE_SERIAL]""}]}",absent,absent,34.9,33.0,List of devices attached,
2026-10-01T14:46:14.710+00:00,2026-10-01T14:46:14.779+00:00,1072.529,present,882.2,"{""state"":""present"",""devices"":[{""Status"":""OK"",""Class"":""WPD"",""FriendlyName"":""THYME_DIAG"",""InstanceId"":""SWD\\WPDBUSENUM\\_??_USBSTOR#DISK&VEN_SONY_MIC&PROD_ROVAULT&REV_#[REDACTED_DEVICE_SERIAL]&0#{53F56307-B6BF-11D0-94F2-00A0C91EFB8B}""},{""Status"":""OK"",""Class"":""Volume"",""FriendlyName"":""��"",""InstanceId"":""STORAGE\\VOLUME\\_??_USBSTOR#DISK&VEN_SONY_MIC&PROD_ROVAULT&REV_#[REDACTED_DEVICE_SERIAL]&0#{53F56307-B6BF-11D0-94F2-00A0C91EFB8B}""},{""Status"":""OK"",""Class"":""DiskDrive"",""FriendlyName"":""Sony Mic roVault USB Device"",""InstanceId"":""USBSTOR\\DISK&VEN_SONY_MIC&PROD_ROVAULT&REV_\\[REDACTED_DEVICE_SERIAL]&0""},{""Status"":""OK"",""Class"":""USB"",""FriendlyName"":""Sony USB HiFD Drive"",""InstanceId"":""USB\\VID_054C&PID_0022\\[REDACTED_DEVICE_SERIAL]""}]}",absent,absent,35.4,33.5,List of devices attached,
2026-10-01T14:46:15.710+00:00,2026-10-01T14:46:15.771+00:00,1073.521,present,957.3,"{""state"":""present"",""devices"":[{""Status"":""OK"",""Class"":""WPD"",""FriendlyName"":""THYME_DIAG"",""InstanceId"":""SWD\\WPDBUSENUM\\_??_USBSTOR#DISK&VEN_SONY_MIC&PROD_ROVAULT&REV_#[REDACTED_DEVICE_SERIAL]&0#{53F56307-B6BF-11D0-94F2-00A0C91EFB8B}""},{""Status"":""OK"",""Class"":""Volume"",""FriendlyName"":""��"",""InstanceId"":""STORAGE\\VOLUME\\_??_USBSTOR#DISK&VEN_SONY_MIC&PROD_ROVAULT&REV_#[REDACTED_DEVICE_SERIAL]&0#{53F56307-B6BF-11D0-94F2-00A0C91EFB8B}""},{""Status"":""OK"",""Class"":""DiskDrive"",""FriendlyName"":""Sony Mic roVault USB Device"",""InstanceId"":""USBSTOR\\DISK&VEN_SONY_MIC&PROD_ROVAULT&REV_\\[REDACTED_DEVICE_SERIAL]&0""},{""Status"":""OK"",""Class"":""USB"",""FriendlyName"":""Sony USB HiFD Drive"",""InstanceId"":""USB\\VID_054C&PID_0022\\[REDACTED_DEVICE_SERIAL]""}]}",absent,absent,32.6,28.1,List of devices attached,
2026-10-01T14:46:16.711+00:00,2026-10-01T14:46:16.775+00:00,1074.525,present,933.3,"{""state"":""present"",""devices"":[{""Status"":""OK"",""Class"":""WPD"",""FriendlyName"":""THYME_DIAG"",""InstanceId"":""SWD\\WPDBUSENUM\\_??_USBSTOR#DISK&VEN_SONY_MIC&PROD_ROVAULT&REV_#[REDACTED_DEVICE_SERIAL]&0#{53F56307-B6BF-11D0-94F2-00A0C91EFB8B}""},{""Status"":""OK"",""Class"":""Volume"",""FriendlyName"":""��"",""InstanceId"":""STORAGE\\VOLUME\\_??_USBSTOR#DISK&VEN_SONY_MIC&PROD_ROVAULT&REV_#[REDACTED_DEVICE_SERIAL]&0#{53F56307-B6BF-11D0-94F2-00A0C91EFB8B}""},{""Status"":""OK"",""Class"":""DiskDrive"",""FriendlyName"":""Sony Mic roVault USB Device"",""InstanceId"":""USBSTOR\\DISK&VEN_SONY_MIC&PROD_ROVAULT&REV_\\[REDACTED_DEVICE_SERIAL]&0""},{""Status"":""OK"",""Class"":""USB"",""FriendlyName"":""Sony USB HiFD Drive"",""InstanceId"":""USB\\VID_054C&PID_0022\\[REDACTED_DEVICE_SERIAL]""}]}",absent,absent,32.8,31.6,List of devices attached,
2026-10-01T14:46:17.711+00:00,2026-10-01T14:46:17.776+00:00,1075.526,present,934.7,"{""state"":""present"",""devices"":[{""Status"":""OK"",""Class"":""WPD"",""FriendlyName"":""THYME_DIAG"",""InstanceId"":""SWD\\WPDBUSENUM\\_??_USBSTOR#DISK&VEN_SONY_MIC&PROD_ROVAULT&REV_#[REDACTED_DEVICE_SERIAL]&0#{53F56307-B6BF-11D0-94F2-00A0C91EFB8B}""},{""Status"":""OK"",""Class"":""Volume"",""FriendlyName"":""��"",""InstanceId"":""STORAGE\\VOLUME\\_??_USBSTOR#DISK&VEN_SONY_MIC&PROD_ROVAULT&REV_#[REDACTED_DEVICE_SERIAL]&0#{53F56307-B6BF-11D0-94F2-00A0C91EFB8B}""},{""Status"":""OK"",""Class"":""DiskDrive"",""FriendlyName"":""Sony Mic roVault USB Device"",""InstanceId"":""USBSTOR\\DISK&VEN_SONY_MIC&PROD_ROVAULT&REV_\\[REDACTED_DEVICE_SERIAL]&0""},{""Status"":""OK"",""Class"":""USB"",""FriendlyName"":""Sony USB HiFD Drive"",""InstanceId"":""USB\\VID_054C&PID_0022\\[REDACTED_DEVICE_SERIAL]""}]}",absent,absent,34.1,30.1,List of devices attached,
2026-10-01T14:46:18.712+00:00,2026-10-01T14:46:18.775+00:00,1076.525,present,935.3,"{""state"":""present"",""devices"":[{""Status"":""OK"",""Class"":""WPD"",""FriendlyName"":""THYME_DIAG"",""InstanceId"":""SWD\\WPDBUSENUM\\_??_USBSTOR#DISK&VEN_SONY_MIC&PROD_ROVAULT&REV_#[REDACTED_DEVICE_SERIAL]&0#{53F56307-B6BF-11D0-94F2-00A0C91EFB8B}""},{""Status"":""OK"",""Class"":""Volume"",""FriendlyName"":""��"",""InstanceId"":""STORAGE\\VOLUME\\_??_USBSTOR#DISK&VEN_SONY_MIC&PROD_ROVAULT&REV_#[REDACTED_DEVICE_SERIAL]&0#{53F56307-B6BF-11D0-94F2-00A0C91EFB8B}""},{""Status"":""OK"",""Class"":""DiskDrive"",""FriendlyName"":""Sony Mic roVault USB Device"",""InstanceId"":""USBSTOR\\DISK&VEN_SONY_MIC&PROD_ROVAULT&REV_\\[REDACTED_DEVICE_SERIAL]&0""},{""Status"":""OK"",""Class"":""USB"",""FriendlyName"":""Sony USB HiFD Drive"",""InstanceId"":""USB\\VID_054C&PID_0022\\[REDACTED_DEVICE_SERIAL]""}]}",absent,absent,33.9,29.2,List of devices attached,
2026-10-01T14:46:19.712+00:00,2026-10-01T14:46:19.774+00:00,1077.524,present,918.0,"{""state"":""present"",""devices"":[{""Status"":""OK"",""Class"":""WPD"",""FriendlyName"":""THYME_DIAG"",""InstanceId"":""SWD\\WPDBUSENUM\\_??_USBSTOR#DISK&VEN_SONY_MIC&PROD_ROVAULT&REV_#[REDACTED_DEVICE_SERIAL]&0#{53F56307-B6BF-11D0-94F2-00A0C91EFB8B}""},{""Status"":""OK"",""Class"":""Volume"",""FriendlyName"":""��"",""InstanceId"":""STORAGE\\VOLUME\\_??_USBSTOR#DISK&VEN_SONY_MIC&PROD_ROVAULT&REV_#[REDACTED_DEVICE_SERIAL]&0#{53F56307-B6BF-11D0-94F2-00A0C91EFB8B}""},{""Status"":""OK"",""Class"":""DiskDrive"",""FriendlyName"":""Sony Mic roVault USB Device"",""InstanceId"":""USBSTOR\\DISK&VEN_SONY_MIC&PROD_ROVAULT&REV_\\[REDACTED_DEVICE_SERIAL]&0""},{""Status"":""OK"",""Class"":""USB"",""FriendlyName"":""Sony USB HiFD Drive"",""InstanceId"":""USB\\VID_054C&PID_0022\\[REDACTED_DEVICE_SERIAL]""}]}",absent,absent,32.2,30.3,List of devices attached,
2026-10-01T14:46:20.712+00:00,2026-10-01T14:46:20.774+00:00,1078.524,present,941.0,"{""state"":""present"",""devices"":[{""Status"":""OK"",""Class"":""WPD"",""FriendlyName"":""THYME_DIAG"",""InstanceId"":""SWD\\WPDBUSENUM\\_??_USBSTOR#DISK&VEN_SONY_MIC&PROD_ROVAULT&REV_#[REDACTED_DEVICE_SERIAL]&0#{53F56307-B6BF-11D0-94F2-00A0C91EFB8B}""},{""Status"":""OK"",""Class"":""Volume"",""FriendlyName"":""��"",""InstanceId"":""STORAGE\\VOLUME\\_??_USBSTOR#DISK&VEN_SONY_MIC&PROD_ROVAULT&REV_#[REDACTED_DEVICE_SERIAL]&0#{53F56307-B6BF-11D0-94F2-00A0C91EFB8B}""},{""Status"":""OK"",""Class"":""DiskDrive"",""FriendlyName"":""Sony Mic roVault USB Device"",""InstanceId"":""USBSTOR\\DISK&VEN_SONY_MIC&PROD_ROVAULT&REV_\\[REDACTED_DEVICE_SERIAL]&0""},{""Status"":""OK"",""Class"":""USB"",""FriendlyName"":""Sony USB HiFD Drive"",""InstanceId"":""USB\\VID_054C&PID_0022\\[REDACTED_DEVICE_SERIAL]""}]}",absent,absent,33.2,29.0,List of devices attached,
2026-10-01T14:46:21.713+00:00,2026-10-01T14:46:21.774+00:00,1079.524,present,930.2,"{""state"":""present"",""devices"":[{""Status"":""OK"",""Class"":""WPD"",""FriendlyName"":""THYME_DIAG"",""InstanceId"":""SWD\\WPDBUSENUM\\_??_USBSTOR#DISK&VEN_SONY_MIC&PROD_ROVAULT&REV_#[REDACTED_DEVICE_SERIAL]&0#{53F56307-B6BF-11D0-94F2-00A0C91EFB8B}""},{""Status"":""OK"",""Class"":""Volume"",""FriendlyName"":""��"",""InstanceId"":""STORAGE\\VOLUME\\_??_USBSTOR#DISK&VEN_SONY_MIC&PROD_ROVAULT&REV_#[REDACTED_DEVICE_SERIAL]&0#{53F56307-B6BF-11D0-94F2-00A0C91EFB8B}""},{""Status"":""OK"",""Class"":""DiskDrive"",""FriendlyName"":""Sony Mic roVault USB Device"",""InstanceId"":""USBSTOR\\DISK&VEN_SONY_MIC&PROD_ROVAULT&REV_\\[REDACTED_DEVICE_SERIAL]&0""},{""Status"":""OK"",""Class"":""USB"",""FriendlyName"":""Sony USB HiFD Drive"",""InstanceId"":""USB\\VID_054C&PID_0022\\[REDACTED_DEVICE_SERIAL]""}]}",absent,absent,32.0,29.3,List of devices attached,
2026-10-01T14:46:22.713+00:00,2026-10-01T14:46:22.777+00:00,1080.527,present,949.1,"{""state"":""present"",""devices"":[{""Status"":""OK"",""Class"":""WPD"",""FriendlyName"":""THYME_DIAG"",""InstanceId"":""SWD\\WPDBUSENUM\\_??_USBSTOR#DISK&VEN_SONY_MIC&PROD_ROVAULT&REV_#[REDACTED_DEVICE_SERIAL]&0#{53F56307-B6BF-11D0-94F2-00A0C91EFB8B}""},{""Status"":""OK"",""Class"":""Volume"",""FriendlyName"":""��"",""InstanceId"":""STORAGE\\VOLUME\\_??_USBSTOR#DISK&VEN_SONY_MIC&PROD_ROVAULT&REV_#[REDACTED_DEVICE_SERIAL]&0#{53F56307-B6BF-11D0-94F2-00A0C91EFB8B}""},{""Status"":""OK"",""Class"":""DiskDrive"",""FriendlyName"":""Sony Mic roVault USB Device"",""InstanceId"":""USBSTOR\\DISK&VEN_SONY_MIC&PROD_ROVAULT&REV_\\[REDACTED_DEVICE_SERIAL]&0""},{""Status"":""OK"",""Class"":""USB"",""FriendlyName"":""Sony USB HiFD Drive"",""InstanceId"":""USB\\VID_054C&PID_0022\\[REDACTED_DEVICE_SERIAL]""}]}",absent,absent,33.3,30.5,List of devices attached,
2026-10-01T14:46:23.713+00:00,2026-10-01T14:46:23.780+00:00,1081.530,present,924.9,"{""state"":""present"",""devices"":[{""Status"":""OK"",""Class"":""WPD"",""FriendlyName"":""THYME_DIAG"",""InstanceId"":""SWD\\WPDBUSENUM\\_??_USBSTOR#DISK&VEN_SONY_MIC&PROD_ROVAULT&REV_#[REDACTED_DEVICE_SERIAL]&0#{53F56307-B6BF-11D0-94F2-00A0C91EFB8B}""},{""Status"":""OK"",""Class"":""Volume"",""FriendlyName"":""��"",""InstanceId"":""STORAGE\\VOLUME\\_??_USBSTOR#DISK&VEN_SONY_MIC&PROD_ROVAULT&REV_#[REDACTED_DEVICE_SERIAL]&0#{53F56307-B6BF-11D0-94F2-00A0C91EFB8B}""},{""Status"":""OK"",""Class"":""DiskDrive"",""FriendlyName"":""Sony Mic roVault USB Device"",""InstanceId"":""USBSTOR\\DISK&VEN_SONY_MIC&PROD_ROVAULT&REV_\\[REDACTED_DEVICE_SERIAL]&0""},{""Status"":""OK"",""Class"":""USB"",""FriendlyName"":""Sony USB HiFD Drive"",""InstanceId"":""USB\\VID_054C&PID_0022\\[REDACTED_DEVICE_SERIAL]""}]}",absent,absent,35.0,31.9,List of devices attached,
2026-10-01T14:46:24.713+00:00,2026-10-01T14:46:24.777+00:00,1082.526,present,964.5,"{""state"":""present"",""devices"":[{""Status"":""OK"",""Class"":""WPD"",""FriendlyName"":""THYME_DIAG"",""InstanceId"":""SWD\\WPDBUSENUM\\_??_USBSTOR#DISK&VEN_SONY_MIC&PROD_ROVAULT&REV_#[REDACTED_DEVICE_SERIAL]&0#{53F56307-B6BF-11D0-94F2-00A0C91EFB8B}""},{""Status"":""OK"",""Class"":""Volume"",""FriendlyName"":""��"",""InstanceId"":""STORAGE\\VOLUME\\_??_USBSTOR#DISK&VEN_SONY_MIC&PROD_ROVAULT&REV_#[REDACTED_DEVICE_SERIAL]&0#{53F56307-B6BF-11D0-94F2-00A0C91EFB8B}""},{""Status"":""OK"",""Class"":""DiskDrive"",""FriendlyName"":""Sony Mic roVault USB Device"",""InstanceId"":""USBSTOR\\DISK&VEN_SONY_MIC&PROD_ROVAULT&REV_\\[REDACTED_DEVICE_SERIAL]&0""},{""Status"":""OK"",""Class"":""USB"",""FriendlyName"":""Sony USB HiFD Drive"",""InstanceId"":""USB\\VID_054C&PID_0022\\[REDACTED_DEVICE_SERIAL]""}]}",absent,absent,34.2,28.8,List of devices attached,
2026-10-01T14:46:25.714+00:00,2026-10-01T14:46:25.777+00:00,1083.527,present,926.5,"{""state"":""present"",""devices"":[{""Status"":""OK"",""Class"":""WPD"",""FriendlyName"":""THYME_DIAG"",""InstanceId"":""SWD\\WPDBUSENUM\\_??_USBSTOR#DISK&VEN_SONY_MIC&PROD_ROVAULT&REV_#[REDACTED_DEVICE_SERIAL]&0#{53F56307-B6BF-11D0-94F2-00A0C91EFB8B}""},{""Status"":""OK"",""Class"":""Volume"",""FriendlyName"":""��"",""InstanceId"":""STORAGE\\VOLUME\\_??_USBSTOR#DISK&VEN_SONY_MIC&PROD_ROVAULT&REV_#[REDACTED_DEVICE_SERIAL]&0#{53F56307-B6BF-11D0-94F2-00A0C91EFB8B}""},{""Status"":""OK"",""Class"":""DiskDrive"",""FriendlyName"":""Sony Mic roVault USB Device"",""InstanceId"":""USBSTOR\\DISK&VEN_SONY_MIC&PROD_ROVAULT&REV_\\[REDACTED_DEVICE_SERIAL]&0""},{""Status"":""OK"",""Class"":""USB"",""FriendlyName"":""Sony USB HiFD Drive"",""InstanceId"":""USB\\VID_054C&PID_0022\\[REDACTED_DEVICE_SERIAL]""}]}",absent,absent,33.6,30.2,List of devices attached,
2026-10-01T14:46:26.714+00:00,2026-10-01T14:46:26.778+00:00,1084.528,present,955.2,"{""state"":""present"",""devices"":[{""Status"":""OK"",""Class"":""WPD"",""FriendlyName"":""THYME_DIAG"",""InstanceId"":""SWD\\WPDBUSENUM\\_??_USBSTOR#DISK&VEN_SONY_MIC&PROD_ROVAULT&REV_#[REDACTED_DEVICE_SERIAL]&0#{53F56307-B6BF-11D0-94F2-00A0C91EFB8B}""},{""Status"":""OK"",""Class"":""Volume"",""FriendlyName"":""��"",""InstanceId"":""STORAGE\\VOLUME\\_??_USBSTOR#DISK&VEN_SONY_MIC&PROD_ROVAULT&REV_#[REDACTED_DEVICE_SERIAL]&0#{53F56307-B6BF-11D0-94F2-00A0C91EFB8B}""},{""Status"":""OK"",""Class"":""DiskDrive"",""FriendlyName"":""Sony Mic roVault USB Device"",""InstanceId"":""USBSTOR\\DISK&VEN_SONY_MIC&PROD_ROVAULT&REV_\\[REDACTED_DEVICE_SERIAL]&0""},{""Status"":""OK"",""Class"":""USB"",""FriendlyName"":""Sony USB HiFD Drive"",""InstanceId"":""USB\\VID_054C&PID_0022\\[REDACTED_DEVICE_SERIAL]""}]}",absent,absent,34.0,29.8,List of devices attached,
2026-10-01T14:46:27.714+00:00,2026-10-01T14:46:27.775+00:00,1085.525,present,965.8,"{""state"":""present"",""devices"":[{""Status"":""OK"",""Class"":""WPD"",""FriendlyName"":""THYME_DIAG"",""InstanceId"":""SWD\\WPDBUSENUM\\_??_USBSTOR#DISK&VEN_SONY_MIC&PROD_ROVAULT&REV_#[REDACTED_DEVICE_SERIAL]&0#{53F56307-B6BF-11D0-94F2-00A0C91EFB8B}""},{""Status"":""OK"",""Class"":""Volume"",""FriendlyName"":""��"",""InstanceId"":""STORAGE\\VOLUME\\_??_USBSTOR#DISK&VEN_SONY_MIC&PROD_ROVAULT&REV_#[REDACTED_DEVICE_SERIAL]&0#{53F56307-B6BF-11D0-94F2-00A0C91EFB8B}""},{""Status"":""OK"",""Class"":""DiskDrive"",""FriendlyName"":""Sony Mic roVault USB Device"",""InstanceId"":""USBSTOR\\DISK&VEN_SONY_MIC&PROD_ROVAULT&REV_\\[REDACTED_DEVICE_SERIAL]&0""},{""Status"":""OK"",""Class"":""USB"",""FriendlyName"":""Sony USB HiFD Drive"",""InstanceId"":""USB\\VID_054C&PID_0022\\[REDACTED_DEVICE_SERIAL]""}]}",absent,absent,31.0,29.1,List of devices attached,
2026-10-01T14:46:28.715+00:00,2026-10-01T14:46:28.781+00:00,1086.531,present,924.1,"{""state"":""present"",""devices"":[{""Status"":""OK"",""Class"":""WPD"",""FriendlyName"":""THYME_DIAG"",""InstanceId"":""SWD\\WPDBUSENUM\\_??_USBSTOR#DISK&VEN_SONY_MIC&PROD_ROVAULT&REV_#[REDACTED_DEVICE_SERIAL]&0#{53F56307-B6BF-11D0-94F2-00A0C91EFB8B}""},{""Status"":""OK"",""Class"":""Volume"",""FriendlyName"":""��"",""InstanceId"":""STORAGE\\VOLUME\\_??_USBSTOR#DISK&VEN_SONY_MIC&PROD_ROVAULT&REV_#[REDACTED_DEVICE_SERIAL]&0#{53F56307-B6BF-11D0-94F2-00A0C91EFB8B}""},{""Status"":""OK"",""Class"":""DiskDrive"",""FriendlyName"":""Sony Mic roVault USB Device"",""InstanceId"":""USBSTOR\\DISK&VEN_SONY_MIC&PROD_ROVAULT&REV_\\[REDACTED_DEVICE_SERIAL]&0""},{""Status"":""OK"",""Class"":""USB"",""FriendlyName"":""Sony USB HiFD Drive"",""InstanceId"":""USB\\VID_054C&PID_0022\\[REDACTED_DEVICE_SERIAL]""}]}",absent,absent,34.9,31.2,List of devices attached,
2026-10-01T14:46:29.715+00:00,2026-10-01T14:46:29.778+00:00,1087.528,present,937.3,"{""state"":""present"",""devices"":[{""Status"":""OK"",""Class"":""WPD"",""FriendlyName"":""THYME_DIAG"",""InstanceId"":""SWD\\WPDBUSENUM\\_??_USBSTOR#DISK&VEN_SONY_MIC&PROD_ROVAULT&REV_#[REDACTED_DEVICE_SERIAL]&0#{53F56307-B6BF-11D0-94F2-00A0C91EFB8B}""},{""Status"":""OK"",""Class"":""Volume"",""FriendlyName"":""��"",""InstanceId"":""STORAGE\\VOLUME\\_??_USBSTOR#DISK&VEN_SONY_MIC&PROD_ROVAULT&REV_#[REDACTED_DEVICE_SERIAL]&0#{53F56307-B6BF-11D0-94F2-00A0C91EFB8B}""},{""Status"":""OK"",""Class"":""DiskDrive"",""FriendlyName"":""Sony Mic roVault USB Device"",""InstanceId"":""USBSTOR\\DISK&VEN_SONY_MIC&PROD_ROVAULT&REV_\\[REDACTED_DEVICE_SERIAL]&0""},{""Status"":""OK"",""Class"":""USB"",""FriendlyName"":""Sony USB HiFD Drive"",""InstanceId"":""USB\\VID_054C&PID_0022\\[REDACTED_DEVICE_SERIAL]""}]}",absent,absent,33.0,29.7,List of devices attached,
2026-10-01T14:46:30.715+00:00,2026-10-01T14:46:30.778+00:00,1088.528,present,943.9,"{""state"":""present"",""devices"":[{""Status"":""OK"",""Class"":""WPD"",""FriendlyName"":""THYME_DIAG"",""InstanceId"":""SWD\\WPDBUSENUM\\_??_USBSTOR#DISK&VEN_SONY_MIC&PROD_ROVAULT&REV_#[REDACTED_DEVICE_SERIAL]&0#{53F56307-B6BF-11D0-94F2-00A0C91EFB8B}""},{""Status"":""OK"",""Class"":""Volume"",""FriendlyName"":""��"",""InstanceId"":""STORAGE\\VOLUME\\_??_USBSTOR#DISK&VEN_SONY_MIC&PROD_ROVAULT&REV_#[REDACTED_DEVICE_SERIAL]&0#{53F56307-B6BF-11D0-94F2-00A0C91EFB8B}""},{""Status"":""OK"",""Class"":""DiskDrive"",""FriendlyName"":""Sony Mic roVault USB Device"",""InstanceId"":""USBSTOR\\DISK&VEN_SONY_MIC&PROD_ROVAULT&REV_\\[REDACTED_DEVICE_SERIAL]&0""},{""Status"":""OK"",""Class"":""USB"",""FriendlyName"":""Sony USB HiFD Drive"",""InstanceId"":""USB\\VID_054C&PID_0022\\[REDACTED_DEVICE_SERIAL]""}]}",absent,absent,33.1,29.3,List of devices attached,
2026-10-01T14:46:31.715+00:00,2026-10-01T14:46:31.778+00:00,1089.528,present,937.8,"{""state"":""present"",""devices"":[{""Status"":""OK"",""Class"":""WPD"",""FriendlyName"":""THYME_DIAG"",""InstanceId"":""SWD\\WPDBUSENUM\\_??_USBSTOR#DISK&VEN_SONY_MIC&PROD_ROVAULT&REV_#[REDACTED_DEVICE_SERIAL]&0#{53F56307-B6BF-11D0-94F2-00A0C91EFB8B}""},{""Status"":""OK"",""Class"":""Volume"",""FriendlyName"":""��"",""InstanceId"":""STORAGE\\VOLUME\\_??_USBSTOR#DISK&VEN_SONY_MIC&PROD_ROVAULT&REV_#[REDACTED_DEVICE_SERIAL]&0#{53F56307-B6BF-11D0-94F2-00A0C91EFB8B}""},{""Status"":""OK"",""Class"":""DiskDrive"",""FriendlyName"":""Sony Mic roVault USB Device"",""InstanceId"":""USBSTOR\\DISK&VEN_SONY_MIC&PROD_ROVAULT&REV_\\[REDACTED_DEVICE_SERIAL]&0""},{""Status"":""OK"",""Class"":""USB"",""FriendlyName"":""Sony USB HiFD Drive"",""InstanceId"":""USB\\VID_054C&PID_0022\\[REDACTED_DEVICE_SERIAL]""}]}",absent,absent,32.6,30.0,List of devices attached,
2026-10-01T14:46:32.716+00:00,2026-10-01T14:46:32.779+00:00,1090.529,present,947.5,"{""state"":""present"",""devices"":[{""Status"":""OK"",""Class"":""WPD"",""FriendlyName"":""THYME_DIAG"",""InstanceId"":""SWD\\WPDBUSENUM\\_??_USBSTOR#DISK&VEN_SONY_MIC&PROD_ROVAULT&REV_#[REDACTED_DEVICE_SERIAL]&0#{53F56307-B6BF-11D0-94F2-00A0C91EFB8B}""},{""Status"":""OK"",""Class"":""Volume"",""FriendlyName"":""��"",""InstanceId"":""STORAGE\\VOLUME\\_??_USBSTOR#DISK&VEN_SONY_MIC&PROD_ROVAULT&REV_#[REDACTED_DEVICE_SERIAL]&0#{53F56307-B6BF-11D0-94F2-00A0C91EFB8B}""},{""Status"":""OK"",""Class"":""DiskDrive"",""FriendlyName"":""Sony Mic roVault USB Device"",""InstanceId"":""USBSTOR\\DISK&VEN_SONY_MIC&PROD_ROVAULT&REV_\\[REDACTED_DEVICE_SERIAL]&0""},{""Status"":""OK"",""Class"":""USB"",""FriendlyName"":""Sony USB HiFD Drive"",""InstanceId"":""USB\\VID_054C&PID_0022\\[REDACTED_DEVICE_SERIAL]""}]}",absent,absent,34.1,29.5,List of devices attached,
2026-10-01T14:46:33.716+00:00,2026-10-01T14:46:33.777+00:00,1091.527,present,940.1,"{""state"":""present"",""devices"":[{""Status"":""OK"",""Class"":""WPD"",""FriendlyName"":""THYME_DIAG"",""InstanceId"":""SWD\\WPDBUSENUM\\_??_USBSTOR#DISK&VEN_SONY_MIC&PROD_ROVAULT&REV_#[REDACTED_DEVICE_SERIAL]&0#{53F56307-B6BF-11D0-94F2-00A0C91EFB8B}""},{""Status"":""OK"",""Class"":""Volume"",""FriendlyName"":""��"",""InstanceId"":""STORAGE\\VOLUME\\_??_USBSTOR#DISK&VEN_SONY_MIC&PROD_ROVAULT&REV_#[REDACTED_DEVICE_SERIAL]&0#{53F56307-B6BF-11D0-94F2-00A0C91EFB8B}""},{""Status"":""OK"",""Class"":""DiskDrive"",""FriendlyName"":""Sony Mic roVault USB Device"",""InstanceId"":""USBSTOR\\DISK&VEN_SONY_MIC&PROD_ROVAULT&REV_\\[REDACTED_DEVICE_SERIAL]&0""},{""Status"":""OK"",""Class"":""USB"",""FriendlyName"":""Sony USB HiFD Drive"",""InstanceId"":""USB\\VID_054C&PID_0022\\[REDACTED_DEVICE_SERIAL]""}]}",absent,absent,31.7,29.5,List of devices attached,
2026-10-01T14:46:34.716+00:00,2026-10-01T14:46:34.781+00:00,1092.531,present,952.8,"{""state"":""present"",""devices"":[{""Status"":""OK"",""Class"":""WPD"",""FriendlyName"":""THYME_DIAG"",""InstanceId"":""SWD\\WPDBUSENUM\\_??_USBSTOR#DISK&VEN_SONY_MIC&PROD_ROVAULT&REV_#[REDACTED_DEVICE_SERIAL]&0#{53F56307-B6BF-11D0-94F2-00A0C91EFB8B}""},{""Status"":""OK"",""Class"":""Volume"",""FriendlyName"":""��"",""InstanceId"":""STORAGE\\VOLUME\\_??_USBSTOR#DISK&VEN_SONY_MIC&PROD_ROVAULT&REV_#[REDACTED_DEVICE_SERIAL]&0#{53F56307-B6BF-11D0-94F2-00A0C91EFB8B}""},{""Status"":""OK"",""Class"":""DiskDrive"",""FriendlyName"":""Sony Mic roVault USB Device"",""InstanceId"":""USBSTOR\\DISK&VEN_SONY_MIC&PROD_ROVAULT&REV_\\[REDACTED_DEVICE_SERIAL]&0""},{""Status"":""OK"",""Class"":""USB"",""FriendlyName"":""Sony USB HiFD Drive"",""InstanceId"":""USB\\VID_054C&PID_0022\\[REDACTED_DEVICE_SERIAL]""}]}",absent,absent,33.4,30.9,List of devices attached,
2026-10-01T14:46:35.716+00:00,2026-10-01T14:46:35.778+00:00,1093.528,present,929.9,"{""state"":""present"",""devices"":[{""Status"":""OK"",""Class"":""WPD"",""FriendlyName"":""THYME_DIAG"",""InstanceId"":""SWD\\WPDBUSENUM\\_??_USBSTOR#DISK&VEN_SONY_MIC&PROD_ROVAULT&REV_#[REDACTED_DEVICE_SERIAL]&0#{53F56307-B6BF-11D0-94F2-00A0C91EFB8B}""},{""Status"":""OK"",""Class"":""Volume"",""FriendlyName"":""��"",""InstanceId"":""STORAGE\\VOLUME\\_??_USBSTOR#DISK&VEN_SONY_MIC&PROD_ROVAULT&REV_#[REDACTED_DEVICE_SERIAL]&0#{53F56307-B6BF-11D0-94F2-00A0C91EFB8B}""},{""Status"":""OK"",""Class"":""DiskDrive"",""FriendlyName"":""Sony Mic roVault USB Device"",""InstanceId"":""USBSTOR\\DISK&VEN_SONY_MIC&PROD_ROVAULT&REV_\\[REDACTED_DEVICE_SERIAL]&0""},{""Status"":""OK"",""Class"":""USB"",""FriendlyName"":""Sony USB HiFD Drive"",""InstanceId"":""USB\\VID_054C&PID_0022\\[REDACTED_DEVICE_SERIAL]""}]}",absent,absent,32.3,29.7,List of devices attached,
2026-10-01T14:46:36.717+00:00,2026-10-01T14:46:36.780+00:00,1094.530,present,940.0,"{""state"":""present"",""devices"":[{""Status"":""OK"",""Class"":""WPD"",""FriendlyName"":""THYME_DIAG"",""InstanceId"":""SWD\\WPDBUSENUM\\_??_USBSTOR#DISK&VEN_SONY_MIC&PROD_ROVAULT&REV_#[REDACTED_DEVICE_SERIAL]&0#{53F56307-B6BF-11D0-94F2-00A0C91EFB8B}""},{""Status"":""OK"",""Class"":""Volume"",""FriendlyName"":""��"",""InstanceId"":""STORAGE\\VOLUME\\_??_USBSTOR#DISK&VEN_SONY_MIC&PROD_ROVAULT&REV_#[REDACTED_DEVICE_SERIAL]&0#{53F56307-B6BF-11D0-94F2-00A0C91EFB8B}""},{""Status"":""OK"",""Class"":""DiskDrive"",""FriendlyName"":""Sony Mic roVault USB Device"",""InstanceId"":""USBSTOR\\DISK&VEN_SONY_MIC&PROD_ROVAULT&REV_\\[REDACTED_DEVICE_SERIAL]&0""},{""Status"":""OK"",""Class"":""USB"",""FriendlyName"":""Sony USB HiFD Drive"",""InstanceId"":""USB\\VID_054C&PID_0022\\[REDACTED_DEVICE_SERIAL]""}]}",absent,absent,32.5,31.2,List of devices attached,
2026-10-01T14:46:37.717+00:00,2026-10-01T14:46:37.780+00:00,1095.530,present,938.6,"{""state"":""present"",""devices"":[{""Status"":""OK"",""Class"":""WPD"",""FriendlyName"":""THYME_DIAG"",""InstanceId"":""SWD\\WPDBUSENUM\\_??_USBSTOR#DISK&VEN_SONY_MIC&PROD_ROVAULT&REV_#[REDACTED_DEVICE_SERIAL]&0#{53F56307-B6BF-11D0-94F2-00A0C91EFB8B}""},{""Status"":""OK"",""Class"":""Volume"",""FriendlyName"":""��"",""InstanceId"":""STORAGE\\VOLUME\\_??_USBSTOR#DISK&VEN_SONY_MIC&PROD_ROVAULT&REV_#[REDACTED_DEVICE_SERIAL]&0#{53F56307-B6BF-11D0-94F2-00A0C91EFB8B}""},{""Status"":""OK"",""Class"":""DiskDrive"",""FriendlyName"":""Sony Mic roVault USB Device"",""InstanceId"":""USBSTOR\\DISK&VEN_SONY_MIC&PROD_ROVAULT&REV_\\[REDACTED_DEVICE_SERIAL]&0""},{""Status"":""OK"",""Class"":""USB"",""FriendlyName"":""Sony USB HiFD Drive"",""InstanceId"":""USB\\VID_054C&PID_0022\\[REDACTED_DEVICE_SERIAL]""}]}",absent,absent,32.7,30.5,List of devices attached,
2026-10-01T14:46:38.717+00:00,2026-10-01T14:46:38.780+00:00,1096.530,present,933.7,"{""state"":""present"",""devices"":[{""Status"":""OK"",""Class"":""WPD"",""FriendlyName"":""THYME_DIAG"",""InstanceId"":""SWD\\WPDBUSENUM\\_??_USBSTOR#DISK&VEN_SONY_MIC&PROD_ROVAULT&REV_#[REDACTED_DEVICE_SERIAL]&0#{53F56307-B6BF-11D0-94F2-00A0C91EFB8B}""},{""Status"":""OK"",""Class"":""Volume"",""FriendlyName"":""��"",""InstanceId"":""STORAGE\\VOLUME\\_??_USBSTOR#DISK&VEN_SONY_MIC&PROD_ROVAULT&REV_#[REDACTED_DEVICE_SERIAL]&0#{53F56307-B6BF-11D0-94F2-00A0C91EFB8B}""},{""Status"":""OK"",""Class"":""DiskDrive"",""FriendlyName"":""Sony Mic roVault USB Device"",""InstanceId"":""USBSTOR\\DISK&VEN_SONY_MIC&PROD_ROVAULT&REV_\\[REDACTED_DEVICE_SERIAL]&0""},{""Status"":""OK"",""Class"":""USB"",""FriendlyName"":""Sony USB HiFD Drive"",""InstanceId"":""USB\\VID_054C&PID_0022\\[REDACTED_DEVICE_SERIAL]""}]}",absent,absent,32.6,30.2,List of devices attached,
2026-10-01T14:46:39.718+00:00,2026-10-01T14:46:39.780+00:00,1097.530,present,950.3,"{""state"":""present"",""devices"":[{""Status"":""OK"",""Class"":""WPD"",""FriendlyName"":""THYME_DIAG"",""InstanceId"":""SWD\\WPDBUSENUM\\_??_USBSTOR#DISK&VEN_SONY_MIC&PROD_ROVAULT&REV_#[REDACTED_DEVICE_SERIAL]&0#{53F56307-B6BF-11D0-94F2-00A0C91EFB8B}""},{""Status"":""OK"",""Class"":""Volume"",""FriendlyName"":""��"",""InstanceId"":""STORAGE\\VOLUME\\_??_USBSTOR#DISK&VEN_SONY_MIC&PROD_ROVAULT&REV_#[REDACTED_DEVICE_SERIAL]&0#{53F56307-B6BF-11D0-94F2-00A0C91EFB8B}""},{""Status"":""OK"",""Class"":""DiskDrive"",""FriendlyName"":""Sony Mic roVault USB Device"",""InstanceId"":""USBSTOR\\DISK&VEN_SONY_MIC&PROD_ROVAULT&REV_\\[REDACTED_DEVICE_SERIAL]&0""},{""Status"":""OK"",""Class"":""USB"",""FriendlyName"":""Sony USB HiFD Drive"",""InstanceId"":""USB\\VID_054C&PID_0022\\[REDACTED_DEVICE_SERIAL]""}]}",absent,absent,32.4,29.5,List of devices attached,
2026-10-01T14:46:40.718+00:00,2026-10-01T14:46:40.779+00:00,1098.529,present,942.5,"{""state"":""present"",""devices"":[{""Status"":""OK"",""Class"":""WPD"",""FriendlyName"":""THYME_DIAG"",""InstanceId"":""SWD\\WPDBUSENUM\\_??_USBSTOR#DISK&VEN_SONY_MIC&PROD_ROVAULT&REV_#[REDACTED_DEVICE_SERIAL]&0#{53F56307-B6BF-11D0-94F2-00A0C91EFB8B}""},{""Status"":""OK"",""Class"":""Volume"",""FriendlyName"":""��"",""InstanceId"":""STORAGE\\VOLUME\\_??_USBSTOR#DISK&VEN_SONY_MIC&PROD_ROVAULT&REV_#[REDACTED_DEVICE_SERIAL]&0#{53F56307-B6BF-11D0-94F2-00A0C91EFB8B}""},{""Status"":""OK"",""Class"":""DiskDrive"",""FriendlyName"":""Sony Mic roVault USB Device"",""InstanceId"":""USBSTOR\\DISK&VEN_SONY_MIC&PROD_ROVAULT&REV_\\[REDACTED_DEVICE_SERIAL]&0""},{""Status"":""OK"",""Class"":""USB"",""FriendlyName"":""Sony USB HiFD Drive"",""InstanceId"":""USB\\VID_054C&PID_0022\\[REDACTED_DEVICE_SERIAL]""}]}",absent,absent,32.5,28.6,List of devices attached,
2026-10-01T14:46:41.718+00:00,2026-10-01T14:46:41.783+00:00,1099.533,present,938.9,"{""state"":""present"",""devices"":[{""Status"":""OK"",""Class"":""WPD"",""FriendlyName"":""THYME_DIAG"",""InstanceId"":""SWD\\WPDBUSENUM\\_??_USBSTOR#DISK&VEN_SONY_MIC&PROD_ROVAULT&REV_#[REDACTED_DEVICE_SERIAL]&0#{53F56307-B6BF-11D0-94F2-00A0C91EFB8B}""},{""Status"":""OK"",""Class"":""Volume"",""FriendlyName"":""��"",""InstanceId"":""STORAGE\\VOLUME\\_??_USBSTOR#DISK&VEN_SONY_MIC&PROD_ROVAULT&REV_#[REDACTED_DEVICE_SERIAL]&0#{53F56307-B6BF-11D0-94F2-00A0C91EFB8B}""},{""Status"":""OK"",""Class"":""DiskDrive"",""FriendlyName"":""Sony Mic roVault USB Device"",""InstanceId"":""USBSTOR\\DISK&VEN_SONY_MIC&PROD_ROVAULT&REV_\\[REDACTED_DEVICE_SERIAL]&0""},{""Status"":""OK"",""Class"":""USB"",""FriendlyName"":""Sony USB HiFD Drive"",""InstanceId"":""USB\\VID_054C&PID_0022\\[REDACTED_DEVICE_SERIAL]""}]}",absent,absent,34.7,29.9,List of devices attached,
2026-10-01T14:46:42.719+00:00,2026-10-01T14:46:42.781+00:00,1100.531,present,962.4,"{""state"":""present"",""devices"":[{""Status"":""OK"",""Class"":""WPD"",""FriendlyName"":""THYME_DIAG"",""InstanceId"":""SWD\\WPDBUSENUM\\_??_USBSTOR#DISK&VEN_SONY_MIC&PROD_ROVAULT&REV_#[REDACTED_DEVICE_SERIAL]&0#{53F56307-B6BF-11D0-94F2-00A0C91EFB8B}""},{""Status"":""OK"",""Class"":""Volume"",""FriendlyName"":""��"",""InstanceId"":""STORAGE\\VOLUME\\_??_USBSTOR#DISK&VEN_SONY_MIC&PROD_ROVAULT&REV_#[REDACTED_DEVICE_SERIAL]&0#{53F56307-B6BF-11D0-94F2-00A0C91EFB8B}""},{""Status"":""OK"",""Class"":""DiskDrive"",""FriendlyName"":""Sony Mic roVault USB Device"",""InstanceId"":""USBSTOR\\DISK&VEN_SONY_MIC&PROD_ROVAULT&REV_\\[REDACTED_DEVICE_SERIAL]&0""},{""Status"":""OK"",""Class"":""USB"",""FriendlyName"":""Sony USB HiFD Drive"",""InstanceId"":""USB\\VID_054C&PID_0022\\[REDACTED_DEVICE_SERIAL]""}]}",absent,absent,33.0,29.3,List of devices attached,
2026-10-01T14:46:43.719+00:00,2026-10-01T14:46:43.784+00:00,1101.534,present,922.4,"{""state"":""present"",""devices"":[{""Status"":""OK"",""Class"":""WPD"",""FriendlyName"":""THYME_DIAG"",""InstanceId"":""SWD\\WPDBUSENUM\\_??_USBSTOR#DISK&VEN_SONY_MIC&PROD_ROVAULT&REV_#[REDACTED_DEVICE_SERIAL]&0#{53F56307-B6BF-11D0-94F2-00A0C91EFB8B}""},{""Status"":""OK"",""Class"":""Volume"",""FriendlyName"":""��"",""InstanceId"":""STORAGE\\VOLUME\\_??_USBSTOR#DISK&VEN_SONY_MIC&PROD_ROVAULT&REV_#[REDACTED_DEVICE_SERIAL]&0#{53F56307-B6BF-11D0-94F2-00A0C91EFB8B}""},{""Status"":""OK"",""Class"":""DiskDrive"",""FriendlyName"":""Sony Mic roVault USB Device"",""InstanceId"":""USBSTOR\\DISK&VEN_SONY_MIC&PROD_ROVAULT&REV_\\[REDACTED_DEVICE_SERIAL]&0""},{""Status"":""OK"",""Class"":""USB"",""FriendlyName"":""Sony USB HiFD Drive"",""InstanceId"":""USB\\VID_054C&PID_0022\\[REDACTED_DEVICE_SERIAL]""}]}",absent,absent,33.3,32.1,List of devices attached,
2026-10-01T14:46:44.719+00:00,2026-10-01T14:46:44.782+00:00,1102.532,present,933.3,"{""state"":""present"",""devices"":[{""Status"":""OK"",""Class"":""WPD"",""FriendlyName"":""THYME_DIAG"",""InstanceId"":""SWD\\WPDBUSENUM\\_??_USBSTOR#DISK&VEN_SONY_MIC&PROD_ROVAULT&REV_#[REDACTED_DEVICE_SERIAL]&0#{53F56307-B6BF-11D0-94F2-00A0C91EFB8B}""},{""Status"":""OK"",""Class"":""Volume"",""FriendlyName"":""��"",""InstanceId"":""STORAGE\\VOLUME\\_??_USBSTOR#DISK&VEN_SONY_MIC&PROD_ROVAULT&REV_#[REDACTED_DEVICE_SERIAL]&0#{53F56307-B6BF-11D0-94F2-00A0C91EFB8B}""},{""Status"":""OK"",""Class"":""DiskDrive"",""FriendlyName"":""Sony Mic roVault USB Device"",""InstanceId"":""USBSTOR\\DISK&VEN_SONY_MIC&PROD_ROVAULT&REV_\\[REDACTED_DEVICE_SERIAL]&0""},{""Status"":""OK"",""Class"":""USB"",""FriendlyName"":""Sony USB HiFD Drive"",""InstanceId"":""USB\\VID_054C&PID_0022\\[REDACTED_DEVICE_SERIAL]""}]}",absent,absent,33.9,29.5,List of devices attached,
2026-10-01T14:46:45.719+00:00,2026-10-01T14:46:45.782+00:00,1103.532,present,937.1,"{""state"":""present"",""devices"":[{""Status"":""OK"",""Class"":""WPD"",""FriendlyName"":""THYME_DIAG"",""InstanceId"":""SWD\\WPDBUSENUM\\_??_USBSTOR#DISK&VEN_SONY_MIC&PROD_ROVAULT&REV_#[REDACTED_DEVICE_SERIAL]&0#{53F56307-B6BF-11D0-94F2-00A0C91EFB8B}""},{""Status"":""OK"",""Class"":""Volume"",""FriendlyName"":""��"",""InstanceId"":""STORAGE\\VOLUME\\_??_USBSTOR#DISK&VEN_SONY_MIC&PROD_ROVAULT&REV_#[REDACTED_DEVICE_SERIAL]&0#{53F56307-B6BF-11D0-94F2-00A0C91EFB8B}""},{""Status"":""OK"",""Class"":""DiskDrive"",""FriendlyName"":""Sony Mic roVault USB Device"",""InstanceId"":""USBSTOR\\DISK&VEN_SONY_MIC&PROD_ROVAULT&REV_\\[REDACTED_DEVICE_SERIAL]&0""},{""Status"":""OK"",""Class"":""USB"",""FriendlyName"":""Sony USB HiFD Drive"",""InstanceId"":""USB\\VID_054C&PID_0022\\[REDACTED_DEVICE_SERIAL]""}]}",absent,absent,33.0,29.7,List of devices attached,
2026-10-01T14:46:46.719+00:00,2026-10-01T14:46:46.780+00:00,1104.530,present,934.1,"{""state"":""present"",""devices"":[{""Status"":""OK"",""Class"":""WPD"",""FriendlyName"":""THYME_DIAG"",""InstanceId"":""SWD\\WPDBUSENUM\\_??_USBSTOR#DISK&VEN_SONY_MIC&PROD_ROVAULT&REV_#[REDACTED_DEVICE_SERIAL]&0#{53F56307-B6BF-11D0-94F2-00A0C91EFB8B}""},{""Status"":""OK"",""Class"":""Volume"",""FriendlyName"":""��"",""InstanceId"":""STORAGE\\VOLUME\\_??_USBSTOR#DISK&VEN_SONY_MIC&PROD_ROVAULT&REV_#[REDACTED_DEVICE_SERIAL]&0#{53F56307-B6BF-11D0-94F2-00A0C91EFB8B}""},{""Status"":""OK"",""Class"":""DiskDrive"",""FriendlyName"":""Sony Mic roVault USB Device"",""InstanceId"":""USBSTOR\\DISK&VEN_SONY_MIC&PROD_ROVAULT&REV_\\[REDACTED_DEVICE_SERIAL]&0""},{""Status"":""OK"",""Class"":""USB"",""FriendlyName"":""Sony USB HiFD Drive"",""InstanceId"":""USB\\VID_054C&PID_0022\\[REDACTED_DEVICE_SERIAL]""}]}",absent,absent,31.1,29.7,List of devices attached,
2026-10-01T14:46:47.719+00:00,2026-10-01T14:46:47.783+00:00,1105.533,present,944.5,"{""state"":""present"",""devices"":[{""Status"":""OK"",""Class"":""WPD"",""FriendlyName"":""THYME_DIAG"",""InstanceId"":""SWD\\WPDBUSENUM\\_??_USBSTOR#DISK&VEN_SONY_MIC&PROD_ROVAULT&REV_#[REDACTED_DEVICE_SERIAL]&0#{53F56307-B6BF-11D0-94F2-00A0C91EFB8B}""},{""Status"":""OK"",""Class"":""Volume"",""FriendlyName"":""��"",""InstanceId"":""STORAGE\\VOLUME\\_??_USBSTOR#DISK&VEN_SONY_MIC&PROD_ROVAULT&REV_#[REDACTED_DEVICE_SERIAL]&0#{53F56307-B6BF-11D0-94F2-00A0C91EFB8B}""},{""Status"":""OK"",""Class"":""DiskDrive"",""FriendlyName"":""Sony Mic roVault USB Device"",""InstanceId"":""USBSTOR\\DISK&VEN_SONY_MIC&PROD_ROVAULT&REV_\\[REDACTED_DEVICE_SERIAL]&0""},{""Status"":""OK"",""Class"":""USB"",""FriendlyName"":""Sony USB HiFD Drive"",""InstanceId"":""USB\\VID_054C&PID_0022\\[REDACTED_DEVICE_SERIAL]""}]}",absent,absent,32.5,31.3,List of devices attached,
2026-10-01T14:46:48.720+00:00,2026-10-01T14:46:48.784+00:00,1106.534,present,944.9,"{""state"":""present"",""devices"":[{""Status"":""OK"",""Class"":""WPD"",""FriendlyName"":""THYME_DIAG"",""InstanceId"":""SWD\\WPDBUSENUM\\_??_USBSTOR#DISK&VEN_SONY_MIC&PROD_ROVAULT&REV_#[REDACTED_DEVICE_SERIAL]&0#{53F56307-B6BF-11D0-94F2-00A0C91EFB8B}""},{""Status"":""OK"",""Class"":""Volume"",""FriendlyName"":""��"",""InstanceId"":""STORAGE\\VOLUME\\_??_USBSTOR#DISK&VEN_SONY_MIC&PROD_ROVAULT&REV_#[REDACTED_DEVICE_SERIAL]&0#{53F56307-B6BF-11D0-94F2-00A0C91EFB8B}""},{""Status"":""OK"",""Class"":""DiskDrive"",""FriendlyName"":""Sony Mic roVault USB Device"",""InstanceId"":""USBSTOR\\DISK&VEN_SONY_MIC&PROD_ROVAULT&REV_\\[REDACTED_DEVICE_SERIAL]&0""},{""Status"":""OK"",""Class"":""USB"",""FriendlyName"":""Sony USB HiFD Drive"",""InstanceId"":""USB\\VID_054C&PID_0022\\[REDACTED_DEVICE_SERIAL]""}]}",absent,absent,32.8,31.5,List of devices attached,
2026-10-01T14:46:49.720+00:00,2026-10-01T14:46:49.781+00:00,1107.531,present,952.4,"{""state"":""present"",""devices"":[{""Status"":""OK"",""Class"":""WPD"",""FriendlyName"":""THYME_DIAG"",""InstanceId"":""SWD\\WPDBUSENUM\\_??_USBSTOR#DISK&VEN_SONY_MIC&PROD_ROVAULT&REV_#[REDACTED_DEVICE_SERIAL]&0#{53F56307-B6BF-11D0-94F2-00A0C91EFB8B}""},{""Status"":""OK"",""Class"":""Volume"",""FriendlyName"":""��"",""InstanceId"":""STORAGE\\VOLUME\\_??_USBSTOR#DISK&VEN_SONY_MIC&PROD_ROVAULT&REV_#[REDACTED_DEVICE_SERIAL]&0#{53F56307-B6BF-11D0-94F2-00A0C91EFB8B}""},{""Status"":""OK"",""Class"":""DiskDrive"",""FriendlyName"":""Sony Mic roVault USB Device"",""InstanceId"":""USBSTOR\\DISK&VEN_SONY_MIC&PROD_ROVAULT&REV_\\[REDACTED_DEVICE_SERIAL]&0""},{""Status"":""OK"",""Class"":""USB"",""FriendlyName"":""Sony USB HiFD Drive"",""InstanceId"":""USB\\VID_054C&PID_0022\\[REDACTED_DEVICE_SERIAL]""}]}",absent,absent,32.0,28.6,List of devices attached,
2026-10-01T14:46:50.720+00:00,2026-10-01T14:46:50.784+00:00,1108.534,present,933.9,"{""state"":""present"",""devices"":[{""Status"":""OK"",""Class"":""WPD"",""FriendlyName"":""THYME_DIAG"",""InstanceId"":""SWD\\WPDBUSENUM\\_??_USBSTOR#DISK&VEN_SONY_MIC&PROD_ROVAULT&REV_#[REDACTED_DEVICE_SERIAL]&0#{53F56307-B6BF-11D0-94F2-00A0C91EFB8B}""},{""Status"":""OK"",""Class"":""Volume"",""FriendlyName"":""��"",""InstanceId"":""STORAGE\\VOLUME\\_??_USBSTOR#DISK&VEN_SONY_MIC&PROD_ROVAULT&REV_#[REDACTED_DEVICE_SERIAL]&0#{53F56307-B6BF-11D0-94F2-00A0C91EFB8B}""},{""Status"":""OK"",""Class"":""DiskDrive"",""FriendlyName"":""Sony Mic roVault USB Device"",""InstanceId"":""USBSTOR\\DISK&VEN_SONY_MIC&PROD_ROVAULT&REV_\\[REDACTED_DEVICE_SERIAL]&0""},{""Status"":""OK"",""Class"":""USB"",""FriendlyName"":""Sony USB HiFD Drive"",""InstanceId"":""USB\\VID_054C&PID_0022\\[REDACTED_DEVICE_SERIAL]""}]}",absent,absent,32.6,31.3,List of devices attached,
2026-10-01T14:46:51.721+00:00,2026-10-01T14:46:51.786+00:00,1109.536,present,931.1,"{""state"":""present"",""devices"":[{""Status"":""OK"",""Class"":""WPD"",""FriendlyName"":""THYME_DIAG"",""InstanceId"":""SWD\\WPDBUSENUM\\_??_USBSTOR#DISK&VEN_SONY_MIC&PROD_ROVAULT&REV_#[REDACTED_DEVICE_SERIAL]&0#{53F56307-B6BF-11D0-94F2-00A0C91EFB8B}""},{""Status"":""OK"",""Class"":""Volume"",""FriendlyName"":""��"",""InstanceId"":""STORAGE\\VOLUME\\_??_USBSTOR#DISK&VEN_SONY_MIC&PROD_ROVAULT&REV_#[REDACTED_DEVICE_SERIAL]&0#{53F56307-B6BF-11D0-94F2-00A0C91EFB8B}""},{""Status"":""OK"",""Class"":""DiskDrive"",""FriendlyName"":""Sony Mic roVault USB Device"",""InstanceId"":""USBSTOR\\DISK&VEN_SONY_MIC&PROD_ROVAULT&REV_\\[REDACTED_DEVICE_SERIAL]&0""},{""Status"":""OK"",""Class"":""USB"",""FriendlyName"":""Sony USB HiFD Drive"",""InstanceId"":""USB\\VID_054C&PID_0022\\[REDACTED_DEVICE_SERIAL]""}]}",absent,absent,33.1,31.5,List of devices attached,
2026-10-01T14:46:52.721+00:00,2026-10-01T14:46:52.784+00:00,1110.534,present,949.1,"{""state"":""present"",""devices"":[{""Status"":""OK"",""Class"":""WPD"",""FriendlyName"":""THYME_DIAG"",""InstanceId"":""SWD\\WPDBUSENUM\\_??_USBSTOR#DISK&VEN_SONY_MIC&PROD_ROVAULT&REV_#[REDACTED_DEVICE_SERIAL]&0#{53F56307-B6BF-11D0-94F2-00A0C91EFB8B}""},{""Status"":""OK"",""Class"":""Volume"",""FriendlyName"":""��"",""InstanceId"":""STORAGE\\VOLUME\\_??_USBSTOR#DISK&VEN_SONY_MIC&PROD_ROVAULT&REV_#[REDACTED_DEVICE_SERIAL]&0#{53F56307-B6BF-11D0-94F2-00A0C91EFB8B}""},{""Status"":""OK"",""Class"":""DiskDrive"",""FriendlyName"":""Sony Mic roVault USB Device"",""InstanceId"":""USBSTOR\\DISK&VEN_SONY_MIC&PROD_ROVAULT&REV_\\[REDACTED_DEVICE_SERIAL]&0""},{""Status"":""OK"",""Class"":""USB"",""FriendlyName"":""Sony USB HiFD Drive"",""InstanceId"":""USB\\VID_054C&PID_0022\\[REDACTED_DEVICE_SERIAL]""}]}",absent,absent,32.9,30.2,List of devices attached,
2026-10-01T14:46:53.721+00:00,2026-10-01T14:46:53.785+00:00,1111.535,present,946.2,"{""state"":""present"",""devices"":[{""Status"":""OK"",""Class"":""WPD"",""FriendlyName"":""THYME_DIAG"",""InstanceId"":""SWD\\WPDBUSENUM\\_??_USBSTOR#DISK&VEN_SONY_MIC&PROD_ROVAULT&REV_#[REDACTED_DEVICE_SERIAL]&0#{53F56307-B6BF-11D0-94F2-00A0C91EFB8B}""},{""Status"":""OK"",""Class"":""Volume"",""FriendlyName"":""��"",""InstanceId"":""STORAGE\\VOLUME\\_??_USBSTOR#DISK&VEN_SONY_MIC&PROD_ROVAULT&REV_#[REDACTED_DEVICE_SERIAL]&0#{53F56307-B6BF-11D0-94F2-00A0C91EFB8B}""},{""Status"":""OK"",""Class"":""DiskDrive"",""FriendlyName"":""Sony Mic roVault USB Device"",""InstanceId"":""USBSTOR\\DISK&VEN_SONY_MIC&PROD_ROVAULT&REV_\\[REDACTED_DEVICE_SERIAL]&0""},{""Status"":""OK"",""Class"":""USB"",""FriendlyName"":""Sony USB HiFD Drive"",""InstanceId"":""USB\\VID_054C&PID_0022\\[REDACTED_DEVICE_SERIAL]""}]}",absent,absent,32.8,31.0,List of devices attached,
2026-10-01T14:46:54.722+00:00,2026-10-01T14:46:54.783+00:00,1112.533,present,956.4,"{""state"":""present"",""devices"":[{""Status"":""OK"",""Class"":""WPD"",""FriendlyName"":""THYME_DIAG"",""InstanceId"":""SWD\\WPDBUSENUM\\_??_USBSTOR#DISK&VEN_SONY_MIC&PROD_ROVAULT&REV_#[REDACTED_DEVICE_SERIAL]&0#{53F56307-B6BF-11D0-94F2-00A0C91EFB8B}""},{""Status"":""OK"",""Class"":""Volume"",""FriendlyName"":""��"",""InstanceId"":""STORAGE\\VOLUME\\_??_USBSTOR#DISK&VEN_SONY_MIC&PROD_ROVAULT&REV_#[REDACTED_DEVICE_SERIAL]&0#{53F56307-B6BF-11D0-94F2-00A0C91EFB8B}""},{""Status"":""OK"",""Class"":""DiskDrive"",""FriendlyName"":""Sony Mic roVault USB Device"",""InstanceId"":""USBSTOR\\DISK&VEN_SONY_MIC&PROD_ROVAULT&REV_\\[REDACTED_DEVICE_SERIAL]&0""},{""Status"":""OK"",""Class"":""USB"",""FriendlyName"":""Sony USB HiFD Drive"",""InstanceId"":""USB\\VID_054C&PID_0022\\[REDACTED_DEVICE_SERIAL]""}]}",absent,absent,31.6,29.1,List of devices attached,
2026-10-01T14:46:55.722+00:00,2026-10-01T14:46:55.784+00:00,1113.534,present,937.2,"{""state"":""present"",""devices"":[{""Status"":""OK"",""Class"":""WPD"",""FriendlyName"":""THYME_DIAG"",""InstanceId"":""SWD\\WPDBUSENUM\\_??_USBSTOR#DISK&VEN_SONY_MIC&PROD_ROVAULT&REV_#[REDACTED_DEVICE_SERIAL]&0#{53F56307-B6BF-11D0-94F2-00A0C91EFB8B}""},{""Status"":""OK"",""Class"":""Volume"",""FriendlyName"":""��"",""InstanceId"":""STORAGE\\VOLUME\\_??_USBSTOR#DISK&VEN_SONY_MIC&PROD_ROVAULT&REV_#[REDACTED_DEVICE_SERIAL]&0#{53F56307-B6BF-11D0-94F2-00A0C91EFB8B}""},{""Status"":""OK"",""Class"":""DiskDrive"",""FriendlyName"":""Sony Mic roVault USB Device"",""InstanceId"":""USBSTOR\\DISK&VEN_SONY_MIC&PROD_ROVAULT&REV_\\[REDACTED_DEVICE_SERIAL]&0""},{""Status"":""OK"",""Class"":""USB"",""FriendlyName"":""Sony USB HiFD Drive"",""InstanceId"":""USB\\VID_054C&PID_0022\\[REDACTED_DEVICE_SERIAL]""}]}",absent,absent,33.1,29.1,List of devices attached,
2026-10-01T14:46:56.722+00:00,2026-10-01T14:46:56.785+00:00,1114.535,present,936.8,"{""state"":""present"",""devices"":[{""Status"":""OK"",""Class"":""WPD"",""FriendlyName"":""THYME_DIAG"",""InstanceId"":""SWD\\WPDBUSENUM\\_??_USBSTOR#DISK&VEN_SONY_MIC&PROD_ROVAULT&REV_#[REDACTED_DEVICE_SERIAL]&0#{53F56307-B6BF-11D0-94F2-00A0C91EFB8B}""},{""Status"":""OK"",""Class"":""Volume"",""FriendlyName"":""��"",""InstanceId"":""STORAGE\\VOLUME\\_??_USBSTOR#DISK&VEN_SONY_MIC&PROD_ROVAULT&REV_#[REDACTED_DEVICE_SERIAL]&0#{53F56307-B6BF-11D0-94F2-00A0C91EFB8B}""},{""Status"":""OK"",""Class"":""DiskDrive"",""FriendlyName"":""Sony Mic roVault USB Device"",""InstanceId"":""USBSTOR\\DISK&VEN_SONY_MIC&PROD_ROVAULT&REV_\\[REDACTED_DEVICE_SERIAL]&0""},{""Status"":""OK"",""Class"":""USB"",""FriendlyName"":""Sony USB HiFD Drive"",""InstanceId"":""USB\\VID_054C&PID_0022\\[REDACTED_DEVICE_SERIAL]""}]}",absent,absent,31.9,30.5,List of devices attached,
2026-10-01T14:46:57.723+00:00,2026-10-01T14:46:57.785+00:00,1115.535,present,931.7,"{""state"":""present"",""devices"":[{""Status"":""OK"",""Class"":""WPD"",""FriendlyName"":""THYME_DIAG"",""InstanceId"":""SWD\\WPDBUSENUM\\_??_USBSTOR#DISK&VEN_SONY_MIC&PROD_ROVAULT&REV_#[REDACTED_DEVICE_SERIAL]&0#{53F56307-B6BF-11D0-94F2-00A0C91EFB8B}""},{""Status"":""OK"",""Class"":""Volume"",""FriendlyName"":""��"",""InstanceId"":""STORAGE\\VOLUME\\_??_USBSTOR#DISK&VEN_SONY_MIC&PROD_ROVAULT&REV_#[REDACTED_DEVICE_SERIAL]&0#{53F56307-B6BF-11D0-94F2-00A0C91EFB8B}""},{""Status"":""OK"",""Class"":""DiskDrive"",""FriendlyName"":""Sony Mic roVault USB Device"",""InstanceId"":""USBSTOR\\DISK&VEN_SONY_MIC&PROD_ROVAULT&REV_\\[REDACTED_DEVICE_SERIAL]&0""},{""Status"":""OK"",""Class"":""USB"",""FriendlyName"":""Sony USB HiFD Drive"",""InstanceId"":""USB\\VID_054C&PID_0022\\[REDACTED_DEVICE_SERIAL]""}]}",absent,absent,31.5,30.1,List of devices attached,
2026-10-01T14:46:58.723+00:00,2026-10-01T14:46:58.786+00:00,1116.536,present,942.0,"{""state"":""present"",""devices"":[{""Status"":""OK"",""Class"":""WPD"",""FriendlyName"":""THYME_DIAG"",""InstanceId"":""SWD\\WPDBUSENUM\\_??_USBSTOR#DISK&VEN_SONY_MIC&PROD_ROVAULT&REV_#[REDACTED_DEVICE_SERIAL]&0#{53F56307-B6BF-11D0-94F2-00A0C91EFB8B}""},{""Status"":""OK"",""Class"":""Volume"",""FriendlyName"":""��"",""InstanceId"":""STORAGE\\VOLUME\\_??_USBSTOR#DISK&VEN_SONY_MIC&PROD_ROVAULT&REV_#[REDACTED_DEVICE_SERIAL]&0#{53F56307-B6BF-11D0-94F2-00A0C91EFB8B}""},{""Status"":""OK"",""Class"":""DiskDrive"",""FriendlyName"":""Sony Mic roVault USB Device"",""InstanceId"":""USBSTOR\\DISK&VEN_SONY_MIC&PROD_ROVAULT&REV_\\[REDACTED_DEVICE_SERIAL]&0""},{""Status"":""OK"",""Class"":""USB"",""FriendlyName"":""Sony USB HiFD Drive"",""InstanceId"":""USB\\VID_054C&PID_0022\\[REDACTED_DEVICE_SERIAL]""}]}",absent,absent,33.4,29.4,List of devices attached,
2026-10-01T14:46:59.724+00:00,2026-10-01T14:46:59.790+00:00,1117.540,present,933.3,"{""state"":""present"",""devices"":[{""Status"":""OK"",""Class"":""WPD"",""FriendlyName"":""THYME_DIAG"",""InstanceId"":""SWD\\WPDBUSENUM\\_??_USBSTOR#DISK&VEN_SONY_MIC&PROD_ROVAULT&REV_#[REDACTED_DEVICE_SERIAL]&0#{53F56307-B6BF-11D0-94F2-00A0C91EFB8B}""},{""Status"":""OK"",""Class"":""Volume"",""FriendlyName"":""��"",""InstanceId"":""STORAGE\\VOLUME\\_??_USBSTOR#DISK&VEN_SONY_MIC&PROD_ROVAULT&REV_#[REDACTED_DEVICE_SERIAL]&0#{53F56307-B6BF-11D0-94F2-00A0C91EFB8B}""},{""Status"":""OK"",""Class"":""DiskDrive"",""FriendlyName"":""Sony Mic roVault USB Device"",""InstanceId"":""USBSTOR\\DISK&VEN_SONY_MIC&PROD_ROVAULT&REV_\\[REDACTED_DEVICE_SERIAL]&0""},{""Status"":""OK"",""Class"":""USB"",""FriendlyName"":""Sony USB HiFD Drive"",""InstanceId"":""USB\\VID_054C&PID_0022\\[REDACTED_DEVICE_SERIAL]""}]}",absent,absent,34.3,31.5,List of devices attached,
2026-10-01T14:47:00.724+00:00,2026-10-01T14:47:00.787+00:00,1118.537,present,935.3,"{""state"":""present"",""devices"":[{""Status"":""OK"",""Class"":""WPD"",""FriendlyName"":""THYME_DIAG"",""InstanceId"":""SWD\\WPDBUSENUM\\_??_USBSTOR#DISK&VEN_SONY_MIC&PROD_ROVAULT&REV_#[REDACTED_DEVICE_SERIAL]&0#{53F56307-B6BF-11D0-94F2-00A0C91EFB8B}""},{""Status"":""OK"",""Class"":""Volume"",""FriendlyName"":""��"",""InstanceId"":""STORAGE\\VOLUME\\_??_USBSTOR#DISK&VEN_SONY_MIC&PROD_ROVAULT&REV_#[REDACTED_DEVICE_SERIAL]&0#{53F56307-B6BF-11D0-94F2-00A0C91EFB8B}""},{""Status"":""OK"",""Class"":""DiskDrive"",""FriendlyName"":""Sony Mic roVault USB Device"",""InstanceId"":""USBSTOR\\DISK&VEN_SONY_MIC&PROD_ROVAULT&REV_\\[REDACTED_DEVICE_SERIAL]&0""},{""Status"":""OK"",""Class"":""USB"",""FriendlyName"":""Sony USB HiFD Drive"",""InstanceId"":""USB\\VID_054C&PID_0022\\[REDACTED_DEVICE_SERIAL]""}]}",absent,absent,32.2,29.9,List of devices attached,
2026-10-01T14:47:01.724+00:00,2026-10-01T14:47:01.788+00:00,1119.538,present,905.8,"{""state"":""present"",""devices"":[{""Status"":""OK"",""Class"":""WPD"",""FriendlyName"":""THYME_DIAG"",""InstanceId"":""SWD\\WPDBUSENUM\\_??_USBSTOR#DISK&VEN_SONY_MIC&PROD_ROVAULT&REV_#[REDACTED_DEVICE_SERIAL]&0#{53F56307-B6BF-11D0-94F2-00A0C91EFB8B}""},{""Status"":""OK"",""Class"":""Volume"",""FriendlyName"":""��"",""InstanceId"":""STORAGE\\VOLUME\\_??_USBSTOR#DISK&VEN_SONY_MIC&PROD_ROVAULT&REV_#[REDACTED_DEVICE_SERIAL]&0#{53F56307-B6BF-11D0-94F2-00A0C91EFB8B}""},{""Status"":""OK"",""Class"":""DiskDrive"",""FriendlyName"":""Sony Mic roVault USB Device"",""InstanceId"":""USBSTOR\\DISK&VEN_SONY_MIC&PROD_ROVAULT&REV_\\[REDACTED_DEVICE_SERIAL]&0""},{""Status"":""OK"",""Class"":""USB"",""FriendlyName"":""Sony USB HiFD Drive"",""InstanceId"":""USB\\VID_054C&PID_0022\\[REDACTED_DEVICE_SERIAL]""}]}",absent,absent,33.1,30.3,List of devices attached,
2026-10-01T14:47:02.725+00:00,2026-10-01T14:47:02.788+00:00,1120.538,present,929.6,"{""state"":""present"",""devices"":[{""Status"":""OK"",""Class"":""WPD"",""FriendlyName"":""THYME_DIAG"",""InstanceId"":""SWD\\WPDBUSENUM\\_??_USBSTOR#DISK&VEN_SONY_MIC&PROD_ROVAULT&REV_#[REDACTED_DEVICE_SERIAL]&0#{53F56307-B6BF-11D0-94F2-00A0C91EFB8B}""},{""Status"":""OK"",""Class"":""Volume"",""FriendlyName"":""��"",""InstanceId"":""STORAGE\\VOLUME\\_??_USBSTOR#DISK&VEN_SONY_MIC&PROD_ROVAULT&REV_#[REDACTED_DEVICE_SERIAL]&0#{53F56307-B6BF-11D0-94F2-00A0C91EFB8B}""},{""Status"":""OK"",""Class"":""DiskDrive"",""FriendlyName"":""Sony Mic roVault USB Device"",""InstanceId"":""USBSTOR\\DISK&VEN_SONY_MIC&PROD_ROVAULT&REV_\\[REDACTED_DEVICE_SERIAL]&0""},{""Status"":""OK"",""Class"":""USB"",""FriendlyName"":""Sony USB HiFD Drive"",""InstanceId"":""USB\\VID_054C&PID_0022\\[REDACTED_DEVICE_SERIAL]""}]}",absent,absent,31.9,30.9,List of devices attached,
2026-10-01T14:47:03.725+00:00,2026-10-01T14:47:03.788+00:00,1121.538,present,942.1,"{""state"":""present"",""devices"":[{""Status"":""OK"",""Class"":""WPD"",""FriendlyName"":""THYME_DIAG"",""InstanceId"":""SWD\\WPDBUSENUM\\_??_USBSTOR#DISK&VEN_SONY_MIC&PROD_ROVAULT&REV_#[REDACTED_DEVICE_SERIAL]&0#{53F56307-B6BF-11D0-94F2-00A0C91EFB8B}""},{""Status"":""OK"",""Class"":""Volume"",""FriendlyName"":""��"",""InstanceId"":""STORAGE\\VOLUME\\_??_USBSTOR#DISK&VEN_SONY_MIC&PROD_ROVAULT&REV_#[REDACTED_DEVICE_SERIAL]&0#{53F56307-B6BF-11D0-94F2-00A0C91EFB8B}""},{""Status"":""OK"",""Class"":""DiskDrive"",""FriendlyName"":""Sony Mic roVault USB Device"",""InstanceId"":""USBSTOR\\DISK&VEN_SONY_MIC&PROD_ROVAULT&REV_\\[REDACTED_DEVICE_SERIAL]&0""},{""Status"":""OK"",""Class"":""USB"",""FriendlyName"":""Sony USB HiFD Drive"",""InstanceId"":""USB\\VID_054C&PID_0022\\[REDACTED_DEVICE_SERIAL]""}]}",absent,absent,33.3,29.8,List of devices attached,
2026-10-01T14:47:04.725+00:00,2026-10-01T14:47:04.788+00:00,1122.538,present,951.1,"{""state"":""present"",""devices"":[{""Status"":""OK"",""Class"":""WPD"",""FriendlyName"":""THYME_DIAG"",""InstanceId"":""SWD\\WPDBUSENUM\\_??_USBSTOR#DISK&VEN_SONY_MIC&PROD_ROVAULT&REV_#[REDACTED_DEVICE_SERIAL]&0#{53F56307-B6BF-11D0-94F2-00A0C91EFB8B}""},{""Status"":""OK"",""Class"":""Volume"",""FriendlyName"":""��"",""InstanceId"":""STORAGE\\VOLUME\\_??_USBSTOR#DISK&VEN_SONY_MIC&PROD_ROVAULT&REV_#[REDACTED_DEVICE_SERIAL]&0#{53F56307-B6BF-11D0-94F2-00A0C91EFB8B}""},{""Status"":""OK"",""Class"":""DiskDrive"",""FriendlyName"":""Sony Mic roVault USB Device"",""InstanceId"":""USBSTOR\\DISK&VEN_SONY_MIC&PROD_ROVAULT&REV_\\[REDACTED_DEVICE_SERIAL]&0""},{""Status"":""OK"",""Class"":""USB"",""FriendlyName"":""Sony USB HiFD Drive"",""InstanceId"":""USB\\VID_054C&PID_0022\\[REDACTED_DEVICE_SERIAL]""}]}",absent,absent,33.8,28.9,List of devices attached,
2026-10-01T14:47:05.726+00:00,2026-10-01T14:47:05.787+00:00,1123.537,present,927.3,"{""state"":""present"",""devices"":[{""Status"":""OK"",""Class"":""WPD"",""FriendlyName"":""THYME_DIAG"",""InstanceId"":""SWD\\WPDBUSENUM\\_??_USBSTOR#DISK&VEN_SONY_MIC&PROD_ROVAULT&REV_#[REDACTED_DEVICE_SERIAL]&0#{53F56307-B6BF-11D0-94F2-00A0C91EFB8B}""},{""Status"":""OK"",""Class"":""Volume"",""FriendlyName"":""��"",""InstanceId"":""STORAGE\\VOLUME\\_??_USBSTOR#DISK&VEN_SONY_MIC&PROD_ROVAULT&REV_#[REDACTED_DEVICE_SERIAL]&0#{53F56307-B6BF-11D0-94F2-00A0C91EFB8B}""},{""Status"":""OK"",""Class"":""DiskDrive"",""FriendlyName"":""Sony Mic roVault USB Device"",""InstanceId"":""USBSTOR\\DISK&VEN_SONY_MIC&PROD_ROVAULT&REV_\\[REDACTED_DEVICE_SERIAL]&0""},{""Status"":""OK"",""Class"":""USB"",""FriendlyName"":""Sony USB HiFD Drive"",""InstanceId"":""USB\\VID_054C&PID_0022\\[REDACTED_DEVICE_SERIAL]""}]}",absent,absent,31.1,30.2,List of devices attached,
2026-10-01T14:47:06.726+00:00,2026-10-01T14:47:06.788+00:00,1124.538,present,939.7,"{""state"":""present"",""devices"":[{""Status"":""OK"",""Class"":""WPD"",""FriendlyName"":""THYME_DIAG"",""InstanceId"":""SWD\\WPDBUSENUM\\_??_USBSTOR#DISK&VEN_SONY_MIC&PROD_ROVAULT&REV_#[REDACTED_DEVICE_SERIAL]&0#{53F56307-B6BF-11D0-94F2-00A0C91EFB8B}""},{""Status"":""OK"",""Class"":""Volume"",""FriendlyName"":""��"",""InstanceId"":""STORAGE\\VOLUME\\_??_USBSTOR#DISK&VEN_SONY_MIC&PROD_ROVAULT&REV_#[REDACTED_DEVICE_SERIAL]&0#{53F56307-B6BF-11D0-94F2-00A0C91EFB8B}""},{""Status"":""OK"",""Class"":""DiskDrive"",""FriendlyName"":""Sony Mic roVault USB Device"",""InstanceId"":""USBSTOR\\DISK&VEN_SONY_MIC&PROD_ROVAULT&REV_\\[REDACTED_DEVICE_SERIAL]&0""},{""Status"":""OK"",""Class"":""USB"",""FriendlyName"":""Sony USB HiFD Drive"",""InstanceId"":""USB\\VID_054C&PID_0022\\[REDACTED_DEVICE_SERIAL]""}]}",absent,absent,30.7,31.4,List of devices attached,
2026-10-01T14:47:07.726+00:00,2026-10-01T14:47:07.790+00:00,1125.540,present,946.9,"{""state"":""present"",""devices"":[{""Status"":""OK"",""Class"":""WPD"",""FriendlyName"":""THYME_DIAG"",""InstanceId"":""SWD\\WPDBUSENUM\\_??_USBSTOR#DISK&VEN_SONY_MIC&PROD_ROVAULT&REV_#[REDACTED_DEVICE_SERIAL]&0#{53F56307-B6BF-11D0-94F2-00A0C91EFB8B}""},{""Status"":""OK"",""Class"":""Volume"",""FriendlyName"":""��"",""InstanceId"":""STORAGE\\VOLUME\\_??_USBSTOR#DISK&VEN_SONY_MIC&PROD_ROVAULT&REV_#[REDACTED_DEVICE_SERIAL]&0#{53F56307-B6BF-11D0-94F2-00A0C91EFB8B}""},{""Status"":""OK"",""Class"":""DiskDrive"",""FriendlyName"":""Sony Mic roVault USB Device"",""InstanceId"":""USBSTOR\\DISK&VEN_SONY_MIC&PROD_ROVAULT&REV_\\[REDACTED_DEVICE_SERIAL]&0""},{""Status"":""OK"",""Class"":""USB"",""FriendlyName"":""Sony USB HiFD Drive"",""InstanceId"":""USB\\VID_054C&PID_0022\\[REDACTED_DEVICE_SERIAL]""}]}",absent,absent,33.3,30.3,List of devices attached,
2026-10-01T14:47:08.727+00:00,2026-10-01T14:47:08.791+00:00,1126.541,present,945.3,"{""state"":""present"",""devices"":[{""Status"":""OK"",""Class"":""WPD"",""FriendlyName"":""THYME_DIAG"",""InstanceId"":""SWD\\WPDBUSENUM\\_??_USBSTOR#DISK&VEN_SONY_MIC&PROD_ROVAULT&REV_#[REDACTED_DEVICE_SERIAL]&0#{53F56307-B6BF-11D0-94F2-00A0C91EFB8B}""},{""Status"":""OK"",""Class"":""Volume"",""FriendlyName"":""��"",""InstanceId"":""STORAGE\\VOLUME\\_??_USBSTOR#DISK&VEN_SONY_MIC&PROD_ROVAULT&REV_#[REDACTED_DEVICE_SERIAL]&0#{53F56307-B6BF-11D0-94F2-00A0C91EFB8B}""},{""Status"":""OK"",""Class"":""DiskDrive"",""FriendlyName"":""Sony Mic roVault USB Device"",""InstanceId"":""USBSTOR\\DISK&VEN_SONY_MIC&PROD_ROVAULT&REV_\\[REDACTED_DEVICE_SERIAL]&0""},{""Status"":""OK"",""Class"":""USB"",""FriendlyName"":""Sony USB HiFD Drive"",""InstanceId"":""USB\\VID_054C&PID_0022\\[REDACTED_DEVICE_SERIAL]""}]}",absent,absent,33.5,30.6,List of devices attached,
2026-10-01T14:47:09.727+00:00,2026-10-01T14:47:09.793+00:00,1127.543,present,922.9,"{""state"":""present"",""devices"":[{""Status"":""OK"",""Class"":""WPD"",""FriendlyName"":""THYME_DIAG"",""InstanceId"":""SWD\\WPDBUSENUM\\_??_USBSTOR#DISK&VEN_SONY_MIC&PROD_ROVAULT&REV_#[REDACTED_DEVICE_SERIAL]&0#{53F56307-B6BF-11D0-94F2-00A0C91EFB8B}""},{""Status"":""OK"",""Class"":""Volume"",""FriendlyName"":""��"",""InstanceId"":""STORAGE\\VOLUME\\_??_USBSTOR#DISK&VEN_SONY_MIC&PROD_ROVAULT&REV_#[REDACTED_DEVICE_SERIAL]&0#{53F56307-B6BF-11D0-94F2-00A0C91EFB8B}""},{""Status"":""OK"",""Class"":""DiskDrive"",""FriendlyName"":""Sony Mic roVault USB Device"",""InstanceId"":""USBSTOR\\DISK&VEN_SONY_MIC&PROD_ROVAULT&REV_\\[REDACTED_DEVICE_SERIAL]&0""},{""Status"":""OK"",""Class"":""USB"",""FriendlyName"":""Sony USB HiFD Drive"",""InstanceId"":""USB\\VID_054C&PID_0022\\[REDACTED_DEVICE_SERIAL]""}]}",absent,absent,35.8,30.4,List of devices attached,
2026-10-01T14:47:10.727+00:00,2026-10-01T14:47:10.793+00:00,1128.543,present,949.5,"{""state"":""present"",""devices"":[{""Status"":""OK"",""Class"":""WPD"",""FriendlyName"":""THYME_DIAG"",""InstanceId"":""SWD\\WPDBUSENUM\\_??_USBSTOR#DISK&VEN_SONY_MIC&PROD_ROVAULT&REV_#[REDACTED_DEVICE_SERIAL]&0#{53F56307-B6BF-11D0-94F2-00A0C91EFB8B}""},{""Status"":""OK"",""Class"":""Volume"",""FriendlyName"":""��"",""InstanceId"":""STORAGE\\VOLUME\\_??_USBSTOR#DISK&VEN_SONY_MIC&PROD_ROVAULT&REV_#[REDACTED_DEVICE_SERIAL]&0#{53F56307-B6BF-11D0-94F2-00A0C91EFB8B}""},{""Status"":""OK"",""Class"":""DiskDrive"",""FriendlyName"":""Sony Mic roVault USB Device"",""InstanceId"":""USBSTOR\\DISK&VEN_SONY_MIC&PROD_ROVAULT&REV_\\[REDACTED_DEVICE_SERIAL]&0""},{""Status"":""OK"",""Class"":""USB"",""FriendlyName"":""Sony USB HiFD Drive"",""InstanceId"":""USB\\VID_054C&PID_0022\\[REDACTED_DEVICE_SERIAL]""}]}",absent,absent,34.5,31.5,List of devices attached,
2026-10-01T14:47:11.727+00:00,2026-10-01T14:47:11.792+00:00,1129.542,present,930.8,"{""state"":""present"",""devices"":[{""Status"":""OK"",""Class"":""WPD"",""FriendlyName"":""THYME_DIAG"",""InstanceId"":""SWD\\WPDBUSENUM\\_??_USBSTOR#DISK&VEN_SONY_MIC&PROD_ROVAULT&REV_#[REDACTED_DEVICE_SERIAL]&0#{53F56307-B6BF-11D0-94F2-00A0C91EFB8B}""},{""Status"":""OK"",""Class"":""Volume"",""FriendlyName"":""��"",""InstanceId"":""STORAGE\\VOLUME\\_??_USBSTOR#DISK&VEN_SONY_MIC&PROD_ROVAULT&REV_#[REDACTED_DEVICE_SERIAL]&0#{53F56307-B6BF-11D0-94F2-00A0C91EFB8B}""},{""Status"":""OK"",""Class"":""DiskDrive"",""FriendlyName"":""Sony Mic roVault USB Device"",""InstanceId"":""USBSTOR\\DISK&VEN_SONY_MIC&PROD_ROVAULT&REV_\\[REDACTED_DEVICE_SERIAL]&0""},{""Status"":""OK"",""Class"":""USB"",""FriendlyName"":""Sony USB HiFD Drive"",""InstanceId"":""USB\\VID_054C&PID_0022\\[REDACTED_DEVICE_SERIAL]""}]}",absent,absent,32.4,31.7,List of devices attached,
2026-10-01T14:47:12.728+00:00,2026-10-01T14:47:12.790+00:00,1130.540,present,959.2,"{""state"":""present"",""devices"":[{""Status"":""OK"",""Class"":""WPD"",""FriendlyName"":""THYME_DIAG"",""InstanceId"":""SWD\\WPDBUSENUM\\_??_USBSTOR#DISK&VEN_SONY_MIC&PROD_ROVAULT&REV_#[REDACTED_DEVICE_SERIAL]&0#{53F56307-B6BF-11D0-94F2-00A0C91EFB8B}""},{""Status"":""OK"",""Class"":""Volume"",""FriendlyName"":""��"",""InstanceId"":""STORAGE\\VOLUME\\_??_USBSTOR#DISK&VEN_SONY_MIC&PROD_ROVAULT&REV_#[REDACTED_DEVICE_SERIAL]&0#{53F56307-B6BF-11D0-94F2-00A0C91EFB8B}""},{""Status"":""OK"",""Class"":""DiskDrive"",""FriendlyName"":""Sony Mic roVault USB Device"",""InstanceId"":""USBSTOR\\DISK&VEN_SONY_MIC&PROD_ROVAULT&REV_\\[REDACTED_DEVICE_SERIAL]&0""},{""Status"":""OK"",""Class"":""USB"",""FriendlyName"":""Sony USB HiFD Drive"",""InstanceId"":""USB\\VID_054C&PID_0022\\[REDACTED_DEVICE_SERIAL]""}]}",absent,absent,31.7,30.7,List of devices attached,
2026-10-01T14:47:13.728+00:00,2026-10-01T14:47:13.789+00:00,1131.539,present,936.7,"{""state"":""present"",""devices"":[{""Status"":""OK"",""Class"":""WPD"",""FriendlyName"":""THYME_DIAG"",""InstanceId"":""SWD\\WPDBUSENUM\\_??_USBSTOR#DISK&VEN_SONY_MIC&PROD_ROVAULT&REV_#[REDACTED_DEVICE_SERIAL]&0#{53F56307-B6BF-11D0-94F2-00A0C91EFB8B}""},{""Status"":""OK"",""Class"":""Volume"",""FriendlyName"":""��"",""InstanceId"":""STORAGE\\VOLUME\\_??_USBSTOR#DISK&VEN_SONY_MIC&PROD_ROVAULT&REV_#[REDACTED_DEVICE_SERIAL]&0#{53F56307-B6BF-11D0-94F2-00A0C91EFB8B}""},{""Status"":""OK"",""Class"":""DiskDrive"",""FriendlyName"":""Sony Mic roVault USB Device"",""InstanceId"":""USBSTOR\\DISK&VEN_SONY_MIC&PROD_ROVAULT&REV_\\[REDACTED_DEVICE_SERIAL]&0""},{""Status"":""OK"",""Class"":""USB"",""FriendlyName"":""Sony USB HiFD Drive"",""InstanceId"":""USB\\VID_054C&PID_0022\\[REDACTED_DEVICE_SERIAL]""}]}",absent,absent,31.0,29.8,List of devices attached,
2026-10-01T14:47:14.729+00:00,2026-10-01T14:47:14.791+00:00,1132.541,present,944.6,"{""state"":""present"",""devices"":[{""Status"":""OK"",""Class"":""WPD"",""FriendlyName"":""THYME_DIAG"",""InstanceId"":""SWD\\WPDBUSENUM\\_??_USBSTOR#DISK&VEN_SONY_MIC&PROD_ROVAULT&REV_#[REDACTED_DEVICE_SERIAL]&0#{53F56307-B6BF-11D0-94F2-00A0C91EFB8B}""},{""Status"":""OK"",""Class"":""Volume"",""FriendlyName"":""��"",""InstanceId"":""STORAGE\\VOLUME\\_??_USBSTOR#DISK&VEN_SONY_MIC&PROD_ROVAULT&REV_#[REDACTED_DEVICE_SERIAL]&0#{53F56307-B6BF-11D0-94F2-00A0C91EFB8B}""},{""Status"":""OK"",""Class"":""DiskDrive"",""FriendlyName"":""Sony Mic roVault USB Device"",""InstanceId"":""USBSTOR\\DISK&VEN_SONY_MIC&PROD_ROVAULT&REV_\\[REDACTED_DEVICE_SERIAL]&0""},{""Status"":""OK"",""Class"":""USB"",""FriendlyName"":""Sony USB HiFD Drive"",""InstanceId"":""USB\\VID_054C&PID_0022\\[REDACTED_DEVICE_SERIAL]""}]}",absent,absent,31.5,31.3,List of devices attached,
2026-10-01T14:47:15.729+00:00,2026-10-01T14:47:15.791+00:00,1133.541,present,915.5,"{""state"":""present"",""devices"":[{""Status"":""OK"",""Class"":""WPD"",""FriendlyName"":""THYME_DIAG"",""InstanceId"":""SWD\\WPDBUSENUM\\_??_USBSTOR#DISK&VEN_SONY_MIC&PROD_ROVAULT&REV_#[REDACTED_DEVICE_SERIAL]&0#{53F56307-B6BF-11D0-94F2-00A0C91EFB8B}""},{""Status"":""OK"",""Class"":""Volume"",""FriendlyName"":""��"",""InstanceId"":""STORAGE\\VOLUME\\_??_USBSTOR#DISK&VEN_SONY_MIC&PROD_ROVAULT&REV_#[REDACTED_DEVICE_SERIAL]&0#{53F56307-B6BF-11D0-94F2-00A0C91EFB8B}""},{""Status"":""OK"",""Class"":""DiskDrive"",""FriendlyName"":""Sony Mic roVault USB Device"",""InstanceId"":""USBSTOR\\DISK&VEN_SONY_MIC&PROD_ROVAULT&REV_\\[REDACTED_DEVICE_SERIAL]&0""},{""Status"":""OK"",""Class"":""USB"",""FriendlyName"":""Sony USB HiFD Drive"",""InstanceId"":""USB\\VID_054C&PID_0022\\[REDACTED_DEVICE_SERIAL]""}]}",absent,absent,32.0,30.2,List of devices attached,
2026-10-01T14:47:16.729+00:00,2026-10-01T14:47:16.793+00:00,1134.543,present,952.4,"{""state"":""present"",""devices"":[{""Status"":""OK"",""Class"":""WPD"",""FriendlyName"":""THYME_DIAG"",""InstanceId"":""SWD\\WPDBUSENUM\\_??_USBSTOR#DISK&VEN_SONY_MIC&PROD_ROVAULT&REV_#[REDACTED_DEVICE_SERIAL]&0#{53F56307-B6BF-11D0-94F2-00A0C91EFB8B}""},{""Status"":""OK"",""Class"":""Volume"",""FriendlyName"":""��"",""InstanceId"":""STORAGE\\VOLUME\\_??_USBSTOR#DISK&VEN_SONY_MIC&PROD_ROVAULT&REV_#[REDACTED_DEVICE_SERIAL]&0#{53F56307-B6BF-11D0-94F2-00A0C91EFB8B}""},{""Status"":""OK"",""Class"":""DiskDrive"",""FriendlyName"":""Sony Mic roVault USB Device"",""InstanceId"":""USBSTOR\\DISK&VEN_SONY_MIC&PROD_ROVAULT&REV_\\[REDACTED_DEVICE_SERIAL]&0""},{""Status"":""OK"",""Class"":""USB"",""FriendlyName"":""Sony USB HiFD Drive"",""InstanceId"":""USB\\VID_054C&PID_0022\\[REDACTED_DEVICE_SERIAL]""}]}",absent,absent,32.4,31.0,List of devices attached,
2026-10-01T14:47:17.730+00:00,2026-10-01T14:47:17.790+00:00,1135.540,present,928.1,"{""state"":""present"",""devices"":[{""Status"":""OK"",""Class"":""WPD"",""FriendlyName"":""THYME_DIAG"",""InstanceId"":""SWD\\WPDBUSENUM\\_??_USBSTOR#DISK&VEN_SONY_MIC&PROD_ROVAULT&REV_#[REDACTED_DEVICE_SERIAL]&0#{53F56307-B6BF-11D0-94F2-00A0C91EFB8B}""},{""Status"":""OK"",""Class"":""Volume"",""FriendlyName"":""��"",""InstanceId"":""STORAGE\\VOLUME\\_??_USBSTOR#DISK&VEN_SONY_MIC&PROD_ROVAULT&REV_#[REDACTED_DEVICE_SERIAL]&0#{53F56307-B6BF-11D0-94F2-00A0C91EFB8B}""},{""Status"":""OK"",""Class"":""DiskDrive"",""FriendlyName"":""Sony Mic roVault USB Device"",""InstanceId"":""USBSTOR\\DISK&VEN_SONY_MIC&PROD_ROVAULT&REV_\\[REDACTED_DEVICE_SERIAL]&0""},{""Status"":""OK"",""Class"":""USB"",""FriendlyName"":""Sony USB HiFD Drive"",""InstanceId"":""USB\\VID_054C&PID_0022\\[REDACTED_DEVICE_SERIAL]""}]}",absent,absent,31.0,29.3,List of devices attached,
2026-10-01T14:47:18.730+00:00,2026-10-01T14:47:18.796+00:00,1136.546,present,935.3,"{""state"":""present"",""devices"":[{""Status"":""OK"",""Class"":""WPD"",""FriendlyName"":""THYME_DIAG"",""InstanceId"":""SWD\\WPDBUSENUM\\_??_USBSTOR#DISK&VEN_SONY_MIC&PROD_ROVAULT&REV_#[REDACTED_DEVICE_SERIAL]&0#{53F56307-B6BF-11D0-94F2-00A0C91EFB8B}""},{""Status"":""OK"",""Class"":""Volume"",""FriendlyName"":""��"",""InstanceId"":""STORAGE\\VOLUME\\_??_USBSTOR#DISK&VEN_SONY_MIC&PROD_ROVAULT&REV_#[REDACTED_DEVICE_SERIAL]&0#{53F56307-B6BF-11D0-94F2-00A0C91EFB8B}""},{""Status"":""OK"",""Class"":""DiskDrive"",""FriendlyName"":""Sony Mic roVault USB Device"",""InstanceId"":""USBSTOR\\DISK&VEN_SONY_MIC&PROD_ROVAULT&REV_\\[REDACTED_DEVICE_SERIAL]&0""},{""Status"":""OK"",""Class"":""USB"",""FriendlyName"":""Sony USB HiFD Drive"",""InstanceId"":""USB\\VID_054C&PID_0022\\[REDACTED_DEVICE_SERIAL]""}]}",absent,absent,32.2,34.3,List of devices attached,
2026-10-01T14:47:19.730+00:00,2026-10-01T14:47:19.792+00:00,1137.542,present,933.8,"{""state"":""present"",""devices"":[{""Status"":""OK"",""Class"":""WPD"",""FriendlyName"":""THYME_DIAG"",""InstanceId"":""SWD\\WPDBUSENUM\\_??_USBSTOR#DISK&VEN_SONY_MIC&PROD_ROVAULT&REV_#[REDACTED_DEVICE_SERIAL]&0#{53F56307-B6BF-11D0-94F2-00A0C91EFB8B}""},{""Status"":""OK"",""Class"":""Volume"",""FriendlyName"":""��"",""InstanceId"":""STORAGE\\VOLUME\\_??_USBSTOR#DISK&VEN_SONY_MIC&PROD_ROVAULT&REV_#[REDACTED_DEVICE_SERIAL]&0#{53F56307-B6BF-11D0-94F2-00A0C91EFB8B}""},{""Status"":""OK"",""Class"":""DiskDrive"",""FriendlyName"":""Sony Mic roVault USB Device"",""InstanceId"":""USBSTOR\\DISK&VEN_SONY_MIC&PROD_ROVAULT&REV_\\[REDACTED_DEVICE_SERIAL]&0""},{""Status"":""OK"",""Class"":""USB"",""FriendlyName"":""Sony USB HiFD Drive"",""InstanceId"":""USB\\VID_054C&PID_0022\\[REDACTED_DEVICE_SERIAL]""}]}",absent,absent,32.5,29.8,List of devices attached,
2026-10-01T14:47:20.730+00:00,2026-10-01T14:47:20.790+00:00,1138.540,present,947.7,"{""state"":""present"",""devices"":[{""Status"":""OK"",""Class"":""WPD"",""FriendlyName"":""THYME_DIAG"",""InstanceId"":""SWD\\WPDBUSENUM\\_??_USBSTOR#DISK&VEN_SONY_MIC&PROD_ROVAULT&REV_#[REDACTED_DEVICE_SERIAL]&0#{53F56307-B6BF-11D0-94F2-00A0C91EFB8B}""},{""Status"":""OK"",""Class"":""Volume"",""FriendlyName"":""��"",""InstanceId"":""STORAGE\\VOLUME\\_??_USBSTOR#DISK&VEN_SONY_MIC&PROD_ROVAULT&REV_#[REDACTED_DEVICE_SERIAL]&0#{53F56307-B6BF-11D0-94F2-00A0C91EFB8B}""},{""Status"":""OK"",""Class"":""DiskDrive"",""FriendlyName"":""Sony Mic roVault USB Device"",""InstanceId"":""USBSTOR\\DISK&VEN_SONY_MIC&PROD_ROVAULT&REV_\\[REDACTED_DEVICE_SERIAL]&0""},{""Status"":""OK"",""Class"":""USB"",""FriendlyName"":""Sony USB HiFD Drive"",""InstanceId"":""USB\\VID_054C&PID_0022\\[REDACTED_DEVICE_SERIAL]""}]}",absent,absent,31.8,28.2,List of devices attached,
2026-10-01T14:47:21.730+00:00,2026-10-01T14:47:21.794+00:00,1139.544,present,938.5,"{""state"":""present"",""devices"":[{""Status"":""OK"",""Class"":""WPD"",""FriendlyName"":""THYME_DIAG"",""InstanceId"":""SWD\\WPDBUSENUM\\_??_USBSTOR#DISK&VEN_SONY_MIC&PROD_ROVAULT&REV_#[REDACTED_DEVICE_SERIAL]&0#{53F56307-B6BF-11D0-94F2-00A0C91EFB8B}""},{""Status"":""OK"",""Class"":""Volume"",""FriendlyName"":""��"",""InstanceId"":""STORAGE\\VOLUME\\_??_USBSTOR#DISK&VEN_SONY_MIC&PROD_ROVAULT&REV_#[REDACTED_DEVICE_SERIAL]&0#{53F56307-B6BF-11D0-94F2-00A0C91EFB8B}""},{""Status"":""OK"",""Class"":""DiskDrive"",""FriendlyName"":""Sony Mic roVault USB Device"",""InstanceId"":""USBSTOR\\DISK&VEN_SONY_MIC&PROD_ROVAULT&REV_\\[REDACTED_DEVICE_SERIAL]&0""},{""Status"":""OK"",""Class"":""USB"",""FriendlyName"":""Sony USB HiFD Drive"",""InstanceId"":""USB\\VID_054C&PID_0022\\[REDACTED_DEVICE_SERIAL]""}]}",absent,absent,33.6,29.7,List of devices attached,
2026-10-01T14:47:22.730+00:00,2026-10-01T14:47:22.792+00:00,1140.542,present,961.6,"{""state"":""present"",""devices"":[{""Status"":""OK"",""Class"":""WPD"",""FriendlyName"":""THYME_DIAG"",""InstanceId"":""SWD\\WPDBUSENUM\\_??_USBSTOR#DISK&VEN_SONY_MIC&PROD_ROVAULT&REV_#[REDACTED_DEVICE_SERIAL]&0#{53F56307-B6BF-11D0-94F2-00A0C91EFB8B}""},{""Status"":""OK"",""Class"":""Volume"",""FriendlyName"":""��"",""InstanceId"":""STORAGE\\VOLUME\\_??_USBSTOR#DISK&VEN_SONY_MIC&PROD_ROVAULT&REV_#[REDACTED_DEVICE_SERIAL]&0#{53F56307-B6BF-11D0-94F2-00A0C91EFB8B}""},{""Status"":""OK"",""Class"":""DiskDrive"",""FriendlyName"":""Sony Mic roVault USB Device"",""InstanceId"":""USBSTOR\\DISK&VEN_SONY_MIC&PROD_ROVAULT&REV_\\[REDACTED_DEVICE_SERIAL]&0""},{""Status"":""OK"",""Class"":""USB"",""FriendlyName"":""Sony USB HiFD Drive"",""InstanceId"":""USB\\VID_054C&PID_0022\\[REDACTED_DEVICE_SERIAL]""}]}",absent,absent,32.3,29.6,List of devices attached,
2026-10-01T14:47:23.731+00:00,2026-10-01T14:47:23.793+00:00,1141.543,present,929.1,"{""state"":""present"",""devices"":[{""Status"":""OK"",""Class"":""WPD"",""FriendlyName"":""THYME_DIAG"",""InstanceId"":""SWD\\WPDBUSENUM\\_??_USBSTOR#DISK&VEN_SONY_MIC&PROD_ROVAULT&REV_#[REDACTED_DEVICE_SERIAL]&0#{53F56307-B6BF-11D0-94F2-00A0C91EFB8B}""},{""Status"":""OK"",""Class"":""Volume"",""FriendlyName"":""��"",""InstanceId"":""STORAGE\\VOLUME\\_??_USBSTOR#DISK&VEN_SONY_MIC&PROD_ROVAULT&REV_#[REDACTED_DEVICE_SERIAL]&0#{53F56307-B6BF-11D0-94F2-00A0C91EFB8B}""},{""Status"":""OK"",""Class"":""DiskDrive"",""FriendlyName"":""Sony Mic roVault USB Device"",""InstanceId"":""USBSTOR\\DISK&VEN_SONY_MIC&PROD_ROVAULT&REV_\\[REDACTED_DEVICE_SERIAL]&0""},{""Status"":""OK"",""Class"":""USB"",""FriendlyName"":""Sony USB HiFD Drive"",""InstanceId"":""USB\\VID_054C&PID_0022\\[REDACTED_DEVICE_SERIAL]""}]}",absent,absent,32.8,29.7,List of devices attached,
2026-10-01T14:47:24.731+00:00,2026-10-01T14:47:24.795+00:00,1142.545,present,951.1,"{""state"":""present"",""devices"":[{""Status"":""OK"",""Class"":""WPD"",""FriendlyName"":""THYME_DIAG"",""InstanceId"":""SWD\\WPDBUSENUM\\_??_USBSTOR#DISK&VEN_SONY_MIC&PROD_ROVAULT&REV_#[REDACTED_DEVICE_SERIAL]&0#{53F56307-B6BF-11D0-94F2-00A0C91EFB8B}""},{""Status"":""OK"",""Class"":""Volume"",""FriendlyName"":""��"",""InstanceId"":""STORAGE\\VOLUME\\_??_USBSTOR#DISK&VEN_SONY_MIC&PROD_ROVAULT&REV_#[REDACTED_DEVICE_SERIAL]&0#{53F56307-B6BF-11D0-94F2-00A0C91EFB8B}""},{""Status"":""OK"",""Class"":""DiskDrive"",""FriendlyName"":""Sony Mic roVault USB Device"",""InstanceId"":""USBSTOR\\DISK&VEN_SONY_MIC&PROD_ROVAULT&REV_\\[REDACTED_DEVICE_SERIAL]&0""},{""Status"":""OK"",""Class"":""USB"",""FriendlyName"":""Sony USB HiFD Drive"",""InstanceId"":""USB\\VID_054C&PID_0022\\[REDACTED_DEVICE_SERIAL]""}]}",absent,absent,33.1,31.1,List of devices attached,
2026-10-01T14:47:25.731+00:00,2026-10-01T14:47:25.796+00:00,1143.546,present,933.4,"{""state"":""present"",""devices"":[{""Status"":""OK"",""Class"":""WPD"",""FriendlyName"":""THYME_DIAG"",""InstanceId"":""SWD\\WPDBUSENUM\\_??_USBSTOR#DISK&VEN_SONY_MIC&PROD_ROVAULT&REV_#[REDACTED_DEVICE_SERIAL]&0#{53F56307-B6BF-11D0-94F2-00A0C91EFB8B}""},{""Status"":""OK"",""Class"":""Volume"",""FriendlyName"":""��"",""InstanceId"":""STORAGE\\VOLUME\\_??_USBSTOR#DISK&VEN_SONY_MIC&PROD_ROVAULT&REV_#[REDACTED_DEVICE_SERIAL]&0#{53F56307-B6BF-11D0-94F2-00A0C91EFB8B}""},{""Status"":""OK"",""Class"":""DiskDrive"",""FriendlyName"":""Sony Mic roVault USB Device"",""InstanceId"":""USBSTOR\\DISK&VEN_SONY_MIC&PROD_ROVAULT&REV_\\[REDACTED_DEVICE_SERIAL]&0""},{""Status"":""OK"",""Class"":""USB"",""FriendlyName"":""Sony USB HiFD Drive"",""InstanceId"":""USB\\VID_054C&PID_0022\\[REDACTED_DEVICE_SERIAL]""}]}",absent,absent,33.8,30.4,List of devices attached,
2026-10-01T14:47:26.732+00:00,2026-10-01T14:47:26.795+00:00,1144.545,present,937.9,"{""state"":""present"",""devices"":[{""Status"":""OK"",""Class"":""WPD"",""FriendlyName"":""THYME_DIAG"",""InstanceId"":""SWD\\WPDBUSENUM\\_??_USBSTOR#DISK&VEN_SONY_MIC&PROD_ROVAULT&REV_#[REDACTED_DEVICE_SERIAL]&0#{53F56307-B6BF-11D0-94F2-00A0C91EFB8B}""},{""Status"":""OK"",""Class"":""Volume"",""FriendlyName"":""��"",""InstanceId"":""STORAGE\\VOLUME\\_??_USBSTOR#DISK&VEN_SONY_MIC&PROD_ROVAULT&REV_#[REDACTED_DEVICE_SERIAL]&0#{53F56307-B6BF-11D0-94F2-00A0C91EFB8B}""},{""Status"":""OK"",""Class"":""DiskDrive"",""FriendlyName"":""Sony Mic roVault USB Device"",""InstanceId"":""USBSTOR\\DISK&VEN_SONY_MIC&PROD_ROVAULT&REV_\\[REDACTED_DEVICE_SERIAL]&0""},{""Status"":""OK"",""Class"":""USB"",""FriendlyName"":""Sony USB HiFD Drive"",""InstanceId"":""USB\\VID_054C&PID_0022\\[REDACTED_DEVICE_SERIAL]""}]}",absent,absent,32.4,30.4,List of devices attached,
2026-10-01T14:47:27.732+00:00,2026-10-01T14:47:27.821+00:00,1145.571,present,935.9,"{""state"":""present"",""devices"":[{""Status"":""OK"",""Class"":""WPD"",""FriendlyName"":""THYME_DIAG"",""InstanceId"":""SWD\\WPDBUSENUM\\_??_USBSTOR#DISK&VEN_SONY_MIC&PROD_ROVAULT&REV_#[REDACTED_DEVICE_SERIAL]&0#{53F56307-B6BF-11D0-94F2-00A0C91EFB8B}""},{""Status"":""OK"",""Class"":""Volume"",""FriendlyName"":""��"",""InstanceId"":""STORAGE\\VOLUME\\_??_USBSTOR#DISK&VEN_SONY_MIC&PROD_ROVAULT&REV_#[REDACTED_DEVICE_SERIAL]&0#{53F56307-B6BF-11D0-94F2-00A0C91EFB8B}""},{""Status"":""OK"",""Class"":""DiskDrive"",""FriendlyName"":""Sony Mic roVault USB Device"",""InstanceId"":""USBSTOR\\DISK&VEN_SONY_MIC&PROD_ROVAULT&REV_\\[REDACTED_DEVICE_SERIAL]&0""},{""Status"":""OK"",""Class"":""USB"",""FriendlyName"":""Sony USB HiFD Drive"",""InstanceId"":""USB\\VID_054C&PID_0022\\[REDACTED_DEVICE_SERIAL]""}]}",absent,absent,49.4,39.6,List of devices attached,
2026-10-01T14:47:28.732+00:00,2026-10-01T14:47:28.801+00:00,1146.551,present,980.0,"{""state"":""present"",""devices"":[{""Status"":""OK"",""Class"":""WPD"",""FriendlyName"":""THYME_DIAG"",""InstanceId"":""SWD\\WPDBUSENUM\\_??_USBSTOR#DISK&VEN_SONY_MIC&PROD_ROVAULT&REV_#[REDACTED_DEVICE_SERIAL]&0#{53F56307-B6BF-11D0-94F2-00A0C91EFB8B}""},{""Status"":""OK"",""Class"":""Volume"",""FriendlyName"":""��"",""InstanceId"":""STORAGE\\VOLUME\\_??_USBSTOR#DISK&VEN_SONY_MIC&PROD_ROVAULT&REV_#[REDACTED_DEVICE_SERIAL]&0#{53F56307-B6BF-11D0-94F2-00A0C91EFB8B}""},{""Status"":""OK"",""Class"":""DiskDrive"",""FriendlyName"":""Sony Mic roVault USB Device"",""InstanceId"":""USBSTOR\\DISK&VEN_SONY_MIC&PROD_ROVAULT&REV_\\[REDACTED_DEVICE_SERIAL]&0""},{""Status"":""OK"",""Class"":""USB"",""FriendlyName"":""Sony USB HiFD Drive"",""InstanceId"":""USB\\VID_054C&PID_0022\\[REDACTED_DEVICE_SERIAL]""}]}",absent,absent,35.7,33.0,List of devices attached,
2026-10-01T14:47:29.733+00:00,2026-10-01T14:47:29.797+00:00,1147.547,present,941.0,"{""state"":""present"",""devices"":[{""Status"":""OK"",""Class"":""WPD"",""FriendlyName"":""THYME_DIAG"",""InstanceId"":""SWD\\WPDBUSENUM\\_??_USBSTOR#DISK&VEN_SONY_MIC&PROD_ROVAULT&REV_#[REDACTED_DEVICE_SERIAL]&0#{53F56307-B6BF-11D0-94F2-00A0C91EFB8B}""},{""Status"":""OK"",""Class"":""Volume"",""FriendlyName"":""��"",""InstanceId"":""STORAGE\\VOLUME\\_??_USBSTOR#DISK&VEN_SONY_MIC&PROD_ROVAULT&REV_#[REDACTED_DEVICE_SERIAL]&0#{53F56307-B6BF-11D0-94F2-00A0C91EFB8B}""},{""Status"":""OK"",""Class"":""DiskDrive"",""FriendlyName"":""Sony Mic roVault USB Device"",""InstanceId"":""USBSTOR\\DISK&VEN_SONY_MIC&PROD_ROVAULT&REV_\\[REDACTED_DEVICE_SERIAL]&0""},{""Status"":""OK"",""Class"":""USB"",""FriendlyName"":""Sony USB HiFD Drive"",""InstanceId"":""USB\\VID_054C&PID_0022\\[REDACTED_DEVICE_SERIAL]""}]}",absent,absent,33.2,31.5,List of devices attached,
2026-10-01T14:47:30.733+00:00,2026-10-01T14:47:30.799+00:00,1148.549,present,949.4,"{""state"":""present"",""devices"":[{""Status"":""OK"",""Class"":""WPD"",""FriendlyName"":""THYME_DIAG"",""InstanceId"":""SWD\\WPDBUSENUM\\_??_USBSTOR#DISK&VEN_SONY_MIC&PROD_ROVAULT&REV_#[REDACTED_DEVICE_SERIAL]&0#{53F56307-B6BF-11D0-94F2-00A0C91EFB8B}""},{""Status"":""OK"",""Class"":""Volume"",""FriendlyName"":""��"",""InstanceId"":""STORAGE\\VOLUME\\_??_USBSTOR#DISK&VEN_SONY_MIC&PROD_ROVAULT&REV_#[REDACTED_DEVICE_SERIAL]&0#{53F56307-B6BF-11D0-94F2-00A0C91EFB8B}""},{""Status"":""OK"",""Class"":""DiskDrive"",""FriendlyName"":""Sony Mic roVault USB Device"",""InstanceId"":""USBSTOR\\DISK&VEN_SONY_MIC&PROD_ROVAULT&REV_\\[REDACTED_DEVICE_SERIAL]&0""},{""Status"":""OK"",""Class"":""USB"",""FriendlyName"":""Sony USB HiFD Drive"",""InstanceId"":""USB\\VID_054C&PID_0022\\[REDACTED_DEVICE_SERIAL]""}]}",absent,absent,34.7,30.9,List of devices attached,
2026-10-01T14:47:31.733+00:00,2026-10-01T14:47:31.796+00:00,1149.546,present,931.3,"{""state"":""present"",""devices"":[{""Status"":""OK"",""Class"":""WPD"",""FriendlyName"":""THYME_DIAG"",""InstanceId"":""SWD\\WPDBUSENUM\\_??_USBSTOR#DISK&VEN_SONY_MIC&PROD_ROVAULT&REV_#[REDACTED_DEVICE_SERIAL]&0#{53F56307-B6BF-11D0-94F2-00A0C91EFB8B}""},{""Status"":""OK"",""Class"":""Volume"",""FriendlyName"":""��"",""InstanceId"":""STORAGE\\VOLUME\\_??_USBSTOR#DISK&VEN_SONY_MIC&PROD_ROVAULT&REV_#[REDACTED_DEVICE_SERIAL]&0#{53F56307-B6BF-11D0-94F2-00A0C91EFB8B}""},{""Status"":""OK"",""Class"":""DiskDrive"",""FriendlyName"":""Sony Mic roVault USB Device"",""InstanceId"":""USBSTOR\\DISK&VEN_SONY_MIC&PROD_ROVAULT&REV_\\[REDACTED_DEVICE_SERIAL]&0""},{""Status"":""OK"",""Class"":""USB"",""FriendlyName"":""Sony USB HiFD Drive"",""InstanceId"":""USB\\VID_054C&PID_0022\\[REDACTED_DEVICE_SERIAL]""}]}",absent,absent,33.0,30.0,List of devices attached,
2026-10-01T14:47:32.733+00:00,2026-10-01T14:47:32.797+00:00,1150.547,present,954.0,"{""state"":""present"",""devices"":[{""Status"":""OK"",""Class"":""WPD"",""FriendlyName"":""THYME_DIAG"",""InstanceId"":""SWD\\WPDBUSENUM\\_??_USBSTOR#DISK&VEN_SONY_MIC&PROD_ROVAULT&REV_#[REDACTED_DEVICE_SERIAL]&0#{53F56307-B6BF-11D0-94F2-00A0C91EFB8B}""},{""Status"":""OK"",""Class"":""Volume"",""FriendlyName"":""��"",""InstanceId"":""STORAGE\\VOLUME\\_??_USBSTOR#DISK&VEN_SONY_MIC&PROD_ROVAULT&REV_#[REDACTED_DEVICE_SERIAL]&0#{53F56307-B6BF-11D0-94F2-00A0C91EFB8B}""},{""Status"":""OK"",""Class"":""DiskDrive"",""FriendlyName"":""Sony Mic roVault USB Device"",""InstanceId"":""USBSTOR\\DISK&VEN_SONY_MIC&PROD_ROVAULT&REV_\\[REDACTED_DEVICE_SERIAL]&0""},{""Status"":""OK"",""Class"":""USB"",""FriendlyName"":""Sony USB HiFD Drive"",""InstanceId"":""USB\\VID_054C&PID_0022\\[REDACTED_DEVICE_SERIAL]""}]}",absent,absent,32.9,30.6,List of devices attached,
2026-10-01T14:47:33.734+00:00,2026-10-01T14:47:33.804+00:00,1151.554,present,924.8,"{""state"":""present"",""devices"":[{""Status"":""OK"",""Class"":""WPD"",""FriendlyName"":""THYME_DIAG"",""InstanceId"":""SWD\\WPDBUSENUM\\_??_USBSTOR#DISK&VEN_SONY_MIC&PROD_ROVAULT&REV_#[REDACTED_DEVICE_SERIAL]&0#{53F56307-B6BF-11D0-94F2-00A0C91EFB8B}""},{""Status"":""OK"",""Class"":""Volume"",""FriendlyName"":""��"",""InstanceId"":""STORAGE\\VOLUME\\_??_USBSTOR#DISK&VEN_SONY_MIC&PROD_ROVAULT&REV_#[REDACTED_DEVICE_SERIAL]&0#{53F56307-B6BF-11D0-94F2-00A0C91EFB8B}""},{""Status"":""OK"",""Class"":""DiskDrive"",""FriendlyName"":""Sony Mic roVault USB Device"",""InstanceId"":""USBSTOR\\DISK&VEN_SONY_MIC&PROD_ROVAULT&REV_\\[REDACTED_DEVICE_SERIAL]&0""},{""Status"":""OK"",""Class"":""USB"",""FriendlyName"":""Sony USB HiFD Drive"",""InstanceId"":""USB\\VID_054C&PID_0022\\[REDACTED_DEVICE_SERIAL]""}]}",absent,absent,35.9,33.9,List of devices attached,
2026-10-01T14:47:34.734+00:00,2026-10-01T14:47:34.798+00:00,1152.548,present,932.0,"{""state"":""present"",""devices"":[{""Status"":""OK"",""Class"":""WPD"",""FriendlyName"":""THYME_DIAG"",""InstanceId"":""SWD\\WPDBUSENUM\\_??_USBSTOR#DISK&VEN_SONY_MIC&PROD_ROVAULT&REV_#[REDACTED_DEVICE_SERIAL]&0#{53F56307-B6BF-11D0-94F2-00A0C91EFB8B}""},{""Status"":""OK"",""Class"":""Volume"",""FriendlyName"":""��"",""InstanceId"":""STORAGE\\VOLUME\\_??_USBSTOR#DISK&VEN_SONY_MIC&PROD_ROVAULT&REV_#[REDACTED_DEVICE_SERIAL]&0#{53F56307-B6BF-11D0-94F2-00A0C91EFB8B}""},{""Status"":""OK"",""Class"":""DiskDrive"",""FriendlyName"":""Sony Mic roVault USB Device"",""InstanceId"":""USBSTOR\\DISK&VEN_SONY_MIC&PROD_ROVAULT&REV_\\[REDACTED_DEVICE_SERIAL]&0""},{""Status"":""OK"",""Class"":""USB"",""FriendlyName"":""Sony USB HiFD Drive"",""InstanceId"":""USB\\VID_054C&PID_0022\\[REDACTED_DEVICE_SERIAL]""}]}",absent,absent,33.0,31.4,List of devices attached,
2026-10-01T14:47:35.734+00:00,2026-10-01T14:47:35.798+00:00,1153.548,present,964.8,"{""state"":""present"",""devices"":[{""Status"":""OK"",""Class"":""WPD"",""FriendlyName"":""THYME_DIAG"",""InstanceId"":""SWD\\WPDBUSENUM\\_??_USBSTOR#DISK&VEN_SONY_MIC&PROD_ROVAULT&REV_#[REDACTED_DEVICE_SERIAL]&0#{53F56307-B6BF-11D0-94F2-00A0C91EFB8B}""},{""Status"":""OK"",""Class"":""Volume"",""FriendlyName"":""��"",""InstanceId"":""STORAGE\\VOLUME\\_??_USBSTOR#DISK&VEN_SONY_MIC&PROD_ROVAULT&REV_#[REDACTED_DEVICE_SERIAL]&0#{53F56307-B6BF-11D0-94F2-00A0C91EFB8B}""},{""Status"":""OK"",""Class"":""DiskDrive"",""FriendlyName"":""Sony Mic roVault USB Device"",""InstanceId"":""USBSTOR\\DISK&VEN_SONY_MIC&PROD_ROVAULT&REV_\\[REDACTED_DEVICE_SERIAL]&0""},{""Status"":""OK"",""Class"":""USB"",""FriendlyName"":""Sony USB HiFD Drive"",""InstanceId"":""USB\\VID_054C&PID_0022\\[REDACTED_DEVICE_SERIAL]""}]}",absent,absent,33.3,29.7,List of devices attached,
2026-10-01T14:47:36.735+00:00,2026-10-01T14:47:36.799+00:00,1154.549,present,931.5,"{""state"":""present"",""devices"":[{""Status"":""OK"",""Class"":""WPD"",""FriendlyName"":""THYME_DIAG"",""InstanceId"":""SWD\\WPDBUSENUM\\_??_USBSTOR#DISK&VEN_SONY_MIC&PROD_ROVAULT&REV_#[REDACTED_DEVICE_SERIAL]&0#{53F56307-B6BF-11D0-94F2-00A0C91EFB8B}""},{""Status"":""OK"",""Class"":""Volume"",""FriendlyName"":""��"",""InstanceId"":""STORAGE\\VOLUME\\_??_USBSTOR#DISK&VEN_SONY_MIC&PROD_ROVAULT&REV_#[REDACTED_DEVICE_SERIAL]&0#{53F56307-B6BF-11D0-94F2-00A0C91EFB8B}""},{""Status"":""OK"",""Class"":""DiskDrive"",""FriendlyName"":""Sony Mic roVault USB Device"",""InstanceId"":""USBSTOR\\DISK&VEN_SONY_MIC&PROD_ROVAULT&REV_\\[REDACTED_DEVICE_SERIAL]&0""},{""Status"":""OK"",""Class"":""USB"",""FriendlyName"":""Sony USB HiFD Drive"",""InstanceId"":""USB\\VID_054C&PID_0022\\[REDACTED_DEVICE_SERIAL]""}]}",absent,absent,33.9,29.9,List of devices attached,
2026-10-01T14:47:37.735+00:00,2026-10-01T14:47:37.799+00:00,1155.549,present,946.8,"{""state"":""present"",""devices"":[{""Status"":""OK"",""Class"":""WPD"",""FriendlyName"":""THYME_DIAG"",""InstanceId"":""SWD\\WPDBUSENUM\\_??_USBSTOR#DISK&VEN_SONY_MIC&PROD_ROVAULT&REV_#[REDACTED_DEVICE_SERIAL]&0#{53F56307-B6BF-11D0-94F2-00A0C91EFB8B}""},{""Status"":""OK"",""Class"":""Volume"",""FriendlyName"":""��"",""InstanceId"":""STORAGE\\VOLUME\\_??_USBSTOR#DISK&VEN_SONY_MIC&PROD_ROVAULT&REV_#[REDACTED_DEVICE_SERIAL]&0#{53F56307-B6BF-11D0-94F2-00A0C91EFB8B}""},{""Status"":""OK"",""Class"":""DiskDrive"",""FriendlyName"":""Sony Mic roVault USB Device"",""InstanceId"":""USBSTOR\\DISK&VEN_SONY_MIC&PROD_ROVAULT&REV_\\[REDACTED_DEVICE_SERIAL]&0""},{""Status"":""OK"",""Class"":""USB"",""FriendlyName"":""Sony USB HiFD Drive"",""InstanceId"":""USB\\VID_054C&PID_0022\\[REDACTED_DEVICE_SERIAL]""}]}",absent,absent,32.0,31.8,List of devices attached,
2026-10-01T14:47:38.735+00:00,2026-10-01T14:47:38.797+00:00,1156.547,present,911.0,"{""state"":""present"",""devices"":[{""Status"":""OK"",""Class"":""WPD"",""FriendlyName"":""THYME_DIAG"",""InstanceId"":""SWD\\WPDBUSENUM\\_??_USBSTOR#DISK&VEN_SONY_MIC&PROD_ROVAULT&REV_#[REDACTED_DEVICE_SERIAL]&0#{53F56307-B6BF-11D0-94F2-00A0C91EFB8B}""},{""Status"":""OK"",""Class"":""Volume"",""FriendlyName"":""��"",""InstanceId"":""STORAGE\\VOLUME\\_??_USBSTOR#DISK&VEN_SONY_MIC&PROD_ROVAULT&REV_#[REDACTED_DEVICE_SERIAL]&0#{53F56307-B6BF-11D0-94F2-00A0C91EFB8B}""},{""Status"":""OK"",""Class"":""DiskDrive"",""FriendlyName"":""Sony Mic roVault USB Device"",""InstanceId"":""USBSTOR\\DISK&VEN_SONY_MIC&PROD_ROVAULT&REV_\\[REDACTED_DEVICE_SERIAL]&0""},{""Status"":""OK"",""Class"":""USB"",""FriendlyName"":""Sony USB HiFD Drive"",""InstanceId"":""USB\\VID_054C&PID_0022\\[REDACTED_DEVICE_SERIAL]""}]}",absent,absent,31.5,30.2,List of devices attached,
2026-10-01T14:47:39.735+00:00,2026-10-01T14:47:39.798+00:00,1157.548,present,924.6,"{""state"":""present"",""devices"":[{""Status"":""OK"",""Class"":""WPD"",""FriendlyName"":""THYME_DIAG"",""InstanceId"":""SWD\\WPDBUSENUM\\_??_USBSTOR#DISK&VEN_SONY_MIC&PROD_ROVAULT&REV_#[REDACTED_DEVICE_SERIAL]&0#{53F56307-B6BF-11D0-94F2-00A0C91EFB8B}""},{""Status"":""OK"",""Class"":""Volume"",""FriendlyName"":""��"",""InstanceId"":""STORAGE\\VOLUME\\_??_USBSTOR#DISK&VEN_SONY_MIC&PROD_ROVAULT&REV_#[REDACTED_DEVICE_SERIAL]&0#{53F56307-B6BF-11D0-94F2-00A0C91EFB8B}""},{""Status"":""OK"",""Class"":""DiskDrive"",""FriendlyName"":""Sony Mic roVault USB Device"",""InstanceId"":""USBSTOR\\DISK&VEN_SONY_MIC&PROD_ROVAULT&REV_\\[REDACTED_DEVICE_SERIAL]&0""},{""Status"":""OK"",""Class"":""USB"",""FriendlyName"":""Sony USB HiFD Drive"",""InstanceId"":""USB\\VID_054C&PID_0022\\[REDACTED_DEVICE_SERIAL]""}]}",absent,absent,32.8,30.1,List of devices attached,
2026-10-01T14:47:40.736+00:00,2026-10-01T14:47:40.797+00:00,1158.547,present,923.4,"{""state"":""present"",""devices"":[{""Status"":""OK"",""Class"":""WPD"",""FriendlyName"":""THYME_DIAG"",""InstanceId"":""SWD\\WPDBUSENUM\\_??_USBSTOR#DISK&VEN_SONY_MIC&PROD_ROVAULT&REV_#[REDACTED_DEVICE_SERIAL]&0#{53F56307-B6BF-11D0-94F2-00A0C91EFB8B}""},{""Status"":""OK"",""Class"":""Volume"",""FriendlyName"":""��"",""InstanceId"":""STORAGE\\VOLUME\\_??_USBSTOR#DISK&VEN_SONY_MIC&PROD_ROVAULT&REV_#[REDACTED_DEVICE_SERIAL]&0#{53F56307-B6BF-11D0-94F2-00A0C91EFB8B}""},{""Status"":""OK"",""Class"":""DiskDrive"",""FriendlyName"":""Sony Mic roVault USB Device"",""InstanceId"":""USBSTOR\\DISK&VEN_SONY_MIC&PROD_ROVAULT&REV_\\[REDACTED_DEVICE_SERIAL]&0""},{""Status"":""OK"",""Class"":""USB"",""FriendlyName"":""Sony USB HiFD Drive"",""InstanceId"":""USB\\VID_054C&PID_0022\\[REDACTED_DEVICE_SERIAL]""}]}",absent,absent,32.5,29.2,List of devices attached,
2026-10-01T14:47:41.736+00:00,2026-10-01T14:47:41.797+00:00,1159.547,present,909.3,"{""state"":""present"",""devices"":[{""Status"":""OK"",""Class"":""WPD"",""FriendlyName"":""THYME_DIAG"",""InstanceId"":""SWD\\WPDBUSENUM\\_??_USBSTOR#DISK&VEN_SONY_MIC&PROD_ROVAULT&REV_#[REDACTED_DEVICE_SERIAL]&0#{53F56307-B6BF-11D0-94F2-00A0C91EFB8B}""},{""Status"":""OK"",""Class"":""Volume"",""FriendlyName"":""��"",""InstanceId"":""STORAGE\\VOLUME\\_??_USBSTOR#DISK&VEN_SONY_MIC&PROD_ROVAULT&REV_#[REDACTED_DEVICE_SERIAL]&0#{53F56307-B6BF-11D0-94F2-00A0C91EFB8B}""},{""Status"":""OK"",""Class"":""DiskDrive"",""FriendlyName"":""Sony Mic roVault USB Device"",""InstanceId"":""USBSTOR\\DISK&VEN_SONY_MIC&PROD_ROVAULT&REV_\\[REDACTED_DEVICE_SERIAL]&0""},{""Status"":""OK"",""Class"":""USB"",""FriendlyName"":""Sony USB HiFD Drive"",""InstanceId"":""USB\\VID_054C&PID_0022\\[REDACTED_DEVICE_SERIAL]""}]}",absent,absent,31.5,29.4,List of devices attached,
2026-10-01T14:47:42.736+00:00,2026-10-01T14:47:42.799+00:00,1160.549,present,921.2,"{""state"":""present"",""devices"":[{""Status"":""OK"",""Class"":""WPD"",""FriendlyName"":""THYME_DIAG"",""InstanceId"":""SWD\\WPDBUSENUM\\_??_USBSTOR#DISK&VEN_SONY_MIC&PROD_ROVAULT&REV_#[REDACTED_DEVICE_SERIAL]&0#{53F56307-B6BF-11D0-94F2-00A0C91EFB8B}""},{""Status"":""OK"",""Class"":""Volume"",""FriendlyName"":""��"",""InstanceId"":""STORAGE\\VOLUME\\_??_USBSTOR#DISK&VEN_SONY_MIC&PROD_ROVAULT&REV_#[REDACTED_DEVICE_SERIAL]&0#{53F56307-B6BF-11D0-94F2-00A0C91EFB8B}""},{""Status"":""OK"",""Class"":""DiskDrive"",""FriendlyName"":""Sony Mic roVault USB Device"",""InstanceId"":""USBSTOR\\DISK&VEN_SONY_MIC&PROD_ROVAULT&REV_\\[REDACTED_DEVICE_SERIAL]&0""},{""Status"":""OK"",""Class"":""USB"",""FriendlyName"":""Sony USB HiFD Drive"",""InstanceId"":""USB\\VID_054C&PID_0022\\[REDACTED_DEVICE_SERIAL]""}]}",absent,absent,32.8,29.9,List of devices attached,
2026-10-01T14:47:43.737+00:00,2026-10-01T14:47:43.801+00:00,1161.551,present,929.5,"{""state"":""present"",""devices"":[{""Status"":""OK"",""Class"":""WPD"",""FriendlyName"":""THYME_DIAG"",""InstanceId"":""SWD\\WPDBUSENUM\\_??_USBSTOR#DISK&VEN_SONY_MIC&PROD_ROVAULT&REV_#[REDACTED_DEVICE_SERIAL]&0#{53F56307-B6BF-11D0-94F2-00A0C91EFB8B}""},{""Status"":""OK"",""Class"":""Volume"",""FriendlyName"":""��"",""InstanceId"":""STORAGE\\VOLUME\\_??_USBSTOR#DISK&VEN_SONY_MIC&PROD_ROVAULT&REV_#[REDACTED_DEVICE_SERIAL]&0#{53F56307-B6BF-11D0-94F2-00A0C91EFB8B}""},{""Status"":""OK"",""Class"":""DiskDrive"",""FriendlyName"":""Sony Mic roVault USB Device"",""InstanceId"":""USBSTOR\\DISK&VEN_SONY_MIC&PROD_ROVAULT&REV_\\[REDACTED_DEVICE_SERIAL]&0""},{""Status"":""OK"",""Class"":""USB"",""FriendlyName"":""Sony USB HiFD Drive"",""InstanceId"":""USB\\VID_054C&PID_0022\\[REDACTED_DEVICE_SERIAL]""}]}",absent,absent,33.6,30.5,List of devices attached,
2026-10-01T14:47:44.737+00:00,2026-10-01T14:47:44.800+00:00,1162.550,present,926.2,"{""state"":""present"",""devices"":[{""Status"":""OK"",""Class"":""WPD"",""FriendlyName"":""THYME_DIAG"",""InstanceId"":""SWD\\WPDBUSENUM\\_??_USBSTOR#DISK&VEN_SONY_MIC&PROD_ROVAULT&REV_#[REDACTED_DEVICE_SERIAL]&0#{53F56307-B6BF-11D0-94F2-00A0C91EFB8B}""},{""Status"":""OK"",""Class"":""Volume"",""FriendlyName"":""��"",""InstanceId"":""STORAGE\\VOLUME\\_??_USBSTOR#DISK&VEN_SONY_MIC&PROD_ROVAULT&REV_#[REDACTED_DEVICE_SERIAL]&0#{53F56307-B6BF-11D0-94F2-00A0C91EFB8B}""},{""Status"":""OK"",""Class"":""DiskDrive"",""FriendlyName"":""Sony Mic roVault USB Device"",""InstanceId"":""USBSTOR\\DISK&VEN_SONY_MIC&PROD_ROVAULT&REV_\\[REDACTED_DEVICE_SERIAL]&0""},{""Status"":""OK"",""Class"":""USB"",""FriendlyName"":""Sony USB HiFD Drive"",""InstanceId"":""USB\\VID_054C&PID_0022\\[REDACTED_DEVICE_SERIAL]""}]}",absent,absent,33.3,29.7,List of devices attached,
2026-10-01T14:47:45.737+00:00,2026-10-01T14:47:45.800+00:00,1163.550,present,930.9,"{""state"":""present"",""devices"":[{""Status"":""OK"",""Class"":""WPD"",""FriendlyName"":""THYME_DIAG"",""InstanceId"":""SWD\\WPDBUSENUM\\_??_USBSTOR#DISK&VEN_SONY_MIC&PROD_ROVAULT&REV_#[REDACTED_DEVICE_SERIAL]&0#{53F56307-B6BF-11D0-94F2-00A0C91EFB8B}""},{""Status"":""OK"",""Class"":""Volume"",""FriendlyName"":""��"",""InstanceId"":""STORAGE\\VOLUME\\_??_USBSTOR#DISK&VEN_SONY_MIC&PROD_ROVAULT&REV_#[REDACTED_DEVICE_SERIAL]&0#{53F56307-B6BF-11D0-94F2-00A0C91EFB8B}""},{""Status"":""OK"",""Class"":""DiskDrive"",""FriendlyName"":""Sony Mic roVault USB Device"",""InstanceId"":""USBSTOR\\DISK&VEN_SONY_MIC&PROD_ROVAULT&REV_\\[REDACTED_DEVICE_SERIAL]&0""},{""Status"":""OK"",""Class"":""USB"",""FriendlyName"":""Sony USB HiFD Drive"",""InstanceId"":""USB\\VID_054C&PID_0022\\[REDACTED_DEVICE_SERIAL]""}]}",absent,absent,33.5,29.5,List of devices attached,
2026-10-01T14:47:46.737+00:00,2026-10-01T14:47:46.800+00:00,1164.550,present,941.9,"{""state"":""present"",""devices"":[{""Status"":""OK"",""Class"":""WPD"",""FriendlyName"":""THYME_DIAG"",""InstanceId"":""SWD\\WPDBUSENUM\\_??_USBSTOR#DISK&VEN_SONY_MIC&PROD_ROVAULT&REV_#[REDACTED_DEVICE_SERIAL]&0#{53F56307-B6BF-11D0-94F2-00A0C91EFB8B}""},{""Status"":""OK"",""Class"":""Volume"",""FriendlyName"":""��"",""InstanceId"":""STORAGE\\VOLUME\\_??_USBSTOR#DISK&VEN_SONY_MIC&PROD_ROVAULT&REV_#[REDACTED_DEVICE_SERIAL]&0#{53F56307-B6BF-11D0-94F2-00A0C91EFB8B}""},{""Status"":""OK"",""Class"":""DiskDrive"",""FriendlyName"":""Sony Mic roVault USB Device"",""InstanceId"":""USBSTOR\\DISK&VEN_SONY_MIC&PROD_ROVAULT&REV_\\[REDACTED_DEVICE_SERIAL]&0""},{""Status"":""OK"",""Class"":""USB"",""FriendlyName"":""Sony USB HiFD Drive"",""InstanceId"":""USB\\VID_054C&PID_0022\\[REDACTED_DEVICE_SERIAL]""}]}",absent,absent,32.1,30.7,List of devices attached,
2026-10-01T14:47:47.738+00:00,2026-10-01T14:47:47.802+00:00,1165.552,present,950.6,"{""state"":""present"",""devices"":[{""Status"":""OK"",""Class"":""WPD"",""FriendlyName"":""THYME_DIAG"",""InstanceId"":""SWD\\WPDBUSENUM\\_??_USBSTOR#DISK&VEN_SONY_MIC&PROD_ROVAULT&REV_#[REDACTED_DEVICE_SERIAL]&0#{53F56307-B6BF-11D0-94F2-00A0C91EFB8B}""},{""Status"":""OK"",""Class"":""Volume"",""FriendlyName"":""��"",""InstanceId"":""STORAGE\\VOLUME\\_??_USBSTOR#DISK&VEN_SONY_MIC&PROD_ROVAULT&REV_#[REDACTED_DEVICE_SERIAL]&0#{53F56307-B6BF-11D0-94F2-00A0C91EFB8B}""},{""Status"":""OK"",""Class"":""DiskDrive"",""FriendlyName"":""Sony Mic roVault USB Device"",""InstanceId"":""USBSTOR\\DISK&VEN_SONY_MIC&PROD_ROVAULT&REV_\\[REDACTED_DEVICE_SERIAL]&0""},{""Status"":""OK"",""Class"":""USB"",""FriendlyName"":""Sony USB HiFD Drive"",""InstanceId"":""USB\\VID_054C&PID_0022\\[REDACTED_DEVICE_SERIAL]""}]}",absent,absent,32.6,31.5,List of devices attached,
2026-10-01T14:47:48.738+00:00,2026-10-01T14:47:48.800+00:00,1166.550,present,931.5,"{""state"":""present"",""devices"":[{""Status"":""OK"",""Class"":""WPD"",""FriendlyName"":""THYME_DIAG"",""InstanceId"":""SWD\\WPDBUSENUM\\_??_USBSTOR#DISK&VEN_SONY_MIC&PROD_ROVAULT&REV_#[REDACTED_DEVICE_SERIAL]&0#{53F56307-B6BF-11D0-94F2-00A0C91EFB8B}""},{""Status"":""OK"",""Class"":""Volume"",""FriendlyName"":""��"",""InstanceId"":""STORAGE\\VOLUME\\_??_USBSTOR#DISK&VEN_SONY_MIC&PROD_ROVAULT&REV_#[REDACTED_DEVICE_SERIAL]&0#{53F56307-B6BF-11D0-94F2-00A0C91EFB8B}""},{""Status"":""OK"",""Class"":""DiskDrive"",""FriendlyName"":""Sony Mic roVault USB Device"",""InstanceId"":""USBSTOR\\DISK&VEN_SONY_MIC&PROD_ROVAULT&REV_\\[REDACTED_DEVICE_SERIAL]&0""},{""Status"":""OK"",""Class"":""USB"",""FriendlyName"":""Sony USB HiFD Drive"",""InstanceId"":""USB\\VID_054C&PID_0022\\[REDACTED_DEVICE_SERIAL]""}]}",absent,absent,31.9,29.8,List of devices attached,
2026-10-01T14:47:49.739+00:00,2026-10-01T14:47:49.802+00:00,1167.552,present,929.0,"{""state"":""present"",""devices"":[{""Status"":""OK"",""Class"":""WPD"",""FriendlyName"":""THYME_DIAG"",""InstanceId"":""SWD\\WPDBUSENUM\\_??_USBSTOR#DISK&VEN_SONY_MIC&PROD_ROVAULT&REV_#[REDACTED_DEVICE_SERIAL]&0#{53F56307-B6BF-11D0-94F2-00A0C91EFB8B}""},{""Status"":""OK"",""Class"":""Volume"",""FriendlyName"":""��"",""InstanceId"":""STORAGE\\VOLUME\\_??_USBSTOR#DISK&VEN_SONY_MIC&PROD_ROVAULT&REV_#[REDACTED_DEVICE_SERIAL]&0#{53F56307-B6BF-11D0-94F2-00A0C91EFB8B}""},{""Status"":""OK"",""Class"":""DiskDrive"",""FriendlyName"":""Sony Mic roVault USB Device"",""InstanceId"":""USBSTOR\\DISK&VEN_SONY_MIC&PROD_ROVAULT&REV_\\[REDACTED_DEVICE_SERIAL]&0""},{""Status"":""OK"",""Class"":""USB"",""FriendlyName"":""Sony USB HiFD Drive"",""InstanceId"":""USB\\VID_054C&PID_0022\\[REDACTED_DEVICE_SERIAL]""}]}",absent,absent,33.7,29.5,List of devices attached,
2026-10-01T14:47:50.739+00:00,2026-10-01T14:47:50.802+00:00,1168.552,present,972.8,"{""state"":""present"",""devices"":[{""Status"":""OK"",""Class"":""WPD"",""FriendlyName"":""THYME_DIAG"",""InstanceId"":""SWD\\WPDBUSENUM\\_??_USBSTOR#DISK&VEN_SONY_MIC&PROD_ROVAULT&REV_#[REDACTED_DEVICE_SERIAL]&0#{53F56307-B6BF-11D0-94F2-00A0C91EFB8B}""},{""Status"":""OK"",""Class"":""Volume"",""FriendlyName"":""��"",""InstanceId"":""STORAGE\\VOLUME\\_??_USBSTOR#DISK&VEN_SONY_MIC&PROD_ROVAULT&REV_#[REDACTED_DEVICE_SERIAL]&0#{53F56307-B6BF-11D0-94F2-00A0C91EFB8B}""},{""Status"":""OK"",""Class"":""DiskDrive"",""FriendlyName"":""Sony Mic roVault USB Device"",""InstanceId"":""USBSTOR\\DISK&VEN_SONY_MIC&PROD_ROVAULT&REV_\\[REDACTED_DEVICE_SERIAL]&0""},{""Status"":""OK"",""Class"":""USB"",""FriendlyName"":""Sony USB HiFD Drive"",""InstanceId"":""USB\\VID_054C&PID_0022\\[REDACTED_DEVICE_SERIAL]""}]}",absent,absent,32.8,30.5,List of devices attached,
2026-10-01T14:47:51.739+00:00,2026-10-01T14:47:51.801+00:00,1169.551,present,978.3,"{""state"":""present"",""devices"":[{""Status"":""OK"",""Class"":""WPD"",""FriendlyName"":""THYME_DIAG"",""InstanceId"":""SWD\\WPDBUSENUM\\_??_USBSTOR#DISK&VEN_SONY_MIC&PROD_ROVAULT&REV_#[REDACTED_DEVICE_SERIAL]&0#{53F56307-B6BF-11D0-94F2-00A0C91EFB8B}""},{""Status"":""OK"",""Class"":""Volume"",""FriendlyName"":""��"",""InstanceId"":""STORAGE\\VOLUME\\_??_USBSTOR#DISK&VEN_SONY_MIC&PROD_ROVAULT&REV_#[REDACTED_DEVICE_SERIAL]&0#{53F56307-B6BF-11D0-94F2-00A0C91EFB8B}""},{""Status"":""OK"",""Class"":""DiskDrive"",""FriendlyName"":""Sony Mic roVault USB Device"",""InstanceId"":""USBSTOR\\DISK&VEN_SONY_MIC&PROD_ROVAULT&REV_\\[REDACTED_DEVICE_SERIAL]&0""},{""Status"":""OK"",""Class"":""USB"",""FriendlyName"":""Sony USB HiFD Drive"",""InstanceId"":""USB\\VID_054C&PID_0022\\[REDACTED_DEVICE_SERIAL]""}]}",absent,absent,31.7,30.0,List of devices attached,
2026-10-01T14:47:52.740+00:00,2026-10-01T14:47:52.804+00:00,1170.554,present,984.2,"{""state"":""present"",""devices"":[{""Status"":""OK"",""Class"":""WPD"",""FriendlyName"":""THYME_DIAG"",""InstanceId"":""SWD\\WPDBUSENUM\\_??_USBSTOR#DISK&VEN_SONY_MIC&PROD_ROVAULT&REV_#[REDACTED_DEVICE_SERIAL]&0#{53F56307-B6BF-11D0-94F2-00A0C91EFB8B}""},{""Status"":""OK"",""Class"":""Volume"",""FriendlyName"":""��"",""InstanceId"":""STORAGE\\VOLUME\\_??_USBSTOR#DISK&VEN_SONY_MIC&PROD_ROVAULT&REV_#[REDACTED_DEVICE_SERIAL]&0#{53F56307-B6BF-11D0-94F2-00A0C91EFB8B}""},{""Status"":""OK"",""Class"":""DiskDrive"",""FriendlyName"":""Sony Mic roVault USB Device"",""InstanceId"":""USBSTOR\\DISK&VEN_SONY_MIC&PROD_ROVAULT&REV_\\[REDACTED_DEVICE_SERIAL]&0""},{""Status"":""OK"",""Class"":""USB"",""FriendlyName"":""Sony USB HiFD Drive"",""InstanceId"":""USB\\VID_054C&PID_0022\\[REDACTED_DEVICE_SERIAL]""}]}",absent,absent,32.6,31.3,List of devices attached,
2026-10-01T14:47:53.740+00:00,2026-10-01T14:47:53.802+00:00,1171.552,present,971.5,"{""state"":""present"",""devices"":[{""Status"":""OK"",""Class"":""WPD"",""FriendlyName"":""THYME_DIAG"",""InstanceId"":""SWD\\WPDBUSENUM\\_??_USBSTOR#DISK&VEN_SONY_MIC&PROD_ROVAULT&REV_#[REDACTED_DEVICE_SERIAL]&0#{53F56307-B6BF-11D0-94F2-00A0C91EFB8B}""},{""Status"":""OK"",""Class"":""Volume"",""FriendlyName"":""��"",""InstanceId"":""STORAGE\\VOLUME\\_??_USBSTOR#DISK&VEN_SONY_MIC&PROD_ROVAULT&REV_#[REDACTED_DEVICE_SERIAL]&0#{53F56307-B6BF-11D0-94F2-00A0C91EFB8B}""},{""Status"":""OK"",""Class"":""DiskDrive"",""FriendlyName"":""Sony Mic roVault USB Device"",""InstanceId"":""USBSTOR\\DISK&VEN_SONY_MIC&PROD_ROVAULT&REV_\\[REDACTED_DEVICE_SERIAL]&0""},{""Status"":""OK"",""Class"":""USB"",""FriendlyName"":""Sony USB HiFD Drive"",""InstanceId"":""USB\\VID_054C&PID_0022\\[REDACTED_DEVICE_SERIAL]""}]}",absent,absent,31.9,30.1,List of devices attached,
2026-10-01T14:47:54.740+00:00,2026-10-01T14:47:54.808+00:00,1172.558,present,906.4,"{""state"":""present"",""devices"":[{""Status"":""OK"",""Class"":""WPD"",""FriendlyName"":""THYME_DIAG"",""InstanceId"":""SWD\\WPDBUSENUM\\_??_USBSTOR#DISK&VEN_SONY_MIC&PROD_ROVAULT&REV_#[REDACTED_DEVICE_SERIAL]&0#{53F56307-B6BF-11D0-94F2-00A0C91EFB8B}""},{""Status"":""OK"",""Class"":""Volume"",""FriendlyName"":""��"",""InstanceId"":""STORAGE\\VOLUME\\_??_USBSTOR#DISK&VEN_SONY_MIC&PROD_ROVAULT&REV_#[REDACTED_DEVICE_SERIAL]&0#{53F56307-B6BF-11D0-94F2-00A0C91EFB8B}""},{""Status"":""OK"",""Class"":""DiskDrive"",""FriendlyName"":""Sony Mic roVault USB Device"",""InstanceId"":""USBSTOR\\DISK&VEN_SONY_MIC&PROD_ROVAULT&REV_\\[REDACTED_DEVICE_SERIAL]&0""},{""Status"":""OK"",""Class"":""USB"",""FriendlyName"":""Sony USB HiFD Drive"",""InstanceId"":""USB\\VID_054C&PID_0022\\[REDACTED_DEVICE_SERIAL]""}]}",absent,absent,35.1,33.1,List of devices attached,
2026-10-01T14:47:55.741+00:00,2026-10-01T14:47:55.812+00:00,1173.562,present,917.1,"{""state"":""present"",""devices"":[{""Status"":""OK"",""Class"":""WPD"",""FriendlyName"":""THYME_DIAG"",""InstanceId"":""SWD\\WPDBUSENUM\\_??_USBSTOR#DISK&VEN_SONY_MIC&PROD_ROVAULT&REV_#[REDACTED_DEVICE_SERIAL]&0#{53F56307-B6BF-11D0-94F2-00A0C91EFB8B}""},{""Status"":""OK"",""Class"":""Volume"",""FriendlyName"":""��"",""InstanceId"":""STORAGE\\VOLUME\\_??_USBSTOR#DISK&VEN_SONY_MIC&PROD_ROVAULT&REV_#[REDACTED_DEVICE_SERIAL]&0#{53F56307-B6BF-11D0-94F2-00A0C91EFB8B}""},{""Status"":""OK"",""Class"":""DiskDrive"",""FriendlyName"":""Sony Mic roVault USB Device"",""InstanceId"":""USBSTOR\\DISK&VEN_SONY_MIC&PROD_ROVAULT&REV_\\[REDACTED_DEVICE_SERIAL]&0""},{""Status"":""OK"",""Class"":""USB"",""FriendlyName"":""Sony USB HiFD Drive"",""InstanceId"":""USB\\VID_054C&PID_0022\\[REDACTED_DEVICE_SERIAL]""}]}",absent,absent,37.0,33.9,List of devices attached,
2026-10-01T14:47:56.741+00:00,2026-10-01T14:47:56.807+00:00,1174.556,present,920.5,"{""state"":""present"",""devices"":[{""Status"":""OK"",""Class"":""WPD"",""FriendlyName"":""THYME_DIAG"",""InstanceId"":""SWD\\WPDBUSENUM\\_??_USBSTOR#DISK&VEN_SONY_MIC&PROD_ROVAULT&REV_#[REDACTED_DEVICE_SERIAL]&0#{53F56307-B6BF-11D0-94F2-00A0C91EFB8B}""},{""Status"":""OK"",""Class"":""Volume"",""FriendlyName"":""��"",""InstanceId"":""STORAGE\\VOLUME\\_??_USBSTOR#DISK&VEN_SONY_MIC&PROD_ROVAULT&REV_#[REDACTED_DEVICE_SERIAL]&0#{53F56307-B6BF-11D0-94F2-00A0C91EFB8B}""},{""Status"":""OK"",""Class"":""DiskDrive"",""FriendlyName"":""Sony Mic roVault USB Device"",""InstanceId"":""USBSTOR\\DISK&VEN_SONY_MIC&PROD_ROVAULT&REV_\\[REDACTED_DEVICE_SERIAL]&0""},{""Status"":""OK"",""Class"":""USB"",""FriendlyName"":""Sony USB HiFD Drive"",""InstanceId"":""USB\\VID_054C&PID_0022\\[REDACTED_DEVICE_SERIAL]""}]}",absent,absent,35.0,30.6,List of devices attached,
2026-10-01T14:47:57.741+00:00,2026-10-01T14:47:57.804+00:00,1175.554,present,898.6,"{""state"":""present"",""devices"":[{""Status"":""OK"",""Class"":""WPD"",""FriendlyName"":""THYME_DIAG"",""InstanceId"":""SWD\\WPDBUSENUM\\_??_USBSTOR#DISK&VEN_SONY_MIC&PROD_ROVAULT&REV_#[REDACTED_DEVICE_SERIAL]&0#{53F56307-B6BF-11D0-94F2-00A0C91EFB8B}""},{""Status"":""OK"",""Class"":""Volume"",""FriendlyName"":""��"",""InstanceId"":""STORAGE\\VOLUME\\_??_USBSTOR#DISK&VEN_SONY_MIC&PROD_ROVAULT&REV_#[REDACTED_DEVICE_SERIAL]&0#{53F56307-B6BF-11D0-94F2-00A0C91EFB8B}""},{""Status"":""OK"",""Class"":""DiskDrive"",""FriendlyName"":""Sony Mic roVault USB Device"",""InstanceId"":""USBSTOR\\DISK&VEN_SONY_MIC&PROD_ROVAULT&REV_\\[REDACTED_DEVICE_SERIAL]&0""},{""Status"":""OK"",""Class"":""USB"",""FriendlyName"":""Sony USB HiFD Drive"",""InstanceId"":""USB\\VID_054C&PID_0022\\[REDACTED_DEVICE_SERIAL]""}]}",absent,absent,31.9,30.5,List of devices attached,
2026-10-01T14:47:58.741+00:00,2026-10-01T14:47:58.806+00:00,1176.556,present,883.6,"{""state"":""present"",""devices"":[{""Status"":""OK"",""Class"":""WPD"",""FriendlyName"":""THYME_DIAG"",""InstanceId"":""SWD\\WPDBUSENUM\\_??_USBSTOR#DISK&VEN_SONY_MIC&PROD_ROVAULT&REV_#[REDACTED_DEVICE_SERIAL]&0#{53F56307-B6BF-11D0-94F2-00A0C91EFB8B}""},{""Status"":""OK"",""Class"":""Volume"",""FriendlyName"":""��"",""InstanceId"":""STORAGE\\VOLUME\\_??_USBSTOR#DISK&VEN_SONY_MIC&PROD_ROVAULT&REV_#[REDACTED_DEVICE_SERIAL]&0#{53F56307-B6BF-11D0-94F2-00A0C91EFB8B}""},{""Status"":""OK"",""Class"":""DiskDrive"",""FriendlyName"":""Sony Mic roVault USB Device"",""InstanceId"":""USBSTOR\\DISK&VEN_SONY_MIC&PROD_ROVAULT&REV_\\[REDACTED_DEVICE_SERIAL]&0""},{""Status"":""OK"",""Class"":""USB"",""FriendlyName"":""Sony USB HiFD Drive"",""InstanceId"":""USB\\VID_054C&PID_0022\\[REDACTED_DEVICE_SERIAL]""}]}",absent,absent,32.9,31.8,List of devices attached,
2026-10-01T14:47:59.742+00:00,2026-10-01T14:47:59.807+00:00,1177.557,present,948.8,"{""state"":""present"",""devices"":[{""Status"":""OK"",""Class"":""WPD"",""FriendlyName"":""THYME_DIAG"",""InstanceId"":""SWD\\WPDBUSENUM\\_??_USBSTOR#DISK&VEN_SONY_MIC&PROD_ROVAULT&REV_#[REDACTED_DEVICE_SERIAL]&0#{53F56307-B6BF-11D0-94F2-00A0C91EFB8B}""},{""Status"":""OK"",""Class"":""Volume"",""FriendlyName"":""��"",""InstanceId"":""STORAGE\\VOLUME\\_??_USBSTOR#DISK&VEN_SONY_MIC&PROD_ROVAULT&REV_#[REDACTED_DEVICE_SERIAL]&0#{53F56307-B6BF-11D0-94F2-00A0C91EFB8B}""},{""Status"":""OK"",""Class"":""DiskDrive"",""FriendlyName"":""Sony Mic roVault USB Device"",""InstanceId"":""USBSTOR\\DISK&VEN_SONY_MIC&PROD_ROVAULT&REV_\\[REDACTED_DEVICE_SERIAL]&0""},{""Status"":""OK"",""Class"":""USB"",""FriendlyName"":""Sony USB HiFD Drive"",""InstanceId"":""USB\\VID_054C&PID_0022\\[REDACTED_DEVICE_SERIAL]""}]}",absent,absent,34.4,30.7,List of devices attached,
2026-10-01T14:48:00.742+00:00,2026-10-01T14:48:00.809+00:00,1178.559,present,981.3,"{""state"":""present"",""devices"":[{""Status"":""OK"",""Class"":""WPD"",""FriendlyName"":""THYME_DIAG"",""InstanceId"":""SWD\\WPDBUSENUM\\_??_USBSTOR#DISK&VEN_SONY_MIC&PROD_ROVAULT&REV_#[REDACTED_DEVICE_SERIAL]&0#{53F56307-B6BF-11D0-94F2-00A0C91EFB8B}""},{""Status"":""OK"",""Class"":""Volume"",""FriendlyName"":""��"",""InstanceId"":""STORAGE\\VOLUME\\_??_USBSTOR#DISK&VEN_SONY_MIC&PROD_ROVAULT&REV_#[REDACTED_DEVICE_SERIAL]&0#{53F56307-B6BF-11D0-94F2-00A0C91EFB8B}""},{""Status"":""OK"",""Class"":""DiskDrive"",""FriendlyName"":""Sony Mic roVault USB Device"",""InstanceId"":""USBSTOR\\DISK&VEN_SONY_MIC&PROD_ROVAULT&REV_\\[REDACTED_DEVICE_SERIAL]&0""},{""Status"":""OK"",""Class"":""USB"",""FriendlyName"":""Sony USB HiFD Drive"",""InstanceId"":""USB\\VID_054C&PID_0022\\[REDACTED_DEVICE_SERIAL]""}]}",absent,absent,33.7,32.7,List of devices attached,
2026-10-01T14:48:01.743+00:00,2026-10-01T14:48:01.805+00:00,1179.555,present,906.1,"{""state"":""present"",""devices"":[{""Status"":""OK"",""Class"":""WPD"",""FriendlyName"":""THYME_DIAG"",""InstanceId"":""SWD\\WPDBUSENUM\\_??_USBSTOR#DISK&VEN_SONY_MIC&PROD_ROVAULT&REV_#[REDACTED_DEVICE_SERIAL]&0#{53F56307-B6BF-11D0-94F2-00A0C91EFB8B}""},{""Status"":""OK"",""Class"":""Volume"",""FriendlyName"":""��"",""InstanceId"":""STORAGE\\VOLUME\\_??_USBSTOR#DISK&VEN_SONY_MIC&PROD_ROVAULT&REV_#[REDACTED_DEVICE_SERIAL]&0#{53F56307-B6BF-11D0-94F2-00A0C91EFB8B}""},{""Status"":""OK"",""Class"":""DiskDrive"",""FriendlyName"":""Sony Mic roVault USB Device"",""InstanceId"":""USBSTOR\\DISK&VEN_SONY_MIC&PROD_ROVAULT&REV_\\[REDACTED_DEVICE_SERIAL]&0""},{""Status"":""OK"",""Class"":""USB"",""FriendlyName"":""Sony USB HiFD Drive"",""InstanceId"":""USB\\VID_054C&PID_0022\\[REDACTED_DEVICE_SERIAL]""}]}",absent,absent,31.7,31.0,List of devices attached,
2026-10-01T14:48:02.743+00:00,2026-10-01T14:48:02.808+00:00,1180.558,present,907.6,"{""state"":""present"",""devices"":[{""Status"":""OK"",""Class"":""WPD"",""FriendlyName"":""THYME_DIAG"",""InstanceId"":""SWD\\WPDBUSENUM\\_??_USBSTOR#DISK&VEN_SONY_MIC&PROD_ROVAULT&REV_#[REDACTED_DEVICE_SERIAL]&0#{53F56307-B6BF-11D0-94F2-00A0C91EFB8B}""},{""Status"":""OK"",""Class"":""Volume"",""FriendlyName"":""��"",""InstanceId"":""STORAGE\\VOLUME\\_??_USBSTOR#DISK&VEN_SONY_MIC&PROD_ROVAULT&REV_#[REDACTED_DEVICE_SERIAL]&0#{53F56307-B6BF-11D0-94F2-00A0C91EFB8B}""},{""Status"":""OK"",""Class"":""DiskDrive"",""FriendlyName"":""Sony Mic roVault USB Device"",""InstanceId"":""USBSTOR\\DISK&VEN_SONY_MIC&PROD_ROVAULT&REV_\\[REDACTED_DEVICE_SERIAL]&0""},{""Status"":""OK"",""Class"":""USB"",""FriendlyName"":""Sony USB HiFD Drive"",""InstanceId"":""USB\\VID_054C&PID_0022\\[REDACTED_DEVICE_SERIAL]""}]}",absent,absent,33.1,32.5,List of devices attached,
2026-10-01T14:48:03.743+00:00,2026-10-01T14:48:03.807+00:00,1181.557,present,933.9,"{""state"":""present"",""devices"":[{""Status"":""OK"",""Class"":""WPD"",""FriendlyName"":""THYME_DIAG"",""InstanceId"":""SWD\\WPDBUSENUM\\_??_USBSTOR#DISK&VEN_SONY_MIC&PROD_ROVAULT&REV_#[REDACTED_DEVICE_SERIAL]&0#{53F56307-B6BF-11D0-94F2-00A0C91EFB8B}""},{""Status"":""OK"",""Class"":""Volume"",""FriendlyName"":""��"",""InstanceId"":""STORAGE\\VOLUME\\_??_USBSTOR#DISK&VEN_SONY_MIC&PROD_ROVAULT&REV_#[REDACTED_DEVICE_SERIAL]&0#{53F56307-B6BF-11D0-94F2-00A0C91EFB8B}""},{""Status"":""OK"",""Class"":""DiskDrive"",""FriendlyName"":""Sony Mic roVault USB Device"",""InstanceId"":""USBSTOR\\DISK&VEN_SONY_MIC&PROD_ROVAULT&REV_\\[REDACTED_DEVICE_SERIAL]&0""},{""Status"":""OK"",""Class"":""USB"",""FriendlyName"":""Sony USB HiFD Drive"",""InstanceId"":""USB\\VID_054C&PID_0022\\[REDACTED_DEVICE_SERIAL]""}]}",absent,absent,32.0,32.5,List of devices attached,
2026-10-01T14:48:04.743+00:00,2026-10-01T14:48:04.811+00:00,1182.561,present,896.4,"{""state"":""present"",""devices"":[{""Status"":""OK"",""Class"":""WPD"",""FriendlyName"":""THYME_DIAG"",""InstanceId"":""SWD\\WPDBUSENUM\\_??_USBSTOR#DISK&VEN_SONY_MIC&PROD_ROVAULT&REV_#[REDACTED_DEVICE_SERIAL]&0#{53F56307-B6BF-11D0-94F2-00A0C91EFB8B}""},{""Status"":""OK"",""Class"":""Volume"",""FriendlyName"":""��"",""InstanceId"":""STORAGE\\VOLUME\\_??_USBSTOR#DISK&VEN_SONY_MIC&PROD_ROVAULT&REV_#[REDACTED_DEVICE_SERIAL]&0#{53F56307-B6BF-11D0-94F2-00A0C91EFB8B}""},{""Status"":""OK"",""Class"":""DiskDrive"",""FriendlyName"":""Sony Mic roVault USB Device"",""InstanceId"":""USBSTOR\\DISK&VEN_SONY_MIC&PROD_ROVAULT&REV_\\[REDACTED_DEVICE_SERIAL]&0""},{""Status"":""OK"",""Class"":""USB"",""FriendlyName"":""Sony USB HiFD Drive"",""InstanceId"":""USB\\VID_054C&PID_0022\\[REDACTED_DEVICE_SERIAL]""}]}",absent,absent,34.0,34.0,List of devices attached,
2026-10-01T14:48:05.743+00:00,2026-10-01T14:48:05.806+00:00,1183.556,present,914.5,"{""state"":""present"",""devices"":[{""Status"":""OK"",""Class"":""WPD"",""FriendlyName"":""THYME_DIAG"",""InstanceId"":""SWD\\WPDBUSENUM\\_??_USBSTOR#DISK&VEN_SONY_MIC&PROD_ROVAULT&REV_#[REDACTED_DEVICE_SERIAL]&0#{53F56307-B6BF-11D0-94F2-00A0C91EFB8B}""},{""Status"":""OK"",""Class"":""Volume"",""FriendlyName"":""��"",""InstanceId"":""STORAGE\\VOLUME\\_??_USBSTOR#DISK&VEN_SONY_MIC&PROD_ROVAULT&REV_#[REDACTED_DEVICE_SERIAL]&0#{53F56307-B6BF-11D0-94F2-00A0C91EFB8B}""},{""Status"":""OK"",""Class"":""DiskDrive"",""FriendlyName"":""Sony Mic roVault USB Device"",""InstanceId"":""USBSTOR\\DISK&VEN_SONY_MIC&PROD_ROVAULT&REV_\\[REDACTED_DEVICE_SERIAL]&0""},{""Status"":""OK"",""Class"":""USB"",""FriendlyName"":""Sony USB HiFD Drive"",""InstanceId"":""USB\\VID_054C&PID_0022\\[REDACTED_DEVICE_SERIAL]""}]}",absent,absent,31.6,30.8,List of devices attached,
2026-10-01T14:48:06.744+00:00,2026-10-01T14:48:06.804+00:00,1184.554,present,884.6,"{""state"":""present"",""devices"":[{""Status"":""OK"",""Class"":""WPD"",""FriendlyName"":""THYME_DIAG"",""InstanceId"":""SWD\\WPDBUSENUM\\_??_USBSTOR#DISK&VEN_SONY_MIC&PROD_ROVAULT&REV_#[REDACTED_DEVICE_SERIAL]&0#{53F56307-B6BF-11D0-94F2-00A0C91EFB8B}""},{""Status"":""OK"",""Class"":""Volume"",""FriendlyName"":""��"",""InstanceId"":""STORAGE\\VOLUME\\_??_USBSTOR#DISK&VEN_SONY_MIC&PROD_ROVAULT&REV_#[REDACTED_DEVICE_SERIAL]&0#{53F56307-B6BF-11D0-94F2-00A0C91EFB8B}""},{""Status"":""OK"",""Class"":""DiskDrive"",""FriendlyName"":""Sony Mic roVault USB Device"",""InstanceId"":""USBSTOR\\DISK&VEN_SONY_MIC&PROD_ROVAULT&REV_\\[REDACTED_DEVICE_SERIAL]&0""},{""Status"":""OK"",""Class"":""USB"",""FriendlyName"":""Sony USB HiFD Drive"",""InstanceId"":""USB\\VID_054C&PID_0022\\[REDACTED_DEVICE_SERIAL]""}]}",absent,absent,31.3,29.3,List of devices attached,
2026-10-01T14:48:07.744+00:00,2026-10-01T14:48:07.808+00:00,1185.558,present,981.6,"{""state"":""present"",""devices"":[{""Status"":""OK"",""Class"":""WPD"",""FriendlyName"":""THYME_DIAG"",""InstanceId"":""SWD\\WPDBUSENUM\\_??_USBSTOR#DISK&VEN_SONY_MIC&PROD_ROVAULT&REV_#[REDACTED_DEVICE_SERIAL]&0#{53F56307-B6BF-11D0-94F2-00A0C91EFB8B}""},{""Status"":""OK"",""Class"":""Volume"",""FriendlyName"":""��"",""InstanceId"":""STORAGE\\VOLUME\\_??_USBSTOR#DISK&VEN_SONY_MIC&PROD_ROVAULT&REV_#[REDACTED_DEVICE_SERIAL]&0#{53F56307-B6BF-11D0-94F2-00A0C91EFB8B}""},{""Status"":""OK"",""Class"":""DiskDrive"",""FriendlyName"":""Sony Mic roVault USB Device"",""InstanceId"":""USBSTOR\\DISK&VEN_SONY_MIC&PROD_ROVAULT&REV_\\[REDACTED_DEVICE_SERIAL]&0""},{""Status"":""OK"",""Class"":""USB"",""FriendlyName"":""Sony USB HiFD Drive"",""InstanceId"":""USB\\VID_054C&PID_0022\\[REDACTED_DEVICE_SERIAL]""}]}",absent,absent,33.2,30.8,List of devices attached,
2026-10-01T14:48:08.744+00:00,2026-10-01T14:48:08.811+00:00,1186.561,present,940.9,"{""state"":""present"",""devices"":[{""Status"":""OK"",""Class"":""WPD"",""FriendlyName"":""THYME_DIAG"",""InstanceId"":""SWD\\WPDBUSENUM\\_??_USBSTOR#DISK&VEN_SONY_MIC&PROD_ROVAULT&REV_#[REDACTED_DEVICE_SERIAL]&0#{53F56307-B6BF-11D0-94F2-00A0C91EFB8B}""},{""Status"":""OK"",""Class"":""Volume"",""FriendlyName"":""��"",""InstanceId"":""STORAGE\\VOLUME\\_??_USBSTOR#DISK&VEN_SONY_MIC&PROD_ROVAULT&REV_#[REDACTED_DEVICE_SERIAL]&0#{53F56307-B6BF-11D0-94F2-00A0C91EFB8B}""},{""Status"":""OK"",""Class"":""DiskDrive"",""FriendlyName"":""Sony Mic roVault USB Device"",""InstanceId"":""USBSTOR\\DISK&VEN_SONY_MIC&PROD_ROVAULT&REV_\\[REDACTED_DEVICE_SERIAL]&0""},{""Status"":""OK"",""Class"":""USB"",""FriendlyName"":""Sony USB HiFD Drive"",""InstanceId"":""USB\\VID_054C&PID_0022\\[REDACTED_DEVICE_SERIAL]""}]}",absent,absent,34.7,31.4,List of devices attached,
2026-10-01T14:48:09.745+00:00,2026-10-01T14:48:09.810+00:00,1187.560,present,918.0,"{""state"":""present"",""devices"":[{""Status"":""OK"",""Class"":""WPD"",""FriendlyName"":""THYME_DIAG"",""InstanceId"":""SWD\\WPDBUSENUM\\_??_USBSTOR#DISK&VEN_SONY_MIC&PROD_ROVAULT&REV_#[REDACTED_DEVICE_SERIAL]&0#{53F56307-B6BF-11D0-94F2-00A0C91EFB8B}""},{""Status"":""OK"",""Class"":""Volume"",""FriendlyName"":""��"",""InstanceId"":""STORAGE\\VOLUME\\_??_USBSTOR#DISK&VEN_SONY_MIC&PROD_ROVAULT&REV_#[REDACTED_DEVICE_SERIAL]&0#{53F56307-B6BF-11D0-94F2-00A0C91EFB8B}""},{""Status"":""OK"",""Class"":""DiskDrive"",""FriendlyName"":""Sony Mic roVault USB Device"",""InstanceId"":""USBSTOR\\DISK&VEN_SONY_MIC&PROD_ROVAULT&REV_\\[REDACTED_DEVICE_SERIAL]&0""},{""Status"":""OK"",""Class"":""USB"",""FriendlyName"":""Sony USB HiFD Drive"",""InstanceId"":""USB\\VID_054C&PID_0022\\[REDACTED_DEVICE_SERIAL]""}]}",absent,absent,34.3,30.7,List of devices attached,
2026-10-01T14:48:10.745+00:00,2026-10-01T14:48:10.813+00:00,1188.563,present,928.3,"{""state"":""present"",""devices"":[{""Status"":""OK"",""Class"":""WPD"",""FriendlyName"":""THYME_DIAG"",""InstanceId"":""SWD\\WPDBUSENUM\\_??_USBSTOR#DISK&VEN_SONY_MIC&PROD_ROVAULT&REV_#[REDACTED_DEVICE_SERIAL]&0#{53F56307-B6BF-11D0-94F2-00A0C91EFB8B}""},{""Status"":""OK"",""Class"":""Volume"",""FriendlyName"":""��"",""InstanceId"":""STORAGE\\VOLUME\\_??_USBSTOR#DISK&VEN_SONY_MIC&PROD_ROVAULT&REV_#[REDACTED_DEVICE_SERIAL]&0#{53F56307-B6BF-11D0-94F2-00A0C91EFB8B}""},{""Status"":""OK"",""Class"":""DiskDrive"",""FriendlyName"":""Sony Mic roVault USB Device"",""InstanceId"":""USBSTOR\\DISK&VEN_SONY_MIC&PROD_ROVAULT&REV_\\[REDACTED_DEVICE_SERIAL]&0""},{""Status"":""OK"",""Class"":""USB"",""FriendlyName"":""Sony USB HiFD Drive"",""InstanceId"":""USB\\VID_054C&PID_0022\\[REDACTED_DEVICE_SERIAL]""}]}",absent,absent,35.1,32.8,List of devices attached,
2026-10-01T14:48:11.746+00:00,2026-10-01T14:48:11.836+00:00,1189.586,present,889.9,"{""state"":""present"",""devices"":[{""Status"":""OK"",""Class"":""WPD"",""FriendlyName"":""THYME_DIAG"",""InstanceId"":""SWD\\WPDBUSENUM\\_??_USBSTOR#DISK&VEN_SONY_MIC&PROD_ROVAULT&REV_#[REDACTED_DEVICE_SERIAL]&0#{53F56307-B6BF-11D0-94F2-00A0C91EFB8B}""},{""Status"":""OK"",""Class"":""Volume"",""FriendlyName"":""��"",""InstanceId"":""STORAGE\\VOLUME\\_??_USBSTOR#DISK&VEN_SONY_MIC&PROD_ROVAULT&REV_#[REDACTED_DEVICE_SERIAL]&0#{53F56307-B6BF-11D0-94F2-00A0C91EFB8B}""},{""Status"":""OK"",""Class"":""DiskDrive"",""FriendlyName"":""Sony Mic roVault USB Device"",""InstanceId"":""USBSTOR\\DISK&VEN_SONY_MIC&PROD_ROVAULT&REV_\\[REDACTED_DEVICE_SERIAL]&0""},{""Status"":""OK"",""Class"":""USB"",""FriendlyName"":""Sony USB HiFD Drive"",""InstanceId"":""USB\\VID_054C&PID_0022\\[REDACTED_DEVICE_SERIAL]""}]}",absent,absent,35.9,54.8,List of devices attached,
2026-10-01T14:48:12.746+00:00,2026-10-01T14:48:12.810+00:00,1190.560,present,915.3,"{""state"":""present"",""devices"":[{""Status"":""OK"",""Class"":""WPD"",""FriendlyName"":""THYME_DIAG"",""InstanceId"":""SWD\\WPDBUSENUM\\_??_USBSTOR#DISK&VEN_SONY_MIC&PROD_ROVAULT&REV_#[REDACTED_DEVICE_SERIAL]&0#{53F56307-B6BF-11D0-94F2-00A0C91EFB8B}""},{""Status"":""OK"",""Class"":""Volume"",""FriendlyName"":""��"",""InstanceId"":""STORAGE\\VOLUME\\_??_USBSTOR#DISK&VEN_SONY_MIC&PROD_ROVAULT&REV_#[REDACTED_DEVICE_SERIAL]&0#{53F56307-B6BF-11D0-94F2-00A0C91EFB8B}""},{""Status"":""OK"",""Class"":""DiskDrive"",""FriendlyName"":""Sony Mic roVault USB Device"",""InstanceId"":""USBSTOR\\DISK&VEN_SONY_MIC&PROD_ROVAULT&REV_\\[REDACTED_DEVICE_SERIAL]&0""},{""Status"":""OK"",""Class"":""USB"",""FriendlyName"":""Sony USB HiFD Drive"",""InstanceId"":""USB\\VID_054C&PID_0022\\[REDACTED_DEVICE_SERIAL]""}]}",absent,absent,33.9,29.6,List of devices attached,
2026-10-01T14:48:13.746+00:00,2026-10-01T14:48:13.813+00:00,1191.563,present,931.6,"{""state"":""present"",""devices"":[{""Status"":""OK"",""Class"":""WPD"",""FriendlyName"":""THYME_DIAG"",""InstanceId"":""SWD\\WPDBUSENUM\\_??_USBSTOR#DISK&VEN_SONY_MIC&PROD_ROVAULT&REV_#[REDACTED_DEVICE_SERIAL]&0#{53F56307-B6BF-11D0-94F2-00A0C91EFB8B}""},{""Status"":""OK"",""Class"":""Volume"",""FriendlyName"":""��"",""InstanceId"":""STORAGE\\VOLUME\\_??_USBSTOR#DISK&VEN_SONY_MIC&PROD_ROVAULT&REV_#[REDACTED_DEVICE_SERIAL]&0#{53F56307-B6BF-11D0-94F2-00A0C91EFB8B}""},{""Status"":""OK"",""Class"":""DiskDrive"",""FriendlyName"":""Sony Mic roVault USB Device"",""InstanceId"":""USBSTOR\\DISK&VEN_SONY_MIC&PROD_ROVAULT&REV_\\[REDACTED_DEVICE_SERIAL]&0""},{""Status"":""OK"",""Class"":""USB"",""FriendlyName"":""Sony USB HiFD Drive"",""InstanceId"":""USB\\VID_054C&PID_0022\\[REDACTED_DEVICE_SERIAL]""}]}",absent,absent,33.8,33.3,List of devices attached,
2026-10-01T14:48:14.747+00:00,2026-10-01T14:48:14.812+00:00,1192.562,present,935.4,"{""state"":""present"",""devices"":[{""Status"":""OK"",""Class"":""WPD"",""FriendlyName"":""THYME_DIAG"",""InstanceId"":""SWD\\WPDBUSENUM\\_??_USBSTOR#DISK&VEN_SONY_MIC&PROD_ROVAULT&REV_#[REDACTED_DEVICE_SERIAL]&0#{53F56307-B6BF-11D0-94F2-00A0C91EFB8B}""},{""Status"":""OK"",""Class"":""Volume"",""FriendlyName"":""��"",""InstanceId"":""STORAGE\\VOLUME\\_??_USBSTOR#DISK&VEN_SONY_MIC&PROD_ROVAULT&REV_#[REDACTED_DEVICE_SERIAL]&0#{53F56307-B6BF-11D0-94F2-00A0C91EFB8B}""},{""Status"":""OK"",""Class"":""DiskDrive"",""FriendlyName"":""Sony Mic roVault USB Device"",""InstanceId"":""USBSTOR\\DISK&VEN_SONY_MIC&PROD_ROVAULT&REV_\\[REDACTED_DEVICE_SERIAL]&0""},{""Status"":""OK"",""Class"":""USB"",""FriendlyName"":""Sony USB HiFD Drive"",""InstanceId"":""USB\\VID_054C&PID_0022\\[REDACTED_DEVICE_SERIAL]""}]}",absent,absent,34.2,31.2,List of devices attached,
2026-10-01T14:48:15.747+00:00,2026-10-01T14:48:15.826+00:00,1193.576,present,906.1,"{""state"":""present"",""devices"":[{""Status"":""OK"",""Class"":""WPD"",""FriendlyName"":""THYME_DIAG"",""InstanceId"":""SWD\\WPDBUSENUM\\_??_USBSTOR#DISK&VEN_SONY_MIC&PROD_ROVAULT&REV_#[REDACTED_DEVICE_SERIAL]&0#{53F56307-B6BF-11D0-94F2-00A0C91EFB8B}""},{""Status"":""OK"",""Class"":""Volume"",""FriendlyName"":""��"",""InstanceId"":""STORAGE\\VOLUME\\_??_USBSTOR#DISK&VEN_SONY_MIC&PROD_ROVAULT&REV_#[REDACTED_DEVICE_SERIAL]&0#{53F56307-B6BF-11D0-94F2-00A0C91EFB8B}""},{""Status"":""OK"",""Class"":""DiskDrive"",""FriendlyName"":""Sony Mic roVault USB Device"",""InstanceId"":""USBSTOR\\DISK&VEN_SONY_MIC&PROD_ROVAULT&REV_\\[REDACTED_DEVICE_SERIAL]&0""},{""Status"":""OK"",""Class"":""USB"",""FriendlyName"":""Sony USB HiFD Drive"",""InstanceId"":""USB\\VID_054C&PID_0022\\[REDACTED_DEVICE_SERIAL]""}]}",absent,absent,32.7,46.2,List of devices attached,
2026-10-01T14:48:16.747+00:00,2026-10-01T14:48:16.808+00:00,1194.558,present,954.4,"{""state"":""present"",""devices"":[{""Status"":""OK"",""Class"":""WPD"",""FriendlyName"":""THYME_DIAG"",""InstanceId"":""SWD\\WPDBUSENUM\\_??_USBSTOR#DISK&VEN_SONY_MIC&PROD_ROVAULT&REV_#[REDACTED_DEVICE_SERIAL]&0#{53F56307-B6BF-11D0-94F2-00A0C91EFB8B}""},{""Status"":""OK"",""Class"":""Volume"",""FriendlyName"":""��"",""InstanceId"":""STORAGE\\VOLUME\\_??_USBSTOR#DISK&VEN_SONY_MIC&PROD_ROVAULT&REV_#[REDACTED_DEVICE_SERIAL]&0#{53F56307-B6BF-11D0-94F2-00A0C91EFB8B}""},{""Status"":""OK"",""Class"":""DiskDrive"",""FriendlyName"":""Sony Mic roVault USB Device"",""InstanceId"":""USBSTOR\\DISK&VEN_SONY_MIC&PROD_ROVAULT&REV_\\[REDACTED_DEVICE_SERIAL]&0""},{""Status"":""OK"",""Class"":""USB"",""FriendlyName"":""Sony USB HiFD Drive"",""InstanceId"":""USB\\VID_054C&PID_0022\\[REDACTED_DEVICE_SERIAL]""}]}",absent,absent,31.8,29.2,List of devices attached,
2026-10-01T14:48:17.747+00:00,2026-10-01T14:48:17.812+00:00,1195.562,present,941.9,"{""state"":""present"",""devices"":[{""Status"":""OK"",""Class"":""WPD"",""FriendlyName"":""THYME_DIAG"",""InstanceId"":""SWD\\WPDBUSENUM\\_??_USBSTOR#DISK&VEN_SONY_MIC&PROD_ROVAULT&REV_#[REDACTED_DEVICE_SERIAL]&0#{53F56307-B6BF-11D0-94F2-00A0C91EFB8B}""},{""Status"":""OK"",""Class"":""Volume"",""FriendlyName"":""��"",""InstanceId"":""STORAGE\\VOLUME\\_??_USBSTOR#DISK&VEN_SONY_MIC&PROD_ROVAULT&REV_#[REDACTED_DEVICE_SERIAL]&0#{53F56307-B6BF-11D0-94F2-00A0C91EFB8B}""},{""Status"":""OK"",""Class"":""DiskDrive"",""FriendlyName"":""Sony Mic roVault USB Device"",""InstanceId"":""USBSTOR\\DISK&VEN_SONY_MIC&PROD_ROVAULT&REV_\\[REDACTED_DEVICE_SERIAL]&0""},{""Status"":""OK"",""Class"":""USB"",""FriendlyName"":""Sony USB HiFD Drive"",""InstanceId"":""USB\\VID_054C&PID_0022\\[REDACTED_DEVICE_SERIAL]""}]}",absent,absent,34.7,29.8,List of devices attached,
2026-10-01T14:48:18.748+00:00,2026-10-01T14:48:18.810+00:00,1196.560,present,960.3,"{""state"":""present"",""devices"":[{""Status"":""OK"",""Class"":""WPD"",""FriendlyName"":""THYME_DIAG"",""InstanceId"":""SWD\\WPDBUSENUM\\_??_USBSTOR#DISK&VEN_SONY_MIC&PROD_ROVAULT&REV_#[REDACTED_DEVICE_SERIAL]&0#{53F56307-B6BF-11D0-94F2-00A0C91EFB8B}""},{""Status"":""OK"",""Class"":""Volume"",""FriendlyName"":""��"",""InstanceId"":""STORAGE\\VOLUME\\_??_USBSTOR#DISK&VEN_SONY_MIC&PROD_ROVAULT&REV_#[REDACTED_DEVICE_SERIAL]&0#{53F56307-B6BF-11D0-94F2-00A0C91EFB8B}""},{""Status"":""OK"",""Class"":""DiskDrive"",""FriendlyName"":""Sony Mic roVault USB Device"",""InstanceId"":""USBSTOR\\DISK&VEN_SONY_MIC&PROD_ROVAULT&REV_\\[REDACTED_DEVICE_SERIAL]&0""},{""Status"":""OK"",""Class"":""USB"",""FriendlyName"":""Sony USB HiFD Drive"",""InstanceId"":""USB\\VID_054C&PID_0022\\[REDACTED_DEVICE_SERIAL]""}]}",absent,absent,32.3,29.7,List of devices attached,
2026-10-01T14:48:19.748+00:00,2026-10-01T14:48:19.811+00:00,1197.561,present,932.4,"{""state"":""present"",""devices"":[{""Status"":""OK"",""Class"":""WPD"",""FriendlyName"":""THYME_DIAG"",""InstanceId"":""SWD\\WPDBUSENUM\\_??_USBSTOR#DISK&VEN_SONY_MIC&PROD_ROVAULT&REV_#[REDACTED_DEVICE_SERIAL]&0#{53F56307-B6BF-11D0-94F2-00A0C91EFB8B}""},{""Status"":""OK"",""Class"":""Volume"",""FriendlyName"":""��"",""InstanceId"":""STORAGE\\VOLUME\\_??_USBSTOR#DISK&VEN_SONY_MIC&PROD_ROVAULT&REV_#[REDACTED_DEVICE_SERIAL]&0#{53F56307-B6BF-11D0-94F2-00A0C91EFB8B}""},{""Status"":""OK"",""Class"":""DiskDrive"",""FriendlyName"":""Sony Mic roVault USB Device"",""InstanceId"":""USBSTOR\\DISK&VEN_SONY_MIC&PROD_ROVAULT&REV_\\[REDACTED_DEVICE_SERIAL]&0""},{""Status"":""OK"",""Class"":""USB"",""FriendlyName"":""Sony USB HiFD Drive"",""InstanceId"":""USB\\VID_054C&PID_0022\\[REDACTED_DEVICE_SERIAL]""}]}",absent,absent,33.4,28.6,List of devices attached,
2026-10-01T14:48:20.749+00:00,2026-10-01T14:48:20.820+00:00,1198.570,present,911.9,"{""state"":""present"",""devices"":[{""Status"":""OK"",""Class"":""WPD"",""FriendlyName"":""THYME_DIAG"",""InstanceId"":""SWD\\WPDBUSENUM\\_??_USBSTOR#DISK&VEN_SONY_MIC&PROD_ROVAULT&REV_#[REDACTED_DEVICE_SERIAL]&0#{53F56307-B6BF-11D0-94F2-00A0C91EFB8B}""},{""Status"":""OK"",""Class"":""Volume"",""FriendlyName"":""��"",""InstanceId"":""STORAGE\\VOLUME\\_??_USBSTOR#DISK&VEN_SONY_MIC&PROD_ROVAULT&REV_#[REDACTED_DEVICE_SERIAL]&0#{53F56307-B6BF-11D0-94F2-00A0C91EFB8B}""},{""Status"":""OK"",""Class"":""DiskDrive"",""FriendlyName"":""Sony Mic roVault USB Device"",""InstanceId"":""USBSTOR\\DISK&VEN_SONY_MIC&PROD_ROVAULT&REV_\\[REDACTED_DEVICE_SERIAL]&0""},{""Status"":""OK"",""Class"":""USB"",""FriendlyName"":""Sony USB HiFD Drive"",""InstanceId"":""USB\\VID_054C&PID_0022\\[REDACTED_DEVICE_SERIAL]""}]}",absent,absent,36.6,34.3,List of devices attached,
2026-10-01T14:48:21.749+00:00,2026-10-01T14:48:21.816+00:00,1199.566,present,880.1,"{""state"":""present"",""devices"":[{""Status"":""OK"",""Class"":""WPD"",""FriendlyName"":""THYME_DIAG"",""InstanceId"":""SWD\\WPDBUSENUM\\_??_USBSTOR#DISK&VEN_SONY_MIC&PROD_ROVAULT&REV_#[REDACTED_DEVICE_SERIAL]&0#{53F56307-B6BF-11D0-94F2-00A0C91EFB8B}""},{""Status"":""OK"",""Class"":""Volume"",""FriendlyName"":""��"",""InstanceId"":""STORAGE\\VOLUME\\_??_USBSTOR#DISK&VEN_SONY_MIC&PROD_ROVAULT&REV_#[REDACTED_DEVICE_SERIAL]&0#{53F56307-B6BF-11D0-94F2-00A0C91EFB8B}""},{""Status"":""OK"",""Class"":""DiskDrive"",""FriendlyName"":""Sony Mic roVault USB Device"",""InstanceId"":""USBSTOR\\DISK&VEN_SONY_MIC&PROD_ROVAULT&REV_\\[REDACTED_DEVICE_SERIAL]&0""},{""Status"":""OK"",""Class"":""USB"",""FriendlyName"":""Sony USB HiFD Drive"",""InstanceId"":""USB\\VID_054C&PID_0022\\[REDACTED_DEVICE_SERIAL]""}]}",absent,absent,35.1,32.3,List of devices attached,
2026-10-01T14:48:22.749+00:00,2026-10-01T14:48:22.811+00:00,1200.561,present,955.3,"{""state"":""present"",""devices"":[{""Status"":""OK"",""Class"":""WPD"",""FriendlyName"":""THYME_DIAG"",""InstanceId"":""SWD\\WPDBUSENUM\\_??_USBSTOR#DISK&VEN_SONY_MIC&PROD_ROVAULT&REV_#[REDACTED_DEVICE_SERIAL]&0#{53F56307-B6BF-11D0-94F2-00A0C91EFB8B}""},{""Status"":""OK"",""Class"":""Volume"",""FriendlyName"":""��"",""InstanceId"":""STORAGE\\VOLUME\\_??_USBSTOR#DISK&VEN_SONY_MIC&PROD_ROVAULT&REV_#[REDACTED_DEVICE_SERIAL]&0#{53F56307-B6BF-11D0-94F2-00A0C91EFB8B}""},{""Status"":""OK"",""Class"":""DiskDrive"",""FriendlyName"":""Sony Mic roVault USB Device"",""InstanceId"":""USBSTOR\\DISK&VEN_SONY_MIC&PROD_ROVAULT&REV_\\[REDACTED_DEVICE_SERIAL]&0""},{""Status"":""OK"",""Class"":""USB"",""FriendlyName"":""Sony USB HiFD Drive"",""InstanceId"":""USB\\VID_054C&PID_0022\\[REDACTED_DEVICE_SERIAL]""}]}",absent,absent,30.9,31.2,List of devices attached,
2026-10-01T14:48:23.749+00:00,2026-10-01T14:48:23.810+00:00,1201.560,present,933.3,"{""state"":""present"",""devices"":[{""Status"":""OK"",""Class"":""WPD"",""FriendlyName"":""THYME_DIAG"",""InstanceId"":""SWD\\WPDBUSENUM\\_??_USBSTOR#DISK&VEN_SONY_MIC&PROD_ROVAULT&REV_#[REDACTED_DEVICE_SERIAL]&0#{53F56307-B6BF-11D0-94F2-00A0C91EFB8B}""},{""Status"":""OK"",""Class"":""Volume"",""FriendlyName"":""��"",""InstanceId"":""STORAGE\\VOLUME\\_??_USBSTOR#DISK&VEN_SONY_MIC&PROD_ROVAULT&REV_#[REDACTED_DEVICE_SERIAL]&0#{53F56307-B6BF-11D0-94F2-00A0C91EFB8B}""},{""Status"":""OK"",""Class"":""DiskDrive"",""FriendlyName"":""Sony Mic roVault USB Device"",""InstanceId"":""USBSTOR\\DISK&VEN_SONY_MIC&PROD_ROVAULT&REV_\\[REDACTED_DEVICE_SERIAL]&0""},{""Status"":""OK"",""Class"":""USB"",""FriendlyName"":""Sony USB HiFD Drive"",""InstanceId"":""USB\\VID_054C&PID_0022\\[REDACTED_DEVICE_SERIAL]""}]}",absent,absent,32.2,28.9,List of devices attached,
2026-10-01T14:48:24.749+00:00,2026-10-01T14:48:24.821+00:00,1202.571,present,958.9,"{""state"":""present"",""devices"":[{""Status"":""OK"",""Class"":""WPD"",""FriendlyName"":""THYME_DIAG"",""InstanceId"":""SWD\\WPDBUSENUM\\_??_USBSTOR#DISK&VEN_SONY_MIC&PROD_ROVAULT&REV_#[REDACTED_DEVICE_SERIAL]&0#{53F56307-B6BF-11D0-94F2-00A0C91EFB8B}""},{""Status"":""OK"",""Class"":""Volume"",""FriendlyName"":""��"",""InstanceId"":""STORAGE\\VOLUME\\_??_USBSTOR#DISK&VEN_SONY_MIC&PROD_ROVAULT&REV_#[REDACTED_DEVICE_SERIAL]&0#{53F56307-B6BF-11D0-94F2-00A0C91EFB8B}""},{""Status"":""OK"",""Class"":""DiskDrive"",""FriendlyName"":""Sony Mic roVault USB Device"",""InstanceId"":""USBSTOR\\DISK&VEN_SONY_MIC&PROD_ROVAULT&REV_\\[REDACTED_DEVICE_SERIAL]&0""},{""Status"":""OK"",""Class"":""USB"",""FriendlyName"":""Sony USB HiFD Drive"",""InstanceId"":""USB\\VID_054C&PID_0022\\[REDACTED_DEVICE_SERIAL]""}]}",absent,absent,40.4,30.9,List of devices attached,
2026-10-01T14:48:25.750+00:00,2026-10-01T14:48:25.812+00:00,1203.562,present,923.0,"{""state"":""present"",""devices"":[{""Status"":""OK"",""Class"":""WPD"",""FriendlyName"":""THYME_DIAG"",""InstanceId"":""SWD\\WPDBUSENUM\\_??_USBSTOR#DISK&VEN_SONY_MIC&PROD_ROVAULT&REV_#[REDACTED_DEVICE_SERIAL]&0#{53F56307-B6BF-11D0-94F2-00A0C91EFB8B}""},{""Status"":""OK"",""Class"":""Volume"",""FriendlyName"":""��"",""InstanceId"":""STORAGE\\VOLUME\\_??_USBSTOR#DISK&VEN_SONY_MIC&PROD_ROVAULT&REV_#[REDACTED_DEVICE_SERIAL]&0#{53F56307-B6BF-11D0-94F2-00A0C91EFB8B}""},{""Status"":""OK"",""Class"":""DiskDrive"",""FriendlyName"":""Sony Mic roVault USB Device"",""InstanceId"":""USBSTOR\\DISK&VEN_SONY_MIC&PROD_ROVAULT&REV_\\[REDACTED_DEVICE_SERIAL]&0""},{""Status"":""OK"",""Class"":""USB"",""FriendlyName"":""Sony USB HiFD Drive"",""InstanceId"":""USB\\VID_054C&PID_0022\\[REDACTED_DEVICE_SERIAL]""}]}",absent,absent,32.3,30.0,List of devices attached,
2026-10-01T14:48:26.751+00:00,2026-10-01T14:48:26.810+00:00,1204.560,present,888.4,"{""state"":""present"",""devices"":[{""Status"":""OK"",""Class"":""WPD"",""FriendlyName"":""THYME_DIAG"",""InstanceId"":""SWD\\WPDBUSENUM\\_??_USBSTOR#DISK&VEN_SONY_MIC&PROD_ROVAULT&REV_#[REDACTED_DEVICE_SERIAL]&0#{53F56307-B6BF-11D0-94F2-00A0C91EFB8B}""},{""Status"":""OK"",""Class"":""Volume"",""FriendlyName"":""��"",""InstanceId"":""STORAGE\\VOLUME\\_??_USBSTOR#DISK&VEN_SONY_MIC&PROD_ROVAULT&REV_#[REDACTED_DEVICE_SERIAL]&0#{53F56307-B6BF-11D0-94F2-00A0C91EFB8B}""},{""Status"":""OK"",""Class"":""DiskDrive"",""FriendlyName"":""Sony Mic roVault USB Device"",""InstanceId"":""USBSTOR\\DISK&VEN_SONY_MIC&PROD_ROVAULT&REV_\\[REDACTED_DEVICE_SERIAL]&0""},{""Status"":""OK"",""Class"":""USB"",""FriendlyName"":""Sony USB HiFD Drive"",""InstanceId"":""USB\\VID_054C&PID_0022\\[REDACTED_DEVICE_SERIAL]""}]}",absent,absent,30.7,28.4,List of devices attached,
2026-10-01T14:48:27.751+00:00,2026-10-01T14:48:27.813+00:00,1205.563,present,875.9,"{""state"":""present"",""devices"":[{""Status"":""OK"",""Class"":""WPD"",""FriendlyName"":""THYME_DIAG"",""InstanceId"":""SWD\\WPDBUSENUM\\_??_USBSTOR#DISK&VEN_SONY_MIC&PROD_ROVAULT&REV_#[REDACTED_DEVICE_SERIAL]&0#{53F56307-B6BF-11D0-94F2-00A0C91EFB8B}""},{""Status"":""OK"",""Class"":""Volume"",""FriendlyName"":""��"",""InstanceId"":""STORAGE\\VOLUME\\_??_USBSTOR#DISK&VEN_SONY_MIC&PROD_ROVAULT&REV_#[REDACTED_DEVICE_SERIAL]&0#{53F56307-B6BF-11D0-94F2-00A0C91EFB8B}""},{""Status"":""OK"",""Class"":""DiskDrive"",""FriendlyName"":""Sony Mic roVault USB Device"",""InstanceId"":""USBSTOR\\DISK&VEN_SONY_MIC&PROD_ROVAULT&REV_\\[REDACTED_DEVICE_SERIAL]&0""},{""Status"":""OK"",""Class"":""USB"",""FriendlyName"":""Sony USB HiFD Drive"",""InstanceId"":""USB\\VID_054C&PID_0022\\[REDACTED_DEVICE_SERIAL]""}]}",absent,absent,32.0,30.3,List of devices attached,
2026-10-01T14:48:28.751+00:00,2026-10-01T14:48:28.815+00:00,1206.565,present,871.2,"{""state"":""present"",""devices"":[{""Status"":""OK"",""Class"":""WPD"",""FriendlyName"":""THYME_DIAG"",""InstanceId"":""SWD\\WPDBUSENUM\\_??_USBSTOR#DISK&VEN_SONY_MIC&PROD_ROVAULT&REV_#[REDACTED_DEVICE_SERIAL]&0#{53F56307-B6BF-11D0-94F2-00A0C91EFB8B}""},{""Status"":""OK"",""Class"":""Volume"",""FriendlyName"":""��"",""InstanceId"":""STORAGE\\VOLUME\\_??_USBSTOR#DISK&VEN_SONY_MIC&PROD_ROVAULT&REV_#[REDACTED_DEVICE_SERIAL]&0#{53F56307-B6BF-11D0-94F2-00A0C91EFB8B}""},{""Status"":""OK"",""Class"":""DiskDrive"",""FriendlyName"":""Sony Mic roVault USB Device"",""InstanceId"":""USBSTOR\\DISK&VEN_SONY_MIC&PROD_ROVAULT&REV_\\[REDACTED_DEVICE_SERIAL]&0""},{""Status"":""OK"",""Class"":""USB"",""FriendlyName"":""Sony USB HiFD Drive"",""InstanceId"":""USB\\VID_054C&PID_0022\\[REDACTED_DEVICE_SERIAL]""}]}",absent,absent,32.3,31.3,List of devices attached,
2026-10-01T14:48:29.752+00:00,2026-10-01T14:48:29.813+00:00,1207.563,present,931.9,"{""state"":""present"",""devices"":[{""Status"":""OK"",""Class"":""WPD"",""FriendlyName"":""THYME_DIAG"",""InstanceId"":""SWD\\WPDBUSENUM\\_??_USBSTOR#DISK&VEN_SONY_MIC&PROD_ROVAULT&REV_#[REDACTED_DEVICE_SERIAL]&0#{53F56307-B6BF-11D0-94F2-00A0C91EFB8B}""},{""Status"":""OK"",""Class"":""Volume"",""FriendlyName"":""��"",""InstanceId"":""STORAGE\\VOLUME\\_??_USBSTOR#DISK&VEN_SONY_MIC&PROD_ROVAULT&REV_#[REDACTED_DEVICE_SERIAL]&0#{53F56307-B6BF-11D0-94F2-00A0C91EFB8B}""},{""Status"":""OK"",""Class"":""DiskDrive"",""FriendlyName"":""Sony Mic roVault USB Device"",""InstanceId"":""USBSTOR\\DISK&VEN_SONY_MIC&PROD_ROVAULT&REV_\\[REDACTED_DEVICE_SERIAL]&0""},{""Status"":""OK"",""Class"":""USB"",""FriendlyName"":""Sony USB HiFD Drive"",""InstanceId"":""USB\\VID_054C&PID_0022\\[REDACTED_DEVICE_SERIAL]""}]}",absent,absent,30.6,30.5,List of devices attached,
2026-10-01T14:48:30.752+00:00,2026-10-01T14:48:30.817+00:00,1208.567,present,959.9,"{""state"":""present"",""devices"":[{""Status"":""OK"",""Class"":""WPD"",""FriendlyName"":""THYME_DIAG"",""InstanceId"":""SWD\\WPDBUSENUM\\_??_USBSTOR#DISK&VEN_SONY_MIC&PROD_ROVAULT&REV_#[REDACTED_DEVICE_SERIAL]&0#{53F56307-B6BF-11D0-94F2-00A0C91EFB8B}""},{""Status"":""OK"",""Class"":""Volume"",""FriendlyName"":""��"",""InstanceId"":""STORAGE\\VOLUME\\_??_USBSTOR#DISK&VEN_SONY_MIC&PROD_ROVAULT&REV_#[REDACTED_DEVICE_SERIAL]&0#{53F56307-B6BF-11D0-94F2-00A0C91EFB8B}""},{""Status"":""OK"",""Class"":""DiskDrive"",""FriendlyName"":""Sony Mic roVault USB Device"",""InstanceId"":""USBSTOR\\DISK&VEN_SONY_MIC&PROD_ROVAULT&REV_\\[REDACTED_DEVICE_SERIAL]&0""},{""Status"":""OK"",""Class"":""USB"",""FriendlyName"":""Sony USB HiFD Drive"",""InstanceId"":""USB\\VID_054C&PID_0022\\[REDACTED_DEVICE_SERIAL]""}]}",absent,absent,32.3,32.9,List of devices attached,
2026-10-01T14:48:31.753+00:00,2026-10-01T14:48:31.816+00:00,1209.566,present,940.6,"{""state"":""present"",""devices"":[{""Status"":""OK"",""Class"":""WPD"",""FriendlyName"":""THYME_DIAG"",""InstanceId"":""SWD\\WPDBUSENUM\\_??_USBSTOR#DISK&VEN_SONY_MIC&PROD_ROVAULT&REV_#[REDACTED_DEVICE_SERIAL]&0#{53F56307-B6BF-11D0-94F2-00A0C91EFB8B}""},{""Status"":""OK"",""Class"":""Volume"",""FriendlyName"":""��"",""InstanceId"":""STORAGE\\VOLUME\\_??_USBSTOR#DISK&VEN_SONY_MIC&PROD_ROVAULT&REV_#[REDACTED_DEVICE_SERIAL]&0#{53F56307-B6BF-11D0-94F2-00A0C91EFB8B}""},{""Status"":""OK"",""Class"":""DiskDrive"",""FriendlyName"":""Sony Mic roVault USB Device"",""InstanceId"":""USBSTOR\\DISK&VEN_SONY_MIC&PROD_ROVAULT&REV_\\[REDACTED_DEVICE_SERIAL]&0""},{""Status"":""OK"",""Class"":""USB"",""FriendlyName"":""Sony USB HiFD Drive"",""InstanceId"":""USB\\VID_054C&PID_0022\\[REDACTED_DEVICE_SERIAL]""}]}",absent,absent,32.3,30.8,List of devices attached,
2026-10-01T14:48:32.753+00:00,2026-10-01T14:48:32.817+00:00,1210.567,present,901.5,"{""state"":""present"",""devices"":[{""Status"":""OK"",""Class"":""WPD"",""FriendlyName"":""THYME_DIAG"",""InstanceId"":""SWD\\WPDBUSENUM\\_??_USBSTOR#DISK&VEN_SONY_MIC&PROD_ROVAULT&REV_#[REDACTED_DEVICE_SERIAL]&0#{53F56307-B6BF-11D0-94F2-00A0C91EFB8B}""},{""Status"":""OK"",""Class"":""Volume"",""FriendlyName"":""��"",""InstanceId"":""STORAGE\\VOLUME\\_??_USBSTOR#DISK&VEN_SONY_MIC&PROD_ROVAULT&REV_#[REDACTED_DEVICE_SERIAL]&0#{53F56307-B6BF-11D0-94F2-00A0C91EFB8B}""},{""Status"":""OK"",""Class"":""DiskDrive"",""FriendlyName"":""Sony Mic roVault USB Device"",""InstanceId"":""USBSTOR\\DISK&VEN_SONY_MIC&PROD_ROVAULT&REV_\\[REDACTED_DEVICE_SERIAL]&0""},{""Status"":""OK"",""Class"":""USB"",""FriendlyName"":""Sony USB HiFD Drive"",""InstanceId"":""USB\\VID_054C&PID_0022\\[REDACTED_DEVICE_SERIAL]""}]}",absent,absent,33.6,30.8,List of devices attached,
2026-10-01T14:48:33.753+00:00,2026-10-01T14:48:33.819+00:00,1211.569,present,919.0,"{""state"":""present"",""devices"":[{""Status"":""OK"",""Class"":""WPD"",""FriendlyName"":""THYME_DIAG"",""InstanceId"":""SWD\\WPDBUSENUM\\_??_USBSTOR#DISK&VEN_SONY_MIC&PROD_ROVAULT&REV_#[REDACTED_DEVICE_SERIAL]&0#{53F56307-B6BF-11D0-94F2-00A0C91EFB8B}""},{""Status"":""OK"",""Class"":""Volume"",""FriendlyName"":""��"",""InstanceId"":""STORAGE\\VOLUME\\_??_USBSTOR#DISK&VEN_SONY_MIC&PROD_ROVAULT&REV_#[REDACTED_DEVICE_SERIAL]&0#{53F56307-B6BF-11D0-94F2-00A0C91EFB8B}""},{""Status"":""OK"",""Class"":""DiskDrive"",""FriendlyName"":""Sony Mic roVault USB Device"",""InstanceId"":""USBSTOR\\DISK&VEN_SONY_MIC&PROD_ROVAULT&REV_\\[REDACTED_DEVICE_SERIAL]&0""},{""Status"":""OK"",""Class"":""USB"",""FriendlyName"":""Sony USB HiFD Drive"",""InstanceId"":""USB\\VID_054C&PID_0022\\[REDACTED_DEVICE_SERIAL]""}]}",absent,absent,34.7,31.4,List of devices attached,
2026-10-01T14:48:34.753+00:00,2026-10-01T14:48:34.824+00:00,1212.574,present,967.7,"{""state"":""present"",""devices"":[{""Status"":""OK"",""Class"":""WPD"",""FriendlyName"":""THYME_DIAG"",""InstanceId"":""SWD\\WPDBUSENUM\\_??_USBSTOR#DISK&VEN_SONY_MIC&PROD_ROVAULT&REV_#[REDACTED_DEVICE_SERIAL]&0#{53F56307-B6BF-11D0-94F2-00A0C91EFB8B}""},{""Status"":""OK"",""Class"":""Volume"",""FriendlyName"":""��"",""InstanceId"":""STORAGE\\VOLUME\\_??_USBSTOR#DISK&VEN_SONY_MIC&PROD_ROVAULT&REV_#[REDACTED_DEVICE_SERIAL]&0#{53F56307-B6BF-11D0-94F2-00A0C91EFB8B}""},{""Status"":""OK"",""Class"":""DiskDrive"",""FriendlyName"":""Sony Mic roVault USB Device"",""InstanceId"":""USBSTOR\\DISK&VEN_SONY_MIC&PROD_ROVAULT&REV_\\[REDACTED_DEVICE_SERIAL]&0""},{""Status"":""OK"",""Class"":""USB"",""FriendlyName"":""Sony USB HiFD Drive"",""InstanceId"":""USB\\VID_054C&PID_0022\\[REDACTED_DEVICE_SERIAL]""}]}",absent,absent,36.4,34.0,List of devices attached,
2026-10-01T14:48:35.754+00:00,2026-10-01T14:48:35.829+00:00,1213.579,present,946.8,"{""state"":""present"",""devices"":[{""Status"":""OK"",""Class"":""WPD"",""FriendlyName"":""THYME_DIAG"",""InstanceId"":""SWD\\WPDBUSENUM\\_??_USBSTOR#DISK&VEN_SONY_MIC&PROD_ROVAULT&REV_#[REDACTED_DEVICE_SERIAL]&0#{53F56307-B6BF-11D0-94F2-00A0C91EFB8B}""},{""Status"":""OK"",""Class"":""Volume"",""FriendlyName"":""��"",""InstanceId"":""STORAGE\\VOLUME\\_??_USBSTOR#DISK&VEN_SONY_MIC&PROD_ROVAULT&REV_#[REDACTED_DEVICE_SERIAL]&0#{53F56307-B6BF-11D0-94F2-00A0C91EFB8B}""},{""Status"":""OK"",""Class"":""DiskDrive"",""FriendlyName"":""Sony Mic roVault USB Device"",""InstanceId"":""USBSTOR\\DISK&VEN_SONY_MIC&PROD_ROVAULT&REV_\\[REDACTED_DEVICE_SERIAL]&0""},{""Status"":""OK"",""Class"":""USB"",""FriendlyName"":""Sony USB HiFD Drive"",""InstanceId"":""USB\\VID_054C&PID_0022\\[REDACTED_DEVICE_SERIAL]""}]}",absent,absent,43.8,31.2,List of devices attached,
2026-10-01T14:48:36.754+00:00,2026-10-01T14:48:36.826+00:00,1214.576,present,993.0,"{""state"":""present"",""devices"":[{""Status"":""OK"",""Class"":""WPD"",""FriendlyName"":""THYME_DIAG"",""InstanceId"":""SWD\\WPDBUSENUM\\_??_USBSTOR#DISK&VEN_SONY_MIC&PROD_ROVAULT&REV_#[REDACTED_DEVICE_SERIAL]&0#{53F56307-B6BF-11D0-94F2-00A0C91EFB8B}""},{""Status"":""OK"",""Class"":""Volume"",""FriendlyName"":""��"",""InstanceId"":""STORAGE\\VOLUME\\_??_USBSTOR#DISK&VEN_SONY_MIC&PROD_ROVAULT&REV_#[REDACTED_DEVICE_SERIAL]&0#{53F56307-B6BF-11D0-94F2-00A0C91EFB8B}""},{""Status"":""OK"",""Class"":""DiskDrive"",""FriendlyName"":""Sony Mic roVault USB Device"",""InstanceId"":""USBSTOR\\DISK&VEN_SONY_MIC&PROD_ROVAULT&REV_\\[REDACTED_DEVICE_SERIAL]&0""},{""Status"":""OK"",""Class"":""USB"",""FriendlyName"":""Sony USB HiFD Drive"",""InstanceId"":""USB\\VID_054C&PID_0022\\[REDACTED_DEVICE_SERIAL]""}]}",absent,absent,34.4,36.9,List of devices attached,
2026-10-01T14:48:37.754+00:00,2026-10-01T14:48:37.818+00:00,1215.568,present,970.2,"{""state"":""present"",""devices"":[{""Status"":""OK"",""Class"":""WPD"",""FriendlyName"":""THYME_DIAG"",""InstanceId"":""SWD\\WPDBUSENUM\\_??_USBSTOR#DISK&VEN_SONY_MIC&PROD_ROVAULT&REV_#[REDACTED_DEVICE_SERIAL]&0#{53F56307-B6BF-11D0-94F2-00A0C91EFB8B}""},{""Status"":""OK"",""Class"":""Volume"",""FriendlyName"":""��"",""InstanceId"":""STORAGE\\VOLUME\\_??_USBSTOR#DISK&VEN_SONY_MIC&PROD_ROVAULT&REV_#[REDACTED_DEVICE_SERIAL]&0#{53F56307-B6BF-11D0-94F2-00A0C91EFB8B}""},{""Status"":""OK"",""Class"":""DiskDrive"",""FriendlyName"":""Sony Mic roVault USB Device"",""InstanceId"":""USBSTOR\\DISK&VEN_SONY_MIC&PROD_ROVAULT&REV_\\[REDACTED_DEVICE_SERIAL]&0""},{""Status"":""OK"",""Class"":""USB"",""FriendlyName"":""Sony USB HiFD Drive"",""InstanceId"":""USB\\VID_054C&PID_0022\\[REDACTED_DEVICE_SERIAL]""}]}",absent,absent,33.9,29.4,List of devices attached,
2026-10-01T14:48:38.755+00:00,2026-10-01T14:48:38.822+00:00,1216.572,present,925.2,"{""state"":""present"",""devices"":[{""Status"":""OK"",""Class"":""WPD"",""FriendlyName"":""THYME_DIAG"",""InstanceId"":""SWD\\WPDBUSENUM\\_??_USBSTOR#DISK&VEN_SONY_MIC&PROD_ROVAULT&REV_#[REDACTED_DEVICE_SERIAL]&0#{53F56307-B6BF-11D0-94F2-00A0C91EFB8B}""},{""Status"":""OK"",""Class"":""Volume"",""FriendlyName"":""��"",""InstanceId"":""STORAGE\\VOLUME\\_??_USBSTOR#DISK&VEN_SONY_MIC&PROD_ROVAULT&REV_#[REDACTED_DEVICE_SERIAL]&0#{53F56307-B6BF-11D0-94F2-00A0C91EFB8B}""},{""Status"":""OK"",""Class"":""DiskDrive"",""FriendlyName"":""Sony Mic roVault USB Device"",""InstanceId"":""USBSTOR\\DISK&VEN_SONY_MIC&PROD_ROVAULT&REV_\\[REDACTED_DEVICE_SERIAL]&0""},{""Status"":""OK"",""Class"":""USB"",""FriendlyName"":""Sony USB HiFD Drive"",""InstanceId"":""USB\\VID_054C&PID_0022\\[REDACTED_DEVICE_SERIAL]""}]}",absent,absent,34.2,32.6,List of devices attached,
2026-10-01T14:48:39.755+00:00,2026-10-01T14:48:39.829+00:00,1217.579,present,917.4,"{""state"":""present"",""devices"":[{""Status"":""OK"",""Class"":""WPD"",""FriendlyName"":""THYME_DIAG"",""InstanceId"":""SWD\\WPDBUSENUM\\_??_USBSTOR#DISK&VEN_SONY_MIC&PROD_ROVAULT&REV_#[REDACTED_DEVICE_SERIAL]&0#{53F56307-B6BF-11D0-94F2-00A0C91EFB8B}""},{""Status"":""OK"",""Class"":""Volume"",""FriendlyName"":""��"",""InstanceId"":""STORAGE\\VOLUME\\_??_USBSTOR#DISK&VEN_SONY_MIC&PROD_ROVAULT&REV_#[REDACTED_DEVICE_SERIAL]&0#{53F56307-B6BF-11D0-94F2-00A0C91EFB8B}""},{""Status"":""OK"",""Class"":""DiskDrive"",""FriendlyName"":""Sony Mic roVault USB Device"",""InstanceId"":""USBSTOR\\DISK&VEN_SONY_MIC&PROD_ROVAULT&REV_\\[REDACTED_DEVICE_SERIAL]&0""},{""Status"":""OK"",""Class"":""USB"",""FriendlyName"":""Sony USB HiFD Drive"",""InstanceId"":""USB\\VID_054C&PID_0022\\[REDACTED_DEVICE_SERIAL]""}]}",absent,absent,41.6,31.7,List of devices attached,
2026-10-01T14:48:40.756+00:00,2026-10-01T14:48:40.820+00:00,1218.570,present,925.1,"{""state"":""present"",""devices"":[{""Status"":""OK"",""Class"":""WPD"",""FriendlyName"":""THYME_DIAG"",""InstanceId"":""SWD\\WPDBUSENUM\\_??_USBSTOR#DISK&VEN_SONY_MIC&PROD_ROVAULT&REV_#[REDACTED_DEVICE_SERIAL]&0#{53F56307-B6BF-11D0-94F2-00A0C91EFB8B}""},{""Status"":""OK"",""Class"":""Volume"",""FriendlyName"":""��"",""InstanceId"":""STORAGE\\VOLUME\\_??_USBSTOR#DISK&VEN_SONY_MIC&PROD_ROVAULT&REV_#[REDACTED_DEVICE_SERIAL]&0#{53F56307-B6BF-11D0-94F2-00A0C91EFB8B}""},{""Status"":""OK"",""Class"":""DiskDrive"",""FriendlyName"":""Sony Mic roVault USB Device"",""InstanceId"":""USBSTOR\\DISK&VEN_SONY_MIC&PROD_ROVAULT&REV_\\[REDACTED_DEVICE_SERIAL]&0""},{""Status"":""OK"",""Class"":""USB"",""FriendlyName"":""Sony USB HiFD Drive"",""InstanceId"":""USB\\VID_054C&PID_0022\\[REDACTED_DEVICE_SERIAL]""}]}",absent,absent,32.8,31.2,List of devices attached,
2026-10-01T14:48:41.756+00:00,2026-10-01T14:48:41.820+00:00,1219.570,present,928.3,"{""state"":""present"",""devices"":[{""Status"":""OK"",""Class"":""WPD"",""FriendlyName"":""THYME_DIAG"",""InstanceId"":""SWD\\WPDBUSENUM\\_??_USBSTOR#DISK&VEN_SONY_MIC&PROD_ROVAULT&REV_#[REDACTED_DEVICE_SERIAL]&0#{53F56307-B6BF-11D0-94F2-00A0C91EFB8B}""},{""Status"":""OK"",""Class"":""Volume"",""FriendlyName"":""��"",""InstanceId"":""STORAGE\\VOLUME\\_??_USBSTOR#DISK&VEN_SONY_MIC&PROD_ROVAULT&REV_#[REDACTED_DEVICE_SERIAL]&0#{53F56307-B6BF-11D0-94F2-00A0C91EFB8B}""},{""Status"":""OK"",""Class"":""DiskDrive"",""FriendlyName"":""Sony Mic roVault USB Device"",""InstanceId"":""USBSTOR\\DISK&VEN_SONY_MIC&PROD_ROVAULT&REV_\\[REDACTED_DEVICE_SERIAL]&0""},{""Status"":""OK"",""Class"":""USB"",""FriendlyName"":""Sony USB HiFD Drive"",""InstanceId"":""USB\\VID_054C&PID_0022\\[REDACTED_DEVICE_SERIAL]""}]}",absent,absent,32.2,31.9,List of devices attached,
2026-10-01T14:48:42.756+00:00,2026-10-01T14:48:42.818+00:00,1220.568,present,916.3,"{""state"":""present"",""devices"":[{""Status"":""OK"",""Class"":""WPD"",""FriendlyName"":""THYME_DIAG"",""InstanceId"":""SWD\\WPDBUSENUM\\_??_USBSTOR#DISK&VEN_SONY_MIC&PROD_ROVAULT&REV_#[REDACTED_DEVICE_SERIAL]&0#{53F56307-B6BF-11D0-94F2-00A0C91EFB8B}""},{""Status"":""OK"",""Class"":""Volume"",""FriendlyName"":""��"",""InstanceId"":""STORAGE\\VOLUME\\_??_USBSTOR#DISK&VEN_SONY_MIC&PROD_ROVAULT&REV_#[REDACTED_DEVICE_SERIAL]&0#{53F56307-B6BF-11D0-94F2-00A0C91EFB8B}""},{""Status"":""OK"",""Class"":""DiskDrive"",""FriendlyName"":""Sony Mic roVault USB Device"",""InstanceId"":""USBSTOR\\DISK&VEN_SONY_MIC&PROD_ROVAULT&REV_\\[REDACTED_DEVICE_SERIAL]&0""},{""Status"":""OK"",""Class"":""USB"",""FriendlyName"":""Sony USB HiFD Drive"",""InstanceId"":""USB\\VID_054C&PID_0022\\[REDACTED_DEVICE_SERIAL]""}]}",absent,absent,31.5,30.5,List of devices attached,
2026-10-01T14:48:43.757+00:00,2026-10-01T14:48:43.818+00:00,1221.568,present,895.7,"{""state"":""present"",""devices"":[{""Status"":""OK"",""Class"":""WPD"",""FriendlyName"":""THYME_DIAG"",""InstanceId"":""SWD\\WPDBUSENUM\\_??_USBSTOR#DISK&VEN_SONY_MIC&PROD_ROVAULT&REV_#[REDACTED_DEVICE_SERIAL]&0#{53F56307-B6BF-11D0-94F2-00A0C91EFB8B}""},{""Status"":""OK"",""Class"":""Volume"",""FriendlyName"":""��"",""InstanceId"":""STORAGE\\VOLUME\\_??_USBSTOR#DISK&VEN_SONY_MIC&PROD_ROVAULT&REV_#[REDACTED_DEVICE_SERIAL]&0#{53F56307-B6BF-11D0-94F2-00A0C91EFB8B}""},{""Status"":""OK"",""Class"":""DiskDrive"",""FriendlyName"":""Sony Mic roVault USB Device"",""InstanceId"":""USBSTOR\\DISK&VEN_SONY_MIC&PROD_ROVAULT&REV_\\[REDACTED_DEVICE_SERIAL]&0""},{""Status"":""OK"",""Class"":""USB"",""FriendlyName"":""Sony USB HiFD Drive"",""InstanceId"":""USB\\VID_054C&PID_0022\\[REDACTED_DEVICE_SERIAL]""}]}",absent,absent,31.8,29.7,List of devices attached,
2026-10-01T14:48:44.757+00:00,2026-10-01T14:48:44.829+00:00,1222.579,present,949.4,"{""state"":""present"",""devices"":[{""Status"":""OK"",""Class"":""WPD"",""FriendlyName"":""THYME_DIAG"",""InstanceId"":""SWD\\WPDBUSENUM\\_??_USBSTOR#DISK&VEN_SONY_MIC&PROD_ROVAULT&REV_#[REDACTED_DEVICE_SERIAL]&0#{53F56307-B6BF-11D0-94F2-00A0C91EFB8B}""},{""Status"":""OK"",""Class"":""Volume"",""FriendlyName"":""��"",""InstanceId"":""STORAGE\\VOLUME\\_??_USBSTOR#DISK&VEN_SONY_MIC&PROD_ROVAULT&REV_#[REDACTED_DEVICE_SERIAL]&0#{53F56307-B6BF-11D0-94F2-00A0C91EFB8B}""},{""Status"":""OK"",""Class"":""DiskDrive"",""FriendlyName"":""Sony Mic roVault USB Device"",""InstanceId"":""USBSTOR\\DISK&VEN_SONY_MIC&PROD_ROVAULT&REV_\\[REDACTED_DEVICE_SERIAL]&0""},{""Status"":""OK"",""Class"":""USB"",""FriendlyName"":""Sony USB HiFD Drive"",""InstanceId"":""USB\\VID_054C&PID_0022\\[REDACTED_DEVICE_SERIAL]""}]}",absent,absent,40.8,30.8,List of devices attached,
2026-10-01T14:48:45.757+00:00,2026-10-01T14:48:45.816+00:00,1223.566,present,988.1,"{""state"":""present"",""devices"":[{""Status"":""OK"",""Class"":""WPD"",""FriendlyName"":""THYME_DIAG"",""InstanceId"":""SWD\\WPDBUSENUM\\_??_USBSTOR#DISK&VEN_SONY_MIC&PROD_ROVAULT&REV_#[REDACTED_DEVICE_SERIAL]&0#{53F56307-B6BF-11D0-94F2-00A0C91EFB8B}""},{""Status"":""OK"",""Class"":""Volume"",""FriendlyName"":""��"",""InstanceId"":""STORAGE\\VOLUME\\_??_USBSTOR#DISK&VEN_SONY_MIC&PROD_ROVAULT&REV_#[REDACTED_DEVICE_SERIAL]&0#{53F56307-B6BF-11D0-94F2-00A0C91EFB8B}""},{""Status"":""OK"",""Class"":""DiskDrive"",""FriendlyName"":""Sony Mic roVault USB Device"",""InstanceId"":""USBSTOR\\DISK&VEN_SONY_MIC&PROD_ROVAULT&REV_\\[REDACTED_DEVICE_SERIAL]&0""},{""Status"":""OK"",""Class"":""USB"",""FriendlyName"":""Sony USB HiFD Drive"",""InstanceId"":""USB\\VID_054C&PID_0022\\[REDACTED_DEVICE_SERIAL]""}]}",absent,absent,30.5,28.7,List of devices attached,
2026-10-01T14:48:46.757+00:00,2026-10-01T14:48:46.818+00:00,1224.568,present,945.9,"{""state"":""present"",""devices"":[{""Status"":""OK"",""Class"":""WPD"",""FriendlyName"":""THYME_DIAG"",""InstanceId"":""SWD\\WPDBUSENUM\\_??_USBSTOR#DISK&VEN_SONY_MIC&PROD_ROVAULT&REV_#[REDACTED_DEVICE_SERIAL]&0#{53F56307-B6BF-11D0-94F2-00A0C91EFB8B}""},{""Status"":""OK"",""Class"":""Volume"",""FriendlyName"":""��"",""InstanceId"":""STORAGE\\VOLUME\\_??_USBSTOR#DISK&VEN_SONY_MIC&PROD_ROVAULT&REV_#[REDACTED_DEVICE_SERIAL]&0#{53F56307-B6BF-11D0-94F2-00A0C91EFB8B}""},{""Status"":""OK"",""Class"":""DiskDrive"",""FriendlyName"":""Sony Mic roVault USB Device"",""InstanceId"":""USBSTOR\\DISK&VEN_SONY_MIC&PROD_ROVAULT&REV_\\[REDACTED_DEVICE_SERIAL]&0""},{""Status"":""OK"",""Class"":""USB"",""FriendlyName"":""Sony USB HiFD Drive"",""InstanceId"":""USB\\VID_054C&PID_0022\\[REDACTED_DEVICE_SERIAL]""}]}",absent,absent,30.9,29.3,List of devices attached,
2026-10-01T14:48:47.757+00:00,2026-10-01T14:48:47.818+00:00,1225.568,present,984.6,"{""state"":""present"",""devices"":[{""Status"":""OK"",""Class"":""WPD"",""FriendlyName"":""THYME_DIAG"",""InstanceId"":""SWD\\WPDBUSENUM\\_??_USBSTOR#DISK&VEN_SONY_MIC&PROD_ROVAULT&REV_#[REDACTED_DEVICE_SERIAL]&0#{53F56307-B6BF-11D0-94F2-00A0C91EFB8B}""},{""Status"":""OK"",""Class"":""Volume"",""FriendlyName"":""��"",""InstanceId"":""STORAGE\\VOLUME\\_??_USBSTOR#DISK&VEN_SONY_MIC&PROD_ROVAULT&REV_#[REDACTED_DEVICE_SERIAL]&0#{53F56307-B6BF-11D0-94F2-00A0C91EFB8B}""},{""Status"":""OK"",""Class"":""DiskDrive"",""FriendlyName"":""Sony Mic roVault USB Device"",""InstanceId"":""USBSTOR\\DISK&VEN_SONY_MIC&PROD_ROVAULT&REV_\\[REDACTED_DEVICE_SERIAL]&0""},{""Status"":""OK"",""Class"":""USB"",""FriendlyName"":""Sony USB HiFD Drive"",""InstanceId"":""USB\\VID_054C&PID_0022\\[REDACTED_DEVICE_SERIAL]""}]}",absent,absent,30.3,29.7,List of devices attached,
2026-10-01T14:48:48.758+00:00,2026-10-01T14:48:48.820+00:00,1226.570,present,966.1,"{""state"":""present"",""devices"":[{""Status"":""OK"",""Class"":""WPD"",""FriendlyName"":""THYME_DIAG"",""InstanceId"":""SWD\\WPDBUSENUM\\_??_USBSTOR#DISK&VEN_SONY_MIC&PROD_ROVAULT&REV_#[REDACTED_DEVICE_SERIAL]&0#{53F56307-B6BF-11D0-94F2-00A0C91EFB8B}""},{""Status"":""OK"",""Class"":""Volume"",""FriendlyName"":""��"",""InstanceId"":""STORAGE\\VOLUME\\_??_USBSTOR#DISK&VEN_SONY_MIC&PROD_ROVAULT&REV_#[REDACTED_DEVICE_SERIAL]&0#{53F56307-B6BF-11D0-94F2-00A0C91EFB8B}""},{""Status"":""OK"",""Class"":""DiskDrive"",""FriendlyName"":""Sony Mic roVault USB Device"",""InstanceId"":""USBSTOR\\DISK&VEN_SONY_MIC&PROD_ROVAULT&REV_\\[REDACTED_DEVICE_SERIAL]&0""},{""Status"":""OK"",""Class"":""USB"",""FriendlyName"":""Sony USB HiFD Drive"",""InstanceId"":""USB\\VID_054C&PID_0022\\[REDACTED_DEVICE_SERIAL]""}]}",absent,absent,32.4,30.2,List of devices attached,
2026-10-01T14:48:49.758+00:00,2026-10-01T14:48:49.819+00:00,1227.569,present,958.4,"{""state"":""present"",""devices"":[{""Status"":""OK"",""Class"":""WPD"",""FriendlyName"":""THYME_DIAG"",""InstanceId"":""SWD\\WPDBUSENUM\\_??_USBSTOR#DISK&VEN_SONY_MIC&PROD_ROVAULT&REV_#[REDACTED_DEVICE_SERIAL]&0#{53F56307-B6BF-11D0-94F2-00A0C91EFB8B}""},{""Status"":""OK"",""Class"":""Volume"",""FriendlyName"":""��"",""InstanceId"":""STORAGE\\VOLUME\\_??_USBSTOR#DISK&VEN_SONY_MIC&PROD_ROVAULT&REV_#[REDACTED_DEVICE_SERIAL]&0#{53F56307-B6BF-11D0-94F2-00A0C91EFB8B}""},{""Status"":""OK"",""Class"":""DiskDrive"",""FriendlyName"":""Sony Mic roVault USB Device"",""InstanceId"":""USBSTOR\\DISK&VEN_SONY_MIC&PROD_ROVAULT&REV_\\[REDACTED_DEVICE_SERIAL]&0""},{""Status"":""OK"",""Class"":""USB"",""FriendlyName"":""Sony USB HiFD Drive"",""InstanceId"":""USB\\VID_054C&PID_0022\\[REDACTED_DEVICE_SERIAL]""}]}",absent,absent,31.4,29.3,List of devices attached,
2026-10-01T14:48:50.758+00:00,2026-10-01T14:48:50.819+00:00,1228.569,present,971.9,"{""state"":""present"",""devices"":[{""Status"":""OK"",""Class"":""WPD"",""FriendlyName"":""THYME_DIAG"",""InstanceId"":""SWD\\WPDBUSENUM\\_??_USBSTOR#DISK&VEN_SONY_MIC&PROD_ROVAULT&REV_#[REDACTED_DEVICE_SERIAL]&0#{53F56307-B6BF-11D0-94F2-00A0C91EFB8B}""},{""Status"":""OK"",""Class"":""Volume"",""FriendlyName"":""��"",""InstanceId"":""STORAGE\\VOLUME\\_??_USBSTOR#DISK&VEN_SONY_MIC&PROD_ROVAULT&REV_#[REDACTED_DEVICE_SERIAL]&0#{53F56307-B6BF-11D0-94F2-00A0C91EFB8B}""},{""Status"":""OK"",""Class"":""DiskDrive"",""FriendlyName"":""Sony Mic roVault USB Device"",""InstanceId"":""USBSTOR\\DISK&VEN_SONY_MIC&PROD_ROVAULT&REV_\\[REDACTED_DEVICE_SERIAL]&0""},{""Status"":""OK"",""Class"":""USB"",""FriendlyName"":""Sony USB HiFD Drive"",""InstanceId"":""USB\\VID_054C&PID_0022\\[REDACTED_DEVICE_SERIAL]""}]}",absent,absent,30.9,29.9,List of devices attached,
2026-10-01T14:48:51.758+00:00,2026-10-01T14:48:51.822+00:00,1229.572,present,984.2,"{""state"":""present"",""devices"":[{""Status"":""OK"",""Class"":""WPD"",""FriendlyName"":""THYME_DIAG"",""InstanceId"":""SWD\\WPDBUSENUM\\_??_USBSTOR#DISK&VEN_SONY_MIC&PROD_ROVAULT&REV_#[REDACTED_DEVICE_SERIAL]&0#{53F56307-B6BF-11D0-94F2-00A0C91EFB8B}""},{""Status"":""OK"",""Class"":""Volume"",""FriendlyName"":""��"",""InstanceId"":""STORAGE\\VOLUME\\_??_USBSTOR#DISK&VEN_SONY_MIC&PROD_ROVAULT&REV_#[REDACTED_DEVICE_SERIAL]&0#{53F56307-B6BF-11D0-94F2-00A0C91EFB8B}""},{""Status"":""OK"",""Class"":""DiskDrive"",""FriendlyName"":""Sony Mic roVault USB Device"",""InstanceId"":""USBSTOR\\DISK&VEN_SONY_MIC&PROD_ROVAULT&REV_\\[REDACTED_DEVICE_SERIAL]&0""},{""Status"":""OK"",""Class"":""USB"",""FriendlyName"":""Sony USB HiFD Drive"",""InstanceId"":""USB\\VID_054C&PID_0022\\[REDACTED_DEVICE_SERIAL]""}]}",absent,absent,32.2,31.1,List of devices attached,
2026-10-01T14:48:52.759+00:00,2026-10-01T14:48:52.830+00:00,1230.580,present,961.3,"{""state"":""present"",""devices"":[{""Status"":""OK"",""Class"":""WPD"",""FriendlyName"":""THYME_DIAG"",""InstanceId"":""SWD\\WPDBUSENUM\\_??_USBSTOR#DISK&VEN_SONY_MIC&PROD_ROVAULT&REV_#[REDACTED_DEVICE_SERIAL]&0#{53F56307-B6BF-11D0-94F2-00A0C91EFB8B}""},{""Status"":""OK"",""Class"":""Volume"",""FriendlyName"":""��"",""InstanceId"":""STORAGE\\VOLUME\\_??_USBSTOR#DISK&VEN_SONY_MIC&PROD_ROVAULT&REV_#[REDACTED_DEVICE_SERIAL]&0#{53F56307-B6BF-11D0-94F2-00A0C91EFB8B}""},{""Status"":""OK"",""Class"":""DiskDrive"",""FriendlyName"":""Sony Mic roVault USB Device"",""InstanceId"":""USBSTOR\\DISK&VEN_SONY_MIC&PROD_ROVAULT&REV_\\[REDACTED_DEVICE_SERIAL]&0""},{""Status"":""OK"",""Class"":""USB"",""FriendlyName"":""Sony USB HiFD Drive"",""InstanceId"":""USB\\VID_054C&PID_0022\\[REDACTED_DEVICE_SERIAL]""}]}",absent,absent,40.0,31.1,List of devices attached,
2026-10-01T14:48:53.759+00:00,2026-10-01T14:48:53.820+00:00,1231.570,present,947.9,"{""state"":""present"",""devices"":[{""Status"":""OK"",""Class"":""WPD"",""FriendlyName"":""THYME_DIAG"",""InstanceId"":""SWD\\WPDBUSENUM\\_??_USBSTOR#DISK&VEN_SONY_MIC&PROD_ROVAULT&REV_#[REDACTED_DEVICE_SERIAL]&0#{53F56307-B6BF-11D0-94F2-00A0C91EFB8B}""},{""Status"":""OK"",""Class"":""Volume"",""FriendlyName"":""��"",""InstanceId"":""STORAGE\\VOLUME\\_??_USBSTOR#DISK&VEN_SONY_MIC&PROD_ROVAULT&REV_#[REDACTED_DEVICE_SERIAL]&0#{53F56307-B6BF-11D0-94F2-00A0C91EFB8B}""},{""Status"":""OK"",""Class"":""DiskDrive"",""FriendlyName"":""Sony Mic roVault USB Device"",""InstanceId"":""USBSTOR\\DISK&VEN_SONY_MIC&PROD_ROVAULT&REV_\\[REDACTED_DEVICE_SERIAL]&0""},{""Status"":""OK"",""Class"":""USB"",""FriendlyName"":""Sony USB HiFD Drive"",""InstanceId"":""USB\\VID_054C&PID_0022\\[REDACTED_DEVICE_SERIAL]""}]}",absent,absent,31.3,29.9,List of devices attached,
2026-10-01T14:48:54.759+00:00,2026-10-01T14:48:54.823+00:00,1232.573,present,981.2,"{""state"":""present"",""devices"":[{""Status"":""OK"",""Class"":""WPD"",""FriendlyName"":""THYME_DIAG"",""InstanceId"":""SWD\\WPDBUSENUM\\_??_USBSTOR#DISK&VEN_SONY_MIC&PROD_ROVAULT&REV_#[REDACTED_DEVICE_SERIAL]&0#{53F56307-B6BF-11D0-94F2-00A0C91EFB8B}""},{""Status"":""OK"",""Class"":""Volume"",""FriendlyName"":""��"",""InstanceId"":""STORAGE\\VOLUME\\_??_USBSTOR#DISK&VEN_SONY_MIC&PROD_ROVAULT&REV_#[REDACTED_DEVICE_SERIAL]&0#{53F56307-B6BF-11D0-94F2-00A0C91EFB8B}""},{""Status"":""OK"",""Class"":""DiskDrive"",""FriendlyName"":""Sony Mic roVault USB Device"",""InstanceId"":""USBSTOR\\DISK&VEN_SONY_MIC&PROD_ROVAULT&REV_\\[REDACTED_DEVICE_SERIAL]&0""},{""Status"":""OK"",""Class"":""USB"",""FriendlyName"":""Sony USB HiFD Drive"",""InstanceId"":""USB\\VID_054C&PID_0022\\[REDACTED_DEVICE_SERIAL]""}]}",absent,absent,32.6,30.9,List of devices attached,
2026-10-01T14:48:55.759+00:00,2026-10-01T14:48:55.824+00:00,1233.574,present,973.2,"{""state"":""present"",""devices"":[{""Status"":""OK"",""Class"":""WPD"",""FriendlyName"":""THYME_DIAG"",""InstanceId"":""SWD\\WPDBUSENUM\\_??_USBSTOR#DISK&VEN_SONY_MIC&PROD_ROVAULT&REV_#[REDACTED_DEVICE_SERIAL]&0#{53F56307-B6BF-11D0-94F2-00A0C91EFB8B}""},{""Status"":""OK"",""Class"":""Volume"",""FriendlyName"":""��"",""InstanceId"":""STORAGE\\VOLUME\\_??_USBSTOR#DISK&VEN_SONY_MIC&PROD_ROVAULT&REV_#[REDACTED_DEVICE_SERIAL]&0#{53F56307-B6BF-11D0-94F2-00A0C91EFB8B}""},{""Status"":""OK"",""Class"":""DiskDrive"",""FriendlyName"":""Sony Mic roVault USB Device"",""InstanceId"":""USBSTOR\\DISK&VEN_SONY_MIC&PROD_ROVAULT&REV_\\[REDACTED_DEVICE_SERIAL]&0""},{""Status"":""OK"",""Class"":""USB"",""FriendlyName"":""Sony USB HiFD Drive"",""InstanceId"":""USB\\VID_054C&PID_0022\\[REDACTED_DEVICE_SERIAL]""}]}",absent,absent,33.6,30.7,List of devices attached,
2026-10-01T14:48:56.760+00:00,2026-10-01T14:48:56.822+00:00,1234.572,present,963.3,"{""state"":""present"",""devices"":[{""Status"":""OK"",""Class"":""WPD"",""FriendlyName"":""THYME_DIAG"",""InstanceId"":""SWD\\WPDBUSENUM\\_??_USBSTOR#DISK&VEN_SONY_MIC&PROD_ROVAULT&REV_#[REDACTED_DEVICE_SERIAL]&0#{53F56307-B6BF-11D0-94F2-00A0C91EFB8B}""},{""Status"":""OK"",""Class"":""Volume"",""FriendlyName"":""��"",""InstanceId"":""STORAGE\\VOLUME\\_??_USBSTOR#DISK&VEN_SONY_MIC&PROD_ROVAULT&REV_#[REDACTED_DEVICE_SERIAL]&0#{53F56307-B6BF-11D0-94F2-00A0C91EFB8B}""},{""Status"":""OK"",""Class"":""DiskDrive"",""FriendlyName"":""Sony Mic roVault USB Device"",""InstanceId"":""USBSTOR\\DISK&VEN_SONY_MIC&PROD_ROVAULT&REV_\\[REDACTED_DEVICE_SERIAL]&0""},{""Status"":""OK"",""Class"":""USB"",""FriendlyName"":""Sony USB HiFD Drive"",""InstanceId"":""USB\\VID_054C&PID_0022\\[REDACTED_DEVICE_SERIAL]""}]}",absent,absent,31.0,31.1,List of devices attached,
2026-10-01T14:48:57.760+00:00,2026-10-01T14:48:57.820+00:00,1235.570,present,995.5,"{""state"":""present"",""devices"":[{""Status"":""OK"",""Class"":""WPD"",""FriendlyName"":""THYME_DIAG"",""InstanceId"":""SWD\\WPDBUSENUM\\_??_USBSTOR#DISK&VEN_SONY_MIC&PROD_ROVAULT&REV_#[REDACTED_DEVICE_SERIAL]&0#{53F56307-B6BF-11D0-94F2-00A0C91EFB8B}""},{""Status"":""OK"",""Class"":""Volume"",""FriendlyName"":""��"",""InstanceId"":""STORAGE\\VOLUME\\_??_USBSTOR#DISK&VEN_SONY_MIC&PROD_ROVAULT&REV_#[REDACTED_DEVICE_SERIAL]&0#{53F56307-B6BF-11D0-94F2-00A0C91EFB8B}""},{""Status"":""OK"",""Class"":""DiskDrive"",""FriendlyName"":""Sony Mic roVault USB Device"",""InstanceId"":""USBSTOR\\DISK&VEN_SONY_MIC&PROD_ROVAULT&REV_\\[REDACTED_DEVICE_SERIAL]&0""},{""Status"":""OK"",""Class"":""USB"",""FriendlyName"":""Sony USB HiFD Drive"",""InstanceId"":""USB\\VID_054C&PID_0022\\[REDACTED_DEVICE_SERIAL]""}]}",absent,absent,30.9,28.8,List of devices attached,
2026-10-01T14:48:58.761+00:00,2026-10-01T14:48:58.821+00:00,1236.571,present,977.1,"{""state"":""present"",""devices"":[{""Status"":""OK"",""Class"":""WPD"",""FriendlyName"":""THYME_DIAG"",""InstanceId"":""SWD\\WPDBUSENUM\\_??_USBSTOR#DISK&VEN_SONY_MIC&PROD_ROVAULT&REV_#[REDACTED_DEVICE_SERIAL]&0#{53F56307-B6BF-11D0-94F2-00A0C91EFB8B}""},{""Status"":""OK"",""Class"":""Volume"",""FriendlyName"":""��"",""InstanceId"":""STORAGE\\VOLUME\\_??_USBSTOR#DISK&VEN_SONY_MIC&PROD_ROVAULT&REV_#[REDACTED_DEVICE_SERIAL]&0#{53F56307-B6BF-11D0-94F2-00A0C91EFB8B}""},{""Status"":""OK"",""Class"":""DiskDrive"",""FriendlyName"":""Sony Mic roVault USB Device"",""InstanceId"":""USBSTOR\\DISK&VEN_SONY_MIC&PROD_ROVAULT&REV_\\[REDACTED_DEVICE_SERIAL]&0""},{""Status"":""OK"",""Class"":""USB"",""FriendlyName"":""Sony USB HiFD Drive"",""InstanceId"":""USB\\VID_054C&PID_0022\\[REDACTED_DEVICE_SERIAL]""}]}",absent,absent,31.6,28.9,List of devices attached,
2026-10-01T14:48:59.761+00:00,2026-10-01T14:48:59.822+00:00,1237.572,present,954.5,"{""state"":""present"",""devices"":[{""Status"":""OK"",""Class"":""WPD"",""FriendlyName"":""THYME_DIAG"",""InstanceId"":""SWD\\WPDBUSENUM\\_??_USBSTOR#DISK&VEN_SONY_MIC&PROD_ROVAULT&REV_#[REDACTED_DEVICE_SERIAL]&0#{53F56307-B6BF-11D0-94F2-00A0C91EFB8B}""},{""Status"":""OK"",""Class"":""Volume"",""FriendlyName"":""��"",""InstanceId"":""STORAGE\\VOLUME\\_??_USBSTOR#DISK&VEN_SONY_MIC&PROD_ROVAULT&REV_#[REDACTED_DEVICE_SERIAL]&0#{53F56307-B6BF-11D0-94F2-00A0C91EFB8B}""},{""Status"":""OK"",""Class"":""DiskDrive"",""FriendlyName"":""Sony Mic roVault USB Device"",""InstanceId"":""USBSTOR\\DISK&VEN_SONY_MIC&PROD_ROVAULT&REV_\\[REDACTED_DEVICE_SERIAL]&0""},{""Status"":""OK"",""Class"":""USB"",""FriendlyName"":""Sony USB HiFD Drive"",""InstanceId"":""USB\\VID_054C&PID_0022\\[REDACTED_DEVICE_SERIAL]""}]}",absent,absent,31.4,30.1,List of devices attached,
2026-10-01T14:49:00.761+00:00,2026-10-01T14:49:00.823+00:00,1238.573,present,955.5,"{""state"":""present"",""devices"":[{""Status"":""OK"",""Class"":""WPD"",""FriendlyName"":""THYME_DIAG"",""InstanceId"":""SWD\\WPDBUSENUM\\_??_USBSTOR#DISK&VEN_SONY_MIC&PROD_ROVAULT&REV_#[REDACTED_DEVICE_SERIAL]&0#{53F56307-B6BF-11D0-94F2-00A0C91EFB8B}""},{""Status"":""OK"",""Class"":""Volume"",""FriendlyName"":""��"",""InstanceId"":""STORAGE\\VOLUME\\_??_USBSTOR#DISK&VEN_SONY_MIC&PROD_ROVAULT&REV_#[REDACTED_DEVICE_SERIAL]&0#{53F56307-B6BF-11D0-94F2-00A0C91EFB8B}""},{""Status"":""OK"",""Class"":""DiskDrive"",""FriendlyName"":""Sony Mic roVault USB Device"",""InstanceId"":""USBSTOR\\DISK&VEN_SONY_MIC&PROD_ROVAULT&REV_\\[REDACTED_DEVICE_SERIAL]&0""},{""Status"":""OK"",""Class"":""USB"",""FriendlyName"":""Sony USB HiFD Drive"",""InstanceId"":""USB\\VID_054C&PID_0022\\[REDACTED_DEVICE_SERIAL]""}]}",absent,absent,31.5,30.1,List of devices attached,
2026-10-01T14:49:01.761+00:00,2026-10-01T14:49:01.823+00:00,1239.572,present,918.1,"{""state"":""present"",""devices"":[{""Status"":""OK"",""Class"":""WPD"",""FriendlyName"":""THYME_DIAG"",""InstanceId"":""SWD\\WPDBUSENUM\\_??_USBSTOR#DISK&VEN_SONY_MIC&PROD_ROVAULT&REV_#[REDACTED_DEVICE_SERIAL]&0#{53F56307-B6BF-11D0-94F2-00A0C91EFB8B}""},{""Status"":""OK"",""Class"":""Volume"",""FriendlyName"":""��"",""InstanceId"":""STORAGE\\VOLUME\\_??_USBSTOR#DISK&VEN_SONY_MIC&PROD_ROVAULT&REV_#[REDACTED_DEVICE_SERIAL]&0#{53F56307-B6BF-11D0-94F2-00A0C91EFB8B}""},{""Status"":""OK"",""Class"":""DiskDrive"",""FriendlyName"":""Sony Mic roVault USB Device"",""InstanceId"":""USBSTOR\\DISK&VEN_SONY_MIC&PROD_ROVAULT&REV_\\[REDACTED_DEVICE_SERIAL]&0""},{""Status"":""OK"",""Class"":""USB"",""FriendlyName"":""Sony USB HiFD Drive"",""InstanceId"":""USB\\VID_054C&PID_0022\\[REDACTED_DEVICE_SERIAL]""}]}",absent,absent,31.6,29.7,List of devices attached,
2026-10-01T14:49:02.761+00:00,2026-10-01T14:49:02.823+00:00,1240.573,present,983.7,"{""state"":""present"",""devices"":[{""Status"":""OK"",""Class"":""WPD"",""FriendlyName"":""THYME_DIAG"",""InstanceId"":""SWD\\WPDBUSENUM\\_??_USBSTOR#DISK&VEN_SONY_MIC&PROD_ROVAULT&REV_#[REDACTED_DEVICE_SERIAL]&0#{53F56307-B6BF-11D0-94F2-00A0C91EFB8B}""},{""Status"":""OK"",""Class"":""Volume"",""FriendlyName"":""��"",""InstanceId"":""STORAGE\\VOLUME\\_??_USBSTOR#DISK&VEN_SONY_MIC&PROD_ROVAULT&REV_#[REDACTED_DEVICE_SERIAL]&0#{53F56307-B6BF-11D0-94F2-00A0C91EFB8B}""},{""Status"":""OK"",""Class"":""DiskDrive"",""FriendlyName"":""Sony Mic roVault USB Device"",""InstanceId"":""USBSTOR\\DISK&VEN_SONY_MIC&PROD_ROVAULT&REV_\\[REDACTED_DEVICE_SERIAL]&0""},{""Status"":""OK"",""Class"":""USB"",""FriendlyName"":""Sony USB HiFD Drive"",""InstanceId"":""USB\\VID_054C&PID_0022\\[REDACTED_DEVICE_SERIAL]""}]}",absent,absent,30.8,30.6,List of devices attached,
2026-10-01T14:49:03.761+00:00,2026-10-01T14:49:03.822+00:00,1241.572,present,979.5,"{""state"":""present"",""devices"":[{""Status"":""OK"",""Class"":""WPD"",""FriendlyName"":""THYME_DIAG"",""InstanceId"":""SWD\\WPDBUSENUM\\_??_USBSTOR#DISK&VEN_SONY_MIC&PROD_ROVAULT&REV_#[REDACTED_DEVICE_SERIAL]&0#{53F56307-B6BF-11D0-94F2-00A0C91EFB8B}""},{""Status"":""OK"",""Class"":""Volume"",""FriendlyName"":""��"",""InstanceId"":""STORAGE\\VOLUME\\_??_USBSTOR#DISK&VEN_SONY_MIC&PROD_ROVAULT&REV_#[REDACTED_DEVICE_SERIAL]&0#{53F56307-B6BF-11D0-94F2-00A0C91EFB8B}""},{""Status"":""OK"",""Class"":""DiskDrive"",""FriendlyName"":""Sony Mic roVault USB Device"",""InstanceId"":""USBSTOR\\DISK&VEN_SONY_MIC&PROD_ROVAULT&REV_\\[REDACTED_DEVICE_SERIAL]&0""},{""Status"":""OK"",""Class"":""USB"",""FriendlyName"":""Sony USB HiFD Drive"",""InstanceId"":""USB\\VID_054C&PID_0022\\[REDACTED_DEVICE_SERIAL]""}]}",absent,absent,31.7,28.3,List of devices attached,
2026-10-01T14:49:04.762+00:00,2026-10-01T14:49:04.822+00:00,1242.572,present,970.0,"{""state"":""present"",""devices"":[{""Status"":""OK"",""Class"":""WPD"",""FriendlyName"":""THYME_DIAG"",""InstanceId"":""SWD\\WPDBUSENUM\\_??_USBSTOR#DISK&VEN_SONY_MIC&PROD_ROVAULT&REV_#[REDACTED_DEVICE_SERIAL]&0#{53F56307-B6BF-11D0-94F2-00A0C91EFB8B}""},{""Status"":""OK"",""Class"":""Volume"",""FriendlyName"":""��"",""InstanceId"":""STORAGE\\VOLUME\\_??_USBSTOR#DISK&VEN_SONY_MIC&PROD_ROVAULT&REV_#[REDACTED_DEVICE_SERIAL]&0#{53F56307-B6BF-11D0-94F2-00A0C91EFB8B}""},{""Status"":""OK"",""Class"":""DiskDrive"",""FriendlyName"":""Sony Mic roVault USB Device"",""InstanceId"":""USBSTOR\\DISK&VEN_SONY_MIC&PROD_ROVAULT&REV_\\[REDACTED_DEVICE_SERIAL]&0""},{""Status"":""OK"",""Class"":""USB"",""FriendlyName"":""Sony USB HiFD Drive"",""InstanceId"":""USB\\VID_054C&PID_0022\\[REDACTED_DEVICE_SERIAL]""}]}",absent,absent,31.0,29.1,List of devices attached,
2026-10-01T14:49:05.762+00:00,2026-10-01T14:49:05.823+00:00,1243.573,present,970.6,"{""state"":""present"",""devices"":[{""Status"":""OK"",""Class"":""WPD"",""FriendlyName"":""THYME_DIAG"",""InstanceId"":""SWD\\WPDBUSENUM\\_??_USBSTOR#DISK&VEN_SONY_MIC&PROD_ROVAULT&REV_#[REDACTED_DEVICE_SERIAL]&0#{53F56307-B6BF-11D0-94F2-00A0C91EFB8B}""},{""Status"":""OK"",""Class"":""Volume"",""FriendlyName"":""��"",""InstanceId"":""STORAGE\\VOLUME\\_??_USBSTOR#DISK&VEN_SONY_MIC&PROD_ROVAULT&REV_#[REDACTED_DEVICE_SERIAL]&0#{53F56307-B6BF-11D0-94F2-00A0C91EFB8B}""},{""Status"":""OK"",""Class"":""DiskDrive"",""FriendlyName"":""Sony Mic roVault USB Device"",""InstanceId"":""USBSTOR\\DISK&VEN_SONY_MIC&PROD_ROVAULT&REV_\\[REDACTED_DEVICE_SERIAL]&0""},{""Status"":""OK"",""Class"":""USB"",""FriendlyName"":""Sony USB HiFD Drive"",""InstanceId"":""USB\\VID_054C&PID_0022\\[REDACTED_DEVICE_SERIAL]""}]}",absent,absent,31.0,29.6,List of devices attached,
2026-10-01T14:49:06.762+00:00,2026-10-01T14:49:06.824+00:00,1244.574,present,979.9,"{""state"":""present"",""devices"":[{""Status"":""OK"",""Class"":""WPD"",""FriendlyName"":""THYME_DIAG"",""InstanceId"":""SWD\\WPDBUSENUM\\_??_USBSTOR#DISK&VEN_SONY_MIC&PROD_ROVAULT&REV_#[REDACTED_DEVICE_SERIAL]&0#{53F56307-B6BF-11D0-94F2-00A0C91EFB8B}""},{""Status"":""OK"",""Class"":""Volume"",""FriendlyName"":""��"",""InstanceId"":""STORAGE\\VOLUME\\_??_USBSTOR#DISK&VEN_SONY_MIC&PROD_ROVAULT&REV_#[REDACTED_DEVICE_SERIAL]&0#{53F56307-B6BF-11D0-94F2-00A0C91EFB8B}""},{""Status"":""OK"",""Class"":""DiskDrive"",""FriendlyName"":""Sony Mic roVault USB Device"",""InstanceId"":""USBSTOR\\DISK&VEN_SONY_MIC&PROD_ROVAULT&REV_\\[REDACTED_DEVICE_SERIAL]&0""},{""Status"":""OK"",""Class"":""USB"",""FriendlyName"":""Sony USB HiFD Drive"",""InstanceId"":""USB\\VID_054C&PID_0022\\[REDACTED_DEVICE_SERIAL]""}]}",absent,absent,31.9,29.6,List of devices attached,
2026-10-01T14:49:07.762+00:00,2026-10-01T14:49:07.824+00:00,1245.574,present,974.4,"{""state"":""present"",""devices"":[{""Status"":""OK"",""Class"":""WPD"",""FriendlyName"":""THYME_DIAG"",""InstanceId"":""SWD\\WPDBUSENUM\\_??_USBSTOR#DISK&VEN_SONY_MIC&PROD_ROVAULT&REV_#[REDACTED_DEVICE_SERIAL]&0#{53F56307-B6BF-11D0-94F2-00A0C91EFB8B}""},{""Status"":""OK"",""Class"":""Volume"",""FriendlyName"":""��"",""InstanceId"":""STORAGE\\VOLUME\\_??_USBSTOR#DISK&VEN_SONY_MIC&PROD_ROVAULT&REV_#[REDACTED_DEVICE_SERIAL]&0#{53F56307-B6BF-11D0-94F2-00A0C91EFB8B}""},{""Status"":""OK"",""Class"":""DiskDrive"",""FriendlyName"":""Sony Mic roVault USB Device"",""InstanceId"":""USBSTOR\\DISK&VEN_SONY_MIC&PROD_ROVAULT&REV_\\[REDACTED_DEVICE_SERIAL]&0""},{""Status"":""OK"",""Class"":""USB"",""FriendlyName"":""Sony USB HiFD Drive"",""InstanceId"":""USB\\VID_054C&PID_0022\\[REDACTED_DEVICE_SERIAL]""}]}",absent,absent,32.5,29.4,List of devices attached,
2026-10-01T14:49:08.763+00:00,2026-10-01T14:49:08.825+00:00,1246.575,present,954.5,"{""state"":""present"",""devices"":[{""Status"":""OK"",""Class"":""WPD"",""FriendlyName"":""THYME_DIAG"",""InstanceId"":""SWD\\WPDBUSENUM\\_??_USBSTOR#DISK&VEN_SONY_MIC&PROD_ROVAULT&REV_#[REDACTED_DEVICE_SERIAL]&0#{53F56307-B6BF-11D0-94F2-00A0C91EFB8B}""},{""Status"":""OK"",""Class"":""Volume"",""FriendlyName"":""��"",""InstanceId"":""STORAGE\\VOLUME\\_??_USBSTOR#DISK&VEN_SONY_MIC&PROD_ROVAULT&REV_#[REDACTED_DEVICE_SERIAL]&0#{53F56307-B6BF-11D0-94F2-00A0C91EFB8B}""},{""Status"":""OK"",""Class"":""DiskDrive"",""FriendlyName"":""Sony Mic roVault USB Device"",""InstanceId"":""USBSTOR\\DISK&VEN_SONY_MIC&PROD_ROVAULT&REV_\\[REDACTED_DEVICE_SERIAL]&0""},{""Status"":""OK"",""Class"":""USB"",""FriendlyName"":""Sony USB HiFD Drive"",""InstanceId"":""USB\\VID_054C&PID_0022\\[REDACTED_DEVICE_SERIAL]""}]}",absent,absent,32.4,29.7,List of devices attached,
2026-10-01T14:49:09.763+00:00,2026-10-01T14:49:09.832+00:00,1247.582,present,994.3,"{""state"":""present"",""devices"":[{""Status"":""OK"",""Class"":""WPD"",""FriendlyName"":""THYME_DIAG"",""InstanceId"":""SWD\\WPDBUSENUM\\_??_USBSTOR#DISK&VEN_SONY_MIC&PROD_ROVAULT&REV_#[REDACTED_DEVICE_SERIAL]&0#{53F56307-B6BF-11D0-94F2-00A0C91EFB8B}""},{""Status"":""OK"",""Class"":""Volume"",""FriendlyName"":""��"",""InstanceId"":""STORAGE\\VOLUME\\_??_USBSTOR#DISK&VEN_SONY_MIC&PROD_ROVAULT&REV_#[REDACTED_DEVICE_SERIAL]&0#{53F56307-B6BF-11D0-94F2-00A0C91EFB8B}""},{""Status"":""OK"",""Class"":""DiskDrive"",""FriendlyName"":""Sony Mic roVault USB Device"",""InstanceId"":""USBSTOR\\DISK&VEN_SONY_MIC&PROD_ROVAULT&REV_\\[REDACTED_DEVICE_SERIAL]&0""},{""Status"":""OK"",""Class"":""USB"",""FriendlyName"":""Sony USB HiFD Drive"",""InstanceId"":""USB\\VID_054C&PID_0022\\[REDACTED_DEVICE_SERIAL]""}]}",absent,absent,39.0,30.0,List of devices attached,
2026-10-01T14:49:10.764+00:00,2026-10-01T14:49:10.827+00:00,1248.577,present,989.2,"{""state"":""present"",""devices"":[{""Status"":""OK"",""Class"":""WPD"",""FriendlyName"":""THYME_DIAG"",""InstanceId"":""SWD\\WPDBUSENUM\\_??_USBSTOR#DISK&VEN_SONY_MIC&PROD_ROVAULT&REV_#[REDACTED_DEVICE_SERIAL]&0#{53F56307-B6BF-11D0-94F2-00A0C91EFB8B}""},{""Status"":""OK"",""Class"":""Volume"",""FriendlyName"":""��"",""InstanceId"":""STORAGE\\VOLUME\\_??_USBSTOR#DISK&VEN_SONY_MIC&PROD_ROVAULT&REV_#[REDACTED_DEVICE_SERIAL]&0#{53F56307-B6BF-11D0-94F2-00A0C91EFB8B}""},{""Status"":""OK"",""Class"":""DiskDrive"",""FriendlyName"":""Sony Mic roVault USB Device"",""InstanceId"":""USBSTOR\\DISK&VEN_SONY_MIC&PROD_ROVAULT&REV_\\[REDACTED_DEVICE_SERIAL]&0""},{""Status"":""OK"",""Class"":""USB"",""FriendlyName"":""Sony USB HiFD Drive"",""InstanceId"":""USB\\VID_054C&PID_0022\\[REDACTED_DEVICE_SERIAL]""}]}",absent,absent,32.5,30.0,List of devices attached,
2026-10-01T14:49:11.764+00:00,2026-10-01T14:49:11.829+00:00,1249.579,present,993.8,"{""state"":""present"",""devices"":[{""Status"":""OK"",""Class"":""WPD"",""FriendlyName"":""THYME_DIAG"",""InstanceId"":""SWD\\WPDBUSENUM\\_??_USBSTOR#DISK&VEN_SONY_MIC&PROD_ROVAULT&REV_#[REDACTED_DEVICE_SERIAL]&0#{53F56307-B6BF-11D0-94F2-00A0C91EFB8B}""},{""Status"":""OK"",""Class"":""Volume"",""FriendlyName"":""��"",""InstanceId"":""STORAGE\\VOLUME\\_??_USBSTOR#DISK&VEN_SONY_MIC&PROD_ROVAULT&REV_#[REDACTED_DEVICE_SERIAL]&0#{53F56307-B6BF-11D0-94F2-00A0C91EFB8B}""},{""Status"":""OK"",""Class"":""DiskDrive"",""FriendlyName"":""Sony Mic roVault USB Device"",""InstanceId"":""USBSTOR\\DISK&VEN_SONY_MIC&PROD_ROVAULT&REV_\\[REDACTED_DEVICE_SERIAL]&0""},{""Status"":""OK"",""Class"":""USB"",""FriendlyName"":""Sony USB HiFD Drive"",""InstanceId"":""USB\\VID_054C&PID_0022\\[REDACTED_DEVICE_SERIAL]""}]}",absent,absent,32.7,31.8,List of devices attached,
2026-10-01T14:49:12.764+00:00,2026-10-01T14:49:12.826+00:00,1250.576,present,988.9,"{""state"":""present"",""devices"":[{""Status"":""OK"",""Class"":""WPD"",""FriendlyName"":""THYME_DIAG"",""InstanceId"":""SWD\\WPDBUSENUM\\_??_USBSTOR#DISK&VEN_SONY_MIC&PROD_ROVAULT&REV_#[REDACTED_DEVICE_SERIAL]&0#{53F56307-B6BF-11D0-94F2-00A0C91EFB8B}""},{""Status"":""OK"",""Class"":""Volume"",""FriendlyName"":""��"",""InstanceId"":""STORAGE\\VOLUME\\_??_USBSTOR#DISK&VEN_SONY_MIC&PROD_ROVAULT&REV_#[REDACTED_DEVICE_SERIAL]&0#{53F56307-B6BF-11D0-94F2-00A0C91EFB8B}""},{""Status"":""OK"",""Class"":""DiskDrive"",""FriendlyName"":""Sony Mic roVault USB Device"",""InstanceId"":""USBSTOR\\DISK&VEN_SONY_MIC&PROD_ROVAULT&REV_\\[REDACTED_DEVICE_SERIAL]&0""},{""Status"":""OK"",""Class"":""USB"",""FriendlyName"":""Sony USB HiFD Drive"",""InstanceId"":""USB\\VID_054C&PID_0022\\[REDACTED_DEVICE_SERIAL]""}]}",absent,absent,31.3,30.3,List of devices attached,
2026-10-01T14:49:13.765+00:00,2026-10-01T14:49:13.826+00:00,1251.576,present,988.9,"{""state"":""present"",""devices"":[{""Status"":""OK"",""Class"":""WPD"",""FriendlyName"":""THYME_DIAG"",""InstanceId"":""SWD\\WPDBUSENUM\\_??_USBSTOR#DISK&VEN_SONY_MIC&PROD_ROVAULT&REV_#[REDACTED_DEVICE_SERIAL]&0#{53F56307-B6BF-11D0-94F2-00A0C91EFB8B}""},{""Status"":""OK"",""Class"":""Volume"",""FriendlyName"":""��"",""InstanceId"":""STORAGE\\VOLUME\\_??_USBSTOR#DISK&VEN_SONY_MIC&PROD_ROVAULT&REV_#[REDACTED_DEVICE_SERIAL]&0#{53F56307-B6BF-11D0-94F2-00A0C91EFB8B}""},{""Status"":""OK"",""Class"":""DiskDrive"",""FriendlyName"":""Sony Mic roVault USB Device"",""InstanceId"":""USBSTOR\\DISK&VEN_SONY_MIC&PROD_ROVAULT&REV_\\[REDACTED_DEVICE_SERIAL]&0""},{""Status"":""OK"",""Class"":""USB"",""FriendlyName"":""Sony USB HiFD Drive"",""InstanceId"":""USB\\VID_054C&PID_0022\\[REDACTED_DEVICE_SERIAL]""}]}",absent,absent,32.3,29.5,List of devices attached,
2026-10-01T14:49:14.765+00:00,2026-10-01T14:49:14.826+00:00,1252.576,present,1008.3,"{""state"":""present"",""devices"":[{""Status"":""OK"",""Class"":""WPD"",""FriendlyName"":""THYME_DIAG"",""InstanceId"":""SWD\\WPDBUSENUM\\_??_USBSTOR#DISK&VEN_SONY_MIC&PROD_ROVAULT&REV_#[REDACTED_DEVICE_SERIAL]&0#{53F56307-B6BF-11D0-94F2-00A0C91EFB8B}""},{""Status"":""OK"",""Class"":""Volume"",""FriendlyName"":""��"",""InstanceId"":""STORAGE\\VOLUME\\_??_USBSTOR#DISK&VEN_SONY_MIC&PROD_ROVAULT&REV_#[REDACTED_DEVICE_SERIAL]&0#{53F56307-B6BF-11D0-94F2-00A0C91EFB8B}""},{""Status"":""OK"",""Class"":""DiskDrive"",""FriendlyName"":""Sony Mic roVault USB Device"",""InstanceId"":""USBSTOR\\DISK&VEN_SONY_MIC&PROD_ROVAULT&REV_\\[REDACTED_DEVICE_SERIAL]&0""},{""Status"":""OK"",""Class"":""USB"",""FriendlyName"":""Sony USB HiFD Drive"",""InstanceId"":""USB\\VID_054C&PID_0022\\[REDACTED_DEVICE_SERIAL]""}]}",absent,absent,32.1,29.2,List of devices attached,
2026-10-01T14:49:15.765+00:00,2026-10-01T14:49:15.828+00:00,1253.578,present,968.2,"{""state"":""present"",""devices"":[{""Status"":""OK"",""Class"":""WPD"",""FriendlyName"":""THYME_DIAG"",""InstanceId"":""SWD\\WPDBUSENUM\\_??_USBSTOR#DISK&VEN_SONY_MIC&PROD_ROVAULT&REV_#[REDACTED_DEVICE_SERIAL]&0#{53F56307-B6BF-11D0-94F2-00A0C91EFB8B}""},{""Status"":""OK"",""Class"":""Volume"",""FriendlyName"":""��"",""InstanceId"":""STORAGE\\VOLUME\\_??_USBSTOR#DISK&VEN_SONY_MIC&PROD_ROVAULT&REV_#[REDACTED_DEVICE_SERIAL]&0#{53F56307-B6BF-11D0-94F2-00A0C91EFB8B}""},{""Status"":""OK"",""Class"":""DiskDrive"",""FriendlyName"":""Sony Mic roVault USB Device"",""InstanceId"":""USBSTOR\\DISK&VEN_SONY_MIC&PROD_ROVAULT&REV_\\[REDACTED_DEVICE_SERIAL]&0""},{""Status"":""OK"",""Class"":""USB"",""FriendlyName"":""Sony USB HiFD Drive"",""InstanceId"":""USB\\VID_054C&PID_0022\\[REDACTED_DEVICE_SERIAL]""}]}",absent,absent,32.6,30.4,List of devices attached,
2026-10-01T14:49:16.765+00:00,2026-10-01T14:49:16.826+00:00,1254.576,present,965.8,"{""state"":""present"",""devices"":[{""Status"":""OK"",""Class"":""WPD"",""FriendlyName"":""THYME_DIAG"",""InstanceId"":""SWD\\WPDBUSENUM\\_??_USBSTOR#DISK&VEN_SONY_MIC&PROD_ROVAULT&REV_#[REDACTED_DEVICE_SERIAL]&0#{53F56307-B6BF-11D0-94F2-00A0C91EFB8B}""},{""Status"":""OK"",""Class"":""Volume"",""FriendlyName"":""��"",""InstanceId"":""STORAGE\\VOLUME\\_??_USBSTOR#DISK&VEN_SONY_MIC&PROD_ROVAULT&REV_#[REDACTED_DEVICE_SERIAL]&0#{53F56307-B6BF-11D0-94F2-00A0C91EFB8B}""},{""Status"":""OK"",""Class"":""DiskDrive"",""FriendlyName"":""Sony Mic roVault USB Device"",""InstanceId"":""USBSTOR\\DISK&VEN_SONY_MIC&PROD_ROVAULT&REV_\\[REDACTED_DEVICE_SERIAL]&0""},{""Status"":""OK"",""Class"":""USB"",""FriendlyName"":""Sony USB HiFD Drive"",""InstanceId"":""USB\\VID_054C&PID_0022\\[REDACTED_DEVICE_SERIAL]""}]}",absent,absent,32.4,28.9,List of devices attached,
2026-10-01T14:49:17.765+00:00,2026-10-01T14:49:17.826+00:00,1255.576,present,957.2,"{""state"":""present"",""devices"":[{""Status"":""OK"",""Class"":""WPD"",""FriendlyName"":""THYME_DIAG"",""InstanceId"":""SWD\\WPDBUSENUM\\_??_USBSTOR#DISK&VEN_SONY_MIC&PROD_ROVAULT&REV_#[REDACTED_DEVICE_SERIAL]&0#{53F56307-B6BF-11D0-94F2-00A0C91EFB8B}""},{""Status"":""OK"",""Class"":""Volume"",""FriendlyName"":""��"",""InstanceId"":""STORAGE\\VOLUME\\_??_USBSTOR#DISK&VEN_SONY_MIC&PROD_ROVAULT&REV_#[REDACTED_DEVICE_SERIAL]&0#{53F56307-B6BF-11D0-94F2-00A0C91EFB8B}""},{""Status"":""OK"",""Class"":""DiskDrive"",""FriendlyName"":""Sony Mic roVault USB Device"",""InstanceId"":""USBSTOR\\DISK&VEN_SONY_MIC&PROD_ROVAULT&REV_\\[REDACTED_DEVICE_SERIAL]&0""},{""Status"":""OK"",""Class"":""USB"",""FriendlyName"":""Sony USB HiFD Drive"",""InstanceId"":""USB\\VID_054C&PID_0022\\[REDACTED_DEVICE_SERIAL]""}]}",absent,absent,31.6,29.7,List of devices attached,
2026-10-01T14:49:18.765+00:00,2026-10-01T14:49:18.826+00:00,1256.576,present,991.0,"{""state"":""present"",""devices"":[{""Status"":""OK"",""Class"":""WPD"",""FriendlyName"":""THYME_DIAG"",""InstanceId"":""SWD\\WPDBUSENUM\\_??_USBSTOR#DISK&VEN_SONY_MIC&PROD_ROVAULT&REV_#[REDACTED_DEVICE_SERIAL]&0#{53F56307-B6BF-11D0-94F2-00A0C91EFB8B}""},{""Status"":""OK"",""Class"":""Volume"",""FriendlyName"":""��"",""InstanceId"":""STORAGE\\VOLUME\\_??_USBSTOR#DISK&VEN_SONY_MIC&PROD_ROVAULT&REV_#[REDACTED_DEVICE_SERIAL]&0#{53F56307-B6BF-11D0-94F2-00A0C91EFB8B}""},{""Status"":""OK"",""Class"":""DiskDrive"",""FriendlyName"":""Sony Mic roVault USB Device"",""InstanceId"":""USBSTOR\\DISK&VEN_SONY_MIC&PROD_ROVAULT&REV_\\[REDACTED_DEVICE_SERIAL]&0""},{""Status"":""OK"",""Class"":""USB"",""FriendlyName"":""Sony USB HiFD Drive"",""InstanceId"":""USB\\VID_054C&PID_0022\\[REDACTED_DEVICE_SERIAL]""}]}",absent,absent,31.6,29.1,List of devices attached,
2026-10-01T14:49:19.766+00:00,2026-10-01T14:49:19.828+00:00,1257.578,present,982.0,"{""state"":""present"",""devices"":[{""Status"":""OK"",""Class"":""WPD"",""FriendlyName"":""THYME_DIAG"",""InstanceId"":""SWD\\WPDBUSENUM\\_??_USBSTOR#DISK&VEN_SONY_MIC&PROD_ROVAULT&REV_#[REDACTED_DEVICE_SERIAL]&0#{53F56307-B6BF-11D0-94F2-00A0C91EFB8B}""},{""Status"":""OK"",""Class"":""Volume"",""FriendlyName"":""��"",""InstanceId"":""STORAGE\\VOLUME\\_??_USBSTOR#DISK&VEN_SONY_MIC&PROD_ROVAULT&REV_#[REDACTED_DEVICE_SERIAL]&0#{53F56307-B6BF-11D0-94F2-00A0C91EFB8B}""},{""Status"":""OK"",""Class"":""DiskDrive"",""FriendlyName"":""Sony Mic roVault USB Device"",""InstanceId"":""USBSTOR\\DISK&VEN_SONY_MIC&PROD_ROVAULT&REV_\\[REDACTED_DEVICE_SERIAL]&0""},{""Status"":""OK"",""Class"":""USB"",""FriendlyName"":""Sony USB HiFD Drive"",""InstanceId"":""USB\\VID_054C&PID_0022\\[REDACTED_DEVICE_SERIAL]""}]}",absent,absent,32.4,30.2,List of devices attached,
2026-10-01T14:49:20.766+00:00,2026-10-01T14:49:20.827+00:00,1258.577,present,946.1,"{""state"":""present"",""devices"":[{""Status"":""OK"",""Class"":""WPD"",""FriendlyName"":""THYME_DIAG"",""InstanceId"":""SWD\\WPDBUSENUM\\_??_USBSTOR#DISK&VEN_SONY_MIC&PROD_ROVAULT&REV_#[REDACTED_DEVICE_SERIAL]&0#{53F56307-B6BF-11D0-94F2-00A0C91EFB8B}""},{""Status"":""OK"",""Class"":""Volume"",""FriendlyName"":""��"",""InstanceId"":""STORAGE\\VOLUME\\_??_USBSTOR#DISK&VEN_SONY_MIC&PROD_ROVAULT&REV_#[REDACTED_DEVICE_SERIAL]&0#{53F56307-B6BF-11D0-94F2-00A0C91EFB8B}""},{""Status"":""OK"",""Class"":""DiskDrive"",""FriendlyName"":""Sony Mic roVault USB Device"",""InstanceId"":""USBSTOR\\DISK&VEN_SONY_MIC&PROD_ROVAULT&REV_\\[REDACTED_DEVICE_SERIAL]&0""},{""Status"":""OK"",""Class"":""USB"",""FriendlyName"":""Sony USB HiFD Drive"",""InstanceId"":""USB\\VID_054C&PID_0022\\[REDACTED_DEVICE_SERIAL]""}]}",absent,absent,31.9,29.5,List of devices attached,
2026-10-01T14:49:21.766+00:00,2026-10-01T14:49:21.827+00:00,1259.577,present,969.3,"{""state"":""present"",""devices"":[{""Status"":""OK"",""Class"":""WPD"",""FriendlyName"":""THYME_DIAG"",""InstanceId"":""SWD\\WPDBUSENUM\\_??_USBSTOR#DISK&VEN_SONY_MIC&PROD_ROVAULT&REV_#[REDACTED_DEVICE_SERIAL]&0#{53F56307-B6BF-11D0-94F2-00A0C91EFB8B}""},{""Status"":""OK"",""Class"":""Volume"",""FriendlyName"":""��"",""InstanceId"":""STORAGE\\VOLUME\\_??_USBSTOR#DISK&VEN_SONY_MIC&PROD_ROVAULT&REV_#[REDACTED_DEVICE_SERIAL]&0#{53F56307-B6BF-11D0-94F2-00A0C91EFB8B}""},{""Status"":""OK"",""Class"":""DiskDrive"",""FriendlyName"":""Sony Mic roVault USB Device"",""InstanceId"":""USBSTOR\\DISK&VEN_SONY_MIC&PROD_ROVAULT&REV_\\[REDACTED_DEVICE_SERIAL]&0""},{""Status"":""OK"",""Class"":""USB"",""FriendlyName"":""Sony USB HiFD Drive"",""InstanceId"":""USB\\VID_054C&PID_0022\\[REDACTED_DEVICE_SERIAL]""}]}",absent,absent,29.3,31.5,List of devices attached,
2026-10-01T14:49:22.767+00:00,2026-10-01T14:49:22.829+00:00,1260.579,present,928.3,"{""state"":""present"",""devices"":[{""Status"":""OK"",""Class"":""WPD"",""FriendlyName"":""THYME_DIAG"",""InstanceId"":""SWD\\WPDBUSENUM\\_??_USBSTOR#DISK&VEN_SONY_MIC&PROD_ROVAULT&REV_#[REDACTED_DEVICE_SERIAL]&0#{53F56307-B6BF-11D0-94F2-00A0C91EFB8B}""},{""Status"":""OK"",""Class"":""Volume"",""FriendlyName"":""��"",""InstanceId"":""STORAGE\\VOLUME\\_??_USBSTOR#DISK&VEN_SONY_MIC&PROD_ROVAULT&REV_#[REDACTED_DEVICE_SERIAL]&0#{53F56307-B6BF-11D0-94F2-00A0C91EFB8B}""},{""Status"":""OK"",""Class"":""DiskDrive"",""FriendlyName"":""Sony Mic roVault USB Device"",""InstanceId"":""USBSTOR\\DISK&VEN_SONY_MIC&PROD_ROVAULT&REV_\\[REDACTED_DEVICE_SERIAL]&0""},{""Status"":""OK"",""Class"":""USB"",""FriendlyName"":""Sony USB HiFD Drive"",""InstanceId"":""USB\\VID_054C&PID_0022\\[REDACTED_DEVICE_SERIAL]""}]}",absent,absent,30.3,32.1,List of devices attached,
2026-10-01T14:49:23.767+00:00,2026-10-01T14:49:23.832+00:00,1261.582,present,909.9,"{""state"":""present"",""devices"":[{""Status"":""OK"",""Class"":""WPD"",""FriendlyName"":""THYME_DIAG"",""InstanceId"":""SWD\\WPDBUSENUM\\_??_USBSTOR#DISK&VEN_SONY_MIC&PROD_ROVAULT&REV_#[REDACTED_DEVICE_SERIAL]&0#{53F56307-B6BF-11D0-94F2-00A0C91EFB8B}""},{""Status"":""OK"",""Class"":""Volume"",""FriendlyName"":""��"",""InstanceId"":""STORAGE\\VOLUME\\_??_USBSTOR#DISK&VEN_SONY_MIC&PROD_ROVAULT&REV_#[REDACTED_DEVICE_SERIAL]&0#{53F56307-B6BF-11D0-94F2-00A0C91EFB8B}""},{""Status"":""OK"",""Class"":""DiskDrive"",""FriendlyName"":""Sony Mic roVault USB Device"",""InstanceId"":""USBSTOR\\DISK&VEN_SONY_MIC&PROD_ROVAULT&REV_\\[REDACTED_DEVICE_SERIAL]&0""},{""Status"":""OK"",""Class"":""USB"",""FriendlyName"":""Sony USB HiFD Drive"",""InstanceId"":""USB\\VID_054C&PID_0022\\[REDACTED_DEVICE_SERIAL]""}]}",absent,absent,32.1,32.6,List of devices attached,
2026-10-01T14:49:24.767+00:00,2026-10-01T14:49:24.828+00:00,1262.578,present,964.8,"{""state"":""present"",""devices"":[{""Status"":""OK"",""Class"":""WPD"",""FriendlyName"":""THYME_DIAG"",""InstanceId"":""SWD\\WPDBUSENUM\\_??_USBSTOR#DISK&VEN_SONY_MIC&PROD_ROVAULT&REV_#[REDACTED_DEVICE_SERIAL]&0#{53F56307-B6BF-11D0-94F2-00A0C91EFB8B}""},{""Status"":""OK"",""Class"":""Volume"",""FriendlyName"":""��"",""InstanceId"":""STORAGE\\VOLUME\\_??_USBSTOR#DISK&VEN_SONY_MIC&PROD_ROVAULT&REV_#[REDACTED_DEVICE_SERIAL]&0#{53F56307-B6BF-11D0-94F2-00A0C91EFB8B}""},{""Status"":""OK"",""Class"":""DiskDrive"",""FriendlyName"":""Sony Mic roVault USB Device"",""InstanceId"":""USBSTOR\\DISK&VEN_SONY_MIC&PROD_ROVAULT&REV_\\[REDACTED_DEVICE_SERIAL]&0""},{""Status"":""OK"",""Class"":""USB"",""FriendlyName"":""Sony USB HiFD Drive"",""InstanceId"":""USB\\VID_054C&PID_0022\\[REDACTED_DEVICE_SERIAL]""}]}",absent,absent,31.1,29.9,List of devices attached,
2026-10-01T14:49:25.768+00:00,2026-10-01T14:49:25.828+00:00,1263.578,present,977.3,"{""state"":""present"",""devices"":[{""Status"":""OK"",""Class"":""WPD"",""FriendlyName"":""THYME_DIAG"",""InstanceId"":""SWD\\WPDBUSENUM\\_??_USBSTOR#DISK&VEN_SONY_MIC&PROD_ROVAULT&REV_#[REDACTED_DEVICE_SERIAL]&0#{53F56307-B6BF-11D0-94F2-00A0C91EFB8B}""},{""Status"":""OK"",""Class"":""Volume"",""FriendlyName"":""��"",""InstanceId"":""STORAGE\\VOLUME\\_??_USBSTOR#DISK&VEN_SONY_MIC&PROD_ROVAULT&REV_#[REDACTED_DEVICE_SERIAL]&0#{53F56307-B6BF-11D0-94F2-00A0C91EFB8B}""},{""Status"":""OK"",""Class"":""DiskDrive"",""FriendlyName"":""Sony Mic roVault USB Device"",""InstanceId"":""USBSTOR\\DISK&VEN_SONY_MIC&PROD_ROVAULT&REV_\\[REDACTED_DEVICE_SERIAL]&0""},{""Status"":""OK"",""Class"":""USB"",""FriendlyName"":""Sony USB HiFD Drive"",""InstanceId"":""USB\\VID_054C&PID_0022\\[REDACTED_DEVICE_SERIAL]""}]}",absent,absent,31.3,29.1,List of devices attached,
2026-10-01T14:49:26.768+00:00,2026-10-01T14:49:26.831+00:00,1264.581,present,986.4,"{""state"":""present"",""devices"":[{""Status"":""OK"",""Class"":""WPD"",""FriendlyName"":""THYME_DIAG"",""InstanceId"":""SWD\\WPDBUSENUM\\_??_USBSTOR#DISK&VEN_SONY_MIC&PROD_ROVAULT&REV_#[REDACTED_DEVICE_SERIAL]&0#{53F56307-B6BF-11D0-94F2-00A0C91EFB8B}""},{""Status"":""OK"",""Class"":""Volume"",""FriendlyName"":""��"",""InstanceId"":""STORAGE\\VOLUME\\_??_USBSTOR#DISK&VEN_SONY_MIC&PROD_ROVAULT&REV_#[REDACTED_DEVICE_SERIAL]&0#{53F56307-B6BF-11D0-94F2-00A0C91EFB8B}""},{""Status"":""OK"",""Class"":""DiskDrive"",""FriendlyName"":""Sony Mic roVault USB Device"",""InstanceId"":""USBSTOR\\DISK&VEN_SONY_MIC&PROD_ROVAULT&REV_\\[REDACTED_DEVICE_SERIAL]&0""},{""Status"":""OK"",""Class"":""USB"",""FriendlyName"":""Sony USB HiFD Drive"",""InstanceId"":""USB\\VID_054C&PID_0022\\[REDACTED_DEVICE_SERIAL]""}]}",absent,absent,31.4,31.2,List of devices attached,
2026-10-01T14:49:27.768+00:00,2026-10-01T14:49:27.829+00:00,1265.579,present,986.2,"{""state"":""present"",""devices"":[{""Status"":""OK"",""Class"":""WPD"",""FriendlyName"":""THYME_DIAG"",""InstanceId"":""SWD\\WPDBUSENUM\\_??_USBSTOR#DISK&VEN_SONY_MIC&PROD_ROVAULT&REV_#[REDACTED_DEVICE_SERIAL]&0#{53F56307-B6BF-11D0-94F2-00A0C91EFB8B}""},{""Status"":""OK"",""Class"":""Volume"",""FriendlyName"":""��"",""InstanceId"":""STORAGE\\VOLUME\\_??_USBSTOR#DISK&VEN_SONY_MIC&PROD_ROVAULT&REV_#[REDACTED_DEVICE_SERIAL]&0#{53F56307-B6BF-11D0-94F2-00A0C91EFB8B}""},{""Status"":""OK"",""Class"":""DiskDrive"",""FriendlyName"":""Sony Mic roVault USB Device"",""InstanceId"":""USBSTOR\\DISK&VEN_SONY_MIC&PROD_ROVAULT&REV_\\[REDACTED_DEVICE_SERIAL]&0""},{""Status"":""OK"",""Class"":""USB"",""FriendlyName"":""Sony USB HiFD Drive"",""InstanceId"":""USB\\VID_054C&PID_0022\\[REDACTED_DEVICE_SERIAL]""}]}",absent,absent,32.8,27.6,List of devices attached,
2026-10-01T14:49:28.769+00:00,2026-10-01T14:49:28.831+00:00,1266.581,present,920.1,"{""state"":""present"",""devices"":[{""Status"":""OK"",""Class"":""WPD"",""FriendlyName"":""THYME_DIAG"",""InstanceId"":""SWD\\WPDBUSENUM\\_??_USBSTOR#DISK&VEN_SONY_MIC&PROD_ROVAULT&REV_#[REDACTED_DEVICE_SERIAL]&0#{53F56307-B6BF-11D0-94F2-00A0C91EFB8B}""},{""Status"":""OK"",""Class"":""Volume"",""FriendlyName"":""��"",""InstanceId"":""STORAGE\\VOLUME\\_??_USBSTOR#DISK&VEN_SONY_MIC&PROD_ROVAULT&REV_#[REDACTED_DEVICE_SERIAL]&0#{53F56307-B6BF-11D0-94F2-00A0C91EFB8B}""},{""Status"":""OK"",""Class"":""DiskDrive"",""FriendlyName"":""Sony Mic roVault USB Device"",""InstanceId"":""USBSTOR\\DISK&VEN_SONY_MIC&PROD_ROVAULT&REV_\\[REDACTED_DEVICE_SERIAL]&0""},{""Status"":""OK"",""Class"":""USB"",""FriendlyName"":""Sony USB HiFD Drive"",""InstanceId"":""USB\\VID_054C&PID_0022\\[REDACTED_DEVICE_SERIAL]""}]}",absent,absent,31.9,30.0,List of devices attached,
2026-10-01T14:49:29.769+00:00,2026-10-01T14:49:29.830+00:00,1267.580,present,989.0,"{""state"":""present"",""devices"":[{""Status"":""OK"",""Class"":""WPD"",""FriendlyName"":""THYME_DIAG"",""InstanceId"":""SWD\\WPDBUSENUM\\_??_USBSTOR#DISK&VEN_SONY_MIC&PROD_ROVAULT&REV_#[REDACTED_DEVICE_SERIAL]&0#{53F56307-B6BF-11D0-94F2-00A0C91EFB8B}""},{""Status"":""OK"",""Class"":""Volume"",""FriendlyName"":""��"",""InstanceId"":""STORAGE\\VOLUME\\_??_USBSTOR#DISK&VEN_SONY_MIC&PROD_ROVAULT&REV_#[REDACTED_DEVICE_SERIAL]&0#{53F56307-B6BF-11D0-94F2-00A0C91EFB8B}""},{""Status"":""OK"",""Class"":""DiskDrive"",""FriendlyName"":""Sony Mic roVault USB Device"",""InstanceId"":""USBSTOR\\DISK&VEN_SONY_MIC&PROD_ROVAULT&REV_\\[REDACTED_DEVICE_SERIAL]&0""},{""Status"":""OK"",""Class"":""USB"",""FriendlyName"":""Sony USB HiFD Drive"",""InstanceId"":""USB\\VID_054C&PID_0022\\[REDACTED_DEVICE_SERIAL]""}]}",absent,absent,32.5,28.3,List of devices attached,
2026-10-01T14:49:30.769+00:00,2026-10-01T14:49:30.830+00:00,1268.580,present,969.1,"{""state"":""present"",""devices"":[{""Status"":""OK"",""Class"":""WPD"",""FriendlyName"":""THYME_DIAG"",""InstanceId"":""SWD\\WPDBUSENUM\\_??_USBSTOR#DISK&VEN_SONY_MIC&PROD_ROVAULT&REV_#[REDACTED_DEVICE_SERIAL]&0#{53F56307-B6BF-11D0-94F2-00A0C91EFB8B}""},{""Status"":""OK"",""Class"":""Volume"",""FriendlyName"":""��"",""InstanceId"":""STORAGE\\VOLUME\\_??_USBSTOR#DISK&VEN_SONY_MIC&PROD_ROVAULT&REV_#[REDACTED_DEVICE_SERIAL]&0#{53F56307-B6BF-11D0-94F2-00A0C91EFB8B}""},{""Status"":""OK"",""Class"":""DiskDrive"",""FriendlyName"":""Sony Mic roVault USB Device"",""InstanceId"":""USBSTOR\\DISK&VEN_SONY_MIC&PROD_ROVAULT&REV_\\[REDACTED_DEVICE_SERIAL]&0""},{""Status"":""OK"",""Class"":""USB"",""FriendlyName"":""Sony USB HiFD Drive"",""InstanceId"":""USB\\VID_054C&PID_0022\\[REDACTED_DEVICE_SERIAL]""}]}",absent,absent,32.2,28.7,List of devices attached,
2026-10-01T14:49:31.770+00:00,2026-10-01T14:49:31.834+00:00,1269.584,present,969.0,"{""state"":""present"",""devices"":[{""Status"":""OK"",""Class"":""WPD"",""FriendlyName"":""THYME_DIAG"",""InstanceId"":""SWD\\WPDBUSENUM\\_??_USBSTOR#DISK&VEN_SONY_MIC&PROD_ROVAULT&REV_#[REDACTED_DEVICE_SERIAL]&0#{53F56307-B6BF-11D0-94F2-00A0C91EFB8B}""},{""Status"":""OK"",""Class"":""Volume"",""FriendlyName"":""��"",""InstanceId"":""STORAGE\\VOLUME\\_??_USBSTOR#DISK&VEN_SONY_MIC&PROD_ROVAULT&REV_#[REDACTED_DEVICE_SERIAL]&0#{53F56307-B6BF-11D0-94F2-00A0C91EFB8B}""},{""Status"":""OK"",""Class"":""DiskDrive"",""FriendlyName"":""Sony Mic roVault USB Device"",""InstanceId"":""USBSTOR\\DISK&VEN_SONY_MIC&PROD_ROVAULT&REV_\\[REDACTED_DEVICE_SERIAL]&0""},{""Status"":""OK"",""Class"":""USB"",""FriendlyName"":""Sony USB HiFD Drive"",""InstanceId"":""USB\\VID_054C&PID_0022\\[REDACTED_DEVICE_SERIAL]""}]}",absent,absent,32.6,31.5,List of devices attached,
2026-10-01T14:49:32.770+00:00,2026-10-01T14:49:32.833+00:00,1270.583,present,984.1,"{""state"":""present"",""devices"":[{""Status"":""OK"",""Class"":""WPD"",""FriendlyName"":""THYME_DIAG"",""InstanceId"":""SWD\\WPDBUSENUM\\_??_USBSTOR#DISK&VEN_SONY_MIC&PROD_ROVAULT&REV_#[REDACTED_DEVICE_SERIAL]&0#{53F56307-B6BF-11D0-94F2-00A0C91EFB8B}""},{""Status"":""OK"",""Class"":""Volume"",""FriendlyName"":""��"",""InstanceId"":""STORAGE\\VOLUME\\_??_USBSTOR#DISK&VEN_SONY_MIC&PROD_ROVAULT&REV_#[REDACTED_DEVICE_SERIAL]&0#{53F56307-B6BF-11D0-94F2-00A0C91EFB8B}""},{""Status"":""OK"",""Class"":""DiskDrive"",""FriendlyName"":""Sony Mic roVault USB Device"",""InstanceId"":""USBSTOR\\DISK&VEN_SONY_MIC&PROD_ROVAULT&REV_\\[REDACTED_DEVICE_SERIAL]&0""},{""Status"":""OK"",""Class"":""USB"",""FriendlyName"":""Sony USB HiFD Drive"",""InstanceId"":""USB\\VID_054C&PID_0022\\[REDACTED_DEVICE_SERIAL]""}]}",absent,absent,32.1,30.3,List of devices attached,
2026-10-01T14:49:33.770+00:00,2026-10-01T14:49:33.833+00:00,1271.583,present,988.3,"{""state"":""present"",""devices"":[{""Status"":""OK"",""Class"":""WPD"",""FriendlyName"":""THYME_DIAG"",""InstanceId"":""SWD\\WPDBUSENUM\\_??_USBSTOR#DISK&VEN_SONY_MIC&PROD_ROVAULT&REV_#[REDACTED_DEVICE_SERIAL]&0#{53F56307-B6BF-11D0-94F2-00A0C91EFB8B}""},{""Status"":""OK"",""Class"":""Volume"",""FriendlyName"":""��"",""InstanceId"":""STORAGE\\VOLUME\\_??_USBSTOR#DISK&VEN_SONY_MIC&PROD_ROVAULT&REV_#[REDACTED_DEVICE_SERIAL]&0#{53F56307-B6BF-11D0-94F2-00A0C91EFB8B}""},{""Status"":""OK"",""Class"":""DiskDrive"",""FriendlyName"":""Sony Mic roVault USB Device"",""InstanceId"":""USBSTOR\\DISK&VEN_SONY_MIC&PROD_ROVAULT&REV_\\[REDACTED_DEVICE_SERIAL]&0""},{""Status"":""OK"",""Class"":""USB"",""FriendlyName"":""Sony USB HiFD Drive"",""InstanceId"":""USB\\VID_054C&PID_0022\\[REDACTED_DEVICE_SERIAL]""}]}",absent,absent,31.5,31.0,List of devices attached,
2026-10-01T14:49:34.771+00:00,2026-10-01T14:49:34.833+00:00,1272.583,present,963.2,"{""state"":""present"",""devices"":[{""Status"":""OK"",""Class"":""WPD"",""FriendlyName"":""THYME_DIAG"",""InstanceId"":""SWD\\WPDBUSENUM\\_??_USBSTOR#DISK&VEN_SONY_MIC&PROD_ROVAULT&REV_#[REDACTED_DEVICE_SERIAL]&0#{53F56307-B6BF-11D0-94F2-00A0C91EFB8B}""},{""Status"":""OK"",""Class"":""Volume"",""FriendlyName"":""��"",""InstanceId"":""STORAGE\\VOLUME\\_??_USBSTOR#DISK&VEN_SONY_MIC&PROD_ROVAULT&REV_#[REDACTED_DEVICE_SERIAL]&0#{53F56307-B6BF-11D0-94F2-00A0C91EFB8B}""},{""Status"":""OK"",""Class"":""DiskDrive"",""FriendlyName"":""Sony Mic roVault USB Device"",""InstanceId"":""USBSTOR\\DISK&VEN_SONY_MIC&PROD_ROVAULT&REV_\\[REDACTED_DEVICE_SERIAL]&0""},{""Status"":""OK"",""Class"":""USB"",""FriendlyName"":""Sony USB HiFD Drive"",""InstanceId"":""USB\\VID_054C&PID_0022\\[REDACTED_DEVICE_SERIAL]""}]}",absent,absent,31.9,30.6,List of devices attached,
2026-10-01T14:49:35.771+00:00,2026-10-01T14:49:35.829+00:00,1273.579,present,918.2,"{""state"":""present"",""devices"":[{""Status"":""OK"",""Class"":""WPD"",""FriendlyName"":""THYME_DIAG"",""InstanceId"":""SWD\\WPDBUSENUM\\_??_USBSTOR#DISK&VEN_SONY_MIC&PROD_ROVAULT&REV_#[REDACTED_DEVICE_SERIAL]&0#{53F56307-B6BF-11D0-94F2-00A0C91EFB8B}""},{""Status"":""OK"",""Class"":""Volume"",""FriendlyName"":""��"",""InstanceId"":""STORAGE\\VOLUME\\_??_USBSTOR#DISK&VEN_SONY_MIC&PROD_ROVAULT&REV_#[REDACTED_DEVICE_SERIAL]&0#{53F56307-B6BF-11D0-94F2-00A0C91EFB8B}""},{""Status"":""OK"",""Class"":""DiskDrive"",""FriendlyName"":""Sony Mic roVault USB Device"",""InstanceId"":""USBSTOR\\DISK&VEN_SONY_MIC&PROD_ROVAULT&REV_\\[REDACTED_DEVICE_SERIAL]&0""},{""Status"":""OK"",""Class"":""USB"",""FriendlyName"":""Sony USB HiFD Drive"",""InstanceId"":""USB\\VID_054C&PID_0022\\[REDACTED_DEVICE_SERIAL]""}]}",absent,absent,29.4,27.7,List of devices attached,
2026-10-01T14:49:36.772+00:00,2026-10-01T14:49:36.833+00:00,1274.583,present,975.6,"{""state"":""present"",""devices"":[{""Status"":""OK"",""Class"":""WPD"",""FriendlyName"":""THYME_DIAG"",""InstanceId"":""SWD\\WPDBUSENUM\\_??_USBSTOR#DISK&VEN_SONY_MIC&PROD_ROVAULT&REV_#[REDACTED_DEVICE_SERIAL]&0#{53F56307-B6BF-11D0-94F2-00A0C91EFB8B}""},{""Status"":""OK"",""Class"":""Volume"",""FriendlyName"":""��"",""InstanceId"":""STORAGE\\VOLUME\\_??_USBSTOR#DISK&VEN_SONY_MIC&PROD_ROVAULT&REV_#[REDACTED_DEVICE_SERIAL]&0#{53F56307-B6BF-11D0-94F2-00A0C91EFB8B}""},{""Status"":""OK"",""Class"":""DiskDrive"",""FriendlyName"":""Sony Mic roVault USB Device"",""InstanceId"":""USBSTOR\\DISK&VEN_SONY_MIC&PROD_ROVAULT&REV_\\[REDACTED_DEVICE_SERIAL]&0""},{""Status"":""OK"",""Class"":""USB"",""FriendlyName"":""Sony USB HiFD Drive"",""InstanceId"":""USB\\VID_054C&PID_0022\\[REDACTED_DEVICE_SERIAL]""}]}",absent,absent,31.7,29.1,List of devices attached,
2026-10-01T14:49:37.772+00:00,2026-10-01T14:49:37.833+00:00,1275.583,present,959.5,"{""state"":""present"",""devices"":[{""Status"":""OK"",""Class"":""WPD"",""FriendlyName"":""THYME_DIAG"",""InstanceId"":""SWD\\WPDBUSENUM\\_??_USBSTOR#DISK&VEN_SONY_MIC&PROD_ROVAULT&REV_#[REDACTED_DEVICE_SERIAL]&0#{53F56307-B6BF-11D0-94F2-00A0C91EFB8B}""},{""Status"":""OK"",""Class"":""Volume"",""FriendlyName"":""��"",""InstanceId"":""STORAGE\\VOLUME\\_??_USBSTOR#DISK&VEN_SONY_MIC&PROD_ROVAULT&REV_#[REDACTED_DEVICE_SERIAL]&0#{53F56307-B6BF-11D0-94F2-00A0C91EFB8B}""},{""Status"":""OK"",""Class"":""DiskDrive"",""FriendlyName"":""Sony Mic roVault USB Device"",""InstanceId"":""USBSTOR\\DISK&VEN_SONY_MIC&PROD_ROVAULT&REV_\\[REDACTED_DEVICE_SERIAL]&0""},{""Status"":""OK"",""Class"":""USB"",""FriendlyName"":""Sony USB HiFD Drive"",""InstanceId"":""USB\\VID_054C&PID_0022\\[REDACTED_DEVICE_SERIAL]""}]}",absent,absent,31.3,29.4,List of devices attached,
2026-10-01T14:49:38.773+00:00,2026-10-01T14:49:38.835+00:00,1276.585,present,946.2,"{""state"":""present"",""devices"":[{""Status"":""OK"",""Class"":""WPD"",""FriendlyName"":""THYME_DIAG"",""InstanceId"":""SWD\\WPDBUSENUM\\_??_USBSTOR#DISK&VEN_SONY_MIC&PROD_ROVAULT&REV_#[REDACTED_DEVICE_SERIAL]&0#{53F56307-B6BF-11D0-94F2-00A0C91EFB8B}""},{""Status"":""OK"",""Class"":""Volume"",""FriendlyName"":""��"",""InstanceId"":""STORAGE\\VOLUME\\_??_USBSTOR#DISK&VEN_SONY_MIC&PROD_ROVAULT&REV_#[REDACTED_DEVICE_SERIAL]&0#{53F56307-B6BF-11D0-94F2-00A0C91EFB8B}""},{""Status"":""OK"",""Class"":""DiskDrive"",""FriendlyName"":""Sony Mic roVault USB Device"",""InstanceId"":""USBSTOR\\DISK&VEN_SONY_MIC&PROD_ROVAULT&REV_\\[REDACTED_DEVICE_SERIAL]&0""},{""Status"":""OK"",""Class"":""USB"",""FriendlyName"":""Sony USB HiFD Drive"",""InstanceId"":""USB\\VID_054C&PID_0022\\[REDACTED_DEVICE_SERIAL]""}]}",absent,absent,32.5,30.1,List of devices attached,
2026-10-01T14:49:39.773+00:00,2026-10-01T14:49:39.831+00:00,1277.581,present,946.2,"{""state"":""present"",""devices"":[{""Status"":""OK"",""Class"":""WPD"",""FriendlyName"":""THYME_DIAG"",""InstanceId"":""SWD\\WPDBUSENUM\\_??_USBSTOR#DISK&VEN_SONY_MIC&PROD_ROVAULT&REV_#[REDACTED_DEVICE_SERIAL]&0#{53F56307-B6BF-11D0-94F2-00A0C91EFB8B}""},{""Status"":""OK"",""Class"":""Volume"",""FriendlyName"":""��"",""InstanceId"":""STORAGE\\VOLUME\\_??_USBSTOR#DISK&VEN_SONY_MIC&PROD_ROVAULT&REV_#[REDACTED_DEVICE_SERIAL]&0#{53F56307-B6BF-11D0-94F2-00A0C91EFB8B}""},{""Status"":""OK"",""Class"":""DiskDrive"",""FriendlyName"":""Sony Mic roVault USB Device"",""InstanceId"":""USBSTOR\\DISK&VEN_SONY_MIC&PROD_ROVAULT&REV_\\[REDACTED_DEVICE_SERIAL]&0""},{""Status"":""OK"",""Class"":""USB"",""FriendlyName"":""Sony USB HiFD Drive"",""InstanceId"":""USB\\VID_054C&PID_0022\\[REDACTED_DEVICE_SERIAL]""}]}",absent,absent,31.5,26.7,List of devices attached,
2026-10-01T14:49:40.773+00:00,2026-10-01T14:49:40.834+00:00,1278.584,present,1000.9,"{""state"":""present"",""devices"":[{""Status"":""OK"",""Class"":""WPD"",""FriendlyName"":""THYME_DIAG"",""InstanceId"":""SWD\\WPDBUSENUM\\_??_USBSTOR#DISK&VEN_SONY_MIC&PROD_ROVAULT&REV_#[REDACTED_DEVICE_SERIAL]&0#{53F56307-B6BF-11D0-94F2-00A0C91EFB8B}""},{""Status"":""OK"",""Class"":""Volume"",""FriendlyName"":""��"",""InstanceId"":""STORAGE\\VOLUME\\_??_USBSTOR#DISK&VEN_SONY_MIC&PROD_ROVAULT&REV_#[REDACTED_DEVICE_SERIAL]&0#{53F56307-B6BF-11D0-94F2-00A0C91EFB8B}""},{""Status"":""OK"",""Class"":""DiskDrive"",""FriendlyName"":""Sony Mic roVault USB Device"",""InstanceId"":""USBSTOR\\DISK&VEN_SONY_MIC&PROD_ROVAULT&REV_\\[REDACTED_DEVICE_SERIAL]&0""},{""Status"":""OK"",""Class"":""USB"",""FriendlyName"":""Sony USB HiFD Drive"",""InstanceId"":""USB\\VID_054C&PID_0022\\[REDACTED_DEVICE_SERIAL]""}]}",absent,absent,31.9,29.1,List of devices attached,
2026-10-01T14:49:41.774+00:00,2026-10-01T14:49:41.833+00:00,1279.583,present,983.3,"{""state"":""present"",""devices"":[{""Status"":""OK"",""Class"":""WPD"",""FriendlyName"":""THYME_DIAG"",""InstanceId"":""SWD\\WPDBUSENUM\\_??_USBSTOR#DISK&VEN_SONY_MIC&PROD_ROVAULT&REV_#[REDACTED_DEVICE_SERIAL]&0#{53F56307-B6BF-11D0-94F2-00A0C91EFB8B}""},{""Status"":""OK"",""Class"":""Volume"",""FriendlyName"":""��"",""InstanceId"":""STORAGE\\VOLUME\\_??_USBSTOR#DISK&VEN_SONY_MIC&PROD_ROVAULT&REV_#[REDACTED_DEVICE_SERIAL]&0#{53F56307-B6BF-11D0-94F2-00A0C91EFB8B}""},{""Status"":""OK"",""Class"":""DiskDrive"",""FriendlyName"":""Sony Mic roVault USB Device"",""InstanceId"":""USBSTOR\\DISK&VEN_SONY_MIC&PROD_ROVAULT&REV_\\[REDACTED_DEVICE_SERIAL]&0""},{""Status"":""OK"",""Class"":""USB"",""FriendlyName"":""Sony USB HiFD Drive"",""InstanceId"":""USB\\VID_054C&PID_0022\\[REDACTED_DEVICE_SERIAL]""}]}",absent,absent,31.1,28.1,List of devices attached,
2026-10-01T14:49:42.774+00:00,2026-10-01T14:49:42.836+00:00,1280.586,present,972.4,"{""state"":""present"",""devices"":[{""Status"":""OK"",""Class"":""WPD"",""FriendlyName"":""THYME_DIAG"",""InstanceId"":""SWD\\WPDBUSENUM\\_??_USBSTOR#DISK&VEN_SONY_MIC&PROD_ROVAULT&REV_#[REDACTED_DEVICE_SERIAL]&0#{53F56307-B6BF-11D0-94F2-00A0C91EFB8B}""},{""Status"":""OK"",""Class"":""Volume"",""FriendlyName"":""��"",""InstanceId"":""STORAGE\\VOLUME\\_??_USBSTOR#DISK&VEN_SONY_MIC&PROD_ROVAULT&REV_#[REDACTED_DEVICE_SERIAL]&0#{53F56307-B6BF-11D0-94F2-00A0C91EFB8B}""},{""Status"":""OK"",""Class"":""DiskDrive"",""FriendlyName"":""Sony Mic roVault USB Device"",""InstanceId"":""USBSTOR\\DISK&VEN_SONY_MIC&PROD_ROVAULT&REV_\\[REDACTED_DEVICE_SERIAL]&0""},{""Status"":""OK"",""Class"":""USB"",""FriendlyName"":""Sony USB HiFD Drive"",""InstanceId"":""USB\\VID_054C&PID_0022\\[REDACTED_DEVICE_SERIAL]""}]}",absent,absent,31.4,30.1,List of devices attached,
2026-10-01T14:49:43.774+00:00,2026-10-01T14:49:43.834+00:00,1281.584,present,969.8,"{""state"":""present"",""devices"":[{""Status"":""OK"",""Class"":""WPD"",""FriendlyName"":""THYME_DIAG"",""InstanceId"":""SWD\\WPDBUSENUM\\_??_USBSTOR#DISK&VEN_SONY_MIC&PROD_ROVAULT&REV_#[REDACTED_DEVICE_SERIAL]&0#{53F56307-B6BF-11D0-94F2-00A0C91EFB8B}""},{""Status"":""OK"",""Class"":""Volume"",""FriendlyName"":""��"",""InstanceId"":""STORAGE\\VOLUME\\_??_USBSTOR#DISK&VEN_SONY_MIC&PROD_ROVAULT&REV_#[REDACTED_DEVICE_SERIAL]&0#{53F56307-B6BF-11D0-94F2-00A0C91EFB8B}""},{""Status"":""OK"",""Class"":""DiskDrive"",""FriendlyName"":""Sony Mic roVault USB Device"",""InstanceId"":""USBSTOR\\DISK&VEN_SONY_MIC&PROD_ROVAULT&REV_\\[REDACTED_DEVICE_SERIAL]&0""},{""Status"":""OK"",""Class"":""USB"",""FriendlyName"":""Sony USB HiFD Drive"",""InstanceId"":""USB\\VID_054C&PID_0022\\[REDACTED_DEVICE_SERIAL]""}]}",absent,absent,30.9,28.4,List of devices attached,
2026-10-01T14:49:44.774+00:00,2026-10-01T14:49:44.834+00:00,1282.584,present,977.8,"{""state"":""present"",""devices"":[{""Status"":""OK"",""Class"":""WPD"",""FriendlyName"":""THYME_DIAG"",""InstanceId"":""SWD\\WPDBUSENUM\\_??_USBSTOR#DISK&VEN_SONY_MIC&PROD_ROVAULT&REV_#[REDACTED_DEVICE_SERIAL]&0#{53F56307-B6BF-11D0-94F2-00A0C91EFB8B}""},{""Status"":""OK"",""Class"":""Volume"",""FriendlyName"":""��"",""InstanceId"":""STORAGE\\VOLUME\\_??_USBSTOR#DISK&VEN_SONY_MIC&PROD_ROVAULT&REV_#[REDACTED_DEVICE_SERIAL]&0#{53F56307-B6BF-11D0-94F2-00A0C91EFB8B}""},{""Status"":""OK"",""Class"":""DiskDrive"",""FriendlyName"":""Sony Mic roVault USB Device"",""InstanceId"":""USBSTOR\\DISK&VEN_SONY_MIC&PROD_ROVAULT&REV_\\[REDACTED_DEVICE_SERIAL]&0""},{""Status"":""OK"",""Class"":""USB"",""FriendlyName"":""Sony USB HiFD Drive"",""InstanceId"":""USB\\VID_054C&PID_0022\\[REDACTED_DEVICE_SERIAL]""}]}",absent,absent,29.7,29.3,List of devices attached,
2026-10-01T14:49:45.775+00:00,2026-10-01T14:49:45.838+00:00,1283.588,present,956.8,"{""state"":""present"",""devices"":[{""Status"":""OK"",""Class"":""WPD"",""FriendlyName"":""THYME_DIAG"",""InstanceId"":""SWD\\WPDBUSENUM\\_??_USBSTOR#DISK&VEN_SONY_MIC&PROD_ROVAULT&REV_#[REDACTED_DEVICE_SERIAL]&0#{53F56307-B6BF-11D0-94F2-00A0C91EFB8B}""},{""Status"":""OK"",""Class"":""Volume"",""FriendlyName"":""��"",""InstanceId"":""STORAGE\\VOLUME\\_??_USBSTOR#DISK&VEN_SONY_MIC&PROD_ROVAULT&REV_#[REDACTED_DEVICE_SERIAL]&0#{53F56307-B6BF-11D0-94F2-00A0C91EFB8B}""},{""Status"":""OK"",""Class"":""DiskDrive"",""FriendlyName"":""Sony Mic roVault USB Device"",""InstanceId"":""USBSTOR\\DISK&VEN_SONY_MIC&PROD_ROVAULT&REV_\\[REDACTED_DEVICE_SERIAL]&0""},{""Status"":""OK"",""Class"":""USB"",""FriendlyName"":""Sony USB HiFD Drive"",""InstanceId"":""USB\\VID_054C&PID_0022\\[REDACTED_DEVICE_SERIAL]""}]}",absent,absent,32.6,30.0,List of devices attached,
2026-10-01T14:49:46.775+00:00,2026-10-01T14:49:46.837+00:00,1284.587,present,996.3,"{""state"":""present"",""devices"":[{""Status"":""OK"",""Class"":""WPD"",""FriendlyName"":""THYME_DIAG"",""InstanceId"":""SWD\\WPDBUSENUM\\_??_USBSTOR#DISK&VEN_SONY_MIC&PROD_ROVAULT&REV_#[REDACTED_DEVICE_SERIAL]&0#{53F56307-B6BF-11D0-94F2-00A0C91EFB8B}""},{""Status"":""OK"",""Class"":""Volume"",""FriendlyName"":""��"",""InstanceId"":""STORAGE\\VOLUME\\_??_USBSTOR#DISK&VEN_SONY_MIC&PROD_ROVAULT&REV_#[REDACTED_DEVICE_SERIAL]&0#{53F56307-B6BF-11D0-94F2-00A0C91EFB8B}""},{""Status"":""OK"",""Class"":""DiskDrive"",""FriendlyName"":""Sony Mic roVault USB Device"",""InstanceId"":""USBSTOR\\DISK&VEN_SONY_MIC&PROD_ROVAULT&REV_\\[REDACTED_DEVICE_SERIAL]&0""},{""Status"":""OK"",""Class"":""USB"",""FriendlyName"":""Sony USB HiFD Drive"",""InstanceId"":""USB\\VID_054C&PID_0022\\[REDACTED_DEVICE_SERIAL]""}]}",absent,absent,32.3,29.1,List of devices attached,
2026-10-01T14:49:47.776+00:00,2026-10-01T14:49:47.837+00:00,1285.587,present,973.5,"{""state"":""present"",""devices"":[{""Status"":""OK"",""Class"":""WPD"",""FriendlyName"":""THYME_DIAG"",""InstanceId"":""SWD\\WPDBUSENUM\\_??_USBSTOR#DISK&VEN_SONY_MIC&PROD_ROVAULT&REV_#[REDACTED_DEVICE_SERIAL]&0#{53F56307-B6BF-11D0-94F2-00A0C91EFB8B}""},{""Status"":""OK"",""Class"":""Volume"",""FriendlyName"":""��"",""InstanceId"":""STORAGE\\VOLUME\\_??_USBSTOR#DISK&VEN_SONY_MIC&PROD_ROVAULT&REV_#[REDACTED_DEVICE_SERIAL]&0#{53F56307-B6BF-11D0-94F2-00A0C91EFB8B}""},{""Status"":""OK"",""Class"":""DiskDrive"",""FriendlyName"":""Sony Mic roVault USB Device"",""InstanceId"":""USBSTOR\\DISK&VEN_SONY_MIC&PROD_ROVAULT&REV_\\[REDACTED_DEVICE_SERIAL]&0""},{""Status"":""OK"",""Class"":""USB"",""FriendlyName"":""Sony USB HiFD Drive"",""InstanceId"":""USB\\VID_054C&PID_0022\\[REDACTED_DEVICE_SERIAL]""}]}",absent,absent,30.3,30.9,List of devices attached,
2026-10-01T14:49:48.776+00:00,2026-10-01T14:49:48.839+00:00,1286.589,present,982.6,"{""state"":""present"",""devices"":[{""Status"":""OK"",""Class"":""WPD"",""FriendlyName"":""THYME_DIAG"",""InstanceId"":""SWD\\WPDBUSENUM\\_??_USBSTOR#DISK&VEN_SONY_MIC&PROD_ROVAULT&REV_#[REDACTED_DEVICE_SERIAL]&0#{53F56307-B6BF-11D0-94F2-00A0C91EFB8B}""},{""Status"":""OK"",""Class"":""Volume"",""FriendlyName"":""��"",""InstanceId"":""STORAGE\\VOLUME\\_??_USBSTOR#DISK&VEN_SONY_MIC&PROD_ROVAULT&REV_#[REDACTED_DEVICE_SERIAL]&0#{53F56307-B6BF-11D0-94F2-00A0C91EFB8B}""},{""Status"":""OK"",""Class"":""DiskDrive"",""FriendlyName"":""Sony Mic roVault USB Device"",""InstanceId"":""USBSTOR\\DISK&VEN_SONY_MIC&PROD_ROVAULT&REV_\\[REDACTED_DEVICE_SERIAL]&0""},{""Status"":""OK"",""Class"":""USB"",""FriendlyName"":""Sony USB HiFD Drive"",""InstanceId"":""USB\\VID_054C&PID_0022\\[REDACTED_DEVICE_SERIAL]""}]}",absent,absent,31.5,31.1,List of devices attached,
2026-10-01T14:49:49.776+00:00,2026-10-01T14:49:49.837+00:00,1287.587,present,980.7,"{""state"":""present"",""devices"":[{""Status"":""OK"",""Class"":""WPD"",""FriendlyName"":""THYME_DIAG"",""InstanceId"":""SWD\\WPDBUSENUM\\_??_USBSTOR#DISK&VEN_SONY_MIC&PROD_ROVAULT&REV_#[REDACTED_DEVICE_SERIAL]&0#{53F56307-B6BF-11D0-94F2-00A0C91EFB8B}""},{""Status"":""OK"",""Class"":""Volume"",""FriendlyName"":""��"",""InstanceId"":""STORAGE\\VOLUME\\_??_USBSTOR#DISK&VEN_SONY_MIC&PROD_ROVAULT&REV_#[REDACTED_DEVICE_SERIAL]&0#{53F56307-B6BF-11D0-94F2-00A0C91EFB8B}""},{""Status"":""OK"",""Class"":""DiskDrive"",""FriendlyName"":""Sony Mic roVault USB Device"",""InstanceId"":""USBSTOR\\DISK&VEN_SONY_MIC&PROD_ROVAULT&REV_\\[REDACTED_DEVICE_SERIAL]&0""},{""Status"":""OK"",""Class"":""USB"",""FriendlyName"":""Sony USB HiFD Drive"",""InstanceId"":""USB\\VID_054C&PID_0022\\[REDACTED_DEVICE_SERIAL]""}]}",absent,absent,30.8,29.9,List of devices attached,
2026-10-01T14:49:50.777+00:00,2026-10-01T14:49:50.842+00:00,1288.592,present,971.3,"{""state"":""present"",""devices"":[{""Status"":""OK"",""Class"":""WPD"",""FriendlyName"":""THYME_DIAG"",""InstanceId"":""SWD\\WPDBUSENUM\\_??_USBSTOR#DISK&VEN_SONY_MIC&PROD_ROVAULT&REV_#[REDACTED_DEVICE_SERIAL]&0#{53F56307-B6BF-11D0-94F2-00A0C91EFB8B}""},{""Status"":""OK"",""Class"":""Volume"",""FriendlyName"":""��"",""InstanceId"":""STORAGE\\VOLUME\\_??_USBSTOR#DISK&VEN_SONY_MIC&PROD_ROVAULT&REV_#[REDACTED_DEVICE_SERIAL]&0#{53F56307-B6BF-11D0-94F2-00A0C91EFB8B}""},{""Status"":""OK"",""Class"":""DiskDrive"",""FriendlyName"":""Sony Mic roVault USB Device"",""InstanceId"":""USBSTOR\\DISK&VEN_SONY_MIC&PROD_ROVAULT&REV_\\[REDACTED_DEVICE_SERIAL]&0""},{""Status"":""OK"",""Class"":""USB"",""FriendlyName"":""Sony USB HiFD Drive"",""InstanceId"":""USB\\VID_054C&PID_0022\\[REDACTED_DEVICE_SERIAL]""}]}",absent,absent,31.6,32.9,List of devices attached,
2026-10-01T14:49:51.777+00:00,2026-10-01T14:49:51.839+00:00,1289.589,present,982.6,"{""state"":""present"",""devices"":[{""Status"":""OK"",""Class"":""WPD"",""FriendlyName"":""THYME_DIAG"",""InstanceId"":""SWD\\WPDBUSENUM\\_??_USBSTOR#DISK&VEN_SONY_MIC&PROD_ROVAULT&REV_#[REDACTED_DEVICE_SERIAL]&0#{53F56307-B6BF-11D0-94F2-00A0C91EFB8B}""},{""Status"":""OK"",""Class"":""Volume"",""FriendlyName"":""��"",""InstanceId"":""STORAGE\\VOLUME\\_??_USBSTOR#DISK&VEN_SONY_MIC&PROD_ROVAULT&REV_#[REDACTED_DEVICE_SERIAL]&0#{53F56307-B6BF-11D0-94F2-00A0C91EFB8B}""},{""Status"":""OK"",""Class"":""DiskDrive"",""FriendlyName"":""Sony Mic roVault USB Device"",""InstanceId"":""USBSTOR\\DISK&VEN_SONY_MIC&PROD_ROVAULT&REV_\\[REDACTED_DEVICE_SERIAL]&0""},{""Status"":""OK"",""Class"":""USB"",""FriendlyName"":""Sony USB HiFD Drive"",""InstanceId"":""USB\\VID_054C&PID_0022\\[REDACTED_DEVICE_SERIAL]""}]}",absent,absent,30.2,31.1,List of devices attached,
2026-10-01T14:49:52.778+00:00,2026-10-01T14:49:52.885+00:00,1290.635,present,947.4,"{""state"":""present"",""devices"":[{""Status"":""OK"",""Class"":""WPD"",""FriendlyName"":""THYME_DIAG"",""InstanceId"":""SWD\\WPDBUSENUM\\_??_USBSTOR#DISK&VEN_SONY_MIC&PROD_ROVAULT&REV_#[REDACTED_DEVICE_SERIAL]&0#{53F56307-B6BF-11D0-94F2-00A0C91EFB8B}""},{""Status"":""OK"",""Class"":""Volume"",""FriendlyName"":""��"",""InstanceId"":""STORAGE\\VOLUME\\_??_USBSTOR#DISK&VEN_SONY_MIC&PROD_ROVAULT&REV_#[REDACTED_DEVICE_SERIAL]&0#{53F56307-B6BF-11D0-94F2-00A0C91EFB8B}""},{""Status"":""OK"",""Class"":""DiskDrive"",""FriendlyName"":""Sony Mic roVault USB Device"",""InstanceId"":""USBSTOR\\DISK&VEN_SONY_MIC&PROD_ROVAULT&REV_\\[REDACTED_DEVICE_SERIAL]&0""},{""Status"":""OK"",""Class"":""USB"",""FriendlyName"":""Sony USB HiFD Drive"",""InstanceId"":""USB\\VID_054C&PID_0022\\[REDACTED_DEVICE_SERIAL]""}]}",absent,absent,40.6,66.5,List of devices attached,
2026-10-01T14:49:53.778+00:00,2026-10-01T14:49:53.843+00:00,1291.593,present,947.4,"{""state"":""present"",""devices"":[{""Status"":""OK"",""Class"":""WPD"",""FriendlyName"":""THYME_DIAG"",""InstanceId"":""SWD\\WPDBUSENUM\\_??_USBSTOR#DISK&VEN_SONY_MIC&PROD_ROVAULT&REV_#[REDACTED_DEVICE_SERIAL]&0#{53F56307-B6BF-11D0-94F2-00A0C91EFB8B}""},{""Status"":""OK"",""Class"":""Volume"",""FriendlyName"":""��"",""InstanceId"":""STORAGE\\VOLUME\\_??_USBSTOR#DISK&VEN_SONY_MIC&PROD_ROVAULT&REV_#[REDACTED_DEVICE_SERIAL]&0#{53F56307-B6BF-11D0-94F2-00A0C91EFB8B}""},{""Status"":""OK"",""Class"":""DiskDrive"",""FriendlyName"":""Sony Mic roVault USB Device"",""InstanceId"":""USBSTOR\\DISK&VEN_SONY_MIC&PROD_ROVAULT&REV_\\[REDACTED_DEVICE_SERIAL]&0""},{""Status"":""OK"",""Class"":""USB"",""FriendlyName"":""Sony USB HiFD Drive"",""InstanceId"":""USB\\VID_054C&PID_0022\\[REDACTED_DEVICE_SERIAL]""}]}",absent,absent,34.7,30.4,List of devices attached,
2026-10-01T14:49:54.778+00:00,2026-10-01T14:49:54.852+00:00,1292.602,present,1020.2,"{""state"":""present"",""devices"":[{""Status"":""OK"",""Class"":""WPD"",""FriendlyName"":""THYME_DIAG"",""InstanceId"":""SWD\\WPDBUSENUM\\_??_USBSTOR#DISK&VEN_SONY_MIC&PROD_ROVAULT&REV_#[REDACTED_DEVICE_SERIAL]&0#{53F56307-B6BF-11D0-94F2-00A0C91EFB8B}""},{""Status"":""OK"",""Class"":""Volume"",""FriendlyName"":""��"",""InstanceId"":""STORAGE\\VOLUME\\_??_USBSTOR#DISK&VEN_SONY_MIC&PROD_ROVAULT&REV_#[REDACTED_DEVICE_SERIAL]&0#{53F56307-B6BF-11D0-94F2-00A0C91EFB8B}""},{""Status"":""OK"",""Class"":""DiskDrive"",""FriendlyName"":""Sony Mic roVault USB Device"",""InstanceId"":""USBSTOR\\DISK&VEN_SONY_MIC&PROD_ROVAULT&REV_\\[REDACTED_DEVICE_SERIAL]&0""},{""Status"":""OK"",""Class"":""USB"",""FriendlyName"":""Sony USB HiFD Drive"",""InstanceId"":""USB\\VID_054C&PID_0022\\[REDACTED_DEVICE_SERIAL]""}]}",absent,absent,38.3,35.3,List of devices attached,
2026-10-01T14:49:55.778+00:00,2026-10-01T14:49:55.841+00:00,1293.591,present,923.3,"{""state"":""present"",""devices"":[{""Status"":""OK"",""Class"":""WPD"",""FriendlyName"":""THYME_DIAG"",""InstanceId"":""SWD\\WPDBUSENUM\\_??_USBSTOR#DISK&VEN_SONY_MIC&PROD_ROVAULT&REV_#[REDACTED_DEVICE_SERIAL]&0#{53F56307-B6BF-11D0-94F2-00A0C91EFB8B}""},{""Status"":""OK"",""Class"":""Volume"",""FriendlyName"":""��"",""InstanceId"":""STORAGE\\VOLUME\\_??_USBSTOR#DISK&VEN_SONY_MIC&PROD_ROVAULT&REV_#[REDACTED_DEVICE_SERIAL]&0#{53F56307-B6BF-11D0-94F2-00A0C91EFB8B}""},{""Status"":""OK"",""Class"":""DiskDrive"",""FriendlyName"":""Sony Mic roVault USB Device"",""InstanceId"":""USBSTOR\\DISK&VEN_SONY_MIC&PROD_ROVAULT&REV_\\[REDACTED_DEVICE_SERIAL]&0""},{""Status"":""OK"",""Class"":""USB"",""FriendlyName"":""Sony USB HiFD Drive"",""InstanceId"":""USB\\VID_054C&PID_0022\\[REDACTED_DEVICE_SERIAL]""}]}",absent,absent,32.1,30.9,List of devices attached,
2026-10-01T14:49:56.778+00:00,2026-10-01T14:49:56.839+00:00,1294.589,present,953.8,"{""state"":""present"",""devices"":[{""Status"":""OK"",""Class"":""WPD"",""FriendlyName"":""THYME_DIAG"",""InstanceId"":""SWD\\WPDBUSENUM\\_??_USBSTOR#DISK&VEN_SONY_MIC&PROD_ROVAULT&REV_#[REDACTED_DEVICE_SERIAL]&0#{53F56307-B6BF-11D0-94F2-00A0C91EFB8B}""},{""Status"":""OK"",""Class"":""Volume"",""FriendlyName"":""��"",""InstanceId"":""STORAGE\\VOLUME\\_??_USBSTOR#DISK&VEN_SONY_MIC&PROD_ROVAULT&REV_#[REDACTED_DEVICE_SERIAL]&0#{53F56307-B6BF-11D0-94F2-00A0C91EFB8B}""},{""Status"":""OK"",""Class"":""DiskDrive"",""FriendlyName"":""Sony Mic roVault USB Device"",""InstanceId"":""USBSTOR\\DISK&VEN_SONY_MIC&PROD_ROVAULT&REV_\\[REDACTED_DEVICE_SERIAL]&0""},{""Status"":""OK"",""Class"":""USB"",""FriendlyName"":""Sony USB HiFD Drive"",""InstanceId"":""USB\\VID_054C&PID_0022\\[REDACTED_DEVICE_SERIAL]""}]}",absent,absent,31.3,29.6,List of devices attached,
2026-10-01T14:49:57.779+00:00,2026-10-01T14:49:57.851+00:00,1295.601,present,942.1,"{""state"":""present"",""devices"":[{""Status"":""OK"",""Class"":""USB"",""FriendlyName"":""Sony USB HiFD Drive"",""InstanceId"":""USB\\VID_054C&PID_0022\\[REDACTED_DEVICE_SERIAL]""}]}",absent,absent,36.2,35.6,List of devices attached,
2026-10-01T14:49:58.779+00:00,2026-10-01T14:49:58.847+00:00,1296.597,present,978.1,"{""state"":""present"",""devices"":[{""Status"":""OK"",""Class"":""WPD"",""FriendlyName"":""THYME_DIAG"",""InstanceId"":""SWD\\WPDBUSENUM\\_??_USBSTOR#DISK&VEN_SONY_MIC&PROD_ROVAULT&REV_#[REDACTED_DEVICE_SERIAL]&0#{53F56307-B6BF-11D0-94F2-00A0C91EFB8B}""},{""Status"":""OK"",""Class"":""Volume"",""FriendlyName"":""��"",""InstanceId"":""STORAGE\\VOLUME\\_??_USBSTOR#DISK&VEN_SONY_MIC&PROD_ROVAULT&REV_#[REDACTED_DEVICE_SERIAL]&0#{53F56307-B6BF-11D0-94F2-00A0C91EFB8B}""},{""Status"":""OK"",""Class"":""DiskDrive"",""FriendlyName"":""Sony Mic roVault USB Device"",""InstanceId"":""USBSTOR\\DISK&VEN_SONY_MIC&PROD_ROVAULT&REV_\\[REDACTED_DEVICE_SERIAL]&0""},{""Status"":""OK"",""Class"":""USB"",""FriendlyName"":""Sony USB HiFD Drive"",""InstanceId"":""USB\\VID_054C&PID_0022\\[REDACTED_DEVICE_SERIAL]""}]}",absent,absent,35.3,32.8,List of devices attached,
2026-10-01T14:49:59.779+00:00,2026-10-01T14:49:59.858+00:00,1297.608,present,997.7,"{""state"":""present"",""devices"":[{""Status"":""OK"",""Class"":""DiskDrive"",""FriendlyName"":""Sony Mic roVault USB Device"",""InstanceId"":""USBSTOR\\DISK&VEN_SONY_MIC&PROD_ROVAULT&REV_\\[REDACTED_DEVICE_SERIAL]&0""},{""Status"":""OK"",""Class"":""USB"",""FriendlyName"":""Sony USB HiFD Drive"",""InstanceId"":""USB\\VID_054C&PID_0022\\[REDACTED_DEVICE_SERIAL]""}]}",absent,absent,33.0,45.4,List of devices attached,
2026-10-01T14:50:00.780+00:00,2026-10-01T14:50:00.842+00:00,1298.592,present,996.6,"{""state"":""present"",""devices"":[{""Status"":""OK"",""Class"":""DiskDrive"",""FriendlyName"":""Sony Mic roVault USB Device"",""InstanceId"":""USBSTOR\\DISK&VEN_SONY_MIC&PROD_ROVAULT&REV_\\[REDACTED_DEVICE_SERIAL]&0""},{""Status"":""OK"",""Class"":""USB"",""FriendlyName"":""Sony USB HiFD Drive"",""InstanceId"":""USB\\VID_054C&PID_0022\\[REDACTED_DEVICE_SERIAL]""}]}",absent,absent,31.6,30.7,List of devices attached,
2026-10-01T14:50:01.780+00:00,2026-10-01T14:50:01.842+00:00,1299.592,present,985.5,"{""state"":""present"",""devices"":[{""Status"":""OK"",""Class"":""DiskDrive"",""FriendlyName"":""Sony Mic roVault USB Device"",""InstanceId"":""USBSTOR\\DISK&VEN_SONY_MIC&PROD_ROVAULT&REV_\\[REDACTED_DEVICE_SERIAL]&0""},{""Status"":""OK"",""Class"":""USB"",""FriendlyName"":""Sony USB HiFD Drive"",""InstanceId"":""USB\\VID_054C&PID_0022\\[REDACTED_DEVICE_SERIAL]""}]}",absent,absent,31.4,30.9,List of devices attached,
2026-10-01T14:50:02.780+00:00,2026-10-01T14:50:02.841+00:00,1300.591,present,967.8,"{""state"":""present"",""devices"":[{""Status"":""OK"",""Class"":""DiskDrive"",""FriendlyName"":""Sony Mic roVault USB Device"",""InstanceId"":""USBSTOR\\DISK&VEN_SONY_MIC&PROD_ROVAULT&REV_\\[REDACTED_DEVICE_SERIAL]&0""},{""Status"":""OK"",""Class"":""USB"",""FriendlyName"":""Sony USB HiFD Drive"",""InstanceId"":""USB\\VID_054C&PID_0022\\[REDACTED_DEVICE_SERIAL]""}]}",absent,absent,31.4,29.5,List of devices attached,
2026-10-01T14:50:03.780+00:00,2026-10-01T14:50:03.846+00:00,1301.596,present,990.9,"{""state"":""present"",""devices"":[{""Status"":""OK"",""Class"":""WPD"",""FriendlyName"":""THYME_DIAG"",""InstanceId"":""SWD\\WPDBUSENUM\\_??_USBSTOR#DISK&VEN_SONY_MIC&PROD_ROVAULT&REV_#[REDACTED_DEVICE_SERIAL]&0#{53F56307-B6BF-11D0-94F2-00A0C91EFB8B}""},{""Status"":""OK"",""Class"":""Volume"",""FriendlyName"":""��"",""InstanceId"":""STORAGE\\VOLUME\\_??_USBSTOR#DISK&VEN_SONY_MIC&PROD_ROVAULT&REV_#[REDACTED_DEVICE_SERIAL]&0#{53F56307-B6BF-11D0-94F2-00A0C91EFB8B}""},{""Status"":""OK"",""Class"":""DiskDrive"",""FriendlyName"":""Sony Mic roVault USB Device"",""InstanceId"":""USBSTOR\\DISK&VEN_SONY_MIC&PROD_ROVAULT&REV_\\[REDACTED_DEVICE_SERIAL]&0""},{""Status"":""OK"",""Class"":""USB"",""FriendlyName"":""Sony USB HiFD Drive"",""InstanceId"":""USB\\VID_054C&PID_0022\\[REDACTED_DEVICE_SERIAL]""}]}",absent,absent,34.2,31.2,List of devices attached,
2026-10-01T14:50:04.781+00:00,2026-10-01T14:50:04.842+00:00,1302.592,present,985.1,"{""state"":""present"",""devices"":[{""Status"":""OK"",""Class"":""WPD"",""FriendlyName"":""THYME_DIAG"",""InstanceId"":""SWD\\WPDBUSENUM\\_??_USBSTOR#DISK&VEN_SONY_MIC&PROD_ROVAULT&REV_#[REDACTED_DEVICE_SERIAL]&0#{53F56307-B6BF-11D0-94F2-00A0C91EFB8B}""},{""Status"":""OK"",""Class"":""Volume"",""FriendlyName"":""��"",""InstanceId"":""STORAGE\\VOLUME\\_??_USBSTOR#DISK&VEN_SONY_MIC&PROD_ROVAULT&REV_#[REDACTED_DEVICE_SERIAL]&0#{53F56307-B6BF-11D0-94F2-00A0C91EFB8B}""},{""Status"":""OK"",""Class"":""DiskDrive"",""FriendlyName"":""Sony Mic roVault USB Device"",""InstanceId"":""USBSTOR\\DISK&VEN_SONY_MIC&PROD_ROVAULT&REV_\\[REDACTED_DEVICE_SERIAL]&0""},{""Status"":""OK"",""Class"":""USB"",""FriendlyName"":""Sony USB HiFD Drive"",""InstanceId"":""USB\\VID_054C&PID_0022\\[REDACTED_DEVICE_SERIAL]""}]}",absent,absent,32.4,29.3,List of devices attached,
2026-10-01T14:50:05.781+00:00,2026-10-01T14:50:05.846+00:00,1303.596,present,950.0,"{""state"":""present"",""devices"":[{""Status"":""OK"",""Class"":""WPD"",""FriendlyName"":""THYME_DIAG"",""InstanceId"":""SWD\\WPDBUSENUM\\_??_USBSTOR#DISK&VEN_SONY_MIC&PROD_ROVAULT&REV_#[REDACTED_DEVICE_SERIAL]&0#{53F56307-B6BF-11D0-94F2-00A0C91EFB8B}""},{""Status"":""OK"",""Class"":""Volume"",""FriendlyName"":""��"",""InstanceId"":""STORAGE\\VOLUME\\_??_USBSTOR#DISK&VEN_SONY_MIC&PROD_ROVAULT&REV_#[REDACTED_DEVICE_SERIAL]&0#{53F56307-B6BF-11D0-94F2-00A0C91EFB8B}""},{""Status"":""OK"",""Class"":""DiskDrive"",""FriendlyName"":""Sony Mic roVault USB Device"",""InstanceId"":""USBSTOR\\DISK&VEN_SONY_MIC&PROD_ROVAULT&REV_\\[REDACTED_DEVICE_SERIAL]&0""},{""Status"":""OK"",""Class"":""USB"",""FriendlyName"":""Sony USB HiFD Drive"",""InstanceId"":""USB\\VID_054C&PID_0022\\[REDACTED_DEVICE_SERIAL]""}]}",absent,absent,33.8,30.7,List of devices attached,
2026-10-01T14:50:06.781+00:00,2026-10-01T14:50:06.851+00:00,1304.601,present,873.3,"{""state"":""present"",""devices"":[{""Status"":""OK"",""Class"":""WPD"",""FriendlyName"":""THYME_DIAG"",""InstanceId"":""SWD\\WPDBUSENUM\\_??_USBSTOR#DISK&VEN_SONY_MIC&PROD_ROVAULT&REV_#[REDACTED_DEVICE_SERIAL]&0#{53F56307-B6BF-11D0-94F2-00A0C91EFB8B}""},{""Status"":""OK"",""Class"":""Volume"",""FriendlyName"":""��"",""InstanceId"":""STORAGE\\VOLUME\\_??_USBSTOR#DISK&VEN_SONY_MIC&PROD_ROVAULT&REV_#[REDACTED_DEVICE_SERIAL]&0#{53F56307-B6BF-11D0-94F2-00A0C91EFB8B}""},{""Status"":""OK"",""Class"":""DiskDrive"",""FriendlyName"":""Sony Mic roVault USB Device"",""InstanceId"":""USBSTOR\\DISK&VEN_SONY_MIC&PROD_ROVAULT&REV_\\[REDACTED_DEVICE_SERIAL]&0""},{""Status"":""OK"",""Class"":""USB"",""FriendlyName"":""Sony USB HiFD Drive"",""InstanceId"":""USB\\VID_054C&PID_0022\\[REDACTED_DEVICE_SERIAL]""}]}",absent,absent,37.3,32.7,List of devices attached,
2026-10-01T14:50:07.781+00:00,2026-10-01T14:50:07.843+00:00,1305.593,present,911.0,"{""state"":""present"",""devices"":[{""Status"":""OK"",""Class"":""WPD"",""FriendlyName"":""THYME_DIAG"",""InstanceId"":""SWD\\WPDBUSENUM\\_??_USBSTOR#DISK&VEN_SONY_MIC&PROD_ROVAULT&REV_#[REDACTED_DEVICE_SERIAL]&0#{53F56307-B6BF-11D0-94F2-00A0C91EFB8B}""},{""Status"":""OK"",""Class"":""Volume"",""FriendlyName"":""��"",""InstanceId"":""STORAGE\\VOLUME\\_??_USBSTOR#DISK&VEN_SONY_MIC&PROD_ROVAULT&REV_#[REDACTED_DEVICE_SERIAL]&0#{53F56307-B6BF-11D0-94F2-00A0C91EFB8B}""},{""Status"":""OK"",""Class"":""DiskDrive"",""FriendlyName"":""Sony Mic roVault USB Device"",""InstanceId"":""USBSTOR\\DISK&VEN_SONY_MIC&PROD_ROVAULT&REV_\\[REDACTED_DEVICE_SERIAL]&0""},{""Status"":""OK"",""Class"":""USB"",""FriendlyName"":""Sony USB HiFD Drive"",""InstanceId"":""USB\\VID_054C&PID_0022\\[REDACTED_DEVICE_SERIAL]""}]}",absent,absent,31.7,30.0,List of devices attached,
2026-10-01T14:50:08.781+00:00,2026-10-01T14:50:08.843+00:00,1306.593,present,942.7,"{""state"":""present"",""devices"":[{""Status"":""OK"",""Class"":""WPD"",""FriendlyName"":""THYME_DIAG"",""InstanceId"":""SWD\\WPDBUSENUM\\_??_USBSTOR#DISK&VEN_SONY_MIC&PROD_ROVAULT&REV_#[REDACTED_DEVICE_SERIAL]&0#{53F56307-B6BF-11D0-94F2-00A0C91EFB8B}""},{""Status"":""OK"",""Class"":""Volume"",""FriendlyName"":""��"",""InstanceId"":""STORAGE\\VOLUME\\_??_USBSTOR#DISK&VEN_SONY_MIC&PROD_ROVAULT&REV_#[REDACTED_DEVICE_SERIAL]&0#{53F56307-B6BF-11D0-94F2-00A0C91EFB8B}""},{""Status"":""OK"",""Class"":""DiskDrive"",""FriendlyName"":""Sony Mic roVault USB Device"",""InstanceId"":""USBSTOR\\DISK&VEN_SONY_MIC&PROD_ROVAULT&REV_\\[REDACTED_DEVICE_SERIAL]&0""},{""Status"":""OK"",""Class"":""USB"",""FriendlyName"":""Sony USB HiFD Drive"",""InstanceId"":""USB\\VID_054C&PID_0022\\[REDACTED_DEVICE_SERIAL]""}]}",absent,absent,31.1,30.2,List of devices attached,
2026-10-01T14:50:09.782+00:00,2026-10-01T14:50:09.850+00:00,1307.600,present,967.9,"{""state"":""present"",""devices"":[{""Status"":""OK"",""Class"":""WPD"",""FriendlyName"":""THYME_DIAG"",""InstanceId"":""SWD\\WPDBUSENUM\\_??_USBSTOR#DISK&VEN_SONY_MIC&PROD_ROVAULT&REV_#[REDACTED_DEVICE_SERIAL]&0#{53F56307-B6BF-11D0-94F2-00A0C91EFB8B}""},{""Status"":""OK"",""Class"":""Volume"",""FriendlyName"":""��"",""InstanceId"":""STORAGE\\VOLUME\\_??_USBSTOR#DISK&VEN_SONY_MIC&PROD_ROVAULT&REV_#[REDACTED_DEVICE_SERIAL]&0#{53F56307-B6BF-11D0-94F2-00A0C91EFB8B}""},{""Status"":""OK"",""Class"":""DiskDrive"",""FriendlyName"":""Sony Mic roVault USB Device"",""InstanceId"":""USBSTOR\\DISK&VEN_SONY_MIC&PROD_ROVAULT&REV_\\[REDACTED_DEVICE_SERIAL]&0""}]}",absent,absent,34.6,33.7,List of devices attached,
2026-10-01T14:50:10.782+00:00,2026-10-01T14:50:10.861+00:00,1308.611,present,967.9,"{""state"":""present"",""devices"":[{""Status"":""OK"",""Class"":""WPD"",""FriendlyName"":""THYME_DIAG"",""InstanceId"":""SWD\\WPDBUSENUM\\_??_USBSTOR#DISK&VEN_SONY_MIC&PROD_ROVAULT&REV_#[REDACTED_DEVICE_SERIAL]&0#{53F56307-B6BF-11D0-94F2-00A0C91EFB8B}""},{""Status"":""OK"",""Class"":""Volume"",""FriendlyName"":""��"",""InstanceId"":""STORAGE\\VOLUME\\_??_USBSTOR#DISK&VEN_SONY_MIC&PROD_ROVAULT&REV_#[REDACTED_DEVICE_SERIAL]&0#{53F56307-B6BF-11D0-94F2-00A0C91EFB8B}""},{""Status"":""OK"",""Class"":""DiskDrive"",""FriendlyName"":""Sony Mic roVault USB Device"",""InstanceId"":""USBSTOR\\DISK&VEN_SONY_MIC&PROD_ROVAULT&REV_\\[REDACTED_DEVICE_SERIAL]&0""}]}",absent,absent,45.9,32.7,List of devices attached,
2026-10-01T14:50:11.782+00:00,2026-10-01T14:50:11.847+00:00,1309.597,present,1142.6,"{""state"":""present"",""devices"":[{""Status"":""OK"",""Class"":""WPD"",""FriendlyName"":""THYME_DIAG"",""InstanceId"":""SWD\\WPDBUSENUM\\_??_USBSTOR#DISK&VEN_SONY_MIC&PROD_ROVAULT&REV_#[REDACTED_DEVICE_SERIAL]&0#{53F56307-B6BF-11D0-94F2-00A0C91EFB8B}""},{""Status"":""OK"",""Class"":""Volume"",""FriendlyName"":""��"",""InstanceId"":""STORAGE\\VOLUME\\_??_USBSTOR#DISK&VEN_SONY_MIC&PROD_ROVAULT&REV_#[REDACTED_DEVICE_SERIAL]&0#{53F56307-B6BF-11D0-94F2-00A0C91EFB8B}""},{""Status"":""OK"",""Class"":""DiskDrive"",""FriendlyName"":""Sony Mic roVault USB Device"",""InstanceId"":""USBSTOR\\DISK&VEN_SONY_MIC&PROD_ROVAULT&REV_\\[REDACTED_DEVICE_SERIAL]&0""},{""Status"":""OK"",""Class"":""USB"",""FriendlyName"":""Sony USB HiFD Drive"",""InstanceId"":""USB\\VID_054C&PID_0022\\[REDACTED_DEVICE_SERIAL]""}]}",absent,absent,34.0,30.9,List of devices attached,
2026-10-01T14:50:12.783+00:00,2026-10-01T14:50:12.842+00:00,1310.592,present,954.9,"{""state"":""present"",""devices"":[{""Status"":""OK"",""Class"":""WPD"",""FriendlyName"":""THYME_DIAG"",""InstanceId"":""SWD\\WPDBUSENUM\\_??_USBSTOR#DISK&VEN_SONY_MIC&PROD_ROVAULT&REV_#[REDACTED_DEVICE_SERIAL]&0#{53F56307-B6BF-11D0-94F2-00A0C91EFB8B}""},{""Status"":""OK"",""Class"":""Volume"",""FriendlyName"":""��"",""InstanceId"":""STORAGE\\VOLUME\\_??_USBSTOR#DISK&VEN_SONY_MIC&PROD_ROVAULT&REV_#[REDACTED_DEVICE_SERIAL]&0#{53F56307-B6BF-11D0-94F2-00A0C91EFB8B}""},{""Status"":""OK"",""Class"":""DiskDrive"",""FriendlyName"":""Sony Mic roVault USB Device"",""InstanceId"":""USBSTOR\\DISK&VEN_SONY_MIC&PROD_ROVAULT&REV_\\[REDACTED_DEVICE_SERIAL]&0""},{""Status"":""OK"",""Class"":""USB"",""FriendlyName"":""Sony USB HiFD Drive"",""InstanceId"":""USB\\VID_054C&PID_0022\\[REDACTED_DEVICE_SERIAL]""}]}",absent,absent,30.8,28.9,List of devices attached,
2026-10-01T14:50:13.783+00:00,2026-10-01T14:50:13.843+00:00,1311.593,present,967.3,"{""state"":""present"",""devices"":[{""Status"":""OK"",""Class"":""WPD"",""FriendlyName"":""THYME_DIAG"",""InstanceId"":""SWD\\WPDBUSENUM\\_??_USBSTOR#DISK&VEN_SONY_MIC&PROD_ROVAULT&REV_#[REDACTED_DEVICE_SERIAL]&0#{53F56307-B6BF-11D0-94F2-00A0C91EFB8B}""},{""Status"":""OK"",""Class"":""Volume"",""FriendlyName"":""��"",""InstanceId"":""STORAGE\\VOLUME\\_??_USBSTOR#DISK&VEN_SONY_MIC&PROD_ROVAULT&REV_#[REDACTED_DEVICE_SERIAL]&0#{53F56307-B6BF-11D0-94F2-00A0C91EFB8B}""},{""Status"":""OK"",""Class"":""DiskDrive"",""FriendlyName"":""Sony Mic roVault USB Device"",""InstanceId"":""USBSTOR\\DISK&VEN_SONY_MIC&PROD_ROVAULT&REV_\\[REDACTED_DEVICE_SERIAL]&0""},{""Status"":""OK"",""Class"":""USB"",""FriendlyName"":""Sony USB HiFD Drive"",""InstanceId"":""USB\\VID_054C&PID_0022\\[REDACTED_DEVICE_SERIAL]""}]}",absent,absent,30.8,29.9,List of devices attached,
2026-10-01T14:50:14.783+00:00,2026-10-01T14:50:14.844+00:00,1312.594,present,942.5,"{""state"":""present"",""devices"":[{""Status"":""OK"",""Class"":""WPD"",""FriendlyName"":""THYME_DIAG"",""InstanceId"":""SWD\\WPDBUSENUM\\_??_USBSTOR#DISK&VEN_SONY_MIC&PROD_ROVAULT&REV_#[REDACTED_DEVICE_SERIAL]&0#{53F56307-B6BF-11D0-94F2-00A0C91EFB8B}""},{""Status"":""OK"",""Class"":""Volume"",""FriendlyName"":""��"",""InstanceId"":""STORAGE\\VOLUME\\_??_USBSTOR#DISK&VEN_SONY_MIC&PROD_ROVAULT&REV_#[REDACTED_DEVICE_SERIAL]&0#{53F56307-B6BF-11D0-94F2-00A0C91EFB8B}""},{""Status"":""OK"",""Class"":""DiskDrive"",""FriendlyName"":""Sony Mic roVault USB Device"",""InstanceId"":""USBSTOR\\DISK&VEN_SONY_MIC&PROD_ROVAULT&REV_\\[REDACTED_DEVICE_SERIAL]&0""},{""Status"":""OK"",""Class"":""USB"",""FriendlyName"":""Sony USB HiFD Drive"",""InstanceId"":""USB\\VID_054C&PID_0022\\[REDACTED_DEVICE_SERIAL]""}]}",absent,absent,31.5,29.2,List of devices attached,
2026-10-01T14:50:15.783+00:00,2026-10-01T14:50:15.893+00:00,1313.643,absent,972.0,"{""state"":""absent"",""devices"":[]}",absent,absent,70.8,38.6,List of devices attached,
2026-10-01T14:50:16.784+00:00,2026-10-01T14:50:16.850+00:00,1314.600,absent,972.0,"{""state"":""absent"",""devices"":[]}",absent,absent,33.9,32.9,List of devices attached,
2026-10-01T14:50:17.784+00:00,2026-10-01T14:50:17.846+00:00,1315.596,present,1057.7,"{""state"":""present"",""devices"":[{""Status"":""OK"",""Class"":""WPD"",""FriendlyName"":""THYME_DIAG"",""InstanceId"":""SWD\\WPDBUSENUM\\_??_USBSTOR#DISK&VEN_SONY_MIC&PROD_ROVAULT&REV_#[REDACTED_DEVICE_SERIAL]&0#{53F56307-B6BF-11D0-94F2-00A0C91EFB8B}""},{""Status"":""OK"",""Class"":""Volume"",""FriendlyName"":""��"",""InstanceId"":""STORAGE\\VOLUME\\_??_USBSTOR#DISK&VEN_SONY_MIC&PROD_ROVAULT&REV_#[REDACTED_DEVICE_SERIAL]&0#{53F56307-B6BF-11D0-94F2-00A0C91EFB8B}""},{""Status"":""OK"",""Class"":""DiskDrive"",""FriendlyName"":""Sony Mic roVault USB Device"",""InstanceId"":""USBSTOR\\DISK&VEN_SONY_MIC&PROD_ROVAULT&REV_\\[REDACTED_DEVICE_SERIAL]&0""},{""Status"":""OK"",""Class"":""USB"",""FriendlyName"":""Sony USB HiFD Drive"",""InstanceId"":""USB\\VID_054C&PID_0022\\[REDACTED_DEVICE_SERIAL]""}]}",absent,absent,32.3,29.6,List of devices attached,
2026-10-01T14:50:18.784+00:00,2026-10-01T14:50:18.846+00:00,1316.596,present,967.7,"{""state"":""present"",""devices"":[{""Status"":""OK"",""Class"":""WPD"",""FriendlyName"":""THYME_DIAG"",""InstanceId"":""SWD\\WPDBUSENUM\\_??_USBSTOR#DISK&VEN_SONY_MIC&PROD_ROVAULT&REV_#[REDACTED_DEVICE_SERIAL]&0#{53F56307-B6BF-11D0-94F2-00A0C91EFB8B}""},{""Status"":""OK"",""Class"":""Volume"",""FriendlyName"":""��"",""InstanceId"":""STORAGE\\VOLUME\\_??_USBSTOR#DISK&VEN_SONY_MIC&PROD_ROVAULT&REV_#[REDACTED_DEVICE_SERIAL]&0#{53F56307-B6BF-11D0-94F2-00A0C91EFB8B}""},{""Status"":""OK"",""Class"":""DiskDrive"",""FriendlyName"":""Sony Mic roVault USB Device"",""InstanceId"":""USBSTOR\\DISK&VEN_SONY_MIC&PROD_ROVAULT&REV_\\[REDACTED_DEVICE_SERIAL]&0""},{""Status"":""OK"",""Class"":""USB"",""FriendlyName"":""Sony USB HiFD Drive"",""InstanceId"":""USB\\VID_054C&PID_0022\\[REDACTED_DEVICE_SERIAL]""}]}",absent,absent,31.6,30.1,List of devices attached,
2026-10-01T14:50:19.784+00:00,2026-10-01T14:50:19.847+00:00,1317.597,present,973.3,"{""state"":""present"",""devices"":[{""Status"":""OK"",""Class"":""WPD"",""FriendlyName"":""THYME_DIAG"",""InstanceId"":""SWD\\WPDBUSENUM\\_??_USBSTOR#DISK&VEN_SONY_MIC&PROD_ROVAULT&REV_#[REDACTED_DEVICE_SERIAL]&0#{53F56307-B6BF-11D0-94F2-00A0C91EFB8B}""},{""Status"":""OK"",""Class"":""Volume"",""FriendlyName"":""��"",""InstanceId"":""STORAGE\\VOLUME\\_??_USBSTOR#DISK&VEN_SONY_MIC&PROD_ROVAULT&REV_#[REDACTED_DEVICE_SERIAL]&0#{53F56307-B6BF-11D0-94F2-00A0C91EFB8B}""},{""Status"":""OK"",""Class"":""DiskDrive"",""FriendlyName"":""Sony Mic roVault USB Device"",""InstanceId"":""USBSTOR\\DISK&VEN_SONY_MIC&PROD_ROVAULT&REV_\\[REDACTED_DEVICE_SERIAL]&0""},{""Status"":""OK"",""Class"":""USB"",""FriendlyName"":""Sony USB HiFD Drive"",""InstanceId"":""USB\\VID_054C&PID_0022\\[REDACTED_DEVICE_SERIAL]""}]}",absent,absent,33.8,29.1,List of devices attached,
2026-10-01T14:50:20.784+00:00,2026-10-01T14:50:20.845+00:00,1318.595,present,954.4,"{""state"":""present"",""devices"":[{""Status"":""OK"",""Class"":""WPD"",""FriendlyName"":""THYME_DIAG"",""InstanceId"":""SWD\\WPDBUSENUM\\_??_USBSTOR#DISK&VEN_SONY_MIC&PROD_ROVAULT&REV_#[REDACTED_DEVICE_SERIAL]&0#{53F56307-B6BF-11D0-94F2-00A0C91EFB8B}""},{""Status"":""OK"",""Class"":""Volume"",""FriendlyName"":""��"",""InstanceId"":""STORAGE\\VOLUME\\_??_USBSTOR#DISK&VEN_SONY_MIC&PROD_ROVAULT&REV_#[REDACTED_DEVICE_SERIAL]&0#{53F56307-B6BF-11D0-94F2-00A0C91EFB8B}""},{""Status"":""OK"",""Class"":""DiskDrive"",""FriendlyName"":""Sony Mic roVault USB Device"",""InstanceId"":""USBSTOR\\DISK&VEN_SONY_MIC&PROD_ROVAULT&REV_\\[REDACTED_DEVICE_SERIAL]&0""},{""Status"":""OK"",""Class"":""USB"",""FriendlyName"":""Sony USB HiFD Drive"",""InstanceId"":""USB\\VID_054C&PID_0022\\[REDACTED_DEVICE_SERIAL]""}]}",absent,absent,30.5,29.7,List of devices attached,
2026-10-01T14:50:21.784+00:00,2026-10-01T14:50:21.845+00:00,1319.595,present,958.5,"{""state"":""present"",""devices"":[{""Status"":""OK"",""Class"":""WPD"",""FriendlyName"":""THYME_DIAG"",""InstanceId"":""SWD\\WPDBUSENUM\\_??_USBSTOR#DISK&VEN_SONY_MIC&PROD_ROVAULT&REV_#[REDACTED_DEVICE_SERIAL]&0#{53F56307-B6BF-11D0-94F2-00A0C91EFB8B}""},{""Status"":""OK"",""Class"":""Volume"",""FriendlyName"":""��"",""InstanceId"":""STORAGE\\VOLUME\\_??_USBSTOR#DISK&VEN_SONY_MIC&PROD_ROVAULT&REV_#[REDACTED_DEVICE_SERIAL]&0#{53F56307-B6BF-11D0-94F2-00A0C91EFB8B}""},{""Status"":""OK"",""Class"":""DiskDrive"",""FriendlyName"":""Sony Mic roVault USB Device"",""InstanceId"":""USBSTOR\\DISK&VEN_SONY_MIC&PROD_ROVAULT&REV_\\[REDACTED_DEVICE_SERIAL]&0""},{""Status"":""OK"",""Class"":""USB"",""FriendlyName"":""Sony USB HiFD Drive"",""InstanceId"":""USB\\VID_054C&PID_0022\\[REDACTED_DEVICE_SERIAL]""}]}",absent,absent,31.7,28.9,List of devices attached,
2026-10-01T14:50:22.785+00:00,2026-10-01T14:50:22.848+00:00,1320.598,present,982.5,"{""state"":""present"",""devices"":[{""Status"":""OK"",""Class"":""WPD"",""FriendlyName"":""THYME_DIAG"",""InstanceId"":""SWD\\WPDBUSENUM\\_??_USBSTOR#DISK&VEN_SONY_MIC&PROD_ROVAULT&REV_#[REDACTED_DEVICE_SERIAL]&0#{53F56307-B6BF-11D0-94F2-00A0C91EFB8B}""},{""Status"":""OK"",""Class"":""Volume"",""FriendlyName"":""��"",""InstanceId"":""STORAGE\\VOLUME\\_??_USBSTOR#DISK&VEN_SONY_MIC&PROD_ROVAULT&REV_#[REDACTED_DEVICE_SERIAL]&0#{53F56307-B6BF-11D0-94F2-00A0C91EFB8B}""},{""Status"":""OK"",""Class"":""DiskDrive"",""FriendlyName"":""Sony Mic roVault USB Device"",""InstanceId"":""USBSTOR\\DISK&VEN_SONY_MIC&PROD_ROVAULT&REV_\\[REDACTED_DEVICE_SERIAL]&0""},{""Status"":""OK"",""Class"":""USB"",""FriendlyName"":""Sony USB HiFD Drive"",""InstanceId"":""USB\\VID_054C&PID_0022\\[REDACTED_DEVICE_SERIAL]""}]}",absent,absent,31.8,31.1,List of devices attached,
2026-10-01T14:50:23.785+00:00,2026-10-01T14:50:23.844+00:00,1321.594,present,951.1,"{""state"":""present"",""devices"":[{""Status"":""OK"",""Class"":""WPD"",""FriendlyName"":""THYME_DIAG"",""InstanceId"":""SWD\\WPDBUSENUM\\_??_USBSTOR#DISK&VEN_SONY_MIC&PROD_ROVAULT&REV_#[REDACTED_DEVICE_SERIAL]&0#{53F56307-B6BF-11D0-94F2-00A0C91EFB8B}""},{""Status"":""OK"",""Class"":""Volume"",""FriendlyName"":""��"",""InstanceId"":""STORAGE\\VOLUME\\_??_USBSTOR#DISK&VEN_SONY_MIC&PROD_ROVAULT&REV_#[REDACTED_DEVICE_SERIAL]&0#{53F56307-B6BF-11D0-94F2-00A0C91EFB8B}""},{""Status"":""OK"",""Class"":""DiskDrive"",""FriendlyName"":""Sony Mic roVault USB Device"",""InstanceId"":""USBSTOR\\DISK&VEN_SONY_MIC&PROD_ROVAULT&REV_\\[REDACTED_DEVICE_SERIAL]&0""},{""Status"":""OK"",""Class"":""USB"",""FriendlyName"":""Sony USB HiFD Drive"",""InstanceId"":""USB\\VID_054C&PID_0022\\[REDACTED_DEVICE_SERIAL]""}]}",absent,absent,30.8,28.1,List of devices attached,
2026-10-01T14:50:24.785+00:00,2026-10-01T14:50:24.845+00:00,1322.595,present,951.4,"{""state"":""present"",""devices"":[{""Status"":""OK"",""Class"":""WPD"",""FriendlyName"":""THYME_DIAG"",""InstanceId"":""SWD\\WPDBUSENUM\\_??_USBSTOR#DISK&VEN_SONY_MIC&PROD_ROVAULT&REV_#[REDACTED_DEVICE_SERIAL]&0#{53F56307-B6BF-11D0-94F2-00A0C91EFB8B}""},{""Status"":""OK"",""Class"":""Volume"",""FriendlyName"":""��"",""InstanceId"":""STORAGE\\VOLUME\\_??_USBSTOR#DISK&VEN_SONY_MIC&PROD_ROVAULT&REV_#[REDACTED_DEVICE_SERIAL]&0#{53F56307-B6BF-11D0-94F2-00A0C91EFB8B}""},{""Status"":""OK"",""Class"":""DiskDrive"",""FriendlyName"":""Sony Mic roVault USB Device"",""InstanceId"":""USBSTOR\\DISK&VEN_SONY_MIC&PROD_ROVAULT&REV_\\[REDACTED_DEVICE_SERIAL]&0""},{""Status"":""OK"",""Class"":""USB"",""FriendlyName"":""Sony USB HiFD Drive"",""InstanceId"":""USB\\VID_054C&PID_0022\\[REDACTED_DEVICE_SERIAL]""}]}",absent,absent,30.9,28.8,List of devices attached,
2026-10-01T14:50:25.785+00:00,2026-10-01T14:50:25.846+00:00,1323.596,present,964.6,"{""state"":""present"",""devices"":[{""Status"":""OK"",""Class"":""WPD"",""FriendlyName"":""THYME_DIAG"",""InstanceId"":""SWD\\WPDBUSENUM\\_??_USBSTOR#DISK&VEN_SONY_MIC&PROD_ROVAULT&REV_#[REDACTED_DEVICE_SERIAL]&0#{53F56307-B6BF-11D0-94F2-00A0C91EFB8B}""},{""Status"":""OK"",""Class"":""Volume"",""FriendlyName"":""��"",""InstanceId"":""STORAGE\\VOLUME\\_??_USBSTOR#DISK&VEN_SONY_MIC&PROD_ROVAULT&REV_#[REDACTED_DEVICE_SERIAL]&0#{53F56307-B6BF-11D0-94F2-00A0C91EFB8B}""},{""Status"":""OK"",""Class"":""DiskDrive"",""FriendlyName"":""Sony Mic roVault USB Device"",""InstanceId"":""USBSTOR\\DISK&VEN_SONY_MIC&PROD_ROVAULT&REV_\\[REDACTED_DEVICE_SERIAL]&0""},{""Status"":""OK"",""Class"":""USB"",""FriendlyName"":""Sony USB HiFD Drive"",""InstanceId"":""USB\\VID_054C&PID_0022\\[REDACTED_DEVICE_SERIAL]""}]}",absent,absent,32.1,28.8,List of devices attached,
2026-10-01T14:50:26.786+00:00,2026-10-01T14:50:26.849+00:00,1324.599,present,966.4,"{""state"":""present"",""devices"":[{""Status"":""OK"",""Class"":""WPD"",""FriendlyName"":""THYME_DIAG"",""InstanceId"":""SWD\\WPDBUSENUM\\_??_USBSTOR#DISK&VEN_SONY_MIC&PROD_ROVAULT&REV_#[REDACTED_DEVICE_SERIAL]&0#{53F56307-B6BF-11D0-94F2-00A0C91EFB8B}""},{""Status"":""OK"",""Class"":""Volume"",""FriendlyName"":""��"",""InstanceId"":""STORAGE\\VOLUME\\_??_USBSTOR#DISK&VEN_SONY_MIC&PROD_ROVAULT&REV_#[REDACTED_DEVICE_SERIAL]&0#{53F56307-B6BF-11D0-94F2-00A0C91EFB8B}""},{""Status"":""OK"",""Class"":""DiskDrive"",""FriendlyName"":""Sony Mic roVault USB Device"",""InstanceId"":""USBSTOR\\DISK&VEN_SONY_MIC&PROD_ROVAULT&REV_\\[REDACTED_DEVICE_SERIAL]&0""},{""Status"":""OK"",""Class"":""USB"",""FriendlyName"":""Sony USB HiFD Drive"",""InstanceId"":""USB\\VID_054C&PID_0022\\[REDACTED_DEVICE_SERIAL]""}]}",absent,absent,32.3,31.0,List of devices attached,
2026-10-01T14:50:27.786+00:00,2026-10-01T14:50:27.848+00:00,1325.598,present,966.4,"{""state"":""present"",""devices"":[{""Status"":""OK"",""Class"":""WPD"",""FriendlyName"":""THYME_DIAG"",""InstanceId"":""SWD\\WPDBUSENUM\\_??_USBSTOR#DISK&VEN_SONY_MIC&PROD_ROVAULT&REV_#[REDACTED_DEVICE_SERIAL]&0#{53F56307-B6BF-11D0-94F2-00A0C91EFB8B}""},{""Status"":""OK"",""Class"":""Volume"",""FriendlyName"":""��"",""InstanceId"":""STORAGE\\VOLUME\\_??_USBSTOR#DISK&VEN_SONY_MIC&PROD_ROVAULT&REV_#[REDACTED_DEVICE_SERIAL]&0#{53F56307-B6BF-11D0-94F2-00A0C91EFB8B}""},{""Status"":""OK"",""Class"":""DiskDrive"",""FriendlyName"":""Sony Mic roVault USB Device"",""InstanceId"":""USBSTOR\\DISK&VEN_SONY_MIC&PROD_ROVAULT&REV_\\[REDACTED_DEVICE_SERIAL]&0""},{""Status"":""OK"",""Class"":""USB"",""FriendlyName"":""Sony USB HiFD Drive"",""InstanceId"":""USB\\VID_054C&PID_0022\\[REDACTED_DEVICE_SERIAL]""}]}",absent,absent,32.3,29.5,List of devices attached,
2026-10-01T14:50:28.786+00:00,2026-10-01T14:50:28.847+00:00,1326.597,absent,1006.5,"{""state"":""absent"",""devices"":[]}",absent,absent,31.3,29.2,List of devices attached,
2026-10-01T14:50:29.787+00:00,2026-10-01T14:50:29.848+00:00,1327.598,absent,940.5,"{""state"":""absent"",""devices"":[]}",absent,absent,32.4,29.2,List of devices attached,
2026-10-01T14:50:30.787+00:00,2026-10-01T14:50:30.848+00:00,1328.598,absent,955.5,"{""state"":""absent"",""devices"":[]}",absent,absent,31.8,29.6,List of devices attached,
2026-10-01T14:50:31.787+00:00,2026-10-01T14:50:31.850+00:00,1329.600,absent,955.5,"{""state"":""absent"",""devices"":[]}",absent,fastboot,32.5,30.0,List of devices attached,[REDACTED_DEVICE_SERIAL]               fastboot
2026-10-01T14:50:32.788+00:00,2026-10-01T14:50:32.863+00:00,1330.613,present,1019.6,"{""state"":""present"",""devices"":[{""Status"":""OK"",""Class"":""AndroidUsbDeviceClass"",""FriendlyName"":""Android Bootloader Interface"",""InstanceId"":""USB\\VID_18D1&PID_D00D\\[REDACTED_DEVICE_SERIAL]""}]}",absent,absent,33.0,42.0,List of devices attached,
2026-10-01T14:50:33.788+00:00,2026-10-01T14:50:33.853+00:00,1331.603,absent,986.5,"{""state"":""absent"",""devices"":[]}",absent,absent,32.1,32.6,List of devices attached,
2026-10-01T14:50:34.788+00:00,2026-10-01T14:50:34.849+00:00,1332.599,absent,992.3,"{""state"":""absent"",""devices"":[]}",absent,absent,30.9,30.0,List of devices attached,
2026-10-01T14:50:35.789+00:00,2026-10-01T14:50:35.878+00:00,1333.628,absent,948.6,"{""state"":""absent"",""devices"":[]}",absent,fastboot,55.8,33.4,List of devices attached,[REDACTED_DEVICE_SERIAL]               fastboot
2026-10-01T14:50:36.789+00:00,2026-10-01T14:50:36.855+00:00,1334.605,absent,948.6,"{""state"":""absent"",""devices"":[]}",absent,fastboot,34.1,31.7,List of devices attached,[REDACTED_DEVICE_SERIAL]               fastboot
2026-10-01T14:50:37.789+00:00,2026-10-01T14:50:37.853+00:00,1335.603,present,1018.2,"{""state"":""present"",""devices"":[{""Status"":""OK"",""Class"":""AndroidUsbDeviceClass"",""FriendlyName"":""Android Bootloader Interface"",""InstanceId"":""USB\\VID_18D1&PID_D00D\\[REDACTED_DEVICE_SERIAL]""}]}",absent,absent,32.0,31.8,List of devices attached,
2026-10-01T14:50:38.789+00:00,2026-10-01T14:50:38.851+00:00,1336.601,absent,972.5,"{""state"":""absent"",""devices"":[]}",absent,fastboot,30.9,30.8,List of devices attached,[REDACTED_DEVICE_SERIAL]               fastboot
2026-10-01T14:50:39.790+00:00,2026-10-01T14:50:39.852+00:00,1337.602,present,975.0,"{""state"":""present"",""devices"":[{""Status"":""OK"",""Class"":""AndroidUsbDeviceClass"",""FriendlyName"":""Android Bootloader Interface"",""InstanceId"":""USB\\VID_18D1&PID_D00D\\[REDACTED_DEVICE_SERIAL]""}]}",absent,fastboot,31.1,31.3,List of devices attached,[REDACTED_DEVICE_SERIAL]               fastboot
2026-10-01T14:50:40.790+00:00,2026-10-01T14:50:40.853+00:00,1338.603,present,998.9,"{""state"":""present"",""devices"":[{""Status"":""OK"",""Class"":""AndroidUsbDeviceClass"",""FriendlyName"":""Android Bootloader Interface"",""InstanceId"":""USB\\VID_18D1&PID_D00D\\[REDACTED_DEVICE_SERIAL]""}]}",absent,fastboot,31.6,31.5,List of devices attached,[REDACTED_DEVICE_SERIAL]               fastboot
2026-10-01T14:50:41.790+00:00,2026-10-01T14:50:41.852+00:00,1339.602,present,965.7,"{""state"":""present"",""devices"":[{""Status"":""OK"",""Class"":""AndroidUsbDeviceClass"",""FriendlyName"":""Android Bootloader Interface"",""InstanceId"":""USB\\VID_18D1&PID_D00D\\[REDACTED_DEVICE_SERIAL]""}]}",absent,fastboot,32.5,29.9,List of devices attached,[REDACTED_DEVICE_SERIAL]               fastboot
2026-10-01T14:50:42.790+00:00,2026-10-01T14:50:42.854+00:00,1340.604,present,954.1,"{""state"":""present"",""devices"":[{""Status"":""OK"",""Class"":""AndroidUsbDeviceClass"",""FriendlyName"":""Android Bootloader Interface"",""InstanceId"":""USB\\VID_18D1&PID_D00D\\[REDACTED_DEVICE_SERIAL]""}]}",absent,fastboot,33.0,30.7,List of devices attached,[REDACTED_DEVICE_SERIAL]               fastboot
2026-10-01T14:50:43.791+00:00,2026-10-01T14:50:43.855+00:00,1341.605,present,975.3,"{""state"":""present"",""devices"":[{""Status"":""OK"",""Class"":""AndroidUsbDeviceClass"",""FriendlyName"":""Android Bootloader Interface"",""InstanceId"":""USB\\VID_18D1&PID_D00D\\[REDACTED_DEVICE_SERIAL]""}]}",absent,fastboot,31.7,32.3,List of devices attached,[REDACTED_DEVICE_SERIAL]               fastboot
2026-10-01T14:50:44.791+00:00,2026-10-01T14:50:44.855+00:00,1342.605,present,999.9,"{""state"":""present"",""devices"":[{""Status"":""OK"",""Class"":""AndroidUsbDeviceClass"",""FriendlyName"":""Android Bootloader Interface"",""InstanceId"":""USB\\VID_18D1&PID_D00D\\[REDACTED_DEVICE_SERIAL]""}]}",absent,fastboot,32.5,31.4,List of devices attached,[REDACTED_DEVICE_SERIAL]               fastboot
2026-10-01T14:50:45.791+00:00,2026-10-01T14:50:45.859+00:00,1343.609,present,951.4,"{""state"":""present"",""devices"":[{""Status"":""OK"",""Class"":""AndroidUsbDeviceClass"",""FriendlyName"":""Android Bootloader Interface"",""InstanceId"":""USB\\VID_18D1&PID_D00D\\[REDACTED_DEVICE_SERIAL]""}]}",absent,fastboot,33.7,34.0,List of devices attached,[REDACTED_DEVICE_SERIAL]               fastboot
2026-10-01T14:50:46.792+00:00,2026-10-01T14:50:46.851+00:00,1344.601,present,951.4,"{""state"":""present"",""devices"":[{""Status"":""OK"",""Class"":""AndroidUsbDeviceClass"",""FriendlyName"":""Android Bootloader Interface"",""InstanceId"":""USB\\VID_18D1&PID_D00D\\[REDACTED_DEVICE_SERIAL]""}]}",absent,fastboot,30.8,29.0,List of devices attached,[REDACTED_DEVICE_SERIAL]               fastboot
2026-10-01T14:50:47.792+00:00,2026-10-01T14:50:47.855+00:00,1345.605,present,1002.8,"{""state"":""present"",""devices"":[{""Status"":""OK"",""Class"":""AndroidUsbDeviceClass"",""FriendlyName"":""Android Bootloader Interface"",""InstanceId"":""USB\\VID_18D1&PID_D00D\\[REDACTED_DEVICE_SERIAL]""}]}",absent,fastboot,32.5,30.1,List of devices attached,[REDACTED_DEVICE_SERIAL]               fastboot
2026-10-01T14:50:48.792+00:00,2026-10-01T14:50:48.858+00:00,1346.608,present,924.9,"{""state"":""present"",""devices"":[{""Status"":""OK"",""Class"":""AndroidUsbDeviceClass"",""FriendlyName"":""Android Bootloader Interface"",""InstanceId"":""USB\\VID_18D1&PID_D00D\\[REDACTED_DEVICE_SERIAL]""}]}",absent,fastboot,32.3,33.6,List of devices attached,[REDACTED_DEVICE_SERIAL]               fastboot
2026-10-01T14:50:49.793+00:00,2026-10-01T14:50:49.855+00:00,1347.605,present,977.1,"{""state"":""present"",""devices"":[{""Status"":""OK"",""Class"":""AndroidUsbDeviceClass"",""FriendlyName"":""Android Bootloader Interface"",""InstanceId"":""USB\\VID_18D1&PID_D00D\\[REDACTED_DEVICE_SERIAL]""}]}",absent,fastboot,30.9,30.8,List of devices attached,[REDACTED_DEVICE_SERIAL]               fastboot
2026-10-01T14:50:50.793+00:00,2026-10-01T14:50:50.855+00:00,1348.605,present,985.0,"{""state"":""present"",""devices"":[{""Status"":""OK"",""Class"":""AndroidUsbDeviceClass"",""FriendlyName"":""Android Bootloader Interface"",""InstanceId"":""USB\\VID_18D1&PID_D00D\\[REDACTED_DEVICE_SERIAL]""}]}",absent,fastboot,30.6,31.3,List of devices attached,[REDACTED_DEVICE_SERIAL]               fastboot
2026-10-01T14:50:51.793+00:00,2026-10-01T14:50:51.857+00:00,1349.607,present,963.2,"{""state"":""present"",""devices"":[{""Status"":""OK"",""Class"":""AndroidUsbDeviceClass"",""FriendlyName"":""Android Bootloader Interface"",""InstanceId"":""USB\\VID_18D1&PID_D00D\\[REDACTED_DEVICE_SERIAL]""}]}",absent,fastboot,31.8,31.8,List of devices attached,[REDACTED_DEVICE_SERIAL]               fastboot
2026-10-01T14:50:52.794+00:00,2026-10-01T14:50:52.857+00:00,1350.607,present,961.7,"{""state"":""present"",""devices"":[{""Status"":""OK"",""Class"":""AndroidUsbDeviceClass"",""FriendlyName"":""Android Bootloader Interface"",""InstanceId"":""USB\\VID_18D1&PID_D00D\\[REDACTED_DEVICE_SERIAL]""}]}",absent,fastboot,31.3,32.0,List of devices attached,[REDACTED_DEVICE_SERIAL]               fastboot
2026-10-01T14:50:53.794+00:00,2026-10-01T14:50:53.856+00:00,1351.606,present,986.5,"{""state"":""present"",""devices"":[{""Status"":""OK"",""Class"":""AndroidUsbDeviceClass"",""FriendlyName"":""Android Bootloader Interface"",""InstanceId"":""USB\\VID_18D1&PID_D00D\\[REDACTED_DEVICE_SERIAL]""}]}",absent,fastboot,31.2,30.4,List of devices attached,[REDACTED_DEVICE_SERIAL]               fastboot
2026-10-01T14:50:54.795+00:00,2026-10-01T14:50:54.856+00:00,1352.606,present,977.5,"{""state"":""present"",""devices"":[{""Status"":""OK"",""Class"":""AndroidUsbDeviceClass"",""FriendlyName"":""Android Bootloader Interface"",""InstanceId"":""USB\\VID_18D1&PID_D00D\\[REDACTED_DEVICE_SERIAL]""}]}",absent,fastboot,30.7,31.0,List of devices attached,[REDACTED_DEVICE_SERIAL]               fastboot
2026-10-01T14:50:55.795+00:00,2026-10-01T14:50:55.861+00:00,1353.611,present,980.0,"{""state"":""present"",""devices"":[{""Status"":""OK"",""Class"":""AndroidUsbDeviceClass"",""FriendlyName"":""Android Bootloader Interface"",""InstanceId"":""USB\\VID_18D1&PID_D00D\\[REDACTED_DEVICE_SERIAL]""}]}",absent,fastboot,33.2,32.4,List of devices attached,[REDACTED_DEVICE_SERIAL]               fastboot
2026-10-01T14:50:56.795+00:00,2026-10-01T14:50:56.859+00:00,1354.609,present,966.9,"{""state"":""present"",""devices"":[{""Status"":""OK"",""Class"":""AndroidUsbDeviceClass"",""FriendlyName"":""Android Bootloader Interface"",""InstanceId"":""USB\\VID_18D1&PID_D00D\\[REDACTED_DEVICE_SERIAL]""}]}",absent,fastboot,32.3,31.3,List of devices attached,[REDACTED_DEVICE_SERIAL]               fastboot
2026-10-01T14:50:57.795+00:00,2026-10-01T14:50:57.858+00:00,1355.607,present,976.8,"{""state"":""present"",""devices"":[{""Status"":""OK"",""Class"":""AndroidUsbDeviceClass"",""FriendlyName"":""Android Bootloader Interface"",""InstanceId"":""USB\\VID_18D1&PID_D00D\\[REDACTED_DEVICE_SERIAL]""}]}",absent,fastboot,32.0,30.3,List of devices attached,[REDACTED_DEVICE_SERIAL]               fastboot
2026-10-01T14:50:58.795+00:00,2026-10-01T14:50:58.856+00:00,1356.606,present,986.0,"{""state"":""present"",""devices"":[{""Status"":""OK"",""Class"":""AndroidUsbDeviceClass"",""FriendlyName"":""Android Bootloader Interface"",""InstanceId"":""USB\\VID_18D1&PID_D00D\\[REDACTED_DEVICE_SERIAL]""}]}",absent,fastboot,29.2,30.9,List of devices attached,[REDACTED_DEVICE_SERIAL]               fastboot
2026-10-01T14:50:59.796+00:00,2026-10-01T14:50:59.858+00:00,1357.608,present,990.5,"{""state"":""present"",""devices"":[{""Status"":""OK"",""Class"":""AndroidUsbDeviceClass"",""FriendlyName"":""Android Bootloader Interface"",""InstanceId"":""USB\\VID_18D1&PID_D00D\\[REDACTED_DEVICE_SERIAL]""}]}",absent,fastboot,31.1,30.8,List of devices attached,[REDACTED_DEVICE_SERIAL]               fastboot
2026-10-01T14:51:00.796+00:00,2026-10-01T14:51:00.859+00:00,1358.609,present,976.3,"{""state"":""present"",""devices"":[{""Status"":""OK"",""Class"":""AndroidUsbDeviceClass"",""FriendlyName"":""Android Bootloader Interface"",""InstanceId"":""USB\\VID_18D1&PID_D00D\\[REDACTED_DEVICE_SERIAL]""}]}",absent,fastboot,32.2,30.4,List of devices attached,[REDACTED_DEVICE_SERIAL]               fastboot
2026-10-01T14:51:01.797+00:00,2026-10-01T14:51:01.858+00:00,1359.607,present,970.8,"{""state"":""present"",""devices"":[{""Status"":""OK"",""Class"":""AndroidUsbDeviceClass"",""FriendlyName"":""Android Bootloader Interface"",""InstanceId"":""USB\\VID_18D1&PID_D00D\\[REDACTED_DEVICE_SERIAL]""}]}",absent,fastboot,30.8,29.6,List of devices attached,[REDACTED_DEVICE_SERIAL]               fastboot
2026-10-01T14:51:02.797+00:00,2026-10-01T14:51:02.860+00:00,1360.610,present,966.9,"{""state"":""present"",""devices"":[{""Status"":""OK"",""Class"":""AndroidUsbDeviceClass"",""FriendlyName"":""Android Bootloader Interface"",""InstanceId"":""USB\\VID_18D1&PID_D00D\\[REDACTED_DEVICE_SERIAL]""}]}",absent,fastboot,32.3,30.2,List of devices attached,[REDACTED_DEVICE_SERIAL]               fastboot
2026-10-01T14:51:03.797+00:00,2026-10-01T14:51:03.860+00:00,1361.610,present,983.1,"{""state"":""present"",""devices"":[{""Status"":""OK"",""Class"":""AndroidUsbDeviceClass"",""FriendlyName"":""Android Bootloader Interface"",""InstanceId"":""USB\\VID_18D1&PID_D00D\\[REDACTED_DEVICE_SERIAL]""}]}",absent,fastboot,31.0,31.1,List of devices attached,[REDACTED_DEVICE_SERIAL]               fastboot
2026-10-01T14:51:04.798+00:00,2026-10-01T14:51:04.860+00:00,1362.610,present,960.5,"{""state"":""present"",""devices"":[{""Status"":""OK"",""Class"":""AndroidUsbDeviceClass"",""FriendlyName"":""Android Bootloader Interface"",""InstanceId"":""USB\\VID_18D1&PID_D00D\\[REDACTED_DEVICE_SERIAL]""}]}",absent,fastboot,31.2,31.1,List of devices attached,[REDACTED_DEVICE_SERIAL]               fastboot
2026-10-01T14:51:05.798+00:00,2026-10-01T14:51:05.860+00:00,1363.610,present,982.1,"{""state"":""present"",""devices"":[{""Status"":""OK"",""Class"":""AndroidUsbDeviceClass"",""FriendlyName"":""Android Bootloader Interface"",""InstanceId"":""USB\\VID_18D1&PID_D00D\\[REDACTED_DEVICE_SERIAL]""}]}",absent,fastboot,31.6,30.4,List of devices attached,[REDACTED_DEVICE_SERIAL]               fastboot
2026-10-01T14:51:06.798+00:00,2026-10-01T14:51:06.860+00:00,1364.610,present,973.3,"{""state"":""present"",""devices"":[{""Status"":""OK"",""Class"":""AndroidUsbDeviceClass"",""FriendlyName"":""Android Bootloader Interface"",""InstanceId"":""USB\\VID_18D1&PID_D00D\\[REDACTED_DEVICE_SERIAL]""}]}",absent,fastboot,32.0,30.1,List of devices attached,[REDACTED_DEVICE_SERIAL]               fastboot
2026-10-01T14:51:07.798+00:00,2026-10-01T14:51:07.864+00:00,1365.614,present,986.0,"{""state"":""present"",""devices"":[{""Status"":""OK"",""Class"":""AndroidUsbDeviceClass"",""FriendlyName"":""Android Bootloader Interface"",""InstanceId"":""USB\\VID_18D1&PID_D00D\\[REDACTED_DEVICE_SERIAL]""}]}",absent,fastboot,33.4,32.2,List of devices attached,[REDACTED_DEVICE_SERIAL]               fastboot
2026-10-01T14:51:08.798+00:00,2026-10-01T14:51:08.860+00:00,1366.610,present,944.5,"{""state"":""present"",""devices"":[{""Status"":""OK"",""Class"":""AndroidUsbDeviceClass"",""FriendlyName"":""Android Bootloader Interface"",""InstanceId"":""USB\\VID_18D1&PID_D00D\\[REDACTED_DEVICE_SERIAL]""}]}",absent,fastboot,31.6,30.2,List of devices attached,[REDACTED_DEVICE_SERIAL]               fastboot
2026-10-01T14:51:09.799+00:00,2026-10-01T14:51:09.858+00:00,1367.608,present,944.5,"{""state"":""present"",""devices"":[{""Status"":""OK"",""Class"":""AndroidUsbDeviceClass"",""FriendlyName"":""Android Bootloader Interface"",""InstanceId"":""USB\\VID_18D1&PID_D00D\\[REDACTED_DEVICE_SERIAL]""}]}",absent,fastboot,31.0,28.7,List of devices attached,[REDACTED_DEVICE_SERIAL]               fastboot
2026-10-01T14:51:10.799+00:00,2026-10-01T14:51:10.861+00:00,1368.611,present,1007.4,"{""state"":""present"",""devices"":[{""Status"":""OK"",""Class"":""AndroidUsbDeviceClass"",""FriendlyName"":""Android Bootloader Interface"",""InstanceId"":""USB\\VID_18D1&PID_D00D\\[REDACTED_DEVICE_SERIAL]""}]}",absent,fastboot,31.1,31.3,List of devices attached,[REDACTED_DEVICE_SERIAL]               fastboot
2026-10-01T14:51:11.799+00:00,2026-10-01T14:51:11.861+00:00,1369.611,present,981.7,"{""state"":""present"",""devices"":[{""Status"":""OK"",""Class"":""AndroidUsbDeviceClass"",""FriendlyName"":""Android Bootloader Interface"",""InstanceId"":""USB\\VID_18D1&PID_D00D\\[REDACTED_DEVICE_SERIAL]""}]}",absent,fastboot,31.4,30.4,List of devices attached,[REDACTED_DEVICE_SERIAL]               fastboot
2026-10-01T14:51:12.800+00:00,2026-10-01T14:51:12.861+00:00,1370.611,present,982.8,"{""state"":""present"",""devices"":[{""Status"":""OK"",""Class"":""AndroidUsbDeviceClass"",""FriendlyName"":""Android Bootloader Interface"",""InstanceId"":""USB\\VID_18D1&PID_D00D\\[REDACTED_DEVICE_SERIAL]""}]}",absent,fastboot,31.7,29.3,List of devices attached,[REDACTED_DEVICE_SERIAL]               fastboot
2026-10-01T14:51:13.800+00:00,2026-10-01T14:51:13.863+00:00,1371.613,present,965.9,"{""state"":""present"",""devices"":[{""Status"":""OK"",""Class"":""AndroidUsbDeviceClass"",""FriendlyName"":""Android Bootloader Interface"",""InstanceId"":""USB\\VID_18D1&PID_D00D\\[REDACTED_DEVICE_SERIAL]""}]}",absent,fastboot,31.6,31.8,List of devices attached,[REDACTED_DEVICE_SERIAL]               fastboot
2026-10-01T14:51:14.800+00:00,2026-10-01T14:51:14.864+00:00,1372.614,present,987.2,"{""state"":""present"",""devices"":[{""Status"":""OK"",""Class"":""AndroidUsbDeviceClass"",""FriendlyName"":""Android Bootloader Interface"",""InstanceId"":""USB\\VID_18D1&PID_D00D\\[REDACTED_DEVICE_SERIAL]""}]}",absent,fastboot,31.9,31.6,List of devices attached,[REDACTED_DEVICE_SERIAL]               fastboot
2026-10-01T14:51:15.801+00:00,2026-10-01T14:51:15.862+00:00,1373.612,present,965.0,"{""state"":""present"",""devices"":[{""Status"":""OK"",""Class"":""AndroidUsbDeviceClass"",""FriendlyName"":""Android Bootloader Interface"",""InstanceId"":""USB\\VID_18D1&PID_D00D\\[REDACTED_DEVICE_SERIAL]""}]}",absent,fastboot,31.1,29.7,List of devices attached,[REDACTED_DEVICE_SERIAL]               fastboot
2026-10-01T14:51:16.801+00:00,2026-10-01T14:51:16.864+00:00,1374.614,present,960.1,"{""state"":""present"",""devices"":[{""Status"":""OK"",""Class"":""AndroidUsbDeviceClass"",""FriendlyName"":""Android Bootloader Interface"",""InstanceId"":""USB\\VID_18D1&PID_D00D\\[REDACTED_DEVICE_SERIAL]""}]}",absent,fastboot,31.5,31.7,List of devices attached,[REDACTED_DEVICE_SERIAL]               fastboot
2026-10-01T14:51:17.801+00:00,2026-10-01T14:51:17.863+00:00,1375.613,present,960.1,"{""state"":""present"",""devices"":[{""Status"":""OK"",""Class"":""AndroidUsbDeviceClass"",""FriendlyName"":""Android Bootloader Interface"",""InstanceId"":""USB\\VID_18D1&PID_D00D\\[REDACTED_DEVICE_SERIAL]""}]}",absent,fastboot,32.4,29.5,List of devices attached,[REDACTED_DEVICE_SERIAL]               fastboot
2026-10-01T14:51:18.801+00:00,2026-10-01T14:51:18.866+00:00,1376.616,present,1001.7,"{""state"":""present"",""devices"":[{""Status"":""OK"",""Class"":""AndroidUsbDeviceClass"",""FriendlyName"":""Android Bootloader Interface"",""InstanceId"":""USB\\VID_18D1&PID_D00D\\[REDACTED_DEVICE_SERIAL]""}]}",absent,fastboot,32.3,32.0,List of devices attached,[REDACTED_DEVICE_SERIAL]               fastboot
2026-10-01T14:51:19.802+00:00,2026-10-01T14:51:19.863+00:00,1377.613,present,954.5,"{""state"":""present"",""devices"":[{""Status"":""OK"",""Class"":""AndroidUsbDeviceClass"",""FriendlyName"":""Android Bootloader Interface"",""InstanceId"":""USB\\VID_18D1&PID_D00D\\[REDACTED_DEVICE_SERIAL]""}]}",absent,fastboot,31.3,29.5,List of devices attached,[REDACTED_DEVICE_SERIAL]               fastboot
2026-10-01T14:51:20.802+00:00,2026-10-01T14:51:20.865+00:00,1378.615,present,950.2,"{""state"":""present"",""devices"":[{""Status"":""OK"",""Class"":""AndroidUsbDeviceClass"",""FriendlyName"":""Android Bootloader Interface"",""InstanceId"":""USB\\VID_18D1&PID_D00D\\[REDACTED_DEVICE_SERIAL]""}]}",absent,fastboot,31.1,31.1,List of devices attached,[REDACTED_DEVICE_SERIAL]               fastboot
2026-10-01T14:51:21.803+00:00,2026-10-01T14:51:21.866+00:00,1379.616,present,946.0,"{""state"":""present"",""devices"":[{""Status"":""OK"",""Class"":""AndroidUsbDeviceClass"",""FriendlyName"":""Android Bootloader Interface"",""InstanceId"":""USB\\VID_18D1&PID_D00D\\[REDACTED_DEVICE_SERIAL]""}]}",absent,fastboot,31.8,31.7,List of devices attached,[REDACTED_DEVICE_SERIAL]               fastboot
2026-10-01T14:51:22.803+00:00,2026-10-01T14:51:22.866+00:00,1380.616,present,949.9,"{""state"":""present"",""devices"":[{""Status"":""OK"",""Class"":""AndroidUsbDeviceClass"",""FriendlyName"":""Android Bootloader Interface"",""InstanceId"":""USB\\VID_18D1&PID_D00D\\[REDACTED_DEVICE_SERIAL]""}]}",absent,fastboot,31.8,31.3,List of devices attached,[REDACTED_DEVICE_SERIAL]               fastboot
2026-10-01T14:51:23.803+00:00,2026-10-01T14:51:23.865+00:00,1381.615,present,950.0,"{""state"":""present"",""devices"":[{""Status"":""OK"",""Class"":""AndroidUsbDeviceClass"",""FriendlyName"":""Android Bootloader Interface"",""InstanceId"":""USB\\VID_18D1&PID_D00D\\[REDACTED_DEVICE_SERIAL]""}]}",absent,fastboot,31.6,29.9,List of devices attached,[REDACTED_DEVICE_SERIAL]               fastboot
2026-10-01T14:51:24.804+00:00,2026-10-01T14:51:24.865+00:00,1382.615,present,949.6,"{""state"":""present"",""devices"":[{""Status"":""OK"",""Class"":""AndroidUsbDeviceClass"",""FriendlyName"":""Android Bootloader Interface"",""InstanceId"":""USB\\VID_18D1&PID_D00D\\[REDACTED_DEVICE_SERIAL]""}]}",absent,fastboot,31.1,30.1,List of devices attached,[REDACTED_DEVICE_SERIAL]               fastboot
2026-10-01T14:51:25.804+00:00,2026-10-01T14:51:25.867+00:00,1383.616,present,981.5,"{""state"":""present"",""devices"":[{""Status"":""OK"",""Class"":""AndroidUsbDeviceClass"",""FriendlyName"":""Android Bootloader Interface"",""InstanceId"":""USB\\VID_18D1&PID_D00D\\[REDACTED_DEVICE_SERIAL]""}]}",absent,fastboot,31.3,31.3,List of devices attached,[REDACTED_DEVICE_SERIAL]               fastboot
2026-10-01T14:51:26.804+00:00,2026-10-01T14:51:26.866+00:00,1384.616,present,956.2,"{""state"":""present"",""devices"":[{""Status"":""OK"",""Class"":""AndroidUsbDeviceClass"",""FriendlyName"":""Android Bootloader Interface"",""InstanceId"":""USB\\VID_18D1&PID_D00D\\[REDACTED_DEVICE_SERIAL]""}]}",absent,fastboot,31.1,30.7,List of devices attached,[REDACTED_DEVICE_SERIAL]               fastboot
2026-10-01T14:51:27.804+00:00,2026-10-01T14:51:27.865+00:00,1385.615,present,956.4,"{""state"":""present"",""devices"":[{""Status"":""OK"",""Class"":""AndroidUsbDeviceClass"",""FriendlyName"":""Android Bootloader Interface"",""InstanceId"":""USB\\VID_18D1&PID_D00D\\[REDACTED_DEVICE_SERIAL]""}]}",absent,fastboot,31.1,29.9,List of devices attached,[REDACTED_DEVICE_SERIAL]               fastboot
2026-10-01T14:51:28.805+00:00,2026-10-01T14:51:28.867+00:00,1386.617,present,930.5,"{""state"":""present"",""devices"":[{""Status"":""OK"",""Class"":""AndroidUsbDeviceClass"",""FriendlyName"":""Android Bootloader Interface"",""InstanceId"":""USB\\VID_18D1&PID_D00D\\[REDACTED_DEVICE_SERIAL]""}]}",absent,fastboot,30.9,31.7,List of devices attached,[REDACTED_DEVICE_SERIAL]               fastboot
2026-10-01T14:51:29.805+00:00,2026-10-01T14:51:29.868+00:00,1387.618,present,947.1,"{""state"":""present"",""devices"":[{""Status"":""OK"",""Class"":""AndroidUsbDeviceClass"",""FriendlyName"":""Android Bootloader Interface"",""InstanceId"":""USB\\VID_18D1&PID_D00D\\[REDACTED_DEVICE_SERIAL]""}]}",absent,fastboot,31.9,31.0,List of devices attached,[REDACTED_DEVICE_SERIAL]               fastboot
2026-10-01T14:51:30.805+00:00,2026-10-01T14:51:30.865+00:00,1388.615,present,947.1,"{""state"":""present"",""devices"":[{""Status"":""OK"",""Class"":""AndroidUsbDeviceClass"",""FriendlyName"":""Android Bootloader Interface"",""InstanceId"":""USB\\VID_18D1&PID_D00D\\[REDACTED_DEVICE_SERIAL]""}]}",absent,fastboot,30.5,29.2,List of devices attached,[REDACTED_DEVICE_SERIAL]               fastboot
2026-10-01T14:51:31.805+00:00,2026-10-01T14:51:31.867+00:00,1389.617,present,1004.2,"{""state"":""present"",""devices"":[{""Status"":""OK"",""Class"":""AndroidUsbDeviceClass"",""FriendlyName"":""Android Bootloader Interface"",""InstanceId"":""USB\\VID_18D1&PID_D00D\\[REDACTED_DEVICE_SERIAL]""}]}",absent,fastboot,31.5,30.2,List of devices attached,[REDACTED_DEVICE_SERIAL]               fastboot
2026-10-01T14:51:32.806+00:00,2026-10-01T14:51:32.868+00:00,1390.618,present,953.6,"{""state"":""present"",""devices"":[{""Status"":""OK"",""Class"":""AndroidUsbDeviceClass"",""FriendlyName"":""Android Bootloader Interface"",""InstanceId"":""USB\\VID_18D1&PID_D00D\\[REDACTED_DEVICE_SERIAL]""}]}",absent,fastboot,31.8,30.3,List of devices attached,[REDACTED_DEVICE_SERIAL]               fastboot
2026-10-01T14:51:33.806+00:00,2026-10-01T14:51:33.867+00:00,1391.617,present,954.9,"{""state"":""present"",""devices"":[{""Status"":""OK"",""Class"":""AndroidUsbDeviceClass"",""FriendlyName"":""Android Bootloader Interface"",""InstanceId"":""USB\\VID_18D1&PID_D00D\\[REDACTED_DEVICE_SERIAL]""}]}",absent,fastboot,30.7,30.7,List of devices attached,[REDACTED_DEVICE_SERIAL]               fastboot
2026-10-01T14:51:34.806+00:00,2026-10-01T14:51:34.868+00:00,1392.618,present,957.8,"{""state"":""present"",""devices"":[{""Status"":""OK"",""Class"":""AndroidUsbDeviceClass"",""FriendlyName"":""Android Bootloader Interface"",""InstanceId"":""USB\\VID_18D1&PID_D00D\\[REDACTED_DEVICE_SERIAL]""}]}",absent,fastboot,31.1,30.5,List of devices attached,[REDACTED_DEVICE_SERIAL]               fastboot
2026-10-01T14:51:35.807+00:00,2026-10-01T14:51:35.869+00:00,1393.619,present,996.5,"{""state"":""present"",""devices"":[{""Status"":""OK"",""Class"":""AndroidUsbDeviceClass"",""FriendlyName"":""Android Bootloader Interface"",""InstanceId"":""USB\\VID_18D1&PID_D00D\\[REDACTED_DEVICE_SERIAL]""}]}",absent,fastboot,30.8,31.2,List of devices attached,[REDACTED_DEVICE_SERIAL]               fastboot
2026-10-01T14:51:36.807+00:00,2026-10-01T14:51:36.873+00:00,1394.623,present,959.0,"{""state"":""present"",""devices"":[{""Status"":""OK"",""Class"":""AndroidUsbDeviceClass"",""FriendlyName"":""Android Bootloader Interface"",""InstanceId"":""USB\\VID_18D1&PID_D00D\\[REDACTED_DEVICE_SERIAL]""}]}",absent,fastboot,34.5,31.1,List of devices attached,[REDACTED_DEVICE_SERIAL]               fastboot
2026-10-01T14:51:37.807+00:00,2026-10-01T14:51:37.873+00:00,1395.623,present,935.0,"{""state"":""present"",""devices"":[{""Status"":""OK"",""Class"":""AndroidUsbDeviceClass"",""FriendlyName"":""Android Bootloader Interface"",""InstanceId"":""USB\\VID_18D1&PID_D00D\\[REDACTED_DEVICE_SERIAL]""}]}",absent,fastboot,33.5,32.1,List of devices attached,[REDACTED_DEVICE_SERIAL]               fastboot
